2026-08-22T01:31:01.9675291Z Current runner version: '2.336.0'
2026-08-22T01:31:01.9705932Z ##[group]Runner Image Provisioner
2026-08-22T01:31:01.9706843Z Hosted Compute Agent
2026-08-22T01:31:01.9707531Z Version: 20260729.566
2026-08-22T01:31:01.9708201Z Commit: cf7153fe6e25b664e8693c24944bf2b00355d109
2026-08-22T01:31:01.9709059Z Build Date: 2026-07-29T19:17:02Z
2026-08-22T01:31:01.9709762Z Worker ID: {62643e67-2463-47a0-8c4c-fa014d87d04c}
2026-08-22T01:31:01.9710479Z Azure Region: eastus
2026-08-22T01:31:01.9711100Z ##[endgroup]
2026-08-22T01:31:01.9712765Z ##[group]Operating System
2026-08-22T01:31:01.9713700Z Ubuntu
2026-08-22T01:31:01.9714646Z 24.04.4
2026-08-22T01:31:01.9715454Z LTS
2026-08-22T01:31:01.9716294Z ##[endgroup]
2026-08-22T01:31:01.9717203Z ##[group]Runner Image
2026-08-22T01:31:01.9718151Z Image: ubuntu-24.04
2026-08-22T01:31:01.9718979Z Version: 20260816.277.1
2026-08-22T01:31:01.9720262Z Included Software: https://github.com/actions/runner-images/blob/ubuntu24/20260816.277/images/ubuntu/Ubuntu2404-Readme.md
2026-08-22T01:31:01.9721949Z Image Release: https://github.com/actions/runner-images/releases/tag/ubuntu24%2F20260816.277
2026-08-22T01:31:01.9722955Z ##[endgroup]
2026-08-22T01:31:01.9724337Z ##[group]GITHUB_TOKEN Permissions
2026-08-22T01:31:01.9727073Z Contents: read
2026-08-22T01:31:01.9727847Z Metadata: read
2026-08-22T01:31:01.9728416Z ##[endgroup]
2026-08-22T01:31:01.9731261Z Secret source: None
2026-08-22T01:31:01.9732598Z Prepare workflow directory
2026-08-22T01:31:02.0085211Z Prepare all required actions
2026-08-22T01:31:02.0134865Z Getting action download info
2026-08-22T01:31:02.2748206Z Download action repository 'actions/checkout@11bd71901bbe5b1630ceea73d27597364c9af683' (SHA:11bd71901bbe5b1630ceea73d27597364c9af683)
2026-08-22T01:31:02.4000255Z Download action repository 'actions/setup-go@f111f3307d8850f501ac008e886eec1fd1932a34' (SHA:f111f3307d8850f501ac008e886eec1fd1932a34)
2026-08-22T01:31:02.5948809Z Download action repository 'actions/download-artifact@fa0a91b85d4f404e444e00e005971372dc801d16' (SHA:fa0a91b85d4f404e444e00e005971372dc801d16)
2026-08-22T01:31:02.7383948Z Download action repository 'google-github-actions/setup-gcloud@77e7a554d41e2ee56fc945c52dfd3f33d12def9a' (SHA:77e7a554d41e2ee56fc945c52dfd3f33d12def9a)
2026-08-22T01:31:02.8334974Z Download action repository 'actions/upload-artifact@4cec3d8aa04e39d1a68397de0c4cd6fb9dce8ec1' (SHA:4cec3d8aa04e39d1a68397de0c4cd6fb9dce8ec1)
2026-08-22T01:31:03.1195899Z Complete job name: tests-e2e-fixtures-certificatemanager
2026-08-22T01:31:03.2053308Z Node 20 is being deprecated. This workflow is running with Node 24 by default. If you need to temporarily use Node 20, you can set the ACTIONS_ALLOW_USE_UNSECURE_NODE_VERSION=true environment variable. For more information see: https://github.blog/changelog/2025-09-19-deprecation-of-node-20-on-github-actions-runners/
2026-08-22T01:31:03.2065454Z ##[group]Run actions/checkout@11bd71901bbe5b1630ceea73d27597364c9af683
2026-08-22T01:31:03.2067183Z with:
2026-08-22T01:31:03.2068189Z   repository: GoogleCloudPlatform/k8s-config-connector
2026-08-22T01:31:03.2077666Z   token: ***
2026-08-22T01:31:03.2078532Z   ssh-strict: true
2026-08-22T01:31:03.2079379Z   ssh-user: git
2026-08-22T01:31:03.2080299Z   persist-credentials: true
2026-08-22T01:31:03.2081242Z   clean: true
2026-08-22T01:31:03.2082202Z   sparse-checkout-cone-mode: true
2026-08-22T01:31:03.2083233Z   fetch-depth: 1
2026-08-22T01:31:03.2084259Z   fetch-tags: false
2026-08-22T01:31:03.2085188Z   show-progress: true
2026-08-22T01:31:03.2086193Z   lfs: false
2026-08-22T01:31:03.2087041Z   submodules: false
2026-08-22T01:31:03.2087921Z   set-safe-directory: true
2026-08-22T01:31:03.2089238Z ##[endgroup]
2026-08-22T01:31:03.3199097Z Syncing repository: GoogleCloudPlatform/k8s-config-connector
2026-08-22T01:31:03.3201853Z ##[group]Getting Git version info
2026-08-22T01:31:03.3203608Z Working directory is '/home/runner/work/k8s-config-connector/k8s-config-connector'
2026-08-22T01:31:03.3205616Z [command]/usr/bin/git version
2026-08-22T01:31:03.3206454Z git version 2.55.0
2026-08-22T01:31:03.3212770Z ##[endgroup]
2026-08-22T01:31:03.3228987Z Temporarily overriding HOME='/home/runner/work/_temp/772b6081-ada5-4c8f-bf19-30181f55b57b' before making global git config changes
2026-08-22T01:31:03.3232411Z Adding repository directory to the temporary git global config as a safe directory
2026-08-22T01:31:03.3236213Z [command]/usr/bin/git config --global --add safe.directory /home/runner/work/k8s-config-connector/k8s-config-connector
2026-08-22T01:31:03.3286964Z Deleting the contents of '/home/runner/work/k8s-config-connector/k8s-config-connector'
2026-08-22T01:31:03.3289955Z ##[group]Initializing the repository
2026-08-22T01:31:03.3295642Z [command]/usr/bin/git init /home/runner/work/k8s-config-connector/k8s-config-connector
2026-08-22T01:31:03.3402924Z hint: Using 'master' as the name for the initial branch. This default branch name
2026-08-22T01:31:03.3405295Z hint: will change to "main" in Git 3.0. To configure the initial branch name
2026-08-22T01:31:03.3407185Z hint: to use in all of your new repositories, which will suppress this warning,
2026-08-22T01:31:03.3408714Z hint: call:
2026-08-22T01:31:03.3409788Z hint:
2026-08-22T01:31:03.3410771Z hint: 	git config --global init.defaultBranch <name>
2026-08-22T01:31:03.3411974Z hint:
2026-08-22T01:31:03.3413078Z hint: Names commonly chosen instead of 'master' are 'main', 'trunk' and
2026-08-22T01:31:03.3415568Z hint: 'development'. The just-created branch can be renamed via this command:
2026-08-22T01:31:03.3417025Z hint:
2026-08-22T01:31:03.3417713Z hint: 	git branch -m <name>
2026-08-22T01:31:03.3418496Z hint:
2026-08-22T01:31:03.3419575Z hint: Disable this message with "git config set advice.defaultBranchName false"
2026-08-22T01:31:03.3425868Z Initialized empty Git repository in /home/runner/work/k8s-config-connector/k8s-config-connector/.git/
2026-08-22T01:31:03.3439007Z [command]/usr/bin/git remote add origin https://github.com/GoogleCloudPlatform/k8s-config-connector
2026-08-22T01:31:03.3519651Z ##[endgroup]
2026-08-22T01:31:03.3521530Z ##[group]Disabling automatic garbage collection
2026-08-22T01:31:03.3523649Z [command]/usr/bin/git config --local gc.auto 0
2026-08-22T01:31:03.3554095Z ##[endgroup]
2026-08-22T01:31:03.3555307Z ##[group]Setting up auth
2026-08-22T01:31:03.3560724Z [command]/usr/bin/git config --local --name-only --get-regexp core\.sshCommand
2026-08-22T01:31:03.3595304Z [command]/usr/bin/git submodule foreach --recursive sh -c "git config --local --name-only --get-regexp 'core\.sshCommand' && git config --local --unset-all 'core.sshCommand' || :"
2026-08-22T01:31:03.3953861Z [command]/usr/bin/git config --local --name-only --get-regexp http\.https\:\/\/github\.com\/\.extraheader
2026-08-22T01:31:03.3991686Z [command]/usr/bin/git submodule foreach --recursive sh -c "git config --local --name-only --get-regexp 'http\.https\:\/\/github\.com\/\.extraheader' && git config --local --unset-all 'http.https://github.com/.extraheader' || :"
2026-08-22T01:31:03.4208390Z [command]/usr/bin/git config --local http.https://github.com/.extraheader AUTHORIZATION: basic ***
2026-08-22T01:31:03.4243745Z ##[endgroup]
2026-08-22T01:31:03.4245057Z ##[group]Fetching the repository
2026-08-22T01:31:03.4254461Z [command]/usr/bin/git -c protocol.version=2 fetch --no-tags --prune --no-recurse-submodules --depth=1 origin +c5b1bc0ae01f348743c0f2dfdb9ee0518f46fd85:refs/remotes/pull/12508/merge
2026-08-22T01:31:05.3738747Z From https://github.com/GoogleCloudPlatform/k8s-config-connector
2026-08-22T01:31:05.3744713Z  * [new ref]           c5b1bc0ae01f348743c0f2dfdb9ee0518f46fd85 -> pull/12508/merge
2026-08-22T01:31:05.3746801Z ##[endgroup]
2026-08-22T01:31:05.3747416Z ##[group]Determining the checkout info
2026-08-22T01:31:05.3747960Z ##[endgroup]
2026-08-22T01:31:05.3753039Z [command]/usr/bin/git sparse-checkout disable
2026-08-22T01:31:05.3802001Z [command]/usr/bin/git config --local --unset-all extensions.worktreeConfig
2026-08-22T01:31:05.3830664Z ##[group]Checking out the ref
2026-08-22T01:31:05.3835123Z [command]/usr/bin/git checkout --progress --force refs/remotes/pull/12508/merge
2026-08-22T01:31:06.4489937Z Updating files:  35% (13674/38932)
2026-08-22T01:31:06.4845286Z Updating files:  36% (14016/38932)
2026-08-22T01:31:06.5083230Z Updating files:  37% (14405/38932)
2026-08-22T01:31:06.5256299Z Updating files:  38% (14795/38932)
2026-08-22T01:31:06.5459767Z Updating files:  39% (15184/38932)
2026-08-22T01:31:06.5681185Z Updating files:  40% (15573/38932)
2026-08-22T01:31:06.5865489Z Updating files:  41% (15963/38932)
2026-08-22T01:31:06.6058113Z Updating files:  42% (16352/38932)
2026-08-22T01:31:06.6238151Z Updating files:  43% (16741/38932)
2026-08-22T01:31:06.6417888Z Updating files:  44% (17131/38932)
2026-08-22T01:31:06.6674889Z Updating files:  45% (17520/38932)
2026-08-22T01:31:06.6910408Z Updating files:  46% (17909/38932)
2026-08-22T01:31:06.7126628Z Updating files:  47% (18299/38932)
2026-08-22T01:31:06.7334615Z Updating files:  48% (18688/38932)
2026-08-22T01:31:06.7529259Z Updating files:  49% (19077/38932)
2026-08-22T01:31:06.7761258Z Updating files:  50% (19466/38932)
2026-08-22T01:31:06.7957906Z Updating files:  51% (19856/38932)
2026-08-22T01:31:06.8146872Z Updating files:  52% (20245/38932)
2026-08-22T01:31:06.8335000Z Updating files:  53% (20634/38932)
2026-08-22T01:31:06.8529966Z Updating files:  54% (21024/38932)
2026-08-22T01:31:06.8722917Z Updating files:  55% (21413/38932)
2026-08-22T01:31:06.8917526Z Updating files:  56% (21802/38932)
2026-08-22T01:31:06.9090740Z Updating files:  57% (22192/38932)
2026-08-22T01:31:06.9289810Z Updating files:  58% (22581/38932)
2026-08-22T01:31:06.9712292Z Updating files:  59% (22970/38932)
2026-08-22T01:31:06.9921296Z Updating files:  60% (23360/38932)
2026-08-22T01:31:07.0220570Z Updating files:  61% (23749/38932)
2026-08-22T01:31:07.0500915Z Updating files:  62% (24138/38932)
2026-08-22T01:31:07.0736652Z Updating files:  63% (24528/38932)
2026-08-22T01:31:07.0903242Z Updating files:  64% (24917/38932)
2026-08-22T01:31:07.1120648Z Updating files:  65% (25306/38932)
2026-08-22T01:31:07.1363920Z Updating files:  66% (25696/38932)
2026-08-22T01:31:07.1628033Z Updating files:  67% (26085/38932)
2026-08-22T01:31:07.1976015Z Updating files:  68% (26474/38932)
2026-08-22T01:31:07.2238077Z Updating files:  69% (26864/38932)
2026-08-22T01:31:07.2493697Z Updating files:  70% (27253/38932)
2026-08-22T01:31:07.2854825Z Updating files:  71% (27642/38932)
2026-08-22T01:31:07.3189354Z Updating files:  72% (28032/38932)
2026-08-22T01:31:07.3455602Z Updating files:  73% (28421/38932)
2026-08-22T01:31:07.3748738Z Updating files:  74% (28810/38932)
2026-08-22T01:31:07.4241701Z Updating files:  75% (29199/38932)
2026-08-22T01:31:07.4250437Z Updating files:  76% (29589/38932)
2026-08-22T01:31:07.4458358Z Updating files:  76% (29607/38932)
2026-08-22T01:31:07.4830057Z Updating files:  77% (29978/38932)
2026-08-22T01:31:07.5042236Z Updating files:  78% (30367/38932)
2026-08-22T01:31:07.5336564Z Updating files:  79% (30757/38932)
2026-08-22T01:31:07.7282750Z Updating files:  80% (31146/38932)
2026-08-22T01:31:07.7464559Z Updating files:  81% (31535/38932)
2026-08-22T01:31:07.7650790Z Updating files:  82% (31925/38932)
2026-08-22T01:31:07.7846251Z Updating files:  83% (32314/38932)
2026-08-22T01:31:07.8034803Z Updating files:  84% (32703/38932)
2026-08-22T01:31:07.8232698Z Updating files:  85% (33093/38932)
2026-08-22T01:31:07.8430914Z Updating files:  86% (33482/38932)
2026-08-22T01:31:07.8698672Z Updating files:  87% (33871/38932)
2026-08-22T01:31:07.8889287Z Updating files:  88% (34261/38932)
2026-08-22T01:31:07.9085760Z Updating files:  89% (34650/38932)
2026-08-22T01:31:07.9289589Z Updating files:  90% (35039/38932)
2026-08-22T01:31:07.9552031Z Updating files:  91% (35429/38932)
2026-08-22T01:31:07.9864892Z Updating files:  92% (35818/38932)
2026-08-22T01:31:08.0161628Z Updating files:  93% (36207/38932)
2026-08-22T01:31:08.0465702Z Updating files:  94% (36597/38932)
2026-08-22T01:31:08.0701949Z Updating files:  95% (36986/38932)
2026-08-22T01:31:08.0933702Z Updating files:  96% (37375/38932)
2026-08-22T01:31:08.1145988Z Updating files:  97% (37765/38932)
2026-08-22T01:31:08.1389757Z Updating files:  98% (38154/38932)
2026-08-22T01:31:08.1643307Z Updating files:  99% (38543/38932)
2026-08-22T01:31:08.1644516Z Updating files: 100% (38932/38932)
2026-08-22T01:31:08.1645379Z Updating files: 100% (38932/38932), done.
2026-08-22T01:31:08.2167371Z Note: switching to 'refs/remotes/pull/12508/merge'.
2026-08-22T01:31:08.2167819Z 
2026-08-22T01:31:08.2168473Z You are in 'detached HEAD' state. You can look around, make experimental
2026-08-22T01:31:08.2169323Z changes and commit them, and you can discard any commits you make in this
2026-08-22T01:31:08.2170131Z state without impacting any branches by switching back to a branch.
2026-08-22T01:31:08.2170628Z 
2026-08-22T01:31:08.2170861Z If you want to create a new branch to retain commits you create, you may
2026-08-22T01:31:08.2171342Z do so (now or later) by using -c with the switch command. Example:
2026-08-22T01:31:08.2171597Z 
2026-08-22T01:31:08.2171707Z   git switch -c <new-branch-name>
2026-08-22T01:31:08.2171888Z 
2026-08-22T01:31:08.2171992Z Or undo this operation with:
2026-08-22T01:31:08.2172146Z 
2026-08-22T01:31:08.2172234Z   git switch -
2026-08-22T01:31:08.2172357Z 
2026-08-22T01:31:08.2172567Z Turn off this advice by setting config variable advice.detachedHead to false
2026-08-22T01:31:08.2172885Z 
2026-08-22T01:31:08.2173230Z HEAD is now at c5b1bc0a Merge 4d4294c88381d16bee5c90f002a05e58b910b215 into d52e7c00be7d37145759d774e1efced71bc3091d
2026-08-22T01:31:08.2249302Z ##[endgroup]
2026-08-22T01:31:08.2295523Z [command]/usr/bin/git log -1 --format=%H
2026-08-22T01:31:08.2320789Z c5b1bc0ae01f348743c0f2dfdb9ee0518f46fd85
2026-08-22T01:31:08.2583995Z Node 20 is being deprecated. This workflow is running with Node 24 by default. If you need to temporarily use Node 20, you can set the ACTIONS_ALLOW_USE_UNSECURE_NODE_VERSION=true environment variable. For more information see: https://github.blog/changelog/2025-09-19-deprecation-of-node-20-on-github-actions-runners/
2026-08-22T01:31:08.2586643Z ##[group]Run actions/setup-go@f111f3307d8850f501ac008e886eec1fd1932a34
2026-08-22T01:31:08.2587276Z with:
2026-08-22T01:31:08.2587633Z   go-version-file: go.mod
2026-08-22T01:31:08.2588088Z   cache: false
2026-08-22T01:31:08.2588413Z   check-latest: false
2026-08-22T01:31:08.2593043Z   token: ***
2026-08-22T01:31:08.2593606Z ##[endgroup]
2026-08-22T01:31:08.3989028Z Setup go version spec 1.26
2026-08-22T01:31:08.4699731Z Found in cache @ /opt/hostedtoolcache/go/1.26.6/x64
2026-08-22T01:31:08.4701838Z (node:2265) [DEP0040] DeprecationWarning: The `punycode` module is deprecated. Please use a userland alternative instead.
2026-08-22T01:31:08.4703226Z (Use `node --trace-deprecation ...` to show where the warning was created)
2026-08-22T01:31:08.4707187Z Added go to the path
2026-08-22T01:31:08.4711227Z Successfully set up Go version 1.26
2026-08-22T01:31:09.1101267Z go version go1.26.6 linux/amd64
2026-08-22T01:31:09.1101493Z 
2026-08-22T01:31:09.1101803Z ##[group]go env
2026-08-22T01:31:09.8001168Z AR='ar'
2026-08-22T01:31:09.8001571Z CC='gcc'
2026-08-22T01:31:09.8002002Z CGO_CFLAGS='-O2 -g'
2026-08-22T01:31:09.8002403Z CGO_CPPFLAGS=''
2026-08-22T01:31:09.8002809Z CGO_CXXFLAGS='-O2 -g'
2026-08-22T01:31:09.8003232Z CGO_ENABLED='1'
2026-08-22T01:31:09.8003983Z CGO_FFLAGS='-O2 -g'
2026-08-22T01:31:09.8004394Z CGO_LDFLAGS='-O2 -g'
2026-08-22T01:31:09.8004761Z CXX='g++'
2026-08-22T01:31:09.8005096Z GCCGO='gccgo'
2026-08-22T01:31:09.8005532Z GO111MODULE=''
2026-08-22T01:31:09.8005914Z GOAMD64='v1'
2026-08-22T01:31:09.8006314Z GOARCH='amd64'
2026-08-22T01:31:09.8006751Z GOAUTH='netrc'
2026-08-22T01:31:09.8007204Z GOBIN=''
2026-08-22T01:31:09.8007864Z GOCACHE='/home/runner/.cache/go-build'
2026-08-22T01:31:09.8008388Z GOCACHEPROG=''
2026-08-22T01:31:09.8008775Z GODEBUG=''
2026-08-22T01:31:09.8009281Z GOENV='/home/runner/.config/go/env'
2026-08-22T01:31:09.8009881Z GOEXE=''
2026-08-22T01:31:09.8010334Z GOEXPERIMENT=''
2026-08-22T01:31:09.8010763Z GOFIPS140='off'
2026-08-22T01:31:09.8011164Z GOFLAGS=''
2026-08-22T01:31:09.8013202Z GOGCCFLAGS='-fPIC -m64 -pthread -Wl,--no-gc-sections -fmessage-length=0 -ffile-prefix-map=/tmp/go-build1226913465=/tmp/go-build -gno-record-gcc-switches'
2026-08-22T01:31:09.8015141Z GOHOSTARCH='amd64'
2026-08-22T01:31:09.8015654Z GOHOSTOS='linux'
2026-08-22T01:31:09.8016171Z GOINSECURE=''
2026-08-22T01:31:09.8017042Z GOMOD='/home/runner/work/k8s-config-connector/k8s-config-connector/go.mod'
2026-08-22T01:31:09.8017990Z GOMODCACHE='/home/runner/go/pkg/mod'
2026-08-22T01:31:09.8018425Z GONOPROXY=''
2026-08-22T01:31:09.8018743Z GONOSUMDB=''
2026-08-22T01:31:09.8019095Z GOOS='linux'
2026-08-22T01:31:09.8019451Z GOPATH='/home/runner/go'
2026-08-22T01:31:09.8019837Z GOPRIVATE=''
2026-08-22T01:31:09.8020256Z GOPROXY='https://proxy.golang.org,direct'
2026-08-22T01:31:09.8021015Z GOROOT='/opt/hostedtoolcache/go/1.26.6/x64'
2026-08-22T01:31:09.8021591Z GOSUMDB='sum.golang.org'
2026-08-22T01:31:09.8022008Z GOTELEMETRY='local'
2026-08-22T01:31:09.8022468Z GOTELEMETRYDIR='/home/runner/.config/go/telemetry'
2026-08-22T01:31:09.8023057Z GOTMPDIR=''
2026-08-22T01:31:09.8023622Z GOTOOLCHAIN='auto'
2026-08-22T01:31:09.8024239Z GOTOOLDIR='/opt/hostedtoolcache/go/1.26.6/x64/pkg/tool/linux_amd64'
2026-08-22T01:31:09.8024972Z GOVCS=''
2026-08-22T01:31:09.8025341Z GOVERSION='go1.26.6'
2026-08-22T01:31:09.8026033Z GOWORK='/home/runner/work/k8s-config-connector/k8s-config-connector/go.work'
2026-08-22T01:31:09.8026877Z PKG_CONFIG='pkg-config'
2026-08-22T01:31:09.8027191Z 
2026-08-22T01:31:09.8027795Z ##[endgroup]
2026-08-22T01:31:09.8157498Z Node 20 is being deprecated. This workflow is running with Node 24 by default. If you need to temporarily use Node 20, you can set the ACTIONS_ALLOW_USE_UNSECURE_NODE_VERSION=true environment variable. For more information see: https://github.blog/changelog/2025-09-19-deprecation-of-node-20-on-github-actions-runners/
2026-08-22T01:31:09.8158921Z ##[group]Run actions/download-artifact@fa0a91b85d4f404e444e00e005971372dc801d16
2026-08-22T01:31:09.8159316Z with:
2026-08-22T01:31:09.8159540Z   name: prebuilt-test-binaries
2026-08-22T01:31:09.8159780Z   path: bin/
2026-08-22T01:31:09.8159980Z   merge-multiple: false
2026-08-22T01:31:09.8160255Z   repository: GoogleCloudPlatform/k8s-config-connector
2026-08-22T01:31:09.8160568Z   run-id: 32543509155
2026-08-22T01:31:09.8160778Z ##[endgroup]
2026-08-22T01:31:09.9649631Z Downloading single artifact
2026-08-22T01:31:09.9798623Z (node:2321) [DEP0040] DeprecationWarning: The `punycode` module is deprecated. Please use a userland alternative instead.
2026-08-22T01:31:09.9799474Z (Use `node --trace-deprecation ...` to show where the warning was created)
2026-08-22T01:31:10.0399355Z Preparing to download the following artifacts:
2026-08-22T01:31:10.0400232Z - prebuilt-test-binaries (ID: 9467789528, Size: 100820991)
2026-08-22T01:31:10.1476290Z Redirecting to blob download url: https://productionresultssa16.blob.core.windows.net/actions-results/4cc92b3c-425d-4230-a995-0ec6e186b486/workflow-job-run-08014f0c-a8f0-5684-bda8-02498f8b2ddb/artifacts/eb75eed0ad7e7b38dbd1b28466a1d6bbbb0418a7458b7170ca29ad602c280209.zip
2026-08-22T01:31:10.1478898Z Starting download of artifact to: /home/runner/work/k8s-config-connector/k8s-config-connector/bin
2026-08-22T01:31:10.2127131Z (node:2321) [DEP0005] DeprecationWarning: Buffer() is deprecated due to security and usability issues. Please use the Buffer.alloc(), Buffer.allocUnsafe(), or Buffer.from() methods instead.
2026-08-22T01:31:12.7174730Z Artifact download completed successfully.
2026-08-22T01:31:12.7175231Z Total of 1 artifact(s) downloaded
2026-08-22T01:31:12.7184210Z Download artifact has finished successfully
2026-08-22T01:31:12.7343320Z ##[group]Run chmod +x bin/* || true
2026-08-22T01:31:12.7344063Z [36;1mchmod +x bin/* || true[0m
2026-08-22T01:31:12.7384755Z shell: /usr/bin/bash -e {0}
2026-08-22T01:31:12.7385030Z ##[endgroup]
2026-08-22T01:31:12.7546580Z Node 20 is being deprecated. This workflow is running with Node 24 by default. If you need to temporarily use Node 20, you can set the ACTIONS_ALLOW_USE_UNSECURE_NODE_VERSION=true environment variable. For more information see: https://github.blog/changelog/2025-09-19-deprecation-of-node-20-on-github-actions-runners/
2026-08-22T01:31:12.7548242Z ##[group]Run google-github-actions/setup-gcloud@77e7a554d41e2ee56fc945c52dfd3f33d12def9a
2026-08-22T01:31:12.7548672Z with:
2026-08-22T01:31:12.7548876Z   install_components: alpha,beta
2026-08-22T01:31:12.7549121Z   version: latest
2026-08-22T01:31:12.7549322Z   skip_install: false
2026-08-22T01:31:12.7549530Z ##[endgroup]
2026-08-22T01:31:13.5447966Z [command]/usr/bin/tar xz --warning=no-unknown-keyword --overwrite -C /home/runner/work/_temp/4c5c641e-b39d-4b63-ab2c-5851b17a940b -f /home/runner/work/_temp/76b182ad-7b8d-4e32-bb07-cd43efb22fae
2026-08-22T01:31:51.2450836Z ##[warning]The gcloud CLI is not authenticated (or it is not installed). Authenticate by adding the "google-github-actions/auth" step prior this one.
2026-08-22T01:31:51.2675711Z ##[group]Run target="${TARGET_SERVICE}"
2026-08-22T01:31:51.2676111Z [36;1mtarget="${TARGET_SERVICE}"[0m
2026-08-22T01:31:51.2676442Z [36;1mif [[ "${target}" =~ ([0-9]+)-of-([0-9]+)$ ]]; then[0m
2026-08-22T01:31:51.2676779Z [36;1m  shard_num="${BASH_REMATCH[1]}"[0m
2026-08-22T01:31:51.2677079Z [36;1m  shard_cnt="${BASH_REMATCH[2]}"[0m
2026-08-22T01:31:51.2677355Z [36;1m  shard_idx=$((shard_num - 1))[0m
2026-08-22T01:31:51.2677675Z [36;1m  service="${target%-${shard_num}-of-${shard_cnt}}"[0m
2026-08-22T01:31:51.2678195Z [36;1m  ./dev/ci/presubmits/tests-e2e-fixtures-suite "${service}" "${shard_idx}" "${shard_cnt}"[0m
2026-08-22T01:31:51.2678651Z [36;1melse[0m
2026-08-22T01:31:51.2678958Z [36;1m  ./dev/ci/presubmits/tests-e2e-fixtures-suite "${target}" "0" "1"[0m
2026-08-22T01:31:51.2679325Z [36;1mfi[0m
2026-08-22T01:31:51.2715703Z shell: /usr/bin/bash -e {0}
2026-08-22T01:31:51.2715956Z env:
2026-08-22T01:31:51.2716273Z   CLOUDSDK_METRICS_ENVIRONMENT: github-actions-setup-gcloud
2026-08-22T01:31:51.2716655Z   CLOUDSDK_METRICS_ENVIRONMENT_VERSION: 2.1.4
2026-08-22T01:31:51.2716983Z   TARGET_SERVICE: certificatemanager
2026-08-22T01:31:51.2717251Z   ARTIFACTS: /tmp/artifacts
2026-08-22T01:31:51.2717479Z ##[endgroup]
2026-08-22T01:31:51.2834602Z Downloading envtest assets...
2026-08-22T01:31:51.4259495Z go: downloading sigs.k8s.io/controller-runtime/tools/setup-envtest v0.0.0-20260125163108-a19ec76a3c5d
2026-08-22T01:31:51.4260309Z go: downloading sigs.k8s.io/controller-runtime v0.22.6-0.20260125163108-a19ec76a3c5d
2026-08-22T01:31:51.6190906Z go: downloading github.com/go-logr/zapr v1.3.0
2026-08-22T01:31:51.6191703Z go: downloading github.com/go-logr/logr v1.4.2
2026-08-22T01:31:51.6451979Z go: downloading github.com/spf13/afero v1.12.0
2026-08-22T01:31:51.6522963Z go: downloading github.com/spf13/pflag v1.0.6
2026-08-22T01:31:51.6544156Z go: downloading go.uber.org/zap v1.27.0
2026-08-22T01:31:52.1158480Z go: downloading golang.org/x/text v0.23.0
2026-08-22T01:31:53.3079674Z go: downloading sigs.k8s.io/yaml v1.6.0
2026-08-22T01:31:53.4598802Z go: downloading go.uber.org/multierr v1.10.0
2026-08-22T01:31:54.3526359Z go: downloading go.yaml.in/yaml/v2 v2.4.2
2026-08-22T01:32:11.3648287Z Running certificatemanager fixtures tests in parallel...
2026-08-22T01:32:11.3668177Z 2026/08/22 01:32:11 paralleltestrunner: list file "/home/runner/work/k8s-config-connector/k8s-config-connector/tests/e2e/testdata/fixtures-certificatemanager-list.txt" missing or empty, discovering tests dynamically...
2026-08-22T01:32:11.6210200Z 2026/08/22 01:32:11 paralleltestrunner: dynamically discovered 12 tests
2026-08-22T01:32:11.6211874Z 2026/08/22 01:32:11 paralleltestrunner: auto-scaled parallelism -j=8 (CPU cores: 4, FD limit: 65536, total tests: 12)
2026-08-22T01:32:32.2838081Z FAIL: pkg/test/resourcefixture/testdata/basic/certificatemanager/v1alpha1/certificatemanagertrustconfig/certificatemanagertrustconfig-minimal (log: /tmp/artifacts/test-output/pkg/test/resourcefixture/testdata/basic/certificatemanager/v1alpha1/certificatemanagertrustconfig/certificatemanagertrustconfig-minimal/test.log)
2026-08-22T01:32:32.2841837Z --- LOGS FOR FAILING TEST pkg/test/resourcefixture/testdata/basic/certificatemanager/v1alpha1/certificatemanagertrustconfig/certificatemanagertrustconfig-minimal ---
2026-08-22T01:32:32.2844482Z Running tests matching: ^TestAllInSeries$/^fixtures$/^pkg$/^test$/^resourcefixture$/^testdata$/^basic$/^certificatemanager$/^v1alpha1$/^certificatemanagertrustconfig$/^certificatemanagertrustconfig-minimal$
2026-08-22T01:32:32.2846234Z Using E2E_GCP_TARGET: mock
2026-08-22T01:32:32.2846697Z Using E2E_KUBE_TARGET: envtest
2026-08-22T01:32:32.2847156Z Using ARTIFACTS: /tmp/artifacts
2026-08-22T01:32:32.2847597Z Using TEST_TIMEOUT=15m
2026-08-22T01:32:32.2848273Z Running tests with ONLY_TEST_APIGROUPS=certificatemanager.cnrm.cloud.google.com
2026-08-22T01:32:32.2849041Z === RUN   TestAllInSeries
2026-08-22T01:32:32.2849478Z === RUN   TestAllInSeries/fixtures
2026-08-22T01:32:32.2851262Z === RUN   TestAllInSeries/fixtures/pkg/test/resourcefixture/testdata/basic/certificatemanager/v1alpha1/certificatemanagertrustconfig/certificatemanagertrustconfig-minimal
2026-08-22T01:32:32.2852949Z     harness.go:276: starting envtest apiserver
2026-08-22T01:32:32.2855368Z     harness.go:1486: CRD configconnectors.core.cnrm.cloud.google.com ready in 2.014s
2026-08-22T01:32:32.2856715Z     harness.go:1486: CRD configconnectorcontexts.core.cnrm.cloud.google.com ready in 2.013s
2026-08-22T01:32:32.2866635Z     harness.go:1486: CRD certificatemanagertrustconfigs.certificatemanager.cnrm.cloud.google.com ready in 2.013s
2026-08-22T01:32:32.2867852Z     harness.go:476: Installed 3 CRDs in 2.063s
2026-08-22T01:32:32.2868871Z {"severity":"info","timestamp":"2026-08-22T01:32:23.169Z","msg":"Installed CRDs","count":3,"duration":"2.063300358s"}
2026-08-22T01:32:32.2869845Z     harness.go:486: creating mock gcp
2026-08-22T01:32:32.2870724Z I0822 01:32:23.170746    4375 mock_http_roundtrip.go:180] "serving mock gcp grpc server" address="127.0.0.2:37077"
2026-08-22T01:32:32.2871883Z W0822 01:32:23.223425    4375 service.go:327] grpc method did not have http rule: MethodDescriptor{
2026-08-22T01:32:32.2872669Z 	Syntax:            proto3
2026-08-22T01:32:32.2873236Z 	FullName:          google.pubsub.v1.Subscriber.StreamingPull
2026-08-22T01:32:32.2874316Z 	Input:             google.pubsub.v1.StreamingPullRequest
2026-08-22T01:32:32.2875020Z 	Output:            google.pubsub.v1.StreamingPullResponse
2026-08-22T01:32:32.2875599Z 	IsStreamingClient: true
2026-08-22T01:32:32.2876028Z 	IsStreamingServer: true
2026-08-22T01:32:32.2876385Z }
2026-08-22T01:32:32.2877020Z W0822 01:32:23.241749    4375 service.go:327] grpc method did not have http rule: MethodDescriptor{
2026-08-22T01:32:32.2877791Z 	Syntax:            proto3
2026-08-22T01:32:32.2878398Z 	FullName:          google.cloud.speech.v2.Speech.StreamingRecognize
2026-08-22T01:32:32.2879242Z 	Input:             google.cloud.speech.v2.StreamingRecognizeRequest
2026-08-22T01:32:32.2880105Z 	Output:            google.cloud.speech.v2.StreamingRecognizeResponse
2026-08-22T01:32:32.2880758Z 	IsStreamingClient: true
2026-08-22T01:32:32.2881186Z 	IsStreamingServer: true
2026-08-22T01:32:32.2881546Z }
2026-08-22T01:32:32.2882633Z I0822 01:32:23.242374    4375 mockgcp_http.go:298] mockgcp request: POST https://cloudresourcemanager.googleapis.com/v1/projects?alt=json&prettyPrint=false
2026-08-22T01:32:32.2884795Z I0822 01:32:23.248463    4375 mockgcp_http.go:298] mockgcp request: POST https://compute.googleapis.com/compute/v1/projects/shared-reservations-project/global/networks
2026-08-22T01:32:32.2886975Z I0822 01:32:23.253715    4375 operations.go:125] "storing operation" fqn="projects/shared-reservations-project/global/operations/operation-1787362343253-12404998-a61c-4e79-a47a-f23ba90ff0d4"
2026-08-22T01:32:32.2888661Z I0822 01:32:23.254144    4375 mockgcp_http.go:327] mockgcp response: POST https://compute.googleapis.com/compute/v1/projects/shared-reservations-project/global/networks => 200
2026-08-22T01:32:32.2889901Z I0822 01:32:23.254148    4375 mockgcp_http.go:298] mockgcp request: POST https://compute.googleapis.com/compute/v1/projects/shared-reservations-project/regions/us-central1/subnetworks
2026-08-22T01:32:32.2891604Z I0822 01:32:23.254409    4375 mockgcp_http.go:298] mockgcp request: GET https://compute.googleapis.com/compute/v1/projects/shared-reservations-project/global/operations/operation-1787362343253-12404998-a61c-4e79-a47a-f23ba90ff0d4
2026-08-22T01:32:32.2893259Z I0822 01:32:23.254747    4375 mockgcp_http.go:327] mockgcp response: GET https://compute.googleapis.com/compute/v1/projects/shared-reservations-project/global/operations/operation-1787362343253-12404998-a61c-4e79-a47a-f23ba90ff0d4 => 200
2026-08-22T01:32:32.2905050Z I0822 01:32:23.254837    4375 operations.go:125] "storing operation" fqn="projects/shared-reservations-project/regions/us-central1/operations/operation-1787362343254-8c5a43b8-3b42-41b8-9cec-142c9df76446"
2026-08-22T01:32:32.2907925Z I0822 01:32:23.254983    4375 mockgcp_http.go:327] mockgcp response: POST https://compute.googleapis.com/compute/v1/projects/shared-reservations-project/regions/us-central1/subnetworks => 200
2026-08-22T01:32:32.2910689Z I0822 01:32:23.255044    4375 mockgcp_http.go:298] mockgcp request: GET https://compute.googleapis.com/compute/v1/projects/shared-reservations-project/regions/us-central1/operations/operation-1787362343254-8c5a43b8-3b42-41b8-9cec-142c9df76446
2026-08-22T01:32:32.2914112Z I0822 01:32:23.255371    4375 mockgcp_http.go:327] mockgcp response: GET https://compute.googleapis.com/compute/v1/projects/shared-reservations-project/regions/us-central1/operations/operation-1787362343254-8c5a43b8-3b42-41b8-9cec-142c9df76446 => 200
2026-08-22T01:32:32.2916862Z I0822 01:32:23.255432    4375 mockgcp_http.go:298] mockgcp request: POST https://compute.googleapis.com/compute/v1/projects/shared-reservations-project/regions/europe-west1/subnetworks
2026-08-22T01:32:32.2919284Z I0822 01:32:23.255697    4375 operations.go:125] "storing operation" fqn="projects/shared-reservations-project/regions/europe-west1/operations/operation-1787362343255-a2371cff-4737-4a54-ad35-d2f0debbbbc4"
2026-08-22T01:32:32.2921586Z I0822 01:32:23.255797    4375 mockgcp_http.go:327] mockgcp response: POST https://compute.googleapis.com/compute/v1/projects/shared-reservations-project/regions/europe-west1/subnetworks => 200
2026-08-22T01:32:32.2923166Z I0822 01:32:23.255879    4375 mockgcp_http.go:298] mockgcp request: GET https://compute.googleapis.com/compute/v1/projects/shared-reservations-project/regions/europe-west1/operations/operation-1787362343255-a2371cff-4737-4a54-ad35-d2f0debbbbc4
2026-08-22T01:32:32.2926905Z I0822 01:32:23.256155    4375 mockgcp_http.go:327] mockgcp response: GET https://compute.googleapis.com/compute/v1/projects/shared-reservations-project/regions/europe-west1/operations/operation-1787362343255-a2371cff-4737-4a54-ad35-d2f0debbbbc4 => 200
2026-08-22T01:32:32.2929622Z I0822 01:32:23.256219    4375 mockgcp_http.go:298] mockgcp request: POST https://compute.googleapis.com/compute/v1/projects/shared-reservations-project/regions/us-west1/subnetworks
2026-08-22T01:32:32.2932362Z I0822 01:32:23.256530    4375 operations.go:125] "storing operation" fqn="projects/shared-reservations-project/regions/us-west1/operations/operation-1787362343256-1ed8cd4b-6117-4ce1-9702-d49377e69c07"
2026-08-22T01:32:32.2935013Z I0822 01:32:23.256649    4375 mockgcp_http.go:327] mockgcp response: POST https://compute.googleapis.com/compute/v1/projects/shared-reservations-project/regions/us-west1/subnetworks => 200
2026-08-22T01:32:32.2937715Z I0822 01:32:23.256705    4375 mockgcp_http.go:298] mockgcp request: GET https://compute.googleapis.com/compute/v1/projects/shared-reservations-project/regions/us-west1/operations/operation-1787362343256-1ed8cd4b-6117-4ce1-9702-d49377e69c07
2026-08-22T01:32:32.2941182Z I0822 01:32:23.256956    4375 mockgcp_http.go:327] mockgcp response: GET https://compute.googleapis.com/compute/v1/projects/shared-reservations-project/regions/us-west1/operations/operation-1787362343256-1ed8cd4b-6117-4ce1-9702-d49377e69c07 => 200
2026-08-22T01:32:32.2944489Z I0822 01:32:23.257012    4375 mockgcp_http.go:298] mockgcp request: POST https://compute.googleapis.com/compute/v1/projects/shared-reservations-project/regions/asia-east1/subnetworks
2026-08-22T01:32:32.2947047Z I0822 01:32:23.257264    4375 operations.go:125] "storing operation" fqn="projects/shared-reservations-project/regions/asia-east1/operations/operation-1787362343257-9f96b061-41a2-42ca-93f6-6716b80e83da"
2026-08-22T01:32:32.2948434Z I0822 01:32:23.257392    4375 mockgcp_http.go:327] mockgcp response: POST https://compute.googleapis.com/compute/v1/projects/shared-reservations-project/regions/asia-east1/subnetworks => 200
2026-08-22T01:32:32.2959863Z I0822 01:32:23.257473    4375 mockgcp_http.go:298] mockgcp request: GET https://compute.googleapis.com/compute/v1/projects/shared-reservations-project/regions/asia-east1/operations/operation-1787362343257-9f96b061-41a2-42ca-93f6-6716b80e83da
2026-08-22T01:32:32.2963392Z I0822 01:32:23.257766    4375 mockgcp_http.go:327] mockgcp response: GET https://compute.googleapis.com/compute/v1/projects/shared-reservations-project/regions/asia-east1/operations/operation-1787362343257-9f96b061-41a2-42ca-93f6-6716b80e83da => 200
2026-08-22T01:32:32.2966552Z I0822 01:32:23.257825    4375 mockgcp_http.go:298] mockgcp request: POST https://compute.googleapis.com/compute/v1/projects/shared-reservations-project/regions/us-east1/subnetworks
2026-08-22T01:32:32.2969290Z I0822 01:32:23.258156    4375 operations.go:125] "storing operation" fqn="projects/shared-reservations-project/regions/us-east1/operations/operation-1787362343258-ea377f63-d358-4e7e-8c3b-9c3e5be50a7b"
2026-08-22T01:32:32.2971389Z I0822 01:32:23.258270    4375 mockgcp_http.go:327] mockgcp response: POST https://compute.googleapis.com/compute/v1/projects/shared-reservations-project/regions/us-east1/subnetworks => 200
2026-08-22T01:32:32.2973061Z I0822 01:32:23.258320    4375 mockgcp_http.go:298] mockgcp request: GET https://compute.googleapis.com/compute/v1/projects/shared-reservations-project/regions/us-east1/operations/operation-1787362343258-ea377f63-d358-4e7e-8c3b-9c3e5be50a7b
2026-08-22T01:32:32.2976255Z I0822 01:32:23.258630    4375 mockgcp_http.go:327] mockgcp response: GET https://compute.googleapis.com/compute/v1/projects/shared-reservations-project/regions/us-east1/operations/operation-1787362343258-ea377f63-d358-4e7e-8c3b-9c3e5be50a7b => 200
2026-08-22T01:32:32.2979298Z I0822 01:32:23.258692    4375 mockgcp_http.go:298] mockgcp request: POST https://compute.googleapis.com/compute/v1/projects/shared-reservations-project/regions/asia-northeast1/subnetworks
2026-08-22T01:32:32.2981853Z I0822 01:32:23.258992    4375 operations.go:125] "storing operation" fqn="projects/shared-reservations-project/regions/asia-northeast1/operations/operation-1787362343258-26ddbd2d-3d74-4b74-a867-4cf2f38b2dea"
2026-08-22T01:32:32.2984733Z I0822 01:32:23.259139    4375 mockgcp_http.go:327] mockgcp response: POST https://compute.googleapis.com/compute/v1/projects/shared-reservations-project/regions/asia-northeast1/subnetworks => 200
2026-08-22T01:32:32.2987823Z I0822 01:32:23.259190    4375 mockgcp_http.go:298] mockgcp request: GET https://compute.googleapis.com/compute/v1/projects/shared-reservations-project/regions/asia-northeast1/operations/operation-1787362343258-26ddbd2d-3d74-4b74-a867-4cf2f38b2dea
2026-08-22T01:32:32.2991316Z I0822 01:32:23.259464    4375 mockgcp_http.go:327] mockgcp response: GET https://compute.googleapis.com/compute/v1/projects/shared-reservations-project/regions/asia-northeast1/operations/operation-1787362343258-26ddbd2d-3d74-4b74-a867-4cf2f38b2dea => 200
2026-08-22T01:32:32.2994438Z I0822 01:32:23.259529    4375 mockgcp_http.go:298] mockgcp request: POST https://compute.googleapis.com/compute/v1/projects/shared-reservations-project/regions/asia-southeast1/subnetworks
2026-08-22T01:32:32.2996830Z I0822 01:32:23.259829    4375 operations.go:125] "storing operation" fqn="projects/shared-reservations-project/regions/asia-southeast1/operations/operation-1787362343259-21d14fd5-3a65-4183-aaf9-431cf7637fc5"
2026-08-22T01:32:32.2999735Z I0822 01:32:23.259981    4375 mockgcp_http.go:327] mockgcp response: POST https://compute.googleapis.com/compute/v1/projects/shared-reservations-project/regions/asia-southeast1/subnetworks => 200
2026-08-22T01:32:32.3002686Z I0822 01:32:23.260036    4375 mockgcp_http.go:298] mockgcp request: GET https://compute.googleapis.com/compute/v1/projects/shared-reservations-project/regions/asia-southeast1/operations/operation-1787362343259-21d14fd5-3a65-4183-aaf9-431cf7637fc5
2026-08-22T01:32:32.3006116Z I0822 01:32:23.260312    4375 mockgcp_http.go:327] mockgcp response: GET https://compute.googleapis.com/compute/v1/projects/shared-reservations-project/regions/asia-southeast1/operations/operation-1787362343259-21d14fd5-3a65-4183-aaf9-431cf7637fc5 => 200
2026-08-22T01:32:32.3009043Z I0822 01:32:23.260393    4375 mockgcp_http.go:298] mockgcp request: POST https://compute.googleapis.com/compute/v1/projects/shared-reservations-project/regions/us-east4/subnetworks
2026-08-22T01:32:32.3011494Z I0822 01:32:23.260682    4375 operations.go:125] "storing operation" fqn="projects/shared-reservations-project/regions/us-east4/operations/operation-1787362343260-9faf01f8-cf54-487f-a705-3d70305731ae"
2026-08-22T01:32:32.3014152Z I0822 01:32:23.260806    4375 mockgcp_http.go:327] mockgcp response: POST https://compute.googleapis.com/compute/v1/projects/shared-reservations-project/regions/us-east4/subnetworks => 200
2026-08-22T01:32:32.3016907Z I0822 01:32:23.260859    4375 mockgcp_http.go:298] mockgcp request: GET https://compute.googleapis.com/compute/v1/projects/shared-reservations-project/regions/us-east4/operations/operation-1787362343260-9faf01f8-cf54-487f-a705-3d70305731ae
2026-08-22T01:32:32.3020121Z I0822 01:32:23.261156    4375 mockgcp_http.go:327] mockgcp response: GET https://compute.googleapis.com/compute/v1/projects/shared-reservations-project/regions/us-east4/operations/operation-1787362343260-9faf01f8-cf54-487f-a705-3d70305731ae => 200
2026-08-22T01:32:32.3022937Z I0822 01:32:23.261211    4375 mockgcp_http.go:298] mockgcp request: POST https://compute.googleapis.com/compute/v1/projects/shared-reservations-project/regions/australia-southeast1/subnetworks
2026-08-22T01:32:32.3033068Z I0822 01:32:23.261513    4375 operations.go:125] "storing operation" fqn="projects/shared-reservations-project/regions/australia-southeast1/operations/operation-1787362343261-1533297e-d568-4b21-be63-b7b37e6be6fb"
2026-08-22T01:32:32.3035878Z I0822 01:32:23.261619    4375 mockgcp_http.go:327] mockgcp response: POST https://compute.googleapis.com/compute/v1/projects/shared-reservations-project/regions/australia-southeast1/subnetworks => 200
2026-08-22T01:32:32.3038771Z I0822 01:32:23.261675    4375 mockgcp_http.go:298] mockgcp request: GET https://compute.googleapis.com/compute/v1/projects/shared-reservations-project/regions/australia-southeast1/operations/operation-1787362343261-1533297e-d568-4b21-be63-b7b37e6be6fb
2026-08-22T01:32:32.3042133Z I0822 01:32:23.261986    4375 mockgcp_http.go:327] mockgcp response: GET https://compute.googleapis.com/compute/v1/projects/shared-reservations-project/regions/australia-southeast1/operations/operation-1787362343261-1533297e-d568-4b21-be63-b7b37e6be6fb => 200
2026-08-22T01:32:32.3045206Z I0822 01:32:23.262043    4375 mockgcp_http.go:298] mockgcp request: POST https://compute.googleapis.com/compute/v1/projects/shared-reservations-project/regions/europe-west2/subnetworks
2026-08-22T01:32:32.3047649Z I0822 01:32:23.262382    4375 operations.go:125] "storing operation" fqn="projects/shared-reservations-project/regions/europe-west2/operations/operation-1787362343262-1847b770-d484-4de8-b496-19e426b710d1"
2026-08-22T01:32:32.3050152Z I0822 01:32:23.262514    4375 mockgcp_http.go:327] mockgcp response: POST https://compute.googleapis.com/compute/v1/projects/shared-reservations-project/regions/europe-west2/subnetworks => 200
2026-08-22T01:32:32.3053091Z I0822 01:32:23.262559    4375 mockgcp_http.go:298] mockgcp request: GET https://compute.googleapis.com/compute/v1/projects/shared-reservations-project/regions/europe-west2/operations/operation-1787362343262-1847b770-d484-4de8-b496-19e426b710d1
2026-08-22T01:32:32.3057065Z I0822 01:32:23.262825    4375 mockgcp_http.go:327] mockgcp response: GET https://compute.googleapis.com/compute/v1/projects/shared-reservations-project/regions/europe-west2/operations/operation-1787362343262-1847b770-d484-4de8-b496-19e426b710d1 => 200
2026-08-22T01:32:32.3059870Z I0822 01:32:23.262872    4375 mockgcp_http.go:298] mockgcp request: POST https://compute.googleapis.com/compute/v1/projects/shared-reservations-project/regions/europe-west3/subnetworks
2026-08-22T01:32:32.3062328Z I0822 01:32:23.263125    4375 operations.go:125] "storing operation" fqn="projects/shared-reservations-project/regions/europe-west3/operations/operation-1787362343263-92a63d72-a874-47fc-9f87-9208abddd379"
2026-08-22T01:32:32.3065220Z I0822 01:32:23.263255    4375 mockgcp_http.go:327] mockgcp response: POST https://compute.googleapis.com/compute/v1/projects/shared-reservations-project/regions/europe-west3/subnetworks => 200
2026-08-22T01:32:32.3068842Z I0822 01:32:23.263303    4375 mockgcp_http.go:298] mockgcp request: GET https://compute.googleapis.com/compute/v1/projects/shared-reservations-project/regions/europe-west3/operations/operation-1787362343263-92a63d72-a874-47fc-9f87-9208abddd379
2026-08-22T01:32:32.3072132Z I0822 01:32:23.263604    4375 mockgcp_http.go:327] mockgcp response: GET https://compute.googleapis.com/compute/v1/projects/shared-reservations-project/regions/europe-west3/operations/operation-1787362343263-92a63d72-a874-47fc-9f87-9208abddd379 => 200
2026-08-22T01:32:32.3075113Z I0822 01:32:23.263671    4375 mockgcp_http.go:298] mockgcp request: POST https://compute.googleapis.com/compute/v1/projects/shared-reservations-project/regions/southamerica-east1/subnetworks
2026-08-22T01:32:32.3077716Z I0822 01:32:23.263955    4375 operations.go:125] "storing operation" fqn="projects/shared-reservations-project/regions/southamerica-east1/operations/operation-1787362343263-c79e6c94-6dc1-4f08-ac1d-95ea782a67dc"
2026-08-22T01:32:32.3080258Z I0822 01:32:23.264056    4375 mockgcp_http.go:327] mockgcp response: POST https://compute.googleapis.com/compute/v1/projects/shared-reservations-project/regions/southamerica-east1/subnetworks => 200
2026-08-22T01:32:32.3083110Z I0822 01:32:23.264112    4375 mockgcp_http.go:298] mockgcp request: GET https://compute.googleapis.com/compute/v1/projects/shared-reservations-project/regions/southamerica-east1/operations/operation-1787362343263-c79e6c94-6dc1-4f08-ac1d-95ea782a67dc
2026-08-22T01:32:32.3086268Z I0822 01:32:23.264404    4375 mockgcp_http.go:327] mockgcp response: GET https://compute.googleapis.com/compute/v1/projects/shared-reservations-project/regions/southamerica-east1/operations/operation-1787362343263-c79e6c94-6dc1-4f08-ac1d-95ea782a67dc => 200
2026-08-22T01:32:32.3088468Z I0822 01:32:23.264456    4375 mockgcp_http.go:298] mockgcp request: POST https://compute.googleapis.com/compute/v1/projects/shared-reservations-project/regions/asia-south1/subnetworks
2026-08-22T01:32:32.3090021Z I0822 01:32:23.264720    4375 operations.go:125] "storing operation" fqn="projects/shared-reservations-project/regions/asia-south1/operations/operation-1787362343264-134ef22c-3725-4d3f-b561-682ac45105c9"
2026-08-22T01:32:32.3091736Z I0822 01:32:23.264826    4375 mockgcp_http.go:327] mockgcp response: POST https://compute.googleapis.com/compute/v1/projects/shared-reservations-project/regions/asia-south1/subnetworks => 200
2026-08-22T01:32:32.3093538Z I0822 01:32:23.264875    4375 mockgcp_http.go:298] mockgcp request: GET https://compute.googleapis.com/compute/v1/projects/shared-reservations-project/regions/asia-south1/operations/operation-1787362343264-134ef22c-3725-4d3f-b561-682ac45105c9
2026-08-22T01:32:32.3095696Z I0822 01:32:23.265205    4375 mockgcp_http.go:327] mockgcp response: GET https://compute.googleapis.com/compute/v1/projects/shared-reservations-project/regions/asia-south1/operations/operation-1787362343264-134ef22c-3725-4d3f-b561-682ac45105c9 => 200
2026-08-22T01:32:32.3098113Z I0822 01:32:23.265258    4375 mockgcp_http.go:298] mockgcp request: POST https://compute.googleapis.com/compute/v1/projects/shared-reservations-project/regions/northamerica-northeast1/subnetworks
2026-08-22T01:32:32.3101892Z I0822 01:32:23.265566    4375 operations.go:125] "storing operation" fqn="projects/shared-reservations-project/regions/northamerica-northeast1/operations/operation-1787362343265-6d9ce75c-ee24-4f9e-a357-c6791bfacd43"
2026-08-22T01:32:32.3104213Z I0822 01:32:23.265689    4375 mockgcp_http.go:327] mockgcp response: POST https://compute.googleapis.com/compute/v1/projects/shared-reservations-project/regions/northamerica-northeast1/subnetworks => 200
2026-08-22T01:32:32.3106739Z I0822 01:32:23.265747    4375 mockgcp_http.go:298] mockgcp request: GET https://compute.googleapis.com/compute/v1/projects/shared-reservations-project/regions/northamerica-northeast1/operations/operation-1787362343265-6d9ce75c-ee24-4f9e-a357-c6791bfacd43
2026-08-22T01:32:32.3109004Z I0822 01:32:23.266000    4375 mockgcp_http.go:327] mockgcp response: GET https://compute.googleapis.com/compute/v1/projects/shared-reservations-project/regions/northamerica-northeast1/operations/operation-1787362343265-6d9ce75c-ee24-4f9e-a357-c6791bfacd43 => 200
2026-08-22T01:32:32.3110871Z I0822 01:32:23.266067    4375 mockgcp_http.go:298] mockgcp request: POST https://compute.googleapis.com/compute/v1/projects/shared-reservations-project/regions/europe-west4/subnetworks
2026-08-22T01:32:32.3112537Z I0822 01:32:23.266336    4375 operations.go:125] "storing operation" fqn="projects/shared-reservations-project/regions/europe-west4/operations/operation-1787362343266-ee8e622e-d9ea-4862-96cc-38e450eb7ae4"
2026-08-22T01:32:32.3114494Z I0822 01:32:23.266465    4375 mockgcp_http.go:327] mockgcp response: POST https://compute.googleapis.com/compute/v1/projects/shared-reservations-project/regions/europe-west4/subnetworks => 200
2026-08-22T01:32:32.3116451Z I0822 01:32:23.266531    4375 mockgcp_http.go:298] mockgcp request: GET https://compute.googleapis.com/compute/v1/projects/shared-reservations-project/regions/europe-west4/operations/operation-1787362343266-ee8e622e-d9ea-4862-96cc-38e450eb7ae4
2026-08-22T01:32:32.3118485Z I0822 01:32:23.266814    4375 mockgcp_http.go:327] mockgcp response: GET https://compute.googleapis.com/compute/v1/projects/shared-reservations-project/regions/europe-west4/operations/operation-1787362343266-ee8e622e-d9ea-4862-96cc-38e450eb7ae4 => 200
2026-08-22T01:32:32.3120165Z I0822 01:32:23.266872    4375 mockgcp_http.go:298] mockgcp request: POST https://compute.googleapis.com/compute/v1/projects/shared-reservations-project/regions/europe-north1/subnetworks
2026-08-22T01:32:32.3121731Z I0822 01:32:23.267111    4375 operations.go:125] "storing operation" fqn="projects/shared-reservations-project/regions/europe-north1/operations/operation-1787362343267-4c4b2a7a-1ad8-456c-803b-1181b97b435a"
2026-08-22T01:32:32.3123291Z I0822 01:32:23.267213    4375 mockgcp_http.go:327] mockgcp response: POST https://compute.googleapis.com/compute/v1/projects/shared-reservations-project/regions/europe-north1/subnetworks => 200
2026-08-22T01:32:32.3125255Z I0822 01:32:23.267262    4375 mockgcp_http.go:298] mockgcp request: GET https://compute.googleapis.com/compute/v1/projects/shared-reservations-project/regions/europe-north1/operations/operation-1787362343267-4c4b2a7a-1ad8-456c-803b-1181b97b435a
2026-08-22T01:32:32.3127191Z I0822 01:32:23.267584    4375 mockgcp_http.go:327] mockgcp response: GET https://compute.googleapis.com/compute/v1/projects/shared-reservations-project/regions/europe-north1/operations/operation-1787362343267-4c4b2a7a-1ad8-456c-803b-1181b97b435a => 200
2026-08-22T01:32:32.3128903Z I0822 01:32:23.267635    4375 mockgcp_http.go:298] mockgcp request: POST https://compute.googleapis.com/compute/v1/projects/shared-reservations-project/regions/us-west2/subnetworks
2026-08-22T01:32:32.3130346Z I0822 01:32:23.267881    4375 operations.go:125] "storing operation" fqn="projects/shared-reservations-project/regions/us-west2/operations/operation-1787362343267-cf7644c3-fe5f-4e7f-82f0-9aca7d028155"
2026-08-22T01:32:32.3132124Z I0822 01:32:23.267985    4375 mockgcp_http.go:327] mockgcp response: POST https://compute.googleapis.com/compute/v1/projects/shared-reservations-project/regions/us-west2/subnetworks => 200
2026-08-22T01:32:32.3134073Z I0822 01:32:23.268034    4375 mockgcp_http.go:298] mockgcp request: GET https://compute.googleapis.com/compute/v1/projects/shared-reservations-project/regions/us-west2/operations/operation-1787362343267-cf7644c3-fe5f-4e7f-82f0-9aca7d028155
2026-08-22T01:32:32.3135980Z I0822 01:32:23.268281    4375 mockgcp_http.go:327] mockgcp response: GET https://compute.googleapis.com/compute/v1/projects/shared-reservations-project/regions/us-west2/operations/operation-1787362343267-cf7644c3-fe5f-4e7f-82f0-9aca7d028155 => 200
2026-08-22T01:32:32.3137962Z I0822 01:32:23.268363    4375 mockgcp_http.go:298] mockgcp request: POST https://compute.googleapis.com/compute/v1/projects/shared-reservations-project/regions/asia-east2/subnetworks
2026-08-22T01:32:32.3140400Z I0822 01:32:23.268652    4375 operations.go:125] "storing operation" fqn="projects/shared-reservations-project/regions/asia-east2/operations/operation-1787362343268-50194291-f6bd-4554-bbce-7e67b9eecb0e"
2026-08-22T01:32:32.3142867Z I0822 01:32:23.268756    4375 mockgcp_http.go:327] mockgcp response: POST https://compute.googleapis.com/compute/v1/projects/shared-reservations-project/regions/asia-east2/subnetworks => 200
2026-08-22T01:32:32.3145871Z I0822 01:32:23.268826    4375 mockgcp_http.go:298] mockgcp request: GET https://compute.googleapis.com/compute/v1/projects/shared-reservations-project/regions/asia-east2/operations/operation-1787362343268-50194291-f6bd-4554-bbce-7e67b9eecb0e
2026-08-22T01:32:32.3149125Z I0822 01:32:23.269076    4375 mockgcp_http.go:327] mockgcp response: GET https://compute.googleapis.com/compute/v1/projects/shared-reservations-project/regions/asia-east2/operations/operation-1787362343268-50194291-f6bd-4554-bbce-7e67b9eecb0e => 200
2026-08-22T01:32:32.3151934Z I0822 01:32:23.269132    4375 mockgcp_http.go:298] mockgcp request: POST https://compute.googleapis.com/compute/v1/projects/shared-reservations-project/regions/europe-west6/subnetworks
2026-08-22T01:32:32.3154651Z I0822 01:32:23.269409    4375 operations.go:125] "storing operation" fqn="projects/shared-reservations-project/regions/europe-west6/operations/operation-1787362343269-2f72bedb-7e17-4cd8-81ce-5462664c611d"
2026-08-22T01:32:32.3157078Z I0822 01:32:23.269548    4375 mockgcp_http.go:327] mockgcp response: POST https://compute.googleapis.com/compute/v1/projects/shared-reservations-project/regions/europe-west6/subnetworks => 200
2026-08-22T01:32:32.3159935Z I0822 01:32:23.269601    4375 mockgcp_http.go:298] mockgcp request: GET https://compute.googleapis.com/compute/v1/projects/shared-reservations-project/regions/europe-west6/operations/operation-1787362343269-2f72bedb-7e17-4cd8-81ce-5462664c611d
2026-08-22T01:32:32.3163101Z I0822 01:32:23.269880    4375 mockgcp_http.go:327] mockgcp response: GET https://compute.googleapis.com/compute/v1/projects/shared-reservations-project/regions/europe-west6/operations/operation-1787362343269-2f72bedb-7e17-4cd8-81ce-5462664c611d => 200
2026-08-22T01:32:32.3166021Z I0822 01:32:23.269934    4375 mockgcp_http.go:298] mockgcp request: POST https://compute.googleapis.com/compute/v1/projects/shared-reservations-project/regions/asia-northeast2/subnetworks
2026-08-22T01:32:32.3168978Z I0822 01:32:23.270187    4375 operations.go:125] "storing operation" fqn="projects/shared-reservations-project/regions/asia-northeast2/operations/operation-1787362343270-72269f1f-b435-4e72-b5e0-dd043c9cac16"
2026-08-22T01:32:32.3171580Z I0822 01:32:23.270306    4375 mockgcp_http.go:327] mockgcp response: POST https://compute.googleapis.com/compute/v1/projects/shared-reservations-project/regions/asia-northeast2/subnetworks => 200
2026-08-22T01:32:32.3174627Z I0822 01:32:23.270385    4375 mockgcp_http.go:298] mockgcp request: GET https://compute.googleapis.com/compute/v1/projects/shared-reservations-project/regions/asia-northeast2/operations/operation-1787362343270-72269f1f-b435-4e72-b5e0-dd043c9cac16
2026-08-22T01:32:32.3178211Z I0822 01:32:23.270664    4375 mockgcp_http.go:327] mockgcp response: GET https://compute.googleapis.com/compute/v1/projects/shared-reservations-project/regions/asia-northeast2/operations/operation-1787362343270-72269f1f-b435-4e72-b5e0-dd043c9cac16 => 200
2026-08-22T01:32:32.3181016Z I0822 01:32:23.270723    4375 mockgcp_http.go:298] mockgcp request: POST https://compute.googleapis.com/compute/v1/projects/shared-reservations-project/regions/asia-northeast3/subnetworks
2026-08-22T01:32:32.3183706Z I0822 01:32:23.271033    4375 operations.go:125] "storing operation" fqn="projects/shared-reservations-project/regions/asia-northeast3/operations/operation-1787362343271-2a509ca8-5a98-4f08-9730-c41d9ba37c90"
2026-08-22T01:32:32.3186579Z I0822 01:32:23.271174    4375 mockgcp_http.go:327] mockgcp response: POST https://compute.googleapis.com/compute/v1/projects/shared-reservations-project/regions/asia-northeast3/subnetworks => 200
2026-08-22T01:32:32.3189469Z I0822 01:32:23.271233    4375 mockgcp_http.go:298] mockgcp request: GET https://compute.googleapis.com/compute/v1/projects/shared-reservations-project/regions/asia-northeast3/operations/operation-1787362343271-2a509ca8-5a98-4f08-9730-c41d9ba37c90
2026-08-22T01:32:32.3192609Z I0822 01:32:23.271535    4375 mockgcp_http.go:327] mockgcp response: GET https://compute.googleapis.com/compute/v1/projects/shared-reservations-project/regions/asia-northeast3/operations/operation-1787362343271-2a509ca8-5a98-4f08-9730-c41d9ba37c90 => 200
2026-08-22T01:32:32.3196102Z I0822 01:32:23.271598    4375 mockgcp_http.go:298] mockgcp request: POST https://compute.googleapis.com/compute/v1/projects/shared-reservations-project/regions/us-west3/subnetworks
2026-08-22T01:32:32.3198469Z I0822 01:32:23.271837    4375 operations.go:125] "storing operation" fqn="projects/shared-reservations-project/regions/us-west3/operations/operation-1787362343271-7e347641-b224-4a93-a8b3-bf9fbd6c8877"
2026-08-22T01:32:32.3200854Z I0822 01:32:23.271960    4375 mockgcp_http.go:327] mockgcp response: POST https://compute.googleapis.com/compute/v1/projects/shared-reservations-project/regions/us-west3/subnetworks => 200
2026-08-22T01:32:32.3203684Z I0822 01:32:23.272014    4375 mockgcp_http.go:298] mockgcp request: GET https://compute.googleapis.com/compute/v1/projects/shared-reservations-project/regions/us-west3/operations/operation-1787362343271-7e347641-b224-4a93-a8b3-bf9fbd6c8877
2026-08-22T01:32:32.3206810Z I0822 01:32:23.272283    4375 mockgcp_http.go:327] mockgcp response: GET https://compute.googleapis.com/compute/v1/projects/shared-reservations-project/regions/us-west3/operations/operation-1787362343271-7e347641-b224-4a93-a8b3-bf9fbd6c8877 => 200
2026-08-22T01:32:32.3209482Z I0822 01:32:23.272345    4375 mockgcp_http.go:298] mockgcp request: POST https://compute.googleapis.com/compute/v1/projects/shared-reservations-project/regions/us-west4/subnetworks
2026-08-22T01:32:32.3211804Z I0822 01:32:23.272618    4375 operations.go:125] "storing operation" fqn="projects/shared-reservations-project/regions/us-west4/operations/operation-1787362343272-6c41fc00-2f3f-4bf5-b903-6824dab04b09"
2026-08-22T01:32:32.3214423Z I0822 01:32:23.272720    4375 mockgcp_http.go:327] mockgcp response: POST https://compute.googleapis.com/compute/v1/projects/shared-reservations-project/regions/us-west4/subnetworks => 200
2026-08-22T01:32:32.3217162Z I0822 01:32:23.272774    4375 mockgcp_http.go:298] mockgcp request: GET https://compute.googleapis.com/compute/v1/projects/shared-reservations-project/regions/us-west4/operations/operation-1787362343272-6c41fc00-2f3f-4bf5-b903-6824dab04b09
2026-08-22T01:32:32.3219696Z I0822 01:32:23.273047    4375 mockgcp_http.go:327] mockgcp response: GET https://compute.googleapis.com/compute/v1/projects/shared-reservations-project/regions/us-west4/operations/operation-1787362343272-6c41fc00-2f3f-4bf5-b903-6824dab04b09 => 200
2026-08-22T01:32:32.3221969Z I0822 01:32:23.273120    4375 mockgcp_http.go:298] mockgcp request: POST https://compute.googleapis.com/compute/v1/projects/shared-reservations-project/regions/asia-southeast2/subnetworks
2026-08-22T01:32:32.3224871Z I0822 01:32:23.273411    4375 operations.go:125] "storing operation" fqn="projects/shared-reservations-project/regions/asia-southeast2/operations/operation-1787362343273-8b748896-733e-4d60-89dc-11523f5dde99"
2026-08-22T01:32:32.3227356Z I0822 01:32:23.273534    4375 mockgcp_http.go:327] mockgcp response: POST https://compute.googleapis.com/compute/v1/projects/shared-reservations-project/regions/asia-southeast2/subnetworks => 200
2026-08-22T01:32:32.3230087Z I0822 01:32:23.273592    4375 mockgcp_http.go:298] mockgcp request: GET https://compute.googleapis.com/compute/v1/projects/shared-reservations-project/regions/asia-southeast2/operations/operation-1787362343273-8b748896-733e-4d60-89dc-11523f5dde99
2026-08-22T01:32:32.3243899Z I0822 01:32:23.273848    4375 mockgcp_http.go:327] mockgcp response: GET https://compute.googleapis.com/compute/v1/projects/shared-reservations-project/regions/asia-southeast2/operations/operation-1787362343273-8b748896-733e-4d60-89dc-11523f5dde99 => 200
2026-08-22T01:32:32.3246885Z I0822 01:32:23.273912    4375 mockgcp_http.go:298] mockgcp request: POST https://compute.googleapis.com/compute/v1/projects/shared-reservations-project/regions/europe-central2/subnetworks
2026-08-22T01:32:32.3249420Z I0822 01:32:23.274202    4375 operations.go:125] "storing operation" fqn="projects/shared-reservations-project/regions/europe-central2/operations/operation-1787362343274-cc7b5caf-6ce2-46af-8f66-85040d8839db"
2026-08-22T01:32:32.3251989Z I0822 01:32:23.274301    4375 mockgcp_http.go:327] mockgcp response: POST https://compute.googleapis.com/compute/v1/projects/shared-reservations-project/regions/europe-central2/subnetworks => 200
2026-08-22T01:32:32.3255200Z I0822 01:32:23.274350    4375 mockgcp_http.go:298] mockgcp request: GET https://compute.googleapis.com/compute/v1/projects/shared-reservations-project/regions/europe-central2/operations/operation-1787362343274-cc7b5caf-6ce2-46af-8f66-85040d8839db
2026-08-22T01:32:32.3258504Z I0822 01:32:23.274677    4375 mockgcp_http.go:327] mockgcp response: GET https://compute.googleapis.com/compute/v1/projects/shared-reservations-project/regions/europe-central2/operations/operation-1787362343274-cc7b5caf-6ce2-46af-8f66-85040d8839db => 200
2026-08-22T01:32:32.3261329Z I0822 01:32:23.274736    4375 mockgcp_http.go:298] mockgcp request: POST https://compute.googleapis.com/compute/v1/projects/shared-reservations-project/regions/northamerica-northeast2/subnetworks
2026-08-22T01:32:32.3264263Z I0822 01:32:23.275007    4375 operations.go:125] "storing operation" fqn="projects/shared-reservations-project/regions/northamerica-northeast2/operations/operation-1787362343274-ef8f519f-eb4d-4202-8aa5-c0c489092717"
2026-08-22T01:32:32.3267354Z I0822 01:32:23.275135    4375 mockgcp_http.go:327] mockgcp response: POST https://compute.googleapis.com/compute/v1/projects/shared-reservations-project/regions/northamerica-northeast2/subnetworks => 200
2026-08-22T01:32:32.3270345Z I0822 01:32:23.275189    4375 mockgcp_http.go:298] mockgcp request: GET https://compute.googleapis.com/compute/v1/projects/shared-reservations-project/regions/northamerica-northeast2/operations/operation-1787362343274-ef8f519f-eb4d-4202-8aa5-c0c489092717
2026-08-22T01:32:32.3273961Z I0822 01:32:23.275464    4375 mockgcp_http.go:327] mockgcp response: GET https://compute.googleapis.com/compute/v1/projects/shared-reservations-project/regions/northamerica-northeast2/operations/operation-1787362343274-ef8f519f-eb4d-4202-8aa5-c0c489092717 => 200
2026-08-22T01:32:32.3276838Z I0822 01:32:23.275525    4375 mockgcp_http.go:298] mockgcp request: POST https://compute.googleapis.com/compute/v1/projects/shared-reservations-project/regions/asia-south2/subnetworks
2026-08-22T01:32:32.3279218Z I0822 01:32:23.275776    4375 operations.go:125] "storing operation" fqn="projects/shared-reservations-project/regions/asia-south2/operations/operation-1787362343275-3b16a207-9d2a-48b2-b013-ebdc4563eb07"
2026-08-22T01:32:32.3281936Z I0822 01:32:23.275885    4375 mockgcp_http.go:327] mockgcp response: POST https://compute.googleapis.com/compute/v1/projects/shared-reservations-project/regions/asia-south2/subnetworks => 200
2026-08-22T01:32:32.3284978Z I0822 01:32:23.275943    4375 mockgcp_http.go:298] mockgcp request: GET https://compute.googleapis.com/compute/v1/projects/shared-reservations-project/regions/asia-south2/operations/operation-1787362343275-3b16a207-9d2a-48b2-b013-ebdc4563eb07
2026-08-22T01:32:32.3288121Z I0822 01:32:23.276236    4375 mockgcp_http.go:327] mockgcp response: GET https://compute.googleapis.com/compute/v1/projects/shared-reservations-project/regions/asia-south2/operations/operation-1787362343275-3b16a207-9d2a-48b2-b013-ebdc4563eb07 => 200
2026-08-22T01:32:32.3291130Z I0822 01:32:23.276294    4375 mockgcp_http.go:298] mockgcp request: POST https://compute.googleapis.com/compute/v1/projects/shared-reservations-project/regions/australia-southeast2/subnetworks
2026-08-22T01:32:32.3294005Z I0822 01:32:23.276571    4375 operations.go:125] "storing operation" fqn="projects/shared-reservations-project/regions/australia-southeast2/operations/operation-1787362343276-57747254-24f4-4331-8eff-3382f123eb1d"
2026-08-22T01:32:32.3296679Z I0822 01:32:23.276706    4375 mockgcp_http.go:327] mockgcp response: POST https://compute.googleapis.com/compute/v1/projects/shared-reservations-project/regions/australia-southeast2/subnetworks => 200
2026-08-22T01:32:32.3299536Z I0822 01:32:23.276770    4375 mockgcp_http.go:298] mockgcp request: GET https://compute.googleapis.com/compute/v1/projects/shared-reservations-project/regions/australia-southeast2/operations/operation-1787362343276-57747254-24f4-4331-8eff-3382f123eb1d
2026-08-22T01:32:32.3302897Z I0822 01:32:23.277003    4375 mockgcp_http.go:327] mockgcp response: GET https://compute.googleapis.com/compute/v1/projects/shared-reservations-project/regions/australia-southeast2/operations/operation-1787362343276-57747254-24f4-4331-8eff-3382f123eb1d => 200
2026-08-22T01:32:32.3306040Z I0822 01:32:23.277062    4375 mockgcp_http.go:298] mockgcp request: POST https://compute.googleapis.com/compute/v1/projects/shared-reservations-project/regions/southamerica-west1/subnetworks
2026-08-22T01:32:32.3308561Z I0822 01:32:23.277358    4375 operations.go:125] "storing operation" fqn="projects/shared-reservations-project/regions/southamerica-west1/operations/operation-1787362343277-bf595102-54c0-444e-a66f-7318ab200e78"
2026-08-22T01:32:32.3311118Z I0822 01:32:23.277493    4375 mockgcp_http.go:327] mockgcp response: POST https://compute.googleapis.com/compute/v1/projects/shared-reservations-project/regions/southamerica-west1/subnetworks => 200
2026-08-22T01:32:32.3314112Z I0822 01:32:23.277549    4375 mockgcp_http.go:298] mockgcp request: GET https://compute.googleapis.com/compute/v1/projects/shared-reservations-project/regions/southamerica-west1/operations/operation-1787362343277-bf595102-54c0-444e-a66f-7318ab200e78
2026-08-22T01:32:32.3317266Z I0822 01:32:23.277811    4375 mockgcp_http.go:327] mockgcp response: GET https://compute.googleapis.com/compute/v1/projects/shared-reservations-project/regions/southamerica-west1/operations/operation-1787362343277-bf595102-54c0-444e-a66f-7318ab200e78 => 200
2026-08-22T01:32:32.3320064Z I0822 01:32:23.277873    4375 mockgcp_http.go:298] mockgcp request: POST https://compute.googleapis.com/compute/v1/projects/shared-reservations-project/regions/europe-west8/subnetworks
2026-08-22T01:32:32.3322555Z I0822 01:32:23.278139    4375 operations.go:125] "storing operation" fqn="projects/shared-reservations-project/regions/europe-west8/operations/operation-1787362343278-ed142780-ee26-4adf-9f0f-db66ead7a8f4"
2026-08-22T01:32:32.3325353Z I0822 01:32:23.278280    4375 mockgcp_http.go:327] mockgcp response: POST https://compute.googleapis.com/compute/v1/projects/shared-reservations-project/regions/europe-west8/subnetworks => 200
2026-08-22T01:32:32.3329617Z I0822 01:32:23.278334    4375 mockgcp_http.go:298] mockgcp request: GET https://compute.googleapis.com/compute/v1/projects/shared-reservations-project/regions/europe-west8/operations/operation-1787362343278-ed142780-ee26-4adf-9f0f-db66ead7a8f4
2026-08-22T01:32:32.3333702Z I0822 01:32:23.278613    4375 mockgcp_http.go:327] mockgcp response: GET https://compute.googleapis.com/compute/v1/projects/shared-reservations-project/regions/europe-west8/operations/operation-1787362343278-ed142780-ee26-4adf-9f0f-db66ead7a8f4 => 200
2026-08-22T01:32:32.3336562Z I0822 01:32:23.278663    4375 mockgcp_http.go:298] mockgcp request: POST https://compute.googleapis.com/compute/v1/projects/shared-reservations-project/regions/europe-west9/subnetworks
2026-08-22T01:32:32.3339052Z I0822 01:32:23.278941    4375 operations.go:125] "storing operation" fqn="projects/shared-reservations-project/regions/europe-west9/operations/operation-1787362343278-3444e892-48fc-49b6-b2d9-ea8342acc47b"
2026-08-22T01:32:32.3341823Z I0822 01:32:23.279047    4375 mockgcp_http.go:327] mockgcp response: POST https://compute.googleapis.com/compute/v1/projects/shared-reservations-project/regions/europe-west9/subnetworks => 200
2026-08-22T01:32:32.3344962Z I0822 01:32:23.279098    4375 mockgcp_http.go:298] mockgcp request: GET https://compute.googleapis.com/compute/v1/projects/shared-reservations-project/regions/europe-west9/operations/operation-1787362343278-3444e892-48fc-49b6-b2d9-ea8342acc47b
2026-08-22T01:32:32.3348532Z I0822 01:32:23.279314    4375 mockgcp_http.go:327] mockgcp response: GET https://compute.googleapis.com/compute/v1/projects/shared-reservations-project/regions/europe-west9/operations/operation-1787362343278-3444e892-48fc-49b6-b2d9-ea8342acc47b => 200
2026-08-22T01:32:32.3351511Z I0822 01:32:23.279403    4375 mockgcp_http.go:298] mockgcp request: POST https://compute.googleapis.com/compute/v1/projects/shared-reservations-project/regions/us-east5/subnetworks
2026-08-22T01:32:32.3354148Z I0822 01:32:23.279684    4375 operations.go:125] "storing operation" fqn="projects/shared-reservations-project/regions/us-east5/operations/operation-1787362343279-bb7ec8c7-fe75-4eab-959c-7d8a1701ffd9"
2026-08-22T01:32:32.3357250Z I0822 01:32:23.279788    4375 mockgcp_http.go:327] mockgcp response: POST https://compute.googleapis.com/compute/v1/projects/shared-reservations-project/regions/us-east5/subnetworks => 200
2026-08-22T01:32:32.3360527Z I0822 01:32:23.279862    4375 mockgcp_http.go:298] mockgcp request: GET https://compute.googleapis.com/compute/v1/projects/shared-reservations-project/regions/us-east5/operations/operation-1787362343279-bb7ec8c7-fe75-4eab-959c-7d8a1701ffd9
2026-08-22T01:32:32.3363925Z I0822 01:32:23.280131    4375 mockgcp_http.go:327] mockgcp response: GET https://compute.googleapis.com/compute/v1/projects/shared-reservations-project/regions/us-east5/operations/operation-1787362343279-bb7ec8c7-fe75-4eab-959c-7d8a1701ffd9 => 200
2026-08-22T01:32:32.3367103Z I0822 01:32:23.280192    4375 mockgcp_http.go:298] mockgcp request: POST https://compute.googleapis.com/compute/v1/projects/shared-reservations-project/regions/europe-southwest1/subnetworks
2026-08-22T01:32:32.3369735Z I0822 01:32:23.280471    4375 operations.go:125] "storing operation" fqn="projects/shared-reservations-project/regions/europe-southwest1/operations/operation-1787362343280-e6f4d538-7a9d-4365-baf4-a2a2fc169a26"
2026-08-22T01:32:32.3372390Z I0822 01:32:23.280584    4375 mockgcp_http.go:327] mockgcp response: POST https://compute.googleapis.com/compute/v1/projects/shared-reservations-project/regions/europe-southwest1/subnetworks => 200
2026-08-22T01:32:32.3375690Z I0822 01:32:23.280643    4375 mockgcp_http.go:298] mockgcp request: GET https://compute.googleapis.com/compute/v1/projects/shared-reservations-project/regions/europe-southwest1/operations/operation-1787362343280-e6f4d538-7a9d-4365-baf4-a2a2fc169a26
2026-08-22T01:32:32.3379708Z I0822 01:32:23.280922    4375 mockgcp_http.go:327] mockgcp response: GET https://compute.googleapis.com/compute/v1/projects/shared-reservations-project/regions/europe-southwest1/operations/operation-1787362343280-e6f4d538-7a9d-4365-baf4-a2a2fc169a26 => 200
2026-08-22T01:32:32.3383134Z I0822 01:32:23.280998    4375 mockgcp_http.go:298] mockgcp request: POST https://compute.googleapis.com/compute/v1/projects/shared-reservations-project/regions/us-south1/subnetworks
2026-08-22T01:32:32.3386095Z I0822 01:32:23.281276    4375 operations.go:125] "storing operation" fqn="projects/shared-reservations-project/regions/us-south1/operations/operation-1787362343281-56bfd2a6-4130-4d5d-87b1-efa819d2abbe"
2026-08-22T01:32:32.3388694Z I0822 01:32:23.281377    4375 mockgcp_http.go:327] mockgcp response: POST https://compute.googleapis.com/compute/v1/projects/shared-reservations-project/regions/us-south1/subnetworks => 200
2026-08-22T01:32:32.3392017Z I0822 01:32:23.281463    4375 mockgcp_http.go:298] mockgcp request: GET https://compute.googleapis.com/compute/v1/projects/shared-reservations-project/regions/us-south1/operations/operation-1787362343281-56bfd2a6-4130-4d5d-87b1-efa819d2abbe
2026-08-22T01:32:32.3395819Z I0822 01:32:23.281742    4375 mockgcp_http.go:327] mockgcp response: GET https://compute.googleapis.com/compute/v1/projects/shared-reservations-project/regions/us-south1/operations/operation-1787362343281-56bfd2a6-4130-4d5d-87b1-efa819d2abbe => 200
2026-08-22T01:32:32.3398658Z I0822 01:32:23.281805    4375 mockgcp_http.go:298] mockgcp request: POST https://compute.googleapis.com/compute/v1/projects/shared-reservations-project/regions/me-west1/subnetworks
2026-08-22T01:32:32.3401125Z I0822 01:32:23.282125    4375 operations.go:125] "storing operation" fqn="projects/shared-reservations-project/regions/me-west1/operations/operation-1787362343282-aeb68e71-3cad-414a-9e1c-bbf9c41dab1c"
2026-08-22T01:32:32.3404043Z I0822 01:32:23.282248    4375 mockgcp_http.go:327] mockgcp response: POST https://compute.googleapis.com/compute/v1/projects/shared-reservations-project/regions/me-west1/subnetworks => 200
2026-08-22T01:32:32.3406857Z I0822 01:32:23.282309    4375 mockgcp_http.go:298] mockgcp request: GET https://compute.googleapis.com/compute/v1/projects/shared-reservations-project/regions/me-west1/operations/operation-1787362343282-aeb68e71-3cad-414a-9e1c-bbf9c41dab1c
2026-08-22T01:32:32.3410119Z I0822 01:32:23.282632    4375 mockgcp_http.go:327] mockgcp response: GET https://compute.googleapis.com/compute/v1/projects/shared-reservations-project/regions/me-west1/operations/operation-1787362343282-aeb68e71-3cad-414a-9e1c-bbf9c41dab1c => 200
2026-08-22T01:32:32.3413215Z I0822 01:32:23.282707    4375 mockgcp_http.go:298] mockgcp request: POST https://compute.googleapis.com/compute/v1/projects/shared-reservations-project/regions/europe-west12/subnetworks
2026-08-22T01:32:32.3416584Z I0822 01:32:23.282965    4375 operations.go:125] "storing operation" fqn="projects/shared-reservations-project/regions/europe-west12/operations/operation-1787362343282-b7b3ec53-0939-42b8-880a-b0d5fffe8161"
2026-08-22T01:32:32.3419164Z I0822 01:32:23.283078    4375 mockgcp_http.go:327] mockgcp response: POST https://compute.googleapis.com/compute/v1/projects/shared-reservations-project/regions/europe-west12/subnetworks => 200
2026-08-22T01:32:32.3421973Z I0822 01:32:23.283143    4375 mockgcp_http.go:298] mockgcp request: GET https://compute.googleapis.com/compute/v1/projects/shared-reservations-project/regions/europe-west12/operations/operation-1787362343282-b7b3ec53-0939-42b8-880a-b0d5fffe8161
2026-08-22T01:32:32.3425878Z I0822 01:32:23.283456    4375 mockgcp_http.go:327] mockgcp response: GET https://compute.googleapis.com/compute/v1/projects/shared-reservations-project/regions/europe-west12/operations/operation-1787362343282-b7b3ec53-0939-42b8-880a-b0d5fffe8161 => 200
2026-08-22T01:32:32.3429010Z I0822 01:32:23.283518    4375 mockgcp_http.go:298] mockgcp request: POST https://compute.googleapis.com/compute/v1/projects/shared-reservations-project/regions/me-central1/subnetworks
2026-08-22T01:32:32.3431370Z I0822 01:32:23.283793    4375 operations.go:125] "storing operation" fqn="projects/shared-reservations-project/regions/me-central1/operations/operation-1787362343283-10028578-4bd0-497b-869f-23ea730d0228"
2026-08-22T01:32:32.3434754Z I0822 01:32:23.283917    4375 mockgcp_http.go:327] mockgcp response: POST https://compute.googleapis.com/compute/v1/projects/shared-reservations-project/regions/me-central1/subnetworks => 200
2026-08-22T01:32:32.3437785Z I0822 01:32:23.283979    4375 mockgcp_http.go:298] mockgcp request: GET https://compute.googleapis.com/compute/v1/projects/shared-reservations-project/regions/me-central1/operations/operation-1787362343283-10028578-4bd0-497b-869f-23ea730d0228
2026-08-22T01:32:32.3441108Z I0822 01:32:23.284269    4375 mockgcp_http.go:327] mockgcp response: GET https://compute.googleapis.com/compute/v1/projects/shared-reservations-project/regions/me-central1/operations/operation-1787362343283-10028578-4bd0-497b-869f-23ea730d0228 => 200
2026-08-22T01:32:32.3451113Z I0822 01:32:23.284359    4375 mockgcp_http.go:298] mockgcp request: POST https://compute.googleapis.com/compute/v1/projects/shared-reservations-project/regions/europe-west10/subnetworks
2026-08-22T01:32:32.3454060Z I0822 01:32:23.284639    4375 operations.go:125] "storing operation" fqn="projects/shared-reservations-project/regions/europe-west10/operations/operation-1787362343284-0ca97981-e5e3-4ff6-816c-49da8bc66dce"
2026-08-22T01:32:32.3457338Z I0822 01:32:23.284760    4375 mockgcp_http.go:327] mockgcp response: POST https://compute.googleapis.com/compute/v1/projects/shared-reservations-project/regions/europe-west10/subnetworks => 200
2026-08-22T01:32:32.3461423Z I0822 01:32:23.284833    4375 mockgcp_http.go:298] mockgcp request: GET https://compute.googleapis.com/compute/v1/projects/shared-reservations-project/regions/europe-west10/operations/operation-1787362343284-0ca97981-e5e3-4ff6-816c-49da8bc66dce
2026-08-22T01:32:32.3465201Z I0822 01:32:23.285173    4375 mockgcp_http.go:327] mockgcp response: GET https://compute.googleapis.com/compute/v1/projects/shared-reservations-project/regions/europe-west10/operations/operation-1787362343284-0ca97981-e5e3-4ff6-816c-49da8bc66dce => 200
2026-08-22T01:32:32.3468286Z I0822 01:32:23.285235    4375 mockgcp_http.go:298] mockgcp request: POST https://compute.googleapis.com/compute/v1/projects/shared-reservations-project/regions/africa-south1/subnetworks
2026-08-22T01:32:32.3471202Z I0822 01:32:23.285522    4375 operations.go:125] "storing operation" fqn="projects/shared-reservations-project/regions/africa-south1/operations/operation-1787362343285-8b61e7a9-a9f4-402f-8e20-a9892df86cf6"
2026-08-22T01:32:32.3473934Z I0822 01:32:23.285631    4375 mockgcp_http.go:327] mockgcp response: POST https://compute.googleapis.com/compute/v1/projects/shared-reservations-project/regions/africa-south1/subnetworks => 200
2026-08-22T01:32:32.3476738Z I0822 01:32:23.285696    4375 mockgcp_http.go:298] mockgcp request: GET https://compute.googleapis.com/compute/v1/projects/shared-reservations-project/regions/africa-south1/operations/operation-1787362343285-8b61e7a9-a9f4-402f-8e20-a9892df86cf6
2026-08-22T01:32:32.3479855Z I0822 01:32:23.285969    4375 mockgcp_http.go:327] mockgcp response: GET https://compute.googleapis.com/compute/v1/projects/shared-reservations-project/regions/africa-south1/operations/operation-1787362343285-8b61e7a9-a9f4-402f-8e20-a9892df86cf6 => 200
2026-08-22T01:32:32.3482912Z I0822 01:32:23.286031    4375 mockgcp_http.go:298] mockgcp request: POST https://compute.googleapis.com/compute/v1/projects/shared-reservations-project/regions/northamerica-south1/subnetworks
2026-08-22T01:32:32.3485720Z I0822 01:32:23.286309    4375 operations.go:125] "storing operation" fqn="projects/shared-reservations-project/regions/northamerica-south1/operations/operation-1787362343286-61f772b5-2f07-4df0-b6b0-541ad365fa7d"
2026-08-22T01:32:32.3488368Z I0822 01:32:23.286468    4375 mockgcp_http.go:327] mockgcp response: POST https://compute.googleapis.com/compute/v1/projects/shared-reservations-project/regions/northamerica-south1/subnetworks => 200
2026-08-22T01:32:32.3491843Z I0822 01:32:23.286519    4375 mockgcp_http.go:298] mockgcp request: GET https://compute.googleapis.com/compute/v1/projects/shared-reservations-project/regions/northamerica-south1/operations/operation-1787362343286-61f772b5-2f07-4df0-b6b0-541ad365fa7d
2026-08-22T01:32:32.3495617Z I0822 01:32:23.286797    4375 mockgcp_http.go:327] mockgcp response: GET https://compute.googleapis.com/compute/v1/projects/shared-reservations-project/regions/northamerica-south1/operations/operation-1787362343286-61f772b5-2f07-4df0-b6b0-541ad365fa7d => 200
2026-08-22T01:32:32.3498503Z I0822 01:32:23.286862    4375 mockgcp_http.go:298] mockgcp request: POST https://compute.googleapis.com/compute/v1/projects/shared-reservations-project/regions/europe-north2/subnetworks
2026-08-22T01:32:32.3500931Z I0822 01:32:23.287154    4375 operations.go:125] "storing operation" fqn="projects/shared-reservations-project/regions/europe-north2/operations/operation-1787362343287-e35c0560-26a8-460e-9ea7-39c3fb019f92"
2026-08-22T01:32:32.3503904Z I0822 01:32:23.287262    4375 mockgcp_http.go:327] mockgcp response: POST https://compute.googleapis.com/compute/v1/projects/shared-reservations-project/regions/europe-north2/subnetworks => 200
2026-08-22T01:32:32.3506721Z I0822 01:32:23.287315    4375 mockgcp_http.go:298] mockgcp request: GET https://compute.googleapis.com/compute/v1/projects/shared-reservations-project/regions/europe-north2/operations/operation-1787362343287-e35c0560-26a8-460e-9ea7-39c3fb019f92
2026-08-22T01:32:32.3509858Z I0822 01:32:23.287644    4375 mockgcp_http.go:327] mockgcp response: GET https://compute.googleapis.com/compute/v1/projects/shared-reservations-project/regions/europe-north2/operations/operation-1787362343287-e35c0560-26a8-460e-9ea7-39c3fb019f92 => 200
2026-08-22T01:32:32.3512404Z I0822 01:32:23.287891    4375 mockgcp_http.go:298] mockgcp request: POST https://compute.googleapis.com/compute/v1/projects/shared-reservations-project/global/routes
2026-08-22T01:32:32.3514913Z I0822 01:32:23.288367    4375 operations.go:125] "storing operation" fqn="projects/shared-reservations-project/global/operations/operation-1787362343288-c631d2eb-3fac-40ed-a7d2-c7ee3721d8fb"
2026-08-22T01:32:32.3517561Z I0822 01:32:23.288482    4375 mockgcp_http.go:327] mockgcp response: POST https://compute.googleapis.com/compute/v1/projects/shared-reservations-project/global/routes => 200
2026-08-22T01:32:32.3520174Z I0822 01:32:23.288536    4375 mockgcp_http.go:298] mockgcp request: GET https://compute.googleapis.com/compute/v1/projects/shared-reservations-project/global/operations/operation-1787362343288-c631d2eb-3fac-40ed-a7d2-c7ee3721d8fb
2026-08-22T01:32:32.3523570Z I0822 01:32:23.288827    4375 mockgcp_http.go:327] mockgcp response: GET https://compute.googleapis.com/compute/v1/projects/shared-reservations-project/global/operations/operation-1787362343288-c631d2eb-3fac-40ed-a7d2-c7ee3721d8fb => 200
2026-08-22T01:32:32.3526076Z I0822 01:32:23.288921    4375 mockgcp_http.go:298] mockgcp request: GET https://compute.googleapis.com/compute/v1/projects/shared-reservations-project/aggregated/subnetworks
2026-08-22T01:32:32.3528144Z I0822 01:32:23.290840    4375 mockgcp_http.go:327] mockgcp response: GET https://compute.googleapis.com/compute/v1/projects/shared-reservations-project/aggregated/subnetworks => 200
2026-08-22T01:32:32.3530458Z I0822 01:32:23.292063    4375 mockgcp_http.go:298] mockgcp request: POST https://compute.googleapis.com/compute/v1/projects/shared-reservations-project/global/routes
2026-08-22T01:32:32.3533134Z I0822 01:32:23.292362    4375 operations.go:125] "storing operation" fqn="projects/shared-reservations-project/global/operations/operation-1787362343292-9e231af3-0759-41ef-b904-9c30a74e235e"
2026-08-22T01:32:32.3535695Z I0822 01:32:23.292535    4375 mockgcp_http.go:327] mockgcp response: POST https://compute.googleapis.com/compute/v1/projects/shared-reservations-project/global/routes => 200
2026-08-22T01:32:32.3538322Z I0822 01:32:23.292600    4375 mockgcp_http.go:298] mockgcp request: GET https://compute.googleapis.com/compute/v1/projects/shared-reservations-project/global/operations/operation-1787362343292-9e231af3-0759-41ef-b904-9c30a74e235e
2026-08-22T01:32:32.3541617Z I0822 01:32:23.292834    4375 mockgcp_http.go:327] mockgcp response: GET https://compute.googleapis.com/compute/v1/projects/shared-reservations-project/global/operations/operation-1787362343292-9e231af3-0759-41ef-b904-9c30a74e235e => 200
2026-08-22T01:32:32.3544593Z I0822 01:32:23.292901    4375 mockgcp_http.go:298] mockgcp request: POST https://compute.googleapis.com/compute/v1/projects/shared-reservations-project/global/routes
2026-08-22T01:32:32.3546832Z I0822 01:32:23.293198    4375 operations.go:125] "storing operation" fqn="projects/shared-reservations-project/global/operations/operation-1787362343293-88a3e0a7-abdb-40f8-905e-bc37fe0f0fd0"
2026-08-22T01:32:32.3549113Z I0822 01:32:23.293334    4375 mockgcp_http.go:327] mockgcp response: POST https://compute.googleapis.com/compute/v1/projects/shared-reservations-project/global/routes => 200
2026-08-22T01:32:32.3551898Z I0822 01:32:23.293380    4375 mockgcp_http.go:298] mockgcp request: GET https://compute.googleapis.com/compute/v1/projects/shared-reservations-project/global/operations/operation-1787362343293-88a3e0a7-abdb-40f8-905e-bc37fe0f0fd0
2026-08-22T01:32:32.3555651Z I0822 01:32:23.293702    4375 mockgcp_http.go:327] mockgcp response: GET https://compute.googleapis.com/compute/v1/projects/shared-reservations-project/global/operations/operation-1787362343293-88a3e0a7-abdb-40f8-905e-bc37fe0f0fd0 => 200
2026-08-22T01:32:32.3558238Z I0822 01:32:23.293754    4375 mockgcp_http.go:298] mockgcp request: POST https://compute.googleapis.com/compute/v1/projects/shared-reservations-project/global/routes
2026-08-22T01:32:32.3560486Z I0822 01:32:23.294075    4375 operations.go:125] "storing operation" fqn="projects/shared-reservations-project/global/operations/operation-1787362343294-03e1a045-f0c9-4bab-9841-115b88b5df77"
2026-08-22T01:32:32.3562816Z I0822 01:32:23.294180    4375 mockgcp_http.go:327] mockgcp response: POST https://compute.googleapis.com/compute/v1/projects/shared-reservations-project/global/routes => 200
2026-08-22T01:32:32.3566011Z I0822 01:32:23.294246    4375 mockgcp_http.go:298] mockgcp request: GET https://compute.googleapis.com/compute/v1/projects/shared-reservations-project/global/operations/operation-1787362343294-03e1a045-f0c9-4bab-9841-115b88b5df77
2026-08-22T01:32:32.3569454Z I0822 01:32:23.294572    4375 mockgcp_http.go:327] mockgcp response: GET https://compute.googleapis.com/compute/v1/projects/shared-reservations-project/global/operations/operation-1787362343294-03e1a045-f0c9-4bab-9841-115b88b5df77 => 200
2026-08-22T01:32:32.3571958Z I0822 01:32:23.294625    4375 mockgcp_http.go:298] mockgcp request: POST https://compute.googleapis.com/compute/v1/projects/shared-reservations-project/global/routes
2026-08-22T01:32:32.3574476Z I0822 01:32:23.294941    4375 operations.go:125] "storing operation" fqn="projects/shared-reservations-project/global/operations/operation-1787362343294-1ee08cbb-acea-40fc-93ac-0375698957d8"
2026-08-22T01:32:32.3576745Z I0822 01:32:23.295058    4375 mockgcp_http.go:327] mockgcp response: POST https://compute.googleapis.com/compute/v1/projects/shared-reservations-project/global/routes => 200
2026-08-22T01:32:32.3579323Z I0822 01:32:23.295116    4375 mockgcp_http.go:298] mockgcp request: GET https://compute.googleapis.com/compute/v1/projects/shared-reservations-project/global/operations/operation-1787362343294-1ee08cbb-acea-40fc-93ac-0375698957d8
2026-08-22T01:32:32.3582192Z I0822 01:32:23.295452    4375 mockgcp_http.go:327] mockgcp response: GET https://compute.googleapis.com/compute/v1/projects/shared-reservations-project/global/operations/operation-1787362343294-1ee08cbb-acea-40fc-93ac-0375698957d8 => 200
2026-08-22T01:32:32.3584930Z I0822 01:32:23.295523    4375 mockgcp_http.go:298] mockgcp request: POST https://compute.googleapis.com/compute/v1/projects/shared-reservations-project/global/routes
2026-08-22T01:32:32.3587106Z I0822 01:32:23.295858    4375 operations.go:125] "storing operation" fqn="projects/shared-reservations-project/global/operations/operation-1787362343295-cc1a8152-dfc0-43ae-8bf7-823f36b2b410"
2026-08-22T01:32:32.3589689Z I0822 01:32:23.295975    4375 mockgcp_http.go:327] mockgcp response: POST https://compute.googleapis.com/compute/v1/projects/shared-reservations-project/global/routes => 200
2026-08-22T01:32:32.3592384Z I0822 01:32:23.296011    4375 mockgcp_http.go:298] mockgcp request: GET https://compute.googleapis.com/compute/v1/projects/shared-reservations-project/global/operations/operation-1787362343295-cc1a8152-dfc0-43ae-8bf7-823f36b2b410
2026-08-22T01:32:32.3595762Z I0822 01:32:23.296362    4375 mockgcp_http.go:327] mockgcp response: GET https://compute.googleapis.com/compute/v1/projects/shared-reservations-project/global/operations/operation-1787362343295-cc1a8152-dfc0-43ae-8bf7-823f36b2b410 => 200
2026-08-22T01:32:32.3599124Z I0822 01:32:23.296439    4375 mockgcp_http.go:298] mockgcp request: POST https://compute.googleapis.com/compute/v1/projects/shared-reservations-project/global/routes
2026-08-22T01:32:32.3601535Z I0822 01:32:23.296789    4375 operations.go:125] "storing operation" fqn="projects/shared-reservations-project/global/operations/operation-1787362343296-1ae5456c-b5a4-44c4-b2a6-4884ec2c13f6"
2026-08-22T01:32:32.3604165Z I0822 01:32:23.296928    4375 mockgcp_http.go:327] mockgcp response: POST https://compute.googleapis.com/compute/v1/projects/shared-reservations-project/global/routes => 200
2026-08-22T01:32:32.3606721Z I0822 01:32:23.296973    4375 mockgcp_http.go:298] mockgcp request: GET https://compute.googleapis.com/compute/v1/projects/shared-reservations-project/global/operations/operation-1787362343296-1ae5456c-b5a4-44c4-b2a6-4884ec2c13f6
2026-08-22T01:32:32.3610515Z I0822 01:32:23.297210    4375 mockgcp_http.go:327] mockgcp response: GET https://compute.googleapis.com/compute/v1/projects/shared-reservations-project/global/operations/operation-1787362343296-1ae5456c-b5a4-44c4-b2a6-4884ec2c13f6 => 200
2026-08-22T01:32:32.3613070Z I0822 01:32:23.297272    4375 mockgcp_http.go:298] mockgcp request: POST https://compute.googleapis.com/compute/v1/projects/shared-reservations-project/global/routes
2026-08-22T01:32:32.3615539Z I0822 01:32:23.297586    4375 operations.go:125] "storing operation" fqn="projects/shared-reservations-project/global/operations/operation-1787362343297-8cd2a011-6dfd-4f6a-a2f8-f430fe6225f2"
2026-08-22T01:32:32.3617912Z I0822 01:32:23.297704    4375 mockgcp_http.go:327] mockgcp response: POST https://compute.googleapis.com/compute/v1/projects/shared-reservations-project/global/routes => 200
2026-08-22T01:32:32.3620621Z I0822 01:32:23.297759    4375 mockgcp_http.go:298] mockgcp request: GET https://compute.googleapis.com/compute/v1/projects/shared-reservations-project/global/operations/operation-1787362343297-8cd2a011-6dfd-4f6a-a2f8-f430fe6225f2
2026-08-22T01:32:32.3624307Z I0822 01:32:23.298046    4375 mockgcp_http.go:327] mockgcp response: GET https://compute.googleapis.com/compute/v1/projects/shared-reservations-project/global/operations/operation-1787362343297-8cd2a011-6dfd-4f6a-a2f8-f430fe6225f2 => 200
2026-08-22T01:32:32.3626934Z I0822 01:32:23.298107    4375 mockgcp_http.go:298] mockgcp request: POST https://compute.googleapis.com/compute/v1/projects/shared-reservations-project/global/routes
2026-08-22T01:32:32.3629157Z I0822 01:32:23.298390    4375 operations.go:125] "storing operation" fqn="projects/shared-reservations-project/global/operations/operation-1787362343298-9921135e-64ca-4030-8c1e-3f072885f33a"
2026-08-22T01:32:32.3631448Z I0822 01:32:23.298507    4375 mockgcp_http.go:327] mockgcp response: POST https://compute.googleapis.com/compute/v1/projects/shared-reservations-project/global/routes => 200
2026-08-22T01:32:32.3634912Z I0822 01:32:23.298562    4375 mockgcp_http.go:298] mockgcp request: GET https://compute.googleapis.com/compute/v1/projects/shared-reservations-project/global/operations/operation-1787362343298-9921135e-64ca-4030-8c1e-3f072885f33a
2026-08-22T01:32:32.3637879Z I0822 01:32:23.298903    4375 mockgcp_http.go:327] mockgcp response: GET https://compute.googleapis.com/compute/v1/projects/shared-reservations-project/global/operations/operation-1787362343298-9921135e-64ca-4030-8c1e-3f072885f33a => 200
2026-08-22T01:32:32.3640472Z I0822 01:32:23.298967    4375 mockgcp_http.go:298] mockgcp request: POST https://compute.googleapis.com/compute/v1/projects/shared-reservations-project/global/routes
2026-08-22T01:32:32.3642677Z I0822 01:32:23.299291    4375 operations.go:125] "storing operation" fqn="projects/shared-reservations-project/global/operations/operation-1787362343299-104b259a-8936-4684-8ce7-217ab3a2c6a4"
2026-08-22T01:32:32.3645097Z I0822 01:32:23.299449    4375 mockgcp_http.go:327] mockgcp response: POST https://compute.googleapis.com/compute/v1/projects/shared-reservations-project/global/routes => 200
2026-08-22T01:32:32.3647736Z I0822 01:32:23.299521    4375 mockgcp_http.go:298] mockgcp request: GET https://compute.googleapis.com/compute/v1/projects/shared-reservations-project/global/operations/operation-1787362343299-104b259a-8936-4684-8ce7-217ab3a2c6a4
2026-08-22T01:32:32.3650606Z I0822 01:32:23.299784    4375 mockgcp_http.go:327] mockgcp response: GET https://compute.googleapis.com/compute/v1/projects/shared-reservations-project/global/operations/operation-1787362343299-104b259a-8936-4684-8ce7-217ab3a2c6a4 => 200
2026-08-22T01:32:32.3653061Z I0822 01:32:23.299873    4375 mockgcp_http.go:298] mockgcp request: POST https://compute.googleapis.com/compute/v1/projects/shared-reservations-project/global/routes
2026-08-22T01:32:32.3660451Z I0822 01:32:23.300149    4375 operations.go:125] "storing operation" fqn="projects/shared-reservations-project/global/operations/operation-1787362343300-e3a57c63-81e4-4d37-bc2e-b889f7ae30a5"
2026-08-22T01:32:32.3662760Z I0822 01:32:23.300264    4375 mockgcp_http.go:327] mockgcp response: POST https://compute.googleapis.com/compute/v1/projects/shared-reservations-project/global/routes => 200
2026-08-22T01:32:32.3665437Z I0822 01:32:23.300314    4375 mockgcp_http.go:298] mockgcp request: GET https://compute.googleapis.com/compute/v1/projects/shared-reservations-project/global/operations/operation-1787362343300-e3a57c63-81e4-4d37-bc2e-b889f7ae30a5
2026-08-22T01:32:32.3668577Z I0822 01:32:23.300610    4375 mockgcp_http.go:327] mockgcp response: GET https://compute.googleapis.com/compute/v1/projects/shared-reservations-project/global/operations/operation-1787362343300-e3a57c63-81e4-4d37-bc2e-b889f7ae30a5 => 200
2026-08-22T01:32:32.3671082Z I0822 01:32:23.300669    4375 mockgcp_http.go:298] mockgcp request: POST https://compute.googleapis.com/compute/v1/projects/shared-reservations-project/global/routes
2026-08-22T01:32:32.3673218Z I0822 01:32:23.300983    4375 operations.go:125] "storing operation" fqn="projects/shared-reservations-project/global/operations/operation-1787362343300-2bda7123-daf6-4f9d-aa83-de866d1d3167"
2026-08-22T01:32:32.3675569Z I0822 01:32:23.301121    4375 mockgcp_http.go:327] mockgcp response: POST https://compute.googleapis.com/compute/v1/projects/shared-reservations-project/global/routes => 200
2026-08-22T01:32:32.3678085Z I0822 01:32:23.301171    4375 mockgcp_http.go:298] mockgcp request: GET https://compute.googleapis.com/compute/v1/projects/shared-reservations-project/global/operations/operation-1787362343300-2bda7123-daf6-4f9d-aa83-de866d1d3167
2026-08-22T01:32:32.3680995Z I0822 01:32:23.301456    4375 mockgcp_http.go:327] mockgcp response: GET https://compute.googleapis.com/compute/v1/projects/shared-reservations-project/global/operations/operation-1787362343300-2bda7123-daf6-4f9d-aa83-de866d1d3167 => 200
2026-08-22T01:32:32.3692494Z I0822 01:32:23.301527    4375 mockgcp_http.go:298] mockgcp request: POST https://compute.googleapis.com/compute/v1/projects/shared-reservations-project/global/routes
2026-08-22T01:32:32.3695490Z I0822 01:32:23.301829    4375 operations.go:125] "storing operation" fqn="projects/shared-reservations-project/global/operations/operation-1787362343301-275717f6-f9c0-4a83-918b-c30c3185e86b"
2026-08-22T01:32:32.3697691Z I0822 01:32:23.301951    4375 mockgcp_http.go:327] mockgcp response: POST https://compute.googleapis.com/compute/v1/projects/shared-reservations-project/global/routes => 200
2026-08-22T01:32:32.3700590Z I0822 01:32:23.302025    4375 mockgcp_http.go:298] mockgcp request: GET https://compute.googleapis.com/compute/v1/projects/shared-reservations-project/global/operations/operation-1787362343301-275717f6-f9c0-4a83-918b-c30c3185e86b
2026-08-22T01:32:32.3703953Z I0822 01:32:23.302290    4375 mockgcp_http.go:327] mockgcp response: GET https://compute.googleapis.com/compute/v1/projects/shared-reservations-project/global/operations/operation-1787362343301-275717f6-f9c0-4a83-918b-c30c3185e86b => 200
2026-08-22T01:32:32.3706550Z I0822 01:32:23.302365    4375 mockgcp_http.go:298] mockgcp request: POST https://compute.googleapis.com/compute/v1/projects/shared-reservations-project/global/routes
2026-08-22T01:32:32.3708802Z I0822 01:32:23.302679    4375 operations.go:125] "storing operation" fqn="projects/shared-reservations-project/global/operations/operation-1787362343302-e5dea503-23e6-4a8f-81df-bcc4440ec668"
2026-08-22T01:32:32.3711056Z I0822 01:32:23.302808    4375 mockgcp_http.go:327] mockgcp response: POST https://compute.googleapis.com/compute/v1/projects/shared-reservations-project/global/routes => 200
2026-08-22T01:32:32.3713690Z I0822 01:32:23.302864    4375 mockgcp_http.go:298] mockgcp request: GET https://compute.googleapis.com/compute/v1/projects/shared-reservations-project/global/operations/operation-1787362343302-e5dea503-23e6-4a8f-81df-bcc4440ec668
2026-08-22T01:32:32.3716555Z I0822 01:32:23.303209    4375 mockgcp_http.go:327] mockgcp response: GET https://compute.googleapis.com/compute/v1/projects/shared-reservations-project/global/operations/operation-1787362343302-e5dea503-23e6-4a8f-81df-bcc4440ec668 => 200
2026-08-22T01:32:32.3718958Z I0822 01:32:23.303269    4375 mockgcp_http.go:298] mockgcp request: POST https://compute.googleapis.com/compute/v1/projects/shared-reservations-project/global/routes
2026-08-22T01:32:32.3721072Z I0822 01:32:23.303605    4375 operations.go:125] "storing operation" fqn="projects/shared-reservations-project/global/operations/operation-1787362343303-df118940-e769-4c11-a58e-d19a70c6dd9a"
2026-08-22T01:32:32.3723227Z I0822 01:32:23.303774    4375 mockgcp_http.go:327] mockgcp response: POST https://compute.googleapis.com/compute/v1/projects/shared-reservations-project/global/routes => 200
2026-08-22T01:32:32.3725829Z I0822 01:32:23.303828    4375 mockgcp_http.go:298] mockgcp request: GET https://compute.googleapis.com/compute/v1/projects/shared-reservations-project/global/operations/operation-1787362343303-df118940-e769-4c11-a58e-d19a70c6dd9a
2026-08-22T01:32:32.3728673Z I0822 01:32:23.304066    4375 mockgcp_http.go:327] mockgcp response: GET https://compute.googleapis.com/compute/v1/projects/shared-reservations-project/global/operations/operation-1787362343303-df118940-e769-4c11-a58e-d19a70c6dd9a => 200
2026-08-22T01:32:32.3731094Z I0822 01:32:23.304124    4375 mockgcp_http.go:298] mockgcp request: POST https://compute.googleapis.com/compute/v1/projects/shared-reservations-project/global/routes
2026-08-22T01:32:32.3733198Z I0822 01:32:23.304472    4375 operations.go:125] "storing operation" fqn="projects/shared-reservations-project/global/operations/operation-1787362343304-d8204326-a167-4e15-97fb-4e58b4dcae20"
2026-08-22T01:32:32.3735754Z I0822 01:32:23.304587    4375 mockgcp_http.go:327] mockgcp response: POST https://compute.googleapis.com/compute/v1/projects/shared-reservations-project/global/routes => 200
2026-08-22T01:32:32.3738190Z I0822 01:32:23.304636    4375 mockgcp_http.go:298] mockgcp request: GET https://compute.googleapis.com/compute/v1/projects/shared-reservations-project/global/operations/operation-1787362343304-d8204326-a167-4e15-97fb-4e58b4dcae20
2026-08-22T01:32:32.3741082Z I0822 01:32:23.304925    4375 mockgcp_http.go:327] mockgcp response: GET https://compute.googleapis.com/compute/v1/projects/shared-reservations-project/global/operations/operation-1787362343304-d8204326-a167-4e15-97fb-4e58b4dcae20 => 200
2026-08-22T01:32:32.3743790Z I0822 01:32:23.304986    4375 mockgcp_http.go:298] mockgcp request: POST https://compute.googleapis.com/compute/v1/projects/shared-reservations-project/global/routes
2026-08-22T01:32:32.3746141Z I0822 01:32:23.305300    4375 operations.go:125] "storing operation" fqn="projects/shared-reservations-project/global/operations/operation-1787362343305-418afb75-fe66-4055-8135-3e5631a6a805"
2026-08-22T01:32:32.3748334Z I0822 01:32:23.305406    4375 mockgcp_http.go:327] mockgcp response: POST https://compute.googleapis.com/compute/v1/projects/shared-reservations-project/global/routes => 200
2026-08-22T01:32:32.3750993Z I0822 01:32:23.305454    4375 mockgcp_http.go:298] mockgcp request: GET https://compute.googleapis.com/compute/v1/projects/shared-reservations-project/global/operations/operation-1787362343305-418afb75-fe66-4055-8135-3e5631a6a805
2026-08-22T01:32:32.3754276Z I0822 01:32:23.305742    4375 mockgcp_http.go:327] mockgcp response: GET https://compute.googleapis.com/compute/v1/projects/shared-reservations-project/global/operations/operation-1787362343305-418afb75-fe66-4055-8135-3e5631a6a805 => 200
2026-08-22T01:32:32.3756951Z I0822 01:32:23.305791    4375 mockgcp_http.go:298] mockgcp request: POST https://compute.googleapis.com/compute/v1/projects/shared-reservations-project/global/routes
2026-08-22T01:32:32.3759180Z I0822 01:32:23.306076    4375 operations.go:125] "storing operation" fqn="projects/shared-reservations-project/global/operations/operation-1787362343306-732c8e4b-7615-4203-9c70-924804dbd95e"
2026-08-22T01:32:32.3761443Z I0822 01:32:23.306179    4375 mockgcp_http.go:327] mockgcp response: POST https://compute.googleapis.com/compute/v1/projects/shared-reservations-project/global/routes => 200
2026-08-22T01:32:32.3764443Z I0822 01:32:23.306234    4375 mockgcp_http.go:298] mockgcp request: GET https://compute.googleapis.com/compute/v1/projects/shared-reservations-project/global/operations/operation-1787362343306-732c8e4b-7615-4203-9c70-924804dbd95e
2026-08-22T01:32:32.3767294Z I0822 01:32:23.306536    4375 mockgcp_http.go:327] mockgcp response: GET https://compute.googleapis.com/compute/v1/projects/shared-reservations-project/global/operations/operation-1787362343306-732c8e4b-7615-4203-9c70-924804dbd95e => 200
2026-08-22T01:32:32.3769927Z I0822 01:32:23.306598    4375 mockgcp_http.go:298] mockgcp request: POST https://compute.googleapis.com/compute/v1/projects/shared-reservations-project/global/routes
2026-08-22T01:32:32.3772054Z I0822 01:32:23.306934    4375 operations.go:125] "storing operation" fqn="projects/shared-reservations-project/global/operations/operation-1787362343306-4c486297-3d14-46c1-a200-211d4ffc9dfb"
2026-08-22T01:32:32.3774552Z I0822 01:32:23.307063    4375 mockgcp_http.go:327] mockgcp response: POST https://compute.googleapis.com/compute/v1/projects/shared-reservations-project/global/routes => 200
2026-08-22T01:32:32.3777270Z I0822 01:32:23.307131    4375 mockgcp_http.go:298] mockgcp request: GET https://compute.googleapis.com/compute/v1/projects/shared-reservations-project/global/operations/operation-1787362343306-4c486297-3d14-46c1-a200-211d4ffc9dfb
2026-08-22T01:32:32.3780262Z I0822 01:32:23.307412    4375 mockgcp_http.go:327] mockgcp response: GET https://compute.googleapis.com/compute/v1/projects/shared-reservations-project/global/operations/operation-1787362343306-4c486297-3d14-46c1-a200-211d4ffc9dfb => 200
2026-08-22T01:32:32.3809059Z I0822 01:32:23.307475    4375 mockgcp_http.go:298] mockgcp request: POST https://compute.googleapis.com/compute/v1/projects/shared-reservations-project/global/routes
2026-08-22T01:32:32.3822062Z I0822 01:32:23.307853    4375 operations.go:125] "storing operation" fqn="projects/shared-reservations-project/global/operations/operation-1787362343307-c0f5959e-ae1b-4075-9fca-d394b4c15571"
2026-08-22T01:32:32.3825088Z I0822 01:32:23.307992    4375 mockgcp_http.go:327] mockgcp response: POST https://compute.googleapis.com/compute/v1/projects/shared-reservations-project/global/routes => 200
2026-08-22T01:32:32.3827669Z I0822 01:32:23.308042    4375 mockgcp_http.go:298] mockgcp request: GET https://compute.googleapis.com/compute/v1/projects/shared-reservations-project/global/operations/operation-1787362343307-c0f5959e-ae1b-4075-9fca-d394b4c15571
2026-08-22T01:32:32.3831183Z I0822 01:32:23.308372    4375 mockgcp_http.go:327] mockgcp response: GET https://compute.googleapis.com/compute/v1/projects/shared-reservations-project/global/operations/operation-1787362343307-c0f5959e-ae1b-4075-9fca-d394b4c15571 => 200
2026-08-22T01:32:32.3833960Z I0822 01:32:23.308455    4375 mockgcp_http.go:298] mockgcp request: POST https://compute.googleapis.com/compute/v1/projects/shared-reservations-project/global/routes
2026-08-22T01:32:32.3836741Z I0822 01:32:23.308814    4375 operations.go:125] "storing operation" fqn="projects/shared-reservations-project/global/operations/operation-1787362343308-4940c740-fe42-435c-a944-8852676e6c8e"
2026-08-22T01:32:32.3839178Z I0822 01:32:23.308929    4375 mockgcp_http.go:327] mockgcp response: POST https://compute.googleapis.com/compute/v1/projects/shared-reservations-project/global/routes => 200
2026-08-22T01:32:32.3841705Z I0822 01:32:23.308975    4375 mockgcp_http.go:298] mockgcp request: GET https://compute.googleapis.com/compute/v1/projects/shared-reservations-project/global/operations/operation-1787362343308-4940c740-fe42-435c-a944-8852676e6c8e
2026-08-22T01:32:32.3844853Z I0822 01:32:23.309167    4375 mockgcp_http.go:327] mockgcp response: GET https://compute.googleapis.com/compute/v1/projects/shared-reservations-project/global/operations/operation-1787362343308-4940c740-fe42-435c-a944-8852676e6c8e => 200
2026-08-22T01:32:32.3847971Z I0822 01:32:23.309233    4375 mockgcp_http.go:298] mockgcp request: POST https://compute.googleapis.com/compute/v1/projects/shared-reservations-project/global/routes
2026-08-22T01:32:32.3850099Z I0822 01:32:23.309631    4375 operations.go:125] "storing operation" fqn="projects/shared-reservations-project/global/operations/operation-1787362343309-fa61bd21-2e81-4491-9089-aa2c3ceb92b3"
2026-08-22T01:32:32.3852367Z I0822 01:32:23.309759    4375 mockgcp_http.go:327] mockgcp response: POST https://compute.googleapis.com/compute/v1/projects/shared-reservations-project/global/routes => 200
2026-08-22T01:32:32.3855026Z I0822 01:32:23.309814    4375 mockgcp_http.go:298] mockgcp request: GET https://compute.googleapis.com/compute/v1/projects/shared-reservations-project/global/operations/operation-1787362343309-fa61bd21-2e81-4491-9089-aa2c3ceb92b3
2026-08-22T01:32:32.3857879Z I0822 01:32:23.310143    4375 mockgcp_http.go:327] mockgcp response: GET https://compute.googleapis.com/compute/v1/projects/shared-reservations-project/global/operations/operation-1787362343309-fa61bd21-2e81-4491-9089-aa2c3ceb92b3 => 200
2026-08-22T01:32:32.3860352Z I0822 01:32:23.310203    4375 mockgcp_http.go:298] mockgcp request: POST https://compute.googleapis.com/compute/v1/projects/shared-reservations-project/global/routes
2026-08-22T01:32:32.3862481Z I0822 01:32:23.310641    4375 operations.go:125] "storing operation" fqn="projects/shared-reservations-project/global/operations/operation-1787362343310-60f788a3-d929-46fc-9c57-f056ac4086ea"
2026-08-22T01:32:32.3864823Z I0822 01:32:23.310737    4375 mockgcp_http.go:327] mockgcp response: POST https://compute.googleapis.com/compute/v1/projects/shared-reservations-project/global/routes => 200
2026-08-22T01:32:32.3867049Z I0822 01:32:23.310808    4375 mockgcp_http.go:298] mockgcp request: GET https://compute.googleapis.com/compute/v1/projects/shared-reservations-project/global/operations/operation-1787362343310-60f788a3-d929-46fc-9c57-f056ac4086ea
2026-08-22T01:32:32.3869725Z I0822 01:32:23.311116    4375 mockgcp_http.go:327] mockgcp response: GET https://compute.googleapis.com/compute/v1/projects/shared-reservations-project/global/operations/operation-1787362343310-60f788a3-d929-46fc-9c57-f056ac4086ea => 200
2026-08-22T01:32:32.3872081Z I0822 01:32:23.311183    4375 mockgcp_http.go:298] mockgcp request: POST https://compute.googleapis.com/compute/v1/projects/shared-reservations-project/global/routes
2026-08-22T01:32:32.3874260Z I0822 01:32:23.311523    4375 operations.go:125] "storing operation" fqn="projects/shared-reservations-project/global/operations/operation-1787362343311-74c2b67e-1cdd-4d5d-b838-a68f0564b33e"
2026-08-22T01:32:32.3876557Z I0822 01:32:23.311642    4375 mockgcp_http.go:327] mockgcp response: POST https://compute.googleapis.com/compute/v1/projects/shared-reservations-project/global/routes => 200
2026-08-22T01:32:32.3878953Z I0822 01:32:23.311688    4375 mockgcp_http.go:298] mockgcp request: GET https://compute.googleapis.com/compute/v1/projects/shared-reservations-project/global/operations/operation-1787362343311-74c2b67e-1cdd-4d5d-b838-a68f0564b33e
2026-08-22T01:32:32.3882003Z I0822 01:32:23.311986    4375 mockgcp_http.go:327] mockgcp response: GET https://compute.googleapis.com/compute/v1/projects/shared-reservations-project/global/operations/operation-1787362343311-74c2b67e-1cdd-4d5d-b838-a68f0564b33e => 200
2026-08-22T01:32:32.3885046Z I0822 01:32:23.312043    4375 mockgcp_http.go:298] mockgcp request: POST https://compute.googleapis.com/compute/v1/projects/shared-reservations-project/global/routes
2026-08-22T01:32:32.3887205Z I0822 01:32:23.312434    4375 operations.go:125] "storing operation" fqn="projects/shared-reservations-project/global/operations/operation-1787362343312-23497e76-f930-4115-9ffb-4f604fc19120"
2026-08-22T01:32:32.3889372Z I0822 01:32:23.312555    4375 mockgcp_http.go:327] mockgcp response: POST https://compute.googleapis.com/compute/v1/projects/shared-reservations-project/global/routes => 200
2026-08-22T01:32:32.3891825Z I0822 01:32:23.312620    4375 mockgcp_http.go:298] mockgcp request: GET https://compute.googleapis.com/compute/v1/projects/shared-reservations-project/global/operations/operation-1787362343312-23497e76-f930-4115-9ffb-4f604fc19120
2026-08-22T01:32:32.3894865Z I0822 01:32:23.312881    4375 mockgcp_http.go:327] mockgcp response: GET https://compute.googleapis.com/compute/v1/projects/shared-reservations-project/global/operations/operation-1787362343312-23497e76-f930-4115-9ffb-4f604fc19120 => 200
2026-08-22T01:32:32.3900363Z I0822 01:32:23.312943    4375 mockgcp_http.go:298] mockgcp request: POST https://compute.googleapis.com/compute/v1/projects/shared-reservations-project/global/routes
2026-08-22T01:32:32.3902498Z I0822 01:32:23.313235    4375 operations.go:125] "storing operation" fqn="projects/shared-reservations-project/global/operations/operation-1787362343313-7b07ee62-4ace-4e4d-b52d-17a709a0d888"
2026-08-22T01:32:32.3904964Z I0822 01:32:23.313374    4375 mockgcp_http.go:327] mockgcp response: POST https://compute.googleapis.com/compute/v1/projects/shared-reservations-project/global/routes => 200
2026-08-22T01:32:32.3907395Z I0822 01:32:23.313448    4375 mockgcp_http.go:298] mockgcp request: GET https://compute.googleapis.com/compute/v1/projects/shared-reservations-project/global/operations/operation-1787362343313-7b07ee62-4ace-4e4d-b52d-17a709a0d888
2026-08-22T01:32:32.3921994Z I0822 01:32:23.313727    4375 mockgcp_http.go:327] mockgcp response: GET https://compute.googleapis.com/compute/v1/projects/shared-reservations-project/global/operations/operation-1787362343313-7b07ee62-4ace-4e4d-b52d-17a709a0d888 => 200
2026-08-22T01:32:32.3924747Z I0822 01:32:23.313798    4375 mockgcp_http.go:298] mockgcp request: POST https://compute.googleapis.com/compute/v1/projects/shared-reservations-project/global/routes
2026-08-22T01:32:32.3926941Z I0822 01:32:23.314127    4375 operations.go:125] "storing operation" fqn="projects/shared-reservations-project/global/operations/operation-1787362343314-2899125e-34f0-43da-8e3b-deb850480dec"
2026-08-22T01:32:32.3929180Z I0822 01:32:23.314267    4375 mockgcp_http.go:327] mockgcp response: POST https://compute.googleapis.com/compute/v1/projects/shared-reservations-project/global/routes => 200
2026-08-22T01:32:32.3931650Z I0822 01:32:23.314320    4375 mockgcp_http.go:298] mockgcp request: GET https://compute.googleapis.com/compute/v1/projects/shared-reservations-project/global/operations/operation-1787362343314-2899125e-34f0-43da-8e3b-deb850480dec
2026-08-22T01:32:32.3938006Z I0822 01:32:23.314597    4375 mockgcp_http.go:327] mockgcp response: GET https://compute.googleapis.com/compute/v1/projects/shared-reservations-project/global/operations/operation-1787362343314-2899125e-34f0-43da-8e3b-deb850480dec => 200
2026-08-22T01:32:32.3940863Z I0822 01:32:23.314682    4375 mockgcp_http.go:298] mockgcp request: POST https://compute.googleapis.com/compute/v1/projects/shared-reservations-project/global/routes
2026-08-22T01:32:32.3942958Z I0822 01:32:23.315021    4375 operations.go:125] "storing operation" fqn="projects/shared-reservations-project/global/operations/operation-1787362343315-d0c01077-d1a8-4941-bf07-e15757d79c20"
2026-08-22T01:32:32.3945301Z I0822 01:32:23.315124    4375 mockgcp_http.go:327] mockgcp response: POST https://compute.googleapis.com/compute/v1/projects/shared-reservations-project/global/routes => 200
2026-08-22T01:32:32.3947875Z I0822 01:32:23.315182    4375 mockgcp_http.go:298] mockgcp request: GET https://compute.googleapis.com/compute/v1/projects/shared-reservations-project/global/operations/operation-1787362343315-d0c01077-d1a8-4941-bf07-e15757d79c20
2026-08-22T01:32:32.3950734Z I0822 01:32:23.315484    4375 mockgcp_http.go:327] mockgcp response: GET https://compute.googleapis.com/compute/v1/projects/shared-reservations-project/global/operations/operation-1787362343315-d0c01077-d1a8-4941-bf07-e15757d79c20 => 200
2026-08-22T01:32:32.3953124Z I0822 01:32:23.315584    4375 mockgcp_http.go:298] mockgcp request: POST https://compute.googleapis.com/compute/v1/projects/shared-reservations-project/global/routes
2026-08-22T01:32:32.3956002Z I0822 01:32:23.315935    4375 operations.go:125] "storing operation" fqn="projects/shared-reservations-project/global/operations/operation-1787362343315-af200437-8c06-4a6a-b4dd-804feb5976b6"
2026-08-22T01:32:32.3958285Z I0822 01:32:23.316061    4375 mockgcp_http.go:327] mockgcp response: POST https://compute.googleapis.com/compute/v1/projects/shared-reservations-project/global/routes => 200
2026-08-22T01:32:32.3960773Z I0822 01:32:23.316124    4375 mockgcp_http.go:298] mockgcp request: GET https://compute.googleapis.com/compute/v1/projects/shared-reservations-project/global/operations/operation-1787362343315-af200437-8c06-4a6a-b4dd-804feb5976b6
2026-08-22T01:32:32.3963989Z I0822 01:32:23.316390    4375 mockgcp_http.go:327] mockgcp response: GET https://compute.googleapis.com/compute/v1/projects/shared-reservations-project/global/operations/operation-1787362343315-af200437-8c06-4a6a-b4dd-804feb5976b6 => 200
2026-08-22T01:32:32.3967151Z I0822 01:32:23.316474    4375 mockgcp_http.go:298] mockgcp request: POST https://compute.googleapis.com/compute/v1/projects/shared-reservations-project/global/routes
2026-08-22T01:32:32.3978766Z I0822 01:32:23.316837    4375 operations.go:125] "storing operation" fqn="projects/shared-reservations-project/global/operations/operation-1787362343316-6d10eb29-77da-4743-86e2-5d9df572988e"
2026-08-22T01:32:32.3996428Z I0822 01:32:23.316973    4375 mockgcp_http.go:327] mockgcp response: POST https://compute.googleapis.com/compute/v1/projects/shared-reservations-project/global/routes => 200
2026-08-22T01:32:32.3999464Z I0822 01:32:23.317045    4375 mockgcp_http.go:298] mockgcp request: GET https://compute.googleapis.com/compute/v1/projects/shared-reservations-project/global/operations/operation-1787362343316-6d10eb29-77da-4743-86e2-5d9df572988e
2026-08-22T01:32:32.4002769Z I0822 01:32:23.317306    4375 mockgcp_http.go:327] mockgcp response: GET https://compute.googleapis.com/compute/v1/projects/shared-reservations-project/global/operations/operation-1787362343316-6d10eb29-77da-4743-86e2-5d9df572988e => 200
2026-08-22T01:32:32.4005589Z I0822 01:32:23.317394    4375 mockgcp_http.go:298] mockgcp request: POST https://compute.googleapis.com/compute/v1/projects/shared-reservations-project/global/routes
2026-08-22T01:32:32.4007993Z I0822 01:32:23.317726    4375 operations.go:125] "storing operation" fqn="projects/shared-reservations-project/global/operations/operation-1787362343317-5afc95e6-1d07-4a7a-8710-b9d882d02f1e"
2026-08-22T01:32:32.4010439Z I0822 01:32:23.317858    4375 mockgcp_http.go:327] mockgcp response: POST https://compute.googleapis.com/compute/v1/projects/shared-reservations-project/global/routes => 200
2026-08-22T01:32:32.4013273Z I0822 01:32:23.317902    4375 mockgcp_http.go:298] mockgcp request: GET https://compute.googleapis.com/compute/v1/projects/shared-reservations-project/global/operations/operation-1787362343317-5afc95e6-1d07-4a7a-8710-b9d882d02f1e
2026-08-22T01:32:32.4016367Z I0822 01:32:23.318176    4375 mockgcp_http.go:327] mockgcp response: GET https://compute.googleapis.com/compute/v1/projects/shared-reservations-project/global/operations/operation-1787362343317-5afc95e6-1d07-4a7a-8710-b9d882d02f1e => 200
2026-08-22T01:32:32.4018918Z I0822 01:32:23.318228    4375 mockgcp_http.go:298] mockgcp request: POST https://compute.googleapis.com/compute/v1/projects/shared-reservations-project/global/routes
2026-08-22T01:32:32.4021326Z I0822 01:32:23.318584    4375 operations.go:125] "storing operation" fqn="projects/shared-reservations-project/global/operations/operation-1787362343318-ab43cc47-e97c-48dd-aac5-178d4896215e"
2026-08-22T01:32:32.4023805Z I0822 01:32:23.318731    4375 mockgcp_http.go:327] mockgcp response: POST https://compute.googleapis.com/compute/v1/projects/shared-reservations-project/global/routes => 200
2026-08-22T01:32:32.4026343Z I0822 01:32:23.318803    4375 mockgcp_http.go:298] mockgcp request: GET https://compute.googleapis.com/compute/v1/projects/shared-reservations-project/global/operations/operation-1787362343318-ab43cc47-e97c-48dd-aac5-178d4896215e
2026-08-22T01:32:32.4029297Z I0822 01:32:23.319075    4375 mockgcp_http.go:327] mockgcp response: GET https://compute.googleapis.com/compute/v1/projects/shared-reservations-project/global/operations/operation-1787362343318-ab43cc47-e97c-48dd-aac5-178d4896215e => 200
2026-08-22T01:32:32.4031783Z I0822 01:32:23.319140    4375 mockgcp_http.go:298] mockgcp request: POST https://compute.googleapis.com/compute/v1/projects/shared-reservations-project/global/routes
2026-08-22T01:32:32.4034137Z I0822 01:32:23.319481    4375 operations.go:125] "storing operation" fqn="projects/shared-reservations-project/global/operations/operation-1787362343319-7e630c97-e2fa-493a-8259-953542891791"
2026-08-22T01:32:32.4036368Z I0822 01:32:23.319594    4375 mockgcp_http.go:327] mockgcp response: POST https://compute.googleapis.com/compute/v1/projects/shared-reservations-project/global/routes => 200
2026-08-22T01:32:32.4038877Z I0822 01:32:23.319644    4375 mockgcp_http.go:298] mockgcp request: GET https://compute.googleapis.com/compute/v1/projects/shared-reservations-project/global/operations/operation-1787362343319-7e630c97-e2fa-493a-8259-953542891791
2026-08-22T01:32:32.4041883Z I0822 01:32:23.319921    4375 mockgcp_http.go:327] mockgcp response: GET https://compute.googleapis.com/compute/v1/projects/shared-reservations-project/global/operations/operation-1787362343319-7e630c97-e2fa-493a-8259-953542891791 => 200
2026-08-22T01:32:32.4044487Z I0822 01:32:23.319981    4375 mockgcp_http.go:298] mockgcp request: POST https://compute.googleapis.com/compute/v1/projects/shared-reservations-project/global/routes
2026-08-22T01:32:32.4047180Z I0822 01:32:23.320311    4375 operations.go:125] "storing operation" fqn="projects/shared-reservations-project/global/operations/operation-1787362343320-1f14d947-1367-4cbc-adac-78ebf728e888"
2026-08-22T01:32:32.4050005Z I0822 01:32:23.320470    4375 mockgcp_http.go:327] mockgcp response: POST https://compute.googleapis.com/compute/v1/projects/shared-reservations-project/global/routes => 200
2026-08-22T01:32:32.4052935Z I0822 01:32:23.320544    4375 mockgcp_http.go:298] mockgcp request: GET https://compute.googleapis.com/compute/v1/projects/shared-reservations-project/global/operations/operation-1787362343320-1f14d947-1367-4cbc-adac-78ebf728e888
2026-08-22T01:32:32.4057108Z I0822 01:32:23.320834    4375 mockgcp_http.go:327] mockgcp response: GET https://compute.googleapis.com/compute/v1/projects/shared-reservations-project/global/operations/operation-1787362343320-1f14d947-1367-4cbc-adac-78ebf728e888 => 200
2026-08-22T01:32:32.4060030Z I0822 01:32:23.320902    4375 mockgcp_http.go:298] mockgcp request: POST https://compute.googleapis.com/compute/v1/projects/shared-reservations-project/global/routes
2026-08-22T01:32:32.4062296Z I0822 01:32:23.321273    4375 operations.go:125] "storing operation" fqn="projects/shared-reservations-project/global/operations/operation-1787362343321-cb36c51f-e218-4772-8902-e18bb4b418e4"
2026-08-22T01:32:32.4064809Z I0822 01:32:23.321409    4375 mockgcp_http.go:327] mockgcp response: POST https://compute.googleapis.com/compute/v1/projects/shared-reservations-project/global/routes => 200
2026-08-22T01:32:32.4068026Z I0822 01:32:23.321487    4375 mockgcp_http.go:298] mockgcp request: GET https://compute.googleapis.com/compute/v1/projects/shared-reservations-project/global/operations/operation-1787362343321-cb36c51f-e218-4772-8902-e18bb4b418e4
2026-08-22T01:32:32.4072371Z I0822 01:32:23.321754    4375 mockgcp_http.go:327] mockgcp response: GET https://compute.googleapis.com/compute/v1/projects/shared-reservations-project/global/operations/operation-1787362343321-cb36c51f-e218-4772-8902-e18bb4b418e4 => 200
2026-08-22T01:32:32.4075696Z I0822 01:32:23.321813    4375 mockgcp_http.go:298] mockgcp request: POST https://compute.googleapis.com/compute/v1/projects/shared-reservations-project/global/routes
2026-08-22T01:32:32.4078490Z I0822 01:32:23.322116    4375 operations.go:125] "storing operation" fqn="projects/shared-reservations-project/global/operations/operation-1787362343322-90a20eca-eef5-4269-8ae6-ddba86a178e0"
2026-08-22T01:32:32.4080787Z I0822 01:32:23.322239    4375 mockgcp_http.go:327] mockgcp response: POST https://compute.googleapis.com/compute/v1/projects/shared-reservations-project/global/routes => 200
2026-08-22T01:32:32.4083335Z I0822 01:32:23.322290    4375 mockgcp_http.go:298] mockgcp request: GET https://compute.googleapis.com/compute/v1/projects/shared-reservations-project/global/operations/operation-1787362343322-90a20eca-eef5-4269-8ae6-ddba86a178e0
2026-08-22T01:32:32.4086498Z I0822 01:32:23.322626    4375 mockgcp_http.go:327] mockgcp response: GET https://compute.googleapis.com/compute/v1/projects/shared-reservations-project/global/operations/operation-1787362343322-90a20eca-eef5-4269-8ae6-ddba86a178e0 => 200
2026-08-22T01:32:32.4089266Z I0822 01:32:23.322691    4375 mockgcp_http.go:298] mockgcp request: POST https://compute.googleapis.com/compute/v1/projects/shared-reservations-project/global/routes
2026-08-22T01:32:32.4091462Z I0822 01:32:23.323045    4375 operations.go:125] "storing operation" fqn="projects/shared-reservations-project/global/operations/operation-1787362343323-d2871989-1ab2-47a3-812a-5dda12962fe0"
2026-08-22T01:32:32.4093920Z I0822 01:32:23.323148    4375 mockgcp_http.go:327] mockgcp response: POST https://compute.googleapis.com/compute/v1/projects/shared-reservations-project/global/routes => 200
2026-08-22T01:32:32.4096500Z I0822 01:32:23.323219    4375 mockgcp_http.go:298] mockgcp request: GET https://compute.googleapis.com/compute/v1/projects/shared-reservations-project/global/operations/operation-1787362343323-d2871989-1ab2-47a3-812a-5dda12962fe0
2026-08-22T01:32:32.4100085Z I0822 01:32:23.323480    4375 mockgcp_http.go:327] mockgcp response: GET https://compute.googleapis.com/compute/v1/projects/shared-reservations-project/global/operations/operation-1787362343323-d2871989-1ab2-47a3-812a-5dda12962fe0 => 200
2026-08-22T01:32:32.4102585Z I0822 01:32:23.323533    4375 mockgcp_http.go:298] mockgcp request: POST https://compute.googleapis.com/compute/v1/projects/shared-reservations-project/global/routes
2026-08-22T01:32:32.4105022Z I0822 01:32:23.323938    4375 operations.go:125] "storing operation" fqn="projects/shared-reservations-project/global/operations/operation-1787362343323-8c56fb77-0f10-4d45-b1f5-ad92288b92d5"
2026-08-22T01:32:32.4107261Z I0822 01:32:23.324122    4375 mockgcp_http.go:327] mockgcp response: POST https://compute.googleapis.com/compute/v1/projects/shared-reservations-project/global/routes => 200
2026-08-22T01:32:32.4110254Z I0822 01:32:23.324172    4375 mockgcp_http.go:298] mockgcp request: GET https://compute.googleapis.com/compute/v1/projects/shared-reservations-project/global/operations/operation-1787362343323-8c56fb77-0f10-4d45-b1f5-ad92288b92d5
2026-08-22T01:32:32.4113241Z I0822 01:32:23.324457    4375 mockgcp_http.go:327] mockgcp response: GET https://compute.googleapis.com/compute/v1/projects/shared-reservations-project/global/operations/operation-1787362343323-8c56fb77-0f10-4d45-b1f5-ad92288b92d5 => 200
2026-08-22T01:32:32.4115977Z I0822 01:32:23.324527    4375 mockgcp_http.go:298] mockgcp request: POST https://compute.googleapis.com/compute/v1/projects/shared-reservations-project/global/routes
2026-08-22T01:32:32.4118421Z I0822 01:32:23.324844    4375 operations.go:125] "storing operation" fqn="projects/shared-reservations-project/global/operations/operation-1787362343324-6dc29724-6383-41fc-883d-2f0ba526ef4f"
2026-08-22T01:32:32.4121072Z I0822 01:32:23.324964    4375 mockgcp_http.go:327] mockgcp response: POST https://compute.googleapis.com/compute/v1/projects/shared-reservations-project/global/routes => 200
2026-08-22T01:32:32.4123770Z I0822 01:32:23.325017    4375 mockgcp_http.go:298] mockgcp request: GET https://compute.googleapis.com/compute/v1/projects/shared-reservations-project/global/operations/operation-1787362343324-6dc29724-6383-41fc-883d-2f0ba526ef4f
2026-08-22T01:32:32.4126788Z I0822 01:32:23.325299    4375 mockgcp_http.go:327] mockgcp response: GET https://compute.googleapis.com/compute/v1/projects/shared-reservations-project/global/operations/operation-1787362343324-6dc29724-6383-41fc-883d-2f0ba526ef4f => 200
2026-08-22T01:32:32.4129306Z I0822 01:32:23.325382    4375 mockgcp_http.go:298] mockgcp request: POST https://compute.googleapis.com/compute/v1/projects/shared-reservations-project/global/routes
2026-08-22T01:32:32.4132124Z I0822 01:32:23.325728    4375 operations.go:125] "storing operation" fqn="projects/shared-reservations-project/global/operations/operation-1787362343325-522b976a-adef-41ca-ae89-2272c363bc71"
2026-08-22T01:32:32.4134635Z I0822 01:32:23.325862    4375 mockgcp_http.go:327] mockgcp response: POST https://compute.googleapis.com/compute/v1/projects/shared-reservations-project/global/routes => 200
2026-08-22T01:32:32.4137237Z I0822 01:32:23.325914    4375 mockgcp_http.go:298] mockgcp request: GET https://compute.googleapis.com/compute/v1/projects/shared-reservations-project/global/operations/operation-1787362343325-522b976a-adef-41ca-ae89-2272c363bc71
2026-08-22T01:32:32.4140285Z I0822 01:32:23.326178    4375 mockgcp_http.go:327] mockgcp response: GET https://compute.googleapis.com/compute/v1/projects/shared-reservations-project/global/operations/operation-1787362343325-522b976a-adef-41ca-ae89-2272c363bc71 => 200
2026-08-22T01:32:32.4143552Z I0822 01:32:23.326255    4375 mockgcp_http.go:298] mockgcp request: POST https://compute.googleapis.com/compute/v1/projects/shared-reservations-project/global/routes
2026-08-22T01:32:32.4145884Z I0822 01:32:23.326607    4375 operations.go:125] "storing operation" fqn="projects/shared-reservations-project/global/operations/operation-1787362343326-bd9062fc-98ef-4412-9b66-ad7bc4f311b2"
2026-08-22T01:32:32.4148168Z I0822 01:32:23.326737    4375 mockgcp_http.go:327] mockgcp response: POST https://compute.googleapis.com/compute/v1/projects/shared-reservations-project/global/routes => 200
2026-08-22T01:32:32.4150741Z I0822 01:32:23.326791    4375 mockgcp_http.go:298] mockgcp request: GET https://compute.googleapis.com/compute/v1/projects/shared-reservations-project/global/operations/operation-1787362343326-bd9062fc-98ef-4412-9b66-ad7bc4f311b2
2026-08-22T01:32:32.4153876Z I0822 01:32:23.327087    4375 mockgcp_http.go:327] mockgcp response: GET https://compute.googleapis.com/compute/v1/projects/shared-reservations-project/global/operations/operation-1787362343326-bd9062fc-98ef-4412-9b66-ad7bc4f311b2 => 200
2026-08-22T01:32:32.4156401Z I0822 01:32:23.327152    4375 mockgcp_http.go:298] mockgcp request: POST https://compute.googleapis.com/compute/v1/projects/shared-reservations-project/global/routes
2026-08-22T01:32:32.4158916Z I0822 01:32:23.327486    4375 operations.go:125] "storing operation" fqn="projects/shared-reservations-project/global/operations/operation-1787362343327-0403c178-75f4-415e-925f-e1d43ff7a3d8"
2026-08-22T01:32:32.4161028Z I0822 01:32:23.327594    4375 mockgcp_http.go:327] mockgcp response: POST https://compute.googleapis.com/compute/v1/projects/shared-reservations-project/global/routes => 200
2026-08-22T01:32:32.4163632Z I0822 01:32:23.327666    4375 mockgcp_http.go:298] mockgcp request: GET https://compute.googleapis.com/compute/v1/projects/shared-reservations-project/global/operations/operation-1787362343327-0403c178-75f4-415e-925f-e1d43ff7a3d8
2026-08-22T01:32:32.4166801Z I0822 01:32:23.327947    4375 mockgcp_http.go:327] mockgcp response: GET https://compute.googleapis.com/compute/v1/projects/shared-reservations-project/global/operations/operation-1787362343327-0403c178-75f4-415e-925f-e1d43ff7a3d8 => 200
2026-08-22T01:32:32.4170275Z I0822 01:32:23.652512    4375 mockgcp_http.go:298] mockgcp request: GET https://compute.googleapis.com/compute/v1/projects/shared-reservations-project/global/operations/operation-1787362343253-12404998-a61c-4e79-a47a-f23ba90ff0d4
2026-08-22T01:32:32.4173700Z I0822 01:32:23.653040    4375 mockgcp_http.go:327] mockgcp response: GET https://compute.googleapis.com/compute/v1/projects/shared-reservations-project/global/operations/operation-1787362343253-12404998-a61c-4e79-a47a-f23ba90ff0d4 => 200
2026-08-22T01:32:32.4176325Z I0822 01:32:23.653297    4375 mockgcp_http.go:327] mockgcp response: POST https://cloudresourcemanager.googleapis.com/v1/projects?alt=json&prettyPrint=false => 200
2026-08-22T01:32:32.4178703Z I0822 01:32:23.753677    4375 mockgcp_http.go:298] mockgcp request: GET https://cloudresourcemanager.googleapis.com/v1/operations/operation-1787362343653-8ced6713-e06d-4953-be25-7713e4881e5c?alt=json&prettyPrint=false
2026-08-22T01:32:32.4181461Z I0822 01:32:23.753843    4375 mockgcp_http.go:327] mockgcp response: GET https://cloudresourcemanager.googleapis.com/v1/operations/operation-1787362343653-8ced6713-e06d-4953-be25-7713e4881e5c?alt=json&prettyPrint=false => 200
2026-08-22T01:32:32.4184485Z I0822 01:32:23.753887    4375 mockgcp_http.go:298] mockgcp request: GET https://cloudresourcemanager.googleapis.com/v1/projects/shared-reservations-project?alt=json&prettyPrint=false
2026-08-22T01:32:32.4186984Z I0822 01:32:23.754312    4375 mockgcp_http.go:327] mockgcp response: GET https://cloudresourcemanager.googleapis.com/v1/projects/shared-reservations-project?alt=json&prettyPrint=false => 200
2026-08-22T01:32:32.4189774Z I0822 01:32:23.754427    4375 mockgcp_http.go:298] mockgcp request: POST https://cloudresourcemanager.googleapis.com/v1/projects?alt=json&prettyPrint=false
2026-08-22T01:32:32.4191850Z I0822 01:32:23.754723    4375 mockgcp_http.go:298] mockgcp request: POST https://compute.googleapis.com/compute/v1/projects/kcc-identity-platform/global/networks
2026-08-22T01:32:32.4194245Z I0822 01:32:23.755057    4375 operations.go:125] "storing operation" fqn="projects/kcc-identity-platform/global/operations/operation-1787362343755-2d021dc7-dd83-4a45-9a18-8ea3cc6c629a"
2026-08-22T01:32:32.4196451Z I0822 01:32:23.755192    4375 mockgcp_http.go:298] mockgcp request: POST https://compute.googleapis.com/compute/v1/projects/kcc-identity-platform/regions/us-central1/subnetworks
2026-08-22T01:32:32.4198528Z I0822 01:32:23.755371    4375 mockgcp_http.go:327] mockgcp response: POST https://compute.googleapis.com/compute/v1/projects/kcc-identity-platform/global/networks => 200
2026-08-22T01:32:32.4200986Z I0822 01:32:23.755458    4375 mockgcp_http.go:298] mockgcp request: GET https://compute.googleapis.com/compute/v1/projects/kcc-identity-platform/global/operations/operation-1787362343755-2d021dc7-dd83-4a45-9a18-8ea3cc6c629a
2026-08-22T01:32:32.4203864Z I0822 01:32:23.755626    4375 operations.go:125] "storing operation" fqn="projects/kcc-identity-platform/regions/us-central1/operations/operation-1787362343755-e8b35018-e8a0-4e70-95ac-bf421d49d022"
2026-08-22T01:32:32.4207148Z I0822 01:32:23.755763    4375 mockgcp_http.go:327] mockgcp response: GET https://compute.googleapis.com/compute/v1/projects/kcc-identity-platform/global/operations/operation-1787362343755-2d021dc7-dd83-4a45-9a18-8ea3cc6c629a => 200
2026-08-22T01:32:32.4209970Z I0822 01:32:23.755790    4375 mockgcp_http.go:327] mockgcp response: POST https://compute.googleapis.com/compute/v1/projects/kcc-identity-platform/regions/us-central1/subnetworks => 200
2026-08-22T01:32:32.4212913Z I0822 01:32:23.755855    4375 mockgcp_http.go:298] mockgcp request: GET https://compute.googleapis.com/compute/v1/projects/kcc-identity-platform/regions/us-central1/operations/operation-1787362343755-e8b35018-e8a0-4e70-95ac-bf421d49d022
2026-08-22T01:32:32.4216535Z I0822 01:32:23.756141    4375 mockgcp_http.go:327] mockgcp response: GET https://compute.googleapis.com/compute/v1/projects/kcc-identity-platform/regions/us-central1/operations/operation-1787362343755-e8b35018-e8a0-4e70-95ac-bf421d49d022 => 200
2026-08-22T01:32:32.4219759Z I0822 01:32:23.756207    4375 mockgcp_http.go:298] mockgcp request: POST https://compute.googleapis.com/compute/v1/projects/kcc-identity-platform/regions/europe-west1/subnetworks
2026-08-22T01:32:32.4222128Z I0822 01:32:23.756522    4375 operations.go:125] "storing operation" fqn="projects/kcc-identity-platform/regions/europe-west1/operations/operation-1787362343756-d252d187-640f-441a-8ff4-981d5fa4705e"
2026-08-22T01:32:32.4225253Z I0822 01:32:23.756649    4375 mockgcp_http.go:327] mockgcp response: POST https://compute.googleapis.com/compute/v1/projects/kcc-identity-platform/regions/europe-west1/subnetworks => 200
2026-08-22T01:32:32.4228092Z I0822 01:32:23.756702    4375 mockgcp_http.go:298] mockgcp request: GET https://compute.googleapis.com/compute/v1/projects/kcc-identity-platform/regions/europe-west1/operations/operation-1787362343756-d252d187-640f-441a-8ff4-981d5fa4705e
2026-08-22T01:32:32.4231179Z I0822 01:32:23.756978    4375 mockgcp_http.go:327] mockgcp response: GET https://compute.googleapis.com/compute/v1/projects/kcc-identity-platform/regions/europe-west1/operations/operation-1787362343756-d252d187-640f-441a-8ff4-981d5fa4705e => 200
2026-08-22T01:32:32.4234752Z I0822 01:32:23.757043    4375 mockgcp_http.go:298] mockgcp request: POST https://compute.googleapis.com/compute/v1/projects/kcc-identity-platform/regions/us-west1/subnetworks
2026-08-22T01:32:32.4237985Z I0822 01:32:23.757300    4375 operations.go:125] "storing operation" fqn="projects/kcc-identity-platform/regions/us-west1/operations/operation-1787362343757-70d4af0b-d37c-4d24-a2b5-f59743774ebe"
2026-08-22T01:32:32.4240607Z I0822 01:32:23.757437    4375 mockgcp_http.go:327] mockgcp response: POST https://compute.googleapis.com/compute/v1/projects/kcc-identity-platform/regions/us-west1/subnetworks => 200
2026-08-22T01:32:32.4243644Z I0822 01:32:23.757489    4375 mockgcp_http.go:298] mockgcp request: GET https://compute.googleapis.com/compute/v1/projects/kcc-identity-platform/regions/us-west1/operations/operation-1787362343757-70d4af0b-d37c-4d24-a2b5-f59743774ebe
2026-08-22T01:32:32.4246900Z I0822 01:32:23.757800    4375 mockgcp_http.go:327] mockgcp response: GET https://compute.googleapis.com/compute/v1/projects/kcc-identity-platform/regions/us-west1/operations/operation-1787362343757-70d4af0b-d37c-4d24-a2b5-f59743774ebe => 200
2026-08-22T01:32:32.4249858Z I0822 01:32:23.757857    4375 mockgcp_http.go:298] mockgcp request: POST https://compute.googleapis.com/compute/v1/projects/kcc-identity-platform/regions/asia-east1/subnetworks
2026-08-22T01:32:32.4253190Z I0822 01:32:23.758144    4375 operations.go:125] "storing operation" fqn="projects/kcc-identity-platform/regions/asia-east1/operations/operation-1787362343758-65c54ef5-fbaf-42d6-b621-cc511f8c81b7"
2026-08-22T01:32:32.4255840Z I0822 01:32:23.758269    4375 mockgcp_http.go:327] mockgcp response: POST https://compute.googleapis.com/compute/v1/projects/kcc-identity-platform/regions/asia-east1/subnetworks => 200
2026-08-22T01:32:32.4258487Z I0822 01:32:23.758322    4375 mockgcp_http.go:298] mockgcp request: GET https://compute.googleapis.com/compute/v1/projects/kcc-identity-platform/regions/asia-east1/operations/operation-1787362343758-65c54ef5-fbaf-42d6-b621-cc511f8c81b7
2026-08-22T01:32:32.4261786Z I0822 01:32:23.758625    4375 mockgcp_http.go:327] mockgcp response: GET https://compute.googleapis.com/compute/v1/projects/kcc-identity-platform/regions/asia-east1/operations/operation-1787362343758-65c54ef5-fbaf-42d6-b621-cc511f8c81b7 => 200
2026-08-22T01:32:32.4264865Z I0822 01:32:23.758682    4375 mockgcp_http.go:298] mockgcp request: POST https://compute.googleapis.com/compute/v1/projects/kcc-identity-platform/regions/us-east1/subnetworks
2026-08-22T01:32:32.4267130Z I0822 01:32:23.759013    4375 operations.go:125] "storing operation" fqn="projects/kcc-identity-platform/regions/us-east1/operations/operation-1787362343758-195a7459-381b-439c-b44c-8c979c01cb42"
2026-08-22T01:32:32.4269708Z I0822 01:32:23.759151    4375 mockgcp_http.go:327] mockgcp response: POST https://compute.googleapis.com/compute/v1/projects/kcc-identity-platform/regions/us-east1/subnetworks => 200
2026-08-22T01:32:32.4272382Z I0822 01:32:23.759205    4375 mockgcp_http.go:298] mockgcp request: GET https://compute.googleapis.com/compute/v1/projects/kcc-identity-platform/regions/us-east1/operations/operation-1787362343758-195a7459-381b-439c-b44c-8c979c01cb42
2026-08-22T01:32:32.4276394Z I0822 01:32:23.759494    4375 mockgcp_http.go:327] mockgcp response: GET https://compute.googleapis.com/compute/v1/projects/kcc-identity-platform/regions/us-east1/operations/operation-1787362343758-195a7459-381b-439c-b44c-8c979c01cb42 => 200
2026-08-22T01:32:32.4279252Z I0822 01:32:23.759566    4375 mockgcp_http.go:298] mockgcp request: POST https://compute.googleapis.com/compute/v1/projects/kcc-identity-platform/regions/asia-northeast1/subnetworks
2026-08-22T01:32:32.4281674Z I0822 01:32:23.759840    4375 operations.go:125] "storing operation" fqn="projects/kcc-identity-platform/regions/asia-northeast1/operations/operation-1787362343759-3abd91c8-e927-4585-a1a5-9a65e55b3571"
2026-08-22T01:32:32.4284332Z I0822 01:32:23.759962    4375 mockgcp_http.go:327] mockgcp response: POST https://compute.googleapis.com/compute/v1/projects/kcc-identity-platform/regions/asia-northeast1/subnetworks => 200
2026-08-22T01:32:32.4287011Z I0822 01:32:23.760013    4375 mockgcp_http.go:298] mockgcp request: GET https://compute.googleapis.com/compute/v1/projects/kcc-identity-platform/regions/asia-northeast1/operations/operation-1787362343759-3abd91c8-e927-4585-a1a5-9a65e55b3571
2026-08-22T01:32:32.4290116Z I0822 01:32:23.760331    4375 mockgcp_http.go:327] mockgcp response: GET https://compute.googleapis.com/compute/v1/projects/kcc-identity-platform/regions/asia-northeast1/operations/operation-1787362343759-3abd91c8-e927-4585-a1a5-9a65e55b3571 => 200
2026-08-22T01:32:32.4292833Z I0822 01:32:23.760417    4375 mockgcp_http.go:298] mockgcp request: POST https://compute.googleapis.com/compute/v1/projects/kcc-identity-platform/regions/asia-southeast1/subnetworks
2026-08-22T01:32:32.4295486Z I0822 01:32:23.760694    4375 operations.go:125] "storing operation" fqn="projects/kcc-identity-platform/regions/asia-southeast1/operations/operation-1787362343760-f1fdfd00-71ca-4d22-9a30-9d1452a7d870"
2026-08-22T01:32:32.4298010Z I0822 01:32:23.760814    4375 mockgcp_http.go:327] mockgcp response: POST https://compute.googleapis.com/compute/v1/projects/kcc-identity-platform/regions/asia-southeast1/subnetworks => 200
2026-08-22T01:32:32.4300906Z I0822 01:32:23.760852    4375 mockgcp_http.go:298] mockgcp request: GET https://compute.googleapis.com/compute/v1/projects/kcc-identity-platform/regions/asia-southeast1/operations/operation-1787362343760-f1fdfd00-71ca-4d22-9a30-9d1452a7d870
2026-08-22T01:32:32.4304449Z I0822 01:32:23.761132    4375 mockgcp_http.go:327] mockgcp response: GET https://compute.googleapis.com/compute/v1/projects/kcc-identity-platform/regions/asia-southeast1/operations/operation-1787362343760-f1fdfd00-71ca-4d22-9a30-9d1452a7d870 => 200
2026-08-22T01:32:32.4307483Z I0822 01:32:23.761191    4375 mockgcp_http.go:298] mockgcp request: POST https://compute.googleapis.com/compute/v1/projects/kcc-identity-platform/regions/us-east4/subnetworks
2026-08-22T01:32:32.4309933Z I0822 01:32:23.761491    4375 operations.go:125] "storing operation" fqn="projects/kcc-identity-platform/regions/us-east4/operations/operation-1787362343761-cbb9cc26-dd7a-4075-9ae4-e1f1e14cafb4"
2026-08-22T01:32:32.4312955Z I0822 01:32:23.761586    4375 mockgcp_http.go:327] mockgcp response: POST https://compute.googleapis.com/compute/v1/projects/kcc-identity-platform/regions/us-east4/subnetworks => 200
2026-08-22T01:32:32.4315898Z I0822 01:32:23.761629    4375 mockgcp_http.go:298] mockgcp request: GET https://compute.googleapis.com/compute/v1/projects/kcc-identity-platform/regions/us-east4/operations/operation-1787362343761-cbb9cc26-dd7a-4075-9ae4-e1f1e14cafb4
2026-08-22T01:32:32.4319282Z I0822 01:32:23.761924    4375 mockgcp_http.go:327] mockgcp response: GET https://compute.googleapis.com/compute/v1/projects/kcc-identity-platform/regions/us-east4/operations/operation-1787362343761-cbb9cc26-dd7a-4075-9ae4-e1f1e14cafb4 => 200
2026-08-22T01:32:32.4322025Z I0822 01:32:23.761978    4375 mockgcp_http.go:298] mockgcp request: POST https://compute.googleapis.com/compute/v1/projects/kcc-identity-platform/regions/australia-southeast1/subnetworks
2026-08-22T01:32:32.4324581Z I0822 01:32:23.762230    4375 operations.go:125] "storing operation" fqn="projects/kcc-identity-platform/regions/australia-southeast1/operations/operation-1787362343762-5491bbce-d9a7-4894-a89a-cd5fe578f1a1"
2026-08-22T01:32:32.4327055Z I0822 01:32:23.762344    4375 mockgcp_http.go:327] mockgcp response: POST https://compute.googleapis.com/compute/v1/projects/kcc-identity-platform/regions/australia-southeast1/subnetworks => 200
2026-08-22T01:32:32.4329428Z I0822 01:32:23.762423    4375 mockgcp_http.go:298] mockgcp request: GET https://compute.googleapis.com/compute/v1/projects/kcc-identity-platform/regions/australia-southeast1/operations/operation-1787362343762-5491bbce-d9a7-4894-a89a-cd5fe578f1a1
2026-08-22T01:32:32.4332698Z I0822 01:32:23.762663    4375 mockgcp_http.go:327] mockgcp response: GET https://compute.googleapis.com/compute/v1/projects/kcc-identity-platform/regions/australia-southeast1/operations/operation-1787362343762-5491bbce-d9a7-4894-a89a-cd5fe578f1a1 => 200
2026-08-22T01:32:32.4335833Z I0822 01:32:23.762849    4375 mockgcp_http.go:298] mockgcp request: POST https://compute.googleapis.com/compute/v1/projects/kcc-identity-platform/regions/europe-west2/subnetworks
2026-08-22T01:32:32.4338166Z I0822 01:32:23.763550    4375 operations.go:125] "storing operation" fqn="projects/kcc-identity-platform/regions/europe-west2/operations/operation-1787362343763-8e1ce021-e589-4b89-9a5a-36ed39ab03c7"
2026-08-22T01:32:32.4340629Z I0822 01:32:23.764437    4375 mockgcp_http.go:327] mockgcp response: POST https://compute.googleapis.com/compute/v1/projects/kcc-identity-platform/regions/europe-west2/subnetworks => 200
2026-08-22T01:32:32.4343241Z I0822 01:32:23.764517    4375 mockgcp_http.go:298] mockgcp request: GET https://compute.googleapis.com/compute/v1/projects/kcc-identity-platform/regions/europe-west2/operations/operation-1787362343763-8e1ce021-e589-4b89-9a5a-36ed39ab03c7
2026-08-22T01:32:32.4346479Z I0822 01:32:23.764818    4375 mockgcp_http.go:327] mockgcp response: GET https://compute.googleapis.com/compute/v1/projects/kcc-identity-platform/regions/europe-west2/operations/operation-1787362343763-8e1ce021-e589-4b89-9a5a-36ed39ab03c7 => 200
2026-08-22T01:32:32.4349163Z I0822 01:32:23.764887    4375 mockgcp_http.go:298] mockgcp request: POST https://compute.googleapis.com/compute/v1/projects/kcc-identity-platform/regions/europe-west3/subnetworks
2026-08-22T01:32:32.4351517Z I0822 01:32:23.765297    4375 operations.go:125] "storing operation" fqn="projects/kcc-identity-platform/regions/europe-west3/operations/operation-1787362343765-f0709a29-8748-4298-8f22-673f0f0de9a1"
2026-08-22T01:32:32.4354127Z I0822 01:32:23.765441    4375 mockgcp_http.go:327] mockgcp response: POST https://compute.googleapis.com/compute/v1/projects/kcc-identity-platform/regions/europe-west3/subnetworks => 200
2026-08-22T01:32:32.4357197Z I0822 01:32:23.765513    4375 mockgcp_http.go:298] mockgcp request: GET https://compute.googleapis.com/compute/v1/projects/kcc-identity-platform/regions/europe-west3/operations/operation-1787362343765-f0709a29-8748-4298-8f22-673f0f0de9a1
2026-08-22T01:32:32.4360343Z I0822 01:32:23.765807    4375 mockgcp_http.go:327] mockgcp response: GET https://compute.googleapis.com/compute/v1/projects/kcc-identity-platform/regions/europe-west3/operations/operation-1787362343765-f0709a29-8748-4298-8f22-673f0f0de9a1 => 200
2026-08-22T01:32:32.4363036Z I0822 01:32:23.765884    4375 mockgcp_http.go:298] mockgcp request: POST https://compute.googleapis.com/compute/v1/projects/kcc-identity-platform/regions/southamerica-east1/subnetworks
2026-08-22T01:32:32.4365997Z I0822 01:32:23.766413    4375 operations.go:125] "storing operation" fqn="projects/kcc-identity-platform/regions/southamerica-east1/operations/operation-1787362343766-b2367ddd-5c0b-4e8f-8d7e-e4f8cfedde50"
2026-08-22T01:32:32.4368527Z I0822 01:32:23.766603    4375 mockgcp_http.go:327] mockgcp response: POST https://compute.googleapis.com/compute/v1/projects/kcc-identity-platform/regions/southamerica-east1/subnetworks => 200
2026-08-22T01:32:32.4371322Z I0822 01:32:23.766686    4375 mockgcp_http.go:298] mockgcp request: GET https://compute.googleapis.com/compute/v1/projects/kcc-identity-platform/regions/southamerica-east1/operations/operation-1787362343766-b2367ddd-5c0b-4e8f-8d7e-e4f8cfedde50
2026-08-22T01:32:32.4374743Z I0822 01:32:23.767035    4375 mockgcp_http.go:327] mockgcp response: GET https://compute.googleapis.com/compute/v1/projects/kcc-identity-platform/regions/southamerica-east1/operations/operation-1787362343766-b2367ddd-5c0b-4e8f-8d7e-e4f8cfedde50 => 200
2026-08-22T01:32:32.4377477Z I0822 01:32:23.767155    4375 mockgcp_http.go:298] mockgcp request: POST https://compute.googleapis.com/compute/v1/projects/kcc-identity-platform/regions/asia-south1/subnetworks
2026-08-22T01:32:32.4379791Z I0822 01:32:23.767624    4375 operations.go:125] "storing operation" fqn="projects/kcc-identity-platform/regions/asia-south1/operations/operation-1787362343767-99798213-aed4-40df-a9fc-fb37bfc73497"
2026-08-22T01:32:32.4382082Z I0822 01:32:23.767802    4375 mockgcp_http.go:327] mockgcp response: POST https://compute.googleapis.com/compute/v1/projects/kcc-identity-platform/regions/asia-south1/subnetworks => 200
2026-08-22T01:32:32.4384857Z I0822 01:32:23.767885    4375 mockgcp_http.go:298] mockgcp request: GET https://compute.googleapis.com/compute/v1/projects/kcc-identity-platform/regions/asia-south1/operations/operation-1787362343767-99798213-aed4-40df-a9fc-fb37bfc73497
2026-08-22T01:32:32.4387843Z I0822 01:32:23.768225    4375 mockgcp_http.go:327] mockgcp response: GET https://compute.googleapis.com/compute/v1/projects/kcc-identity-platform/regions/asia-south1/operations/operation-1787362343767-99798213-aed4-40df-a9fc-fb37bfc73497 => 200
2026-08-22T01:32:32.4390450Z I0822 01:32:23.768333    4375 mockgcp_http.go:298] mockgcp request: POST https://compute.googleapis.com/compute/v1/projects/kcc-identity-platform/regions/northamerica-northeast1/subnetworks
2026-08-22T01:32:32.4392871Z I0822 01:32:23.768836    4375 operations.go:125] "storing operation" fqn="projects/kcc-identity-platform/regions/northamerica-northeast1/operations/operation-1787362343768-4a40119c-af60-4019-81da-ab7cbb51d9ad"
2026-08-22T01:32:32.4395550Z I0822 01:32:23.769021    4375 mockgcp_http.go:327] mockgcp response: POST https://compute.googleapis.com/compute/v1/projects/kcc-identity-platform/regions/northamerica-northeast1/subnetworks => 200
2026-08-22T01:32:32.4398263Z I0822 01:32:23.769111    4375 mockgcp_http.go:298] mockgcp request: GET https://compute.googleapis.com/compute/v1/projects/kcc-identity-platform/regions/northamerica-northeast1/operations/operation-1787362343768-4a40119c-af60-4019-81da-ab7cbb51d9ad
2026-08-22T01:32:32.4401415Z I0822 01:32:23.769512    4375 mockgcp_http.go:327] mockgcp response: GET https://compute.googleapis.com/compute/v1/projects/kcc-identity-platform/regions/northamerica-northeast1/operations/operation-1787362343768-4a40119c-af60-4019-81da-ab7cbb51d9ad => 200
2026-08-22T01:32:32.4404501Z I0822 01:32:23.769600    4375 mockgcp_http.go:298] mockgcp request: POST https://compute.googleapis.com/compute/v1/projects/kcc-identity-platform/regions/europe-west4/subnetworks
2026-08-22T01:32:32.4406834Z I0822 01:32:23.770059    4375 operations.go:125] "storing operation" fqn="projects/kcc-identity-platform/regions/europe-west4/operations/operation-1787362343770-d03459b2-181d-4b2c-85a2-0d3d60342110"
2026-08-22T01:32:32.4409180Z I0822 01:32:23.770234    4375 mockgcp_http.go:327] mockgcp response: POST https://compute.googleapis.com/compute/v1/projects/kcc-identity-platform/regions/europe-west4/subnetworks => 200
2026-08-22T01:32:32.4412348Z I0822 01:32:23.770308    4375 mockgcp_http.go:298] mockgcp request: GET https://compute.googleapis.com/compute/v1/projects/kcc-identity-platform/regions/europe-west4/operations/operation-1787362343770-d03459b2-181d-4b2c-85a2-0d3d60342110
2026-08-22T01:32:32.4415771Z I0822 01:32:23.770658    4375 mockgcp_http.go:327] mockgcp response: GET https://compute.googleapis.com/compute/v1/projects/kcc-identity-platform/regions/europe-west4/operations/operation-1787362343770-d03459b2-181d-4b2c-85a2-0d3d60342110 => 200
2026-08-22T01:32:32.4418513Z I0822 01:32:23.770741    4375 mockgcp_http.go:298] mockgcp request: POST https://compute.googleapis.com/compute/v1/projects/kcc-identity-platform/regions/europe-north1/subnetworks
2026-08-22T01:32:32.4420905Z I0822 01:32:23.771186    4375 operations.go:125] "storing operation" fqn="projects/kcc-identity-platform/regions/europe-north1/operations/operation-1787362343771-1c00c3c1-a21f-44db-958d-678b421c30da"
2026-08-22T01:32:32.4423320Z I0822 01:32:23.771326    4375 mockgcp_http.go:327] mockgcp response: POST https://compute.googleapis.com/compute/v1/projects/kcc-identity-platform/regions/europe-north1/subnetworks => 200
2026-08-22T01:32:32.4426261Z I0822 01:32:23.771418    4375 mockgcp_http.go:298] mockgcp request: GET https://compute.googleapis.com/compute/v1/projects/kcc-identity-platform/regions/europe-north1/operations/operation-1787362343771-1c00c3c1-a21f-44db-958d-678b421c30da
2026-08-22T01:32:32.4429406Z I0822 01:32:23.771736    4375 mockgcp_http.go:327] mockgcp response: GET https://compute.googleapis.com/compute/v1/projects/kcc-identity-platform/regions/europe-north1/operations/operation-1787362343771-1c00c3c1-a21f-44db-958d-678b421c30da => 200
2026-08-22T01:32:32.4432027Z I0822 01:32:23.771828    4375 mockgcp_http.go:298] mockgcp request: POST https://compute.googleapis.com/compute/v1/projects/kcc-identity-platform/regions/us-west2/subnetworks
2026-08-22T01:32:32.4434512Z I0822 01:32:23.772245    4375 operations.go:125] "storing operation" fqn="projects/kcc-identity-platform/regions/us-west2/operations/operation-1787362343772-2de8a575-9b7e-453b-9a8d-25b812de1b9f"
2026-08-22T01:32:32.4436911Z I0822 01:32:23.772420    4375 mockgcp_http.go:327] mockgcp response: POST https://compute.googleapis.com/compute/v1/projects/kcc-identity-platform/regions/us-west2/subnetworks => 200
2026-08-22T01:32:32.4439612Z I0822 01:32:23.772500    4375 mockgcp_http.go:298] mockgcp request: GET https://compute.googleapis.com/compute/v1/projects/kcc-identity-platform/regions/us-west2/operations/operation-1787362343772-2de8a575-9b7e-453b-9a8d-25b812de1b9f
2026-08-22T01:32:32.4442626Z I0822 01:32:23.772834    4375 mockgcp_http.go:327] mockgcp response: GET https://compute.googleapis.com/compute/v1/projects/kcc-identity-platform/regions/us-west2/operations/operation-1787362343772-2de8a575-9b7e-453b-9a8d-25b812de1b9f => 200
2026-08-22T01:32:32.4445601Z I0822 01:32:23.772946    4375 mockgcp_http.go:298] mockgcp request: POST https://compute.googleapis.com/compute/v1/projects/kcc-identity-platform/regions/asia-east2/subnetworks
2026-08-22T01:32:32.4447919Z I0822 01:32:23.773399    4375 operations.go:125] "storing operation" fqn="projects/kcc-identity-platform/regions/asia-east2/operations/operation-1787362343773-6ff3dd06-5884-4cfd-9b72-eb8ccd65dc88"
2026-08-22T01:32:32.4450620Z I0822 01:32:23.773546    4375 mockgcp_http.go:327] mockgcp response: POST https://compute.googleapis.com/compute/v1/projects/kcc-identity-platform/regions/asia-east2/subnetworks => 200
2026-08-22T01:32:32.4453173Z I0822 01:32:23.773634    4375 mockgcp_http.go:298] mockgcp request: GET https://compute.googleapis.com/compute/v1/projects/kcc-identity-platform/regions/asia-east2/operations/operation-1787362343773-6ff3dd06-5884-4cfd-9b72-eb8ccd65dc88
2026-08-22T01:32:32.4456828Z I0822 01:32:23.773936    4375 mockgcp_http.go:327] mockgcp response: GET https://compute.googleapis.com/compute/v1/projects/kcc-identity-platform/regions/asia-east2/operations/operation-1787362343773-6ff3dd06-5884-4cfd-9b72-eb8ccd65dc88 => 200
2026-08-22T01:32:32.4459797Z I0822 01:32:23.774033    4375 mockgcp_http.go:298] mockgcp request: POST https://compute.googleapis.com/compute/v1/projects/kcc-identity-platform/regions/europe-west6/subnetworks
2026-08-22T01:32:32.4462257Z I0822 01:32:23.774498    4375 operations.go:125] "storing operation" fqn="projects/kcc-identity-platform/regions/europe-west6/operations/operation-1787362343774-27f197b6-9f39-459c-be69-22833797d46f"
2026-08-22T01:32:32.4465013Z I0822 01:32:23.774649    4375 mockgcp_http.go:327] mockgcp response: POST https://compute.googleapis.com/compute/v1/projects/kcc-identity-platform/regions/europe-west6/subnetworks => 200
2026-08-22T01:32:32.4468791Z I0822 01:32:23.774743    4375 mockgcp_http.go:298] mockgcp request: GET https://compute.googleapis.com/compute/v1/projects/kcc-identity-platform/regions/europe-west6/operations/operation-1787362343774-27f197b6-9f39-459c-be69-22833797d46f
2026-08-22T01:32:32.4472009Z I0822 01:32:23.775036    4375 mockgcp_http.go:327] mockgcp response: GET https://compute.googleapis.com/compute/v1/projects/kcc-identity-platform/regions/europe-west6/operations/operation-1787362343774-27f197b6-9f39-459c-be69-22833797d46f => 200
2026-08-22T01:32:32.4475140Z I0822 01:32:23.775135    4375 mockgcp_http.go:298] mockgcp request: POST https://compute.googleapis.com/compute/v1/projects/kcc-identity-platform/regions/asia-northeast2/subnetworks
2026-08-22T01:32:32.4477636Z I0822 01:32:23.775665    4375 operations.go:125] "storing operation" fqn="projects/kcc-identity-platform/regions/asia-northeast2/operations/operation-1787362343775-d5eb03ac-8e4c-4aa4-bd1c-a866d6ce35d6"
2026-08-22T01:32:32.4480127Z I0822 01:32:23.775821    4375 mockgcp_http.go:327] mockgcp response: POST https://compute.googleapis.com/compute/v1/projects/kcc-identity-platform/regions/asia-northeast2/subnetworks => 200
2026-08-22T01:32:32.4482916Z I0822 01:32:23.775969    4375 mockgcp_http.go:298] mockgcp request: GET https://compute.googleapis.com/compute/v1/projects/kcc-identity-platform/regions/asia-northeast2/operations/operation-1787362343775-d5eb03ac-8e4c-4aa4-bd1c-a866d6ce35d6
2026-08-22T01:32:32.4486240Z I0822 01:32:23.776280    4375 mockgcp_http.go:327] mockgcp response: GET https://compute.googleapis.com/compute/v1/projects/kcc-identity-platform/regions/asia-northeast2/operations/operation-1787362343775-d5eb03ac-8e4c-4aa4-bd1c-a866d6ce35d6 => 200
2026-08-22T01:32:32.4489080Z I0822 01:32:23.776395    4375 mockgcp_http.go:298] mockgcp request: POST https://compute.googleapis.com/compute/v1/projects/kcc-identity-platform/regions/asia-northeast3/subnetworks
2026-08-22T01:32:32.4491524Z I0822 01:32:23.776834    4375 operations.go:125] "storing operation" fqn="projects/kcc-identity-platform/regions/asia-northeast3/operations/operation-1787362343776-d0347e03-a9cc-4063-aada-9f21ba7fe37d"
2026-08-22T01:32:32.4494216Z I0822 01:32:23.777007    4375 mockgcp_http.go:327] mockgcp response: POST https://compute.googleapis.com/compute/v1/projects/kcc-identity-platform/regions/asia-northeast3/subnetworks => 200
2026-08-22T01:32:32.4496885Z I0822 01:32:23.777085    4375 mockgcp_http.go:298] mockgcp request: GET https://compute.googleapis.com/compute/v1/projects/kcc-identity-platform/regions/asia-northeast3/operations/operation-1787362343776-d0347e03-a9cc-4063-aada-9f21ba7fe37d
2026-08-22T01:32:32.4500277Z I0822 01:32:23.777425    4375 mockgcp_http.go:327] mockgcp response: GET https://compute.googleapis.com/compute/v1/projects/kcc-identity-platform/regions/asia-northeast3/operations/operation-1787362343776-d0347e03-a9cc-4063-aada-9f21ba7fe37d => 200
2026-08-22T01:32:32.4502937Z I0822 01:32:23.777507    4375 mockgcp_http.go:298] mockgcp request: POST https://compute.googleapis.com/compute/v1/projects/kcc-identity-platform/regions/us-west3/subnetworks
2026-08-22T01:32:32.4505467Z I0822 01:32:23.777915    4375 operations.go:125] "storing operation" fqn="projects/kcc-identity-platform/regions/us-west3/operations/operation-1787362343777-7fcb3bec-4f64-4d87-a7bf-5cbf09279880"
2026-08-22T01:32:32.4508134Z I0822 01:32:23.778045    4375 mockgcp_http.go:327] mockgcp response: POST https://compute.googleapis.com/compute/v1/projects/kcc-identity-platform/regions/us-west3/subnetworks => 200
2026-08-22T01:32:32.4510858Z I0822 01:32:23.778124    4375 mockgcp_http.go:298] mockgcp request: GET https://compute.googleapis.com/compute/v1/projects/kcc-identity-platform/regions/us-west3/operations/operation-1787362343777-7fcb3bec-4f64-4d87-a7bf-5cbf09279880
2026-08-22T01:32:32.4514508Z I0822 01:32:23.778515    4375 mockgcp_http.go:327] mockgcp response: GET https://compute.googleapis.com/compute/v1/projects/kcc-identity-platform/regions/us-west3/operations/operation-1787362343777-7fcb3bec-4f64-4d87-a7bf-5cbf09279880 => 200
2026-08-22T01:32:32.4517278Z I0822 01:32:23.778611    4375 mockgcp_http.go:298] mockgcp request: POST https://compute.googleapis.com/compute/v1/projects/kcc-identity-platform/regions/us-west4/subnetworks
2026-08-22T01:32:32.4519696Z I0822 01:32:23.779049    4375 operations.go:125] "storing operation" fqn="projects/kcc-identity-platform/regions/us-west4/operations/operation-1787362343779-2ff9a6c0-0bf3-4fbf-9550-378d6eca2188"
2026-08-22T01:32:32.4522500Z I0822 01:32:23.779203    4375 mockgcp_http.go:327] mockgcp response: POST https://compute.googleapis.com/compute/v1/projects/kcc-identity-platform/regions/us-west4/subnetworks => 200
2026-08-22T01:32:32.4525518Z I0822 01:32:23.779277    4375 mockgcp_http.go:298] mockgcp request: GET https://compute.googleapis.com/compute/v1/projects/kcc-identity-platform/regions/us-west4/operations/operation-1787362343779-2ff9a6c0-0bf3-4fbf-9550-378d6eca2188
2026-08-22T01:32:32.4528744Z I0822 01:32:23.779583    4375 mockgcp_http.go:327] mockgcp response: GET https://compute.googleapis.com/compute/v1/projects/kcc-identity-platform/regions/us-west4/operations/operation-1787362343779-2ff9a6c0-0bf3-4fbf-9550-378d6eca2188 => 200
2026-08-22T01:32:32.4532207Z I0822 01:32:23.779663    4375 mockgcp_http.go:298] mockgcp request: POST https://compute.googleapis.com/compute/v1/projects/kcc-identity-platform/regions/asia-southeast2/subnetworks
2026-08-22T01:32:32.4534956Z I0822 01:32:23.780078    4375 operations.go:125] "storing operation" fqn="projects/kcc-identity-platform/regions/asia-southeast2/operations/operation-1787362343780-2a7a68b2-c7e3-4d48-a0bc-799f03388af8"
2026-08-22T01:32:32.4537561Z I0822 01:32:23.780200    4375 mockgcp_http.go:327] mockgcp response: POST https://compute.googleapis.com/compute/v1/projects/kcc-identity-platform/regions/asia-southeast2/subnetworks => 200
2026-08-22T01:32:32.4540431Z I0822 01:32:23.780268    4375 mockgcp_http.go:298] mockgcp request: GET https://compute.googleapis.com/compute/v1/projects/kcc-identity-platform/regions/asia-southeast2/operations/operation-1787362343780-2a7a68b2-c7e3-4d48-a0bc-799f03388af8
2026-08-22T01:32:32.4543837Z I0822 01:32:23.780597    4375 mockgcp_http.go:327] mockgcp response: GET https://compute.googleapis.com/compute/v1/projects/kcc-identity-platform/regions/asia-southeast2/operations/operation-1787362343780-2a7a68b2-c7e3-4d48-a0bc-799f03388af8 => 200
2026-08-22T01:32:32.4546946Z I0822 01:32:23.780662    4375 mockgcp_http.go:298] mockgcp request: POST https://compute.googleapis.com/compute/v1/projects/kcc-identity-platform/regions/europe-central2/subnetworks
2026-08-22T01:32:32.4549646Z I0822 01:32:23.781056    4375 operations.go:125] "storing operation" fqn="projects/kcc-identity-platform/regions/europe-central2/operations/operation-1787362343781-838a6eb2-be97-4677-85d5-4571e90f0d53"
2026-08-22T01:32:32.4552185Z I0822 01:32:23.781170    4375 mockgcp_http.go:327] mockgcp response: POST https://compute.googleapis.com/compute/v1/projects/kcc-identity-platform/regions/europe-central2/subnetworks => 200
2026-08-22T01:32:32.4555173Z I0822 01:32:23.781242    4375 mockgcp_http.go:298] mockgcp request: GET https://compute.googleapis.com/compute/v1/projects/kcc-identity-platform/regions/europe-central2/operations/operation-1787362343781-838a6eb2-be97-4677-85d5-4571e90f0d53
2026-08-22T01:32:32.4559381Z I0822 01:32:23.781613    4375 mockgcp_http.go:327] mockgcp response: GET https://compute.googleapis.com/compute/v1/projects/kcc-identity-platform/regions/europe-central2/operations/operation-1787362343781-838a6eb2-be97-4677-85d5-4571e90f0d53 => 200
2026-08-22T01:32:32.4562265Z I0822 01:32:23.781695    4375 mockgcp_http.go:298] mockgcp request: POST https://compute.googleapis.com/compute/v1/projects/kcc-identity-platform/regions/northamerica-northeast2/subnetworks
2026-08-22T01:32:32.4564986Z I0822 01:32:23.782098    4375 operations.go:125] "storing operation" fqn="projects/kcc-identity-platform/regions/northamerica-northeast2/operations/operation-1787362343782-1f1e0a8d-f1e7-4015-a706-e40acdd0cd95"
2026-08-22T01:32:32.4567667Z I0822 01:32:23.782221    4375 mockgcp_http.go:327] mockgcp response: POST https://compute.googleapis.com/compute/v1/projects/kcc-identity-platform/regions/northamerica-northeast2/subnetworks => 200
2026-08-22T01:32:32.4570661Z I0822 01:32:23.782292    4375 mockgcp_http.go:298] mockgcp request: GET https://compute.googleapis.com/compute/v1/projects/kcc-identity-platform/regions/northamerica-northeast2/operations/operation-1787362343782-1f1e0a8d-f1e7-4015-a706-e40acdd0cd95
2026-08-22T01:32:32.4574246Z I0822 01:32:23.782598    4375 mockgcp_http.go:327] mockgcp response: GET https://compute.googleapis.com/compute/v1/projects/kcc-identity-platform/regions/northamerica-northeast2/operations/operation-1787362343782-1f1e0a8d-f1e7-4015-a706-e40acdd0cd95 => 200
2026-08-22T01:32:32.4576993Z I0822 01:32:23.782684    4375 mockgcp_http.go:298] mockgcp request: POST https://compute.googleapis.com/compute/v1/projects/kcc-identity-platform/regions/asia-south2/subnetworks
2026-08-22T01:32:32.4579478Z I0822 01:32:23.783090    4375 operations.go:125] "storing operation" fqn="projects/kcc-identity-platform/regions/asia-south2/operations/operation-1787362343783-34b19c3a-0025-4074-837e-765997beba9f"
2026-08-22T01:32:32.4582112Z I0822 01:32:23.783224    4375 mockgcp_http.go:327] mockgcp response: POST https://compute.googleapis.com/compute/v1/projects/kcc-identity-platform/regions/asia-south2/subnetworks => 200
2026-08-22T01:32:32.4585124Z I0822 01:32:23.783292    4375 mockgcp_http.go:298] mockgcp request: GET https://compute.googleapis.com/compute/v1/projects/kcc-identity-platform/regions/asia-south2/operations/operation-1787362343783-34b19c3a-0025-4074-837e-765997beba9f
2026-08-22T01:32:32.4588703Z I0822 01:32:23.783612    4375 mockgcp_http.go:327] mockgcp response: GET https://compute.googleapis.com/compute/v1/projects/kcc-identity-platform/regions/asia-south2/operations/operation-1787362343783-34b19c3a-0025-4074-837e-765997beba9f => 200
2026-08-22T01:32:32.4592027Z I0822 01:32:23.783695    4375 mockgcp_http.go:298] mockgcp request: POST https://compute.googleapis.com/compute/v1/projects/kcc-identity-platform/regions/australia-southeast2/subnetworks
2026-08-22T01:32:32.4594947Z I0822 01:32:23.784150    4375 operations.go:125] "storing operation" fqn="projects/kcc-identity-platform/regions/australia-southeast2/operations/operation-1787362343784-9d372f99-21f8-4faf-9f69-0a5780c1f079"
2026-08-22T01:32:32.4596474Z I0822 01:32:23.784318    4375 mockgcp_http.go:327] mockgcp response: POST https://compute.googleapis.com/compute/v1/projects/kcc-identity-platform/regions/australia-southeast2/subnetworks => 200
2026-08-22T01:32:32.4599137Z I0822 01:32:23.784404    4375 mockgcp_http.go:298] mockgcp request: GET https://compute.googleapis.com/compute/v1/projects/kcc-identity-platform/regions/australia-southeast2/operations/operation-1787362343784-9d372f99-21f8-4faf-9f69-0a5780c1f079
2026-08-22T01:32:32.4601447Z I0822 01:32:23.784714    4375 mockgcp_http.go:327] mockgcp response: GET https://compute.googleapis.com/compute/v1/projects/kcc-identity-platform/regions/australia-southeast2/operations/operation-1787362343784-9d372f99-21f8-4faf-9f69-0a5780c1f079 => 200
2026-08-22T01:32:32.4604473Z I0822 01:32:23.784787    4375 mockgcp_http.go:298] mockgcp request: POST https://compute.googleapis.com/compute/v1/projects/kcc-identity-platform/regions/southamerica-west1/subnetworks
2026-08-22T01:32:32.4607513Z I0822 01:32:23.785188    4375 operations.go:125] "storing operation" fqn="projects/kcc-identity-platform/regions/southamerica-west1/operations/operation-1787362343785-3c245a67-29eb-4472-b6a9-623917468e66"
2026-08-22T01:32:32.4610065Z I0822 01:32:23.785377    4375 mockgcp_http.go:327] mockgcp response: POST https://compute.googleapis.com/compute/v1/projects/kcc-identity-platform/regions/southamerica-west1/subnetworks => 200
2026-08-22T01:32:32.4612791Z I0822 01:32:23.785449    4375 mockgcp_http.go:298] mockgcp request: GET https://compute.googleapis.com/compute/v1/projects/kcc-identity-platform/regions/southamerica-west1/operations/operation-1787362343785-3c245a67-29eb-4472-b6a9-623917468e66
2026-08-22T01:32:32.4616068Z I0822 01:32:23.785777    4375 mockgcp_http.go:327] mockgcp response: GET https://compute.googleapis.com/compute/v1/projects/kcc-identity-platform/regions/southamerica-west1/operations/operation-1787362343785-3c245a67-29eb-4472-b6a9-623917468e66 => 200
2026-08-22T01:32:32.4618740Z I0822 01:32:23.785881    4375 mockgcp_http.go:298] mockgcp request: POST https://compute.googleapis.com/compute/v1/projects/kcc-identity-platform/regions/europe-west8/subnetworks
2026-08-22T01:32:32.4620996Z I0822 01:32:23.786318    4375 operations.go:125] "storing operation" fqn="projects/kcc-identity-platform/regions/europe-west8/operations/operation-1787362343786-85fc7e04-d2ae-4d3d-9066-623561560825"
2026-08-22T01:32:32.4623355Z I0822 01:32:23.786493    4375 mockgcp_http.go:327] mockgcp response: POST https://compute.googleapis.com/compute/v1/projects/kcc-identity-platform/regions/europe-west8/subnetworks => 200
2026-08-22T01:32:32.4626555Z I0822 01:32:23.786588    4375 mockgcp_http.go:298] mockgcp request: GET https://compute.googleapis.com/compute/v1/projects/kcc-identity-platform/regions/europe-west8/operations/operation-1787362343786-85fc7e04-d2ae-4d3d-9066-623561560825
2026-08-22T01:32:32.4629726Z I0822 01:32:23.786959    4375 mockgcp_http.go:327] mockgcp response: GET https://compute.googleapis.com/compute/v1/projects/kcc-identity-platform/regions/europe-west8/operations/operation-1787362343786-85fc7e04-d2ae-4d3d-9066-623561560825 => 200
2026-08-22T01:32:32.4633930Z I0822 01:32:23.787066    4375 mockgcp_http.go:298] mockgcp request: POST https://compute.googleapis.com/compute/v1/projects/kcc-identity-platform/regions/europe-west9/subnetworks
2026-08-22T01:32:32.4636789Z I0822 01:32:23.787548    4375 operations.go:125] "storing operation" fqn="projects/kcc-identity-platform/regions/europe-west9/operations/operation-1787362343787-4fc13903-4777-4d12-886e-44614fb1a034"
2026-08-22T01:32:32.4639202Z I0822 01:32:23.787740    4375 mockgcp_http.go:327] mockgcp response: POST https://compute.googleapis.com/compute/v1/projects/kcc-identity-platform/regions/europe-west9/subnetworks => 200
2026-08-22T01:32:32.4641829Z I0822 01:32:23.787832    4375 mockgcp_http.go:298] mockgcp request: GET https://compute.googleapis.com/compute/v1/projects/kcc-identity-platform/regions/europe-west9/operations/operation-1787362343787-4fc13903-4777-4d12-886e-44614fb1a034
2026-08-22T01:32:32.4645174Z I0822 01:32:23.788183    4375 mockgcp_http.go:327] mockgcp response: GET https://compute.googleapis.com/compute/v1/projects/kcc-identity-platform/regions/europe-west9/operations/operation-1787362343787-4fc13903-4777-4d12-886e-44614fb1a034 => 200
2026-08-22T01:32:32.4657684Z I0822 01:32:23.788294    4375 mockgcp_http.go:298] mockgcp request: POST https://compute.googleapis.com/compute/v1/projects/kcc-identity-platform/regions/us-east5/subnetworks
2026-08-22T01:32:32.4660181Z I0822 01:32:23.788820    4375 operations.go:125] "storing operation" fqn="projects/kcc-identity-platform/regions/us-east5/operations/operation-1787362343788-7030268b-aa90-49ed-81d3-9d10a15e671a"
2026-08-22T01:32:32.4663906Z I0822 01:32:23.788997    4375 mockgcp_http.go:327] mockgcp response: POST https://compute.googleapis.com/compute/v1/projects/kcc-identity-platform/regions/us-east5/subnetworks => 200
2026-08-22T01:32:32.4666802Z I0822 01:32:23.789084    4375 mockgcp_http.go:298] mockgcp request: GET https://compute.googleapis.com/compute/v1/projects/kcc-identity-platform/regions/us-east5/operations/operation-1787362343788-7030268b-aa90-49ed-81d3-9d10a15e671a
2026-08-22T01:32:32.4669801Z I0822 01:32:23.789426    4375 mockgcp_http.go:327] mockgcp response: GET https://compute.googleapis.com/compute/v1/projects/kcc-identity-platform/regions/us-east5/operations/operation-1787362343788-7030268b-aa90-49ed-81d3-9d10a15e671a => 200
2026-08-22T01:32:32.4672420Z I0822 01:32:23.789536    4375 mockgcp_http.go:298] mockgcp request: POST https://compute.googleapis.com/compute/v1/projects/kcc-identity-platform/regions/europe-southwest1/subnetworks
2026-08-22T01:32:32.4675116Z I0822 01:32:23.790001    4375 operations.go:125] "storing operation" fqn="projects/kcc-identity-platform/regions/europe-southwest1/operations/operation-1787362343789-74b37e46-e53a-49a5-a7b9-69c8ebf10e1a"
2026-08-22T01:32:32.4677568Z I0822 01:32:23.790215    4375 mockgcp_http.go:327] mockgcp response: POST https://compute.googleapis.com/compute/v1/projects/kcc-identity-platform/regions/europe-southwest1/subnetworks => 200
2026-08-22T01:32:32.4680209Z I0822 01:32:23.790299    4375 mockgcp_http.go:298] mockgcp request: GET https://compute.googleapis.com/compute/v1/projects/kcc-identity-platform/regions/europe-southwest1/operations/operation-1787362343789-74b37e46-e53a-49a5-a7b9-69c8ebf10e1a
2026-08-22T01:32:32.4683719Z I0822 01:32:23.790636    4375 mockgcp_http.go:327] mockgcp response: GET https://compute.googleapis.com/compute/v1/projects/kcc-identity-platform/regions/europe-southwest1/operations/operation-1787362343789-74b37e46-e53a-49a5-a7b9-69c8ebf10e1a => 200
2026-08-22T01:32:32.4686407Z I0822 01:32:23.790738    4375 mockgcp_http.go:298] mockgcp request: POST https://compute.googleapis.com/compute/v1/projects/kcc-identity-platform/regions/us-south1/subnetworks
2026-08-22T01:32:32.4688692Z I0822 01:32:23.791537    4375 operations.go:125] "storing operation" fqn="projects/kcc-identity-platform/regions/us-south1/operations/operation-1787362343791-775aaf7f-1235-4c79-80ee-d4eb45f7c510"
2026-08-22T01:32:32.4691041Z I0822 01:32:23.791736    4375 mockgcp_http.go:327] mockgcp response: POST https://compute.googleapis.com/compute/v1/projects/kcc-identity-platform/regions/us-south1/subnetworks => 200
2026-08-22T01:32:32.4694113Z I0822 01:32:23.791798    4375 mockgcp_http.go:298] mockgcp request: GET https://compute.googleapis.com/compute/v1/projects/kcc-identity-platform/regions/us-south1/operations/operation-1787362343791-775aaf7f-1235-4c79-80ee-d4eb45f7c510
2026-08-22T01:32:32.4697299Z I0822 01:32:23.792099    4375 mockgcp_http.go:327] mockgcp response: GET https://compute.googleapis.com/compute/v1/projects/kcc-identity-platform/regions/us-south1/operations/operation-1787362343791-775aaf7f-1235-4c79-80ee-d4eb45f7c510 => 200
2026-08-22T01:32:32.4699900Z I0822 01:32:23.792161    4375 mockgcp_http.go:298] mockgcp request: POST https://compute.googleapis.com/compute/v1/projects/kcc-identity-platform/regions/me-west1/subnetworks
2026-08-22T01:32:32.4702167Z I0822 01:32:23.792499    4375 operations.go:125] "storing operation" fqn="projects/kcc-identity-platform/regions/me-west1/operations/operation-1787362343792-dac6137e-4861-4e16-ad50-93c20e8fc33d"
2026-08-22T01:32:32.4704973Z I0822 01:32:23.792632    4375 mockgcp_http.go:327] mockgcp response: POST https://compute.googleapis.com/compute/v1/projects/kcc-identity-platform/regions/me-west1/subnetworks => 200
2026-08-22T01:32:32.4708070Z I0822 01:32:23.792696    4375 mockgcp_http.go:298] mockgcp request: GET https://compute.googleapis.com/compute/v1/projects/kcc-identity-platform/regions/me-west1/operations/operation-1787362343792-dac6137e-4861-4e16-ad50-93c20e8fc33d
2026-08-22T01:32:32.4711115Z I0822 01:32:23.793041    4375 mockgcp_http.go:327] mockgcp response: GET https://compute.googleapis.com/compute/v1/projects/kcc-identity-platform/regions/me-west1/operations/operation-1787362343792-dac6137e-4861-4e16-ad50-93c20e8fc33d => 200
2026-08-22T01:32:32.4714220Z I0822 01:32:23.793110    4375 mockgcp_http.go:298] mockgcp request: POST https://compute.googleapis.com/compute/v1/projects/kcc-identity-platform/regions/europe-west12/subnetworks
2026-08-22T01:32:32.4716567Z I0822 01:32:23.793449    4375 operations.go:125] "storing operation" fqn="projects/kcc-identity-platform/regions/europe-west12/operations/operation-1787362343793-04d35d80-ef80-417b-990e-5fef9b36f979"
2026-08-22T01:32:32.4718999Z I0822 01:32:23.793585    4375 mockgcp_http.go:327] mockgcp response: POST https://compute.googleapis.com/compute/v1/projects/kcc-identity-platform/regions/europe-west12/subnetworks => 200
2026-08-22T01:32:32.4721757Z I0822 01:32:23.793685    4375 mockgcp_http.go:298] mockgcp request: GET https://compute.googleapis.com/compute/v1/projects/kcc-identity-platform/regions/europe-west12/operations/operation-1787362343793-04d35d80-ef80-417b-990e-5fef9b36f979
2026-08-22T01:32:32.4725468Z I0822 01:32:23.794021    4375 mockgcp_http.go:327] mockgcp response: GET https://compute.googleapis.com/compute/v1/projects/kcc-identity-platform/regions/europe-west12/operations/operation-1787362343793-04d35d80-ef80-417b-990e-5fef9b36f979 => 200
2026-08-22T01:32:32.4728253Z I0822 01:32:23.794088    4375 mockgcp_http.go:298] mockgcp request: POST https://compute.googleapis.com/compute/v1/projects/kcc-identity-platform/regions/me-central1/subnetworks
2026-08-22T01:32:32.4730677Z I0822 01:32:23.794405    4375 operations.go:125] "storing operation" fqn="projects/kcc-identity-platform/regions/me-central1/operations/operation-1787362343794-1307dddc-6354-4aba-86d7-561f7f01441c"
2026-08-22T01:32:32.4732644Z I0822 01:32:23.794528    4375 mockgcp_http.go:327] mockgcp response: POST https://compute.googleapis.com/compute/v1/projects/kcc-identity-platform/regions/me-central1/subnetworks => 200
2026-08-22T01:32:32.4736290Z I0822 01:32:23.794600    4375 mockgcp_http.go:298] mockgcp request: GET https://compute.googleapis.com/compute/v1/projects/kcc-identity-platform/regions/me-central1/operations/operation-1787362343794-1307dddc-6354-4aba-86d7-561f7f01441c
2026-08-22T01:32:32.4739639Z I0822 01:32:23.794873    4375 mockgcp_http.go:327] mockgcp response: GET https://compute.googleapis.com/compute/v1/projects/kcc-identity-platform/regions/me-central1/operations/operation-1787362343794-1307dddc-6354-4aba-86d7-561f7f01441c => 200
2026-08-22T01:32:32.4742422Z I0822 01:32:23.794932    4375 mockgcp_http.go:298] mockgcp request: POST https://compute.googleapis.com/compute/v1/projects/kcc-identity-platform/regions/europe-west10/subnetworks
2026-08-22T01:32:32.4745224Z I0822 01:32:23.795203    4375 operations.go:125] "storing operation" fqn="projects/kcc-identity-platform/regions/europe-west10/operations/operation-1787362343795-076c16cd-fe2e-409a-98c3-c2cfdc6a0f64"
2026-08-22T01:32:32.4747728Z I0822 01:32:23.795343    4375 mockgcp_http.go:327] mockgcp response: POST https://compute.googleapis.com/compute/v1/projects/kcc-identity-platform/regions/europe-west10/subnetworks => 200
2026-08-22T01:32:32.4751119Z I0822 01:32:23.795416    4375 mockgcp_http.go:298] mockgcp request: GET https://compute.googleapis.com/compute/v1/projects/kcc-identity-platform/regions/europe-west10/operations/operation-1787362343795-076c16cd-fe2e-409a-98c3-c2cfdc6a0f64
2026-08-22T01:32:32.4754918Z I0822 01:32:23.795732    4375 mockgcp_http.go:327] mockgcp response: GET https://compute.googleapis.com/compute/v1/projects/kcc-identity-platform/regions/europe-west10/operations/operation-1787362343795-076c16cd-fe2e-409a-98c3-c2cfdc6a0f64 => 200
2026-08-22T01:32:32.4757628Z I0822 01:32:23.795793    4375 mockgcp_http.go:298] mockgcp request: POST https://compute.googleapis.com/compute/v1/projects/kcc-identity-platform/regions/africa-south1/subnetworks
2026-08-22T01:32:32.4760663Z I0822 01:32:23.796057    4375 operations.go:125] "storing operation" fqn="projects/kcc-identity-platform/regions/africa-south1/operations/operation-1787362343796-e8ce22da-2a71-4354-86b0-5d5eb72c2986"
2026-08-22T01:32:32.4763576Z I0822 01:32:23.796183    4375 mockgcp_http.go:327] mockgcp response: POST https://compute.googleapis.com/compute/v1/projects/kcc-identity-platform/regions/africa-south1/subnetworks => 200
2026-08-22T01:32:32.4766323Z I0822 01:32:23.796228    4375 mockgcp_http.go:298] mockgcp request: GET https://compute.googleapis.com/compute/v1/projects/kcc-identity-platform/regions/africa-south1/operations/operation-1787362343796-e8ce22da-2a71-4354-86b0-5d5eb72c2986
2026-08-22T01:32:32.4769446Z I0822 01:32:23.796569    4375 mockgcp_http.go:327] mockgcp response: GET https://compute.googleapis.com/compute/v1/projects/kcc-identity-platform/regions/africa-south1/operations/operation-1787362343796-e8ce22da-2a71-4354-86b0-5d5eb72c2986 => 200
2026-08-22T01:32:32.4772251Z I0822 01:32:23.796613    4375 mockgcp_http.go:298] mockgcp request: POST https://compute.googleapis.com/compute/v1/projects/kcc-identity-platform/regions/northamerica-south1/subnetworks
2026-08-22T01:32:32.4775047Z I0822 01:32:23.796880    4375 operations.go:125] "storing operation" fqn="projects/kcc-identity-platform/regions/northamerica-south1/operations/operation-1787362343796-16032229-bf91-4eed-9b0a-5b1c358849eb"
2026-08-22T01:32:32.4778879Z I0822 01:32:23.797006    4375 mockgcp_http.go:327] mockgcp response: POST https://compute.googleapis.com/compute/v1/projects/kcc-identity-platform/regions/northamerica-south1/subnetworks => 200
2026-08-22T01:32:32.4781680Z I0822 01:32:23.797047    4375 mockgcp_http.go:298] mockgcp request: GET https://compute.googleapis.com/compute/v1/projects/kcc-identity-platform/regions/northamerica-south1/operations/operation-1787362343796-16032229-bf91-4eed-9b0a-5b1c358849eb
2026-08-22T01:32:32.4785050Z I0822 01:32:23.797327    4375 mockgcp_http.go:327] mockgcp response: GET https://compute.googleapis.com/compute/v1/projects/kcc-identity-platform/regions/northamerica-south1/operations/operation-1787362343796-16032229-bf91-4eed-9b0a-5b1c358849eb => 200
2026-08-22T01:32:32.4787775Z I0822 01:32:23.797410    4375 mockgcp_http.go:298] mockgcp request: POST https://compute.googleapis.com/compute/v1/projects/kcc-identity-platform/regions/europe-north2/subnetworks
2026-08-22T01:32:32.4790059Z I0822 01:32:23.797695    4375 operations.go:125] "storing operation" fqn="projects/kcc-identity-platform/regions/europe-north2/operations/operation-1787362343797-1f12fbb0-0714-4dfe-b914-26d11759c995"
2026-08-22T01:32:32.4792394Z I0822 01:32:23.797812    4375 mockgcp_http.go:327] mockgcp response: POST https://compute.googleapis.com/compute/v1/projects/kcc-identity-platform/regions/europe-north2/subnetworks => 200
2026-08-22T01:32:32.4795957Z I0822 01:32:23.797877    4375 mockgcp_http.go:298] mockgcp request: GET https://compute.googleapis.com/compute/v1/projects/kcc-identity-platform/regions/europe-north2/operations/operation-1787362343797-1f12fbb0-0714-4dfe-b914-26d11759c995
2026-08-22T01:32:32.4799966Z I0822 01:32:23.798199    4375 mockgcp_http.go:327] mockgcp response: GET https://compute.googleapis.com/compute/v1/projects/kcc-identity-platform/regions/europe-north2/operations/operation-1787362343797-1f12fbb0-0714-4dfe-b914-26d11759c995 => 200
2026-08-22T01:32:32.4802654Z I0822 01:32:23.798298    4375 mockgcp_http.go:298] mockgcp request: POST https://compute.googleapis.com/compute/v1/projects/kcc-identity-platform/global/routes
2026-08-22T01:32:32.4807253Z I0822 01:32:23.798723    4375 operations.go:125] "storing operation" fqn="projects/kcc-identity-platform/global/operations/operation-1787362343798-72a72623-98c8-4148-a2d5-79d76c65d933"
2026-08-22T01:32:32.4809646Z I0822 01:32:23.798844    4375 mockgcp_http.go:327] mockgcp response: POST https://compute.googleapis.com/compute/v1/projects/kcc-identity-platform/global/routes => 200
2026-08-22T01:32:32.4813040Z I0822 01:32:23.798897    4375 mockgcp_http.go:298] mockgcp request: GET https://compute.googleapis.com/compute/v1/projects/kcc-identity-platform/global/operations/operation-1787362343798-72a72623-98c8-4148-a2d5-79d76c65d933
2026-08-22T01:32:32.4816699Z I0822 01:32:23.799109    4375 mockgcp_http.go:327] mockgcp response: GET https://compute.googleapis.com/compute/v1/projects/kcc-identity-platform/global/operations/operation-1787362343798-72a72623-98c8-4148-a2d5-79d76c65d933 => 200
2026-08-22T01:32:32.4819205Z I0822 01:32:23.799169    4375 mockgcp_http.go:298] mockgcp request: GET https://compute.googleapis.com/compute/v1/projects/kcc-identity-platform/aggregated/subnetworks
2026-08-22T01:32:32.4821282Z I0822 01:32:23.801211    4375 mockgcp_http.go:327] mockgcp response: GET https://compute.googleapis.com/compute/v1/projects/kcc-identity-platform/aggregated/subnetworks => 200
2026-08-22T01:32:32.4824977Z I0822 01:32:23.802539    4375 mockgcp_http.go:298] mockgcp request: POST https://compute.googleapis.com/compute/v1/projects/kcc-identity-platform/global/routes
2026-08-22T01:32:32.4827176Z I0822 01:32:23.802879    4375 operations.go:125] "storing operation" fqn="projects/kcc-identity-platform/global/operations/operation-1787362343802-6db4552e-8ef9-4c3d-b3d7-a2a5df3d52c8"
2026-08-22T01:32:32.4831280Z I0822 01:32:23.803008    4375 mockgcp_http.go:327] mockgcp response: POST https://compute.googleapis.com/compute/v1/projects/kcc-identity-platform/global/routes => 200
2026-08-22T01:32:32.4834225Z I0822 01:32:23.803061    4375 mockgcp_http.go:298] mockgcp request: GET https://compute.googleapis.com/compute/v1/projects/kcc-identity-platform/global/operations/operation-1787362343802-6db4552e-8ef9-4c3d-b3d7-a2a5df3d52c8
2026-08-22T01:32:32.4838606Z I0822 01:32:23.803347    4375 mockgcp_http.go:327] mockgcp response: GET https://compute.googleapis.com/compute/v1/projects/kcc-identity-platform/global/operations/operation-1787362343802-6db4552e-8ef9-4c3d-b3d7-a2a5df3d52c8 => 200
2026-08-22T01:32:32.4841051Z I0822 01:32:23.803432    4375 mockgcp_http.go:298] mockgcp request: POST https://compute.googleapis.com/compute/v1/projects/kcc-identity-platform/global/routes
2026-08-22T01:32:32.4843165Z I0822 01:32:23.803722    4375 operations.go:125] "storing operation" fqn="projects/kcc-identity-platform/global/operations/operation-1787362343803-25b0f38c-6c54-4345-a752-9df537874ace"
2026-08-22T01:32:32.4845924Z I0822 01:32:23.803884    4375 mockgcp_http.go:327] mockgcp response: POST https://compute.googleapis.com/compute/v1/projects/kcc-identity-platform/global/routes => 200
2026-08-22T01:32:32.4848365Z I0822 01:32:23.803952    4375 mockgcp_http.go:298] mockgcp request: GET https://compute.googleapis.com/compute/v1/projects/kcc-identity-platform/global/operations/operation-1787362343803-25b0f38c-6c54-4345-a752-9df537874ace
2026-08-22T01:32:32.4851207Z I0822 01:32:23.804253    4375 mockgcp_http.go:327] mockgcp response: GET https://compute.googleapis.com/compute/v1/projects/kcc-identity-platform/global/operations/operation-1787362343803-25b0f38c-6c54-4345-a752-9df537874ace => 200
2026-08-22T01:32:32.4853849Z I0822 01:32:23.804333    4375 mockgcp_http.go:298] mockgcp request: POST https://compute.googleapis.com/compute/v1/projects/kcc-identity-platform/global/routes
2026-08-22T01:32:32.4857561Z I0822 01:32:23.804666    4375 operations.go:125] "storing operation" fqn="projects/kcc-identity-platform/global/operations/operation-1787362343804-5ffd146d-c15d-44b5-b6f8-0093d701928e"
2026-08-22T01:32:32.4859733Z I0822 01:32:23.804802    4375 mockgcp_http.go:327] mockgcp response: POST https://compute.googleapis.com/compute/v1/projects/kcc-identity-platform/global/routes => 200
2026-08-22T01:32:32.4862391Z I0822 01:32:23.804863    4375 mockgcp_http.go:298] mockgcp request: GET https://compute.googleapis.com/compute/v1/projects/kcc-identity-platform/global/operations/operation-1787362343804-5ffd146d-c15d-44b5-b6f8-0093d701928e
2026-08-22T01:32:32.4865371Z I0822 01:32:23.805162    4375 mockgcp_http.go:327] mockgcp response: GET https://compute.googleapis.com/compute/v1/projects/kcc-identity-platform/global/operations/operation-1787362343804-5ffd146d-c15d-44b5-b6f8-0093d701928e => 200
2026-08-22T01:32:32.4868311Z I0822 01:32:23.805230    4375 mockgcp_http.go:298] mockgcp request: POST https://compute.googleapis.com/compute/v1/projects/kcc-identity-platform/global/routes
2026-08-22T01:32:32.4870553Z I0822 01:32:23.805551    4375 operations.go:125] "storing operation" fqn="projects/kcc-identity-platform/global/operations/operation-1787362343805-da2ff4f4-d9f0-4ddd-b270-308668b35461"
2026-08-22T01:32:32.4872688Z I0822 01:32:23.805658    4375 mockgcp_http.go:327] mockgcp response: POST https://compute.googleapis.com/compute/v1/projects/kcc-identity-platform/global/routes => 200
2026-08-22T01:32:32.4875294Z I0822 01:32:23.805707    4375 mockgcp_http.go:298] mockgcp request: GET https://compute.googleapis.com/compute/v1/projects/kcc-identity-platform/global/operations/operation-1787362343805-da2ff4f4-d9f0-4ddd-b270-308668b35461
2026-08-22T01:32:32.4878152Z I0822 01:32:23.805977    4375 mockgcp_http.go:327] mockgcp response: GET https://compute.googleapis.com/compute/v1/projects/kcc-identity-platform/global/operations/operation-1787362343805-da2ff4f4-d9f0-4ddd-b270-308668b35461 => 200
2026-08-22T01:32:32.4880504Z I0822 01:32:23.806044    4375 mockgcp_http.go:298] mockgcp request: POST https://compute.googleapis.com/compute/v1/projects/kcc-identity-platform/global/routes
2026-08-22T01:32:32.4882589Z I0822 01:32:23.806313    4375 operations.go:125] "storing operation" fqn="projects/kcc-identity-platform/global/operations/operation-1787362343806-6563a71e-8800-496e-b381-2bac905bafc9"
2026-08-22T01:32:32.4884849Z I0822 01:32:23.806439    4375 mockgcp_http.go:327] mockgcp response: POST https://compute.googleapis.com/compute/v1/projects/kcc-identity-platform/global/routes => 200
2026-08-22T01:32:32.4887180Z I0822 01:32:23.806478    4375 mockgcp_http.go:298] mockgcp request: GET https://compute.googleapis.com/compute/v1/projects/kcc-identity-platform/global/operations/operation-1787362343806-6563a71e-8800-496e-b381-2bac905bafc9
2026-08-22T01:32:32.4889960Z I0822 01:32:23.806783    4375 mockgcp_http.go:327] mockgcp response: GET https://compute.googleapis.com/compute/v1/projects/kcc-identity-platform/global/operations/operation-1787362343806-6563a71e-8800-496e-b381-2bac905bafc9 => 200
2026-08-22T01:32:32.4892315Z I0822 01:32:23.806854    4375 mockgcp_http.go:298] mockgcp request: POST https://compute.googleapis.com/compute/v1/projects/kcc-identity-platform/global/routes
2026-08-22T01:32:32.4894556Z I0822 01:32:23.807150    4375 operations.go:125] "storing operation" fqn="projects/kcc-identity-platform/global/operations/operation-1787362343807-25e0c2ef-91a6-4790-ac09-d2313361e001"
2026-08-22T01:32:32.4896662Z I0822 01:32:23.807255    4375 mockgcp_http.go:327] mockgcp response: POST https://compute.googleapis.com/compute/v1/projects/kcc-identity-platform/global/routes => 200
2026-08-22T01:32:32.4899076Z I0822 01:32:23.807328    4375 mockgcp_http.go:298] mockgcp request: GET https://compute.googleapis.com/compute/v1/projects/kcc-identity-platform/global/operations/operation-1787362343807-25e0c2ef-91a6-4790-ac09-d2313361e001
2026-08-22T01:32:32.4901939Z I0822 01:32:23.807582    4375 mockgcp_http.go:327] mockgcp response: GET https://compute.googleapis.com/compute/v1/projects/kcc-identity-platform/global/operations/operation-1787362343807-25e0c2ef-91a6-4790-ac09-d2313361e001 => 200
2026-08-22T01:32:32.4904580Z I0822 01:32:23.807639    4375 mockgcp_http.go:298] mockgcp request: POST https://compute.googleapis.com/compute/v1/projects/kcc-identity-platform/global/routes
2026-08-22T01:32:32.4907006Z I0822 01:32:23.807948    4375 operations.go:125] "storing operation" fqn="projects/kcc-identity-platform/global/operations/operation-1787362343807-dd85c985-0108-4090-b7e1-d76b8c0a5d2b"
2026-08-22T01:32:32.4909462Z I0822 01:32:23.808059    4375 mockgcp_http.go:327] mockgcp response: POST https://compute.googleapis.com/compute/v1/projects/kcc-identity-platform/global/routes => 200
2026-08-22T01:32:32.4911960Z I0822 01:32:23.808109    4375 mockgcp_http.go:298] mockgcp request: GET https://compute.googleapis.com/compute/v1/projects/kcc-identity-platform/global/operations/operation-1787362343807-dd85c985-0108-4090-b7e1-d76b8c0a5d2b
2026-08-22T01:32:32.4915154Z I0822 01:32:23.808429    4375 mockgcp_http.go:327] mockgcp response: GET https://compute.googleapis.com/compute/v1/projects/kcc-identity-platform/global/operations/operation-1787362343807-dd85c985-0108-4090-b7e1-d76b8c0a5d2b => 200
2026-08-22T01:32:32.4917608Z I0822 01:32:23.808488    4375 mockgcp_http.go:298] mockgcp request: POST https://compute.googleapis.com/compute/v1/projects/kcc-identity-platform/global/routes
2026-08-22T01:32:32.4920048Z I0822 01:32:23.808758    4375 operations.go:125] "storing operation" fqn="projects/kcc-identity-platform/global/operations/operation-1787362343808-4b13fe8a-991d-4bde-8889-7f47abe88b7f"
2026-08-22T01:32:32.4922205Z I0822 01:32:23.808890    4375 mockgcp_http.go:327] mockgcp response: POST https://compute.googleapis.com/compute/v1/projects/kcc-identity-platform/global/routes => 200
2026-08-22T01:32:32.4925147Z I0822 01:32:23.808941    4375 mockgcp_http.go:298] mockgcp request: GET https://compute.googleapis.com/compute/v1/projects/kcc-identity-platform/global/operations/operation-1787362343808-4b13fe8a-991d-4bde-8889-7f47abe88b7f
2026-08-22T01:32:32.4927865Z I0822 01:32:23.809206    4375 mockgcp_http.go:327] mockgcp response: GET https://compute.googleapis.com/compute/v1/projects/kcc-identity-platform/global/operations/operation-1787362343808-4b13fe8a-991d-4bde-8889-7f47abe88b7f => 200
2026-08-22T01:32:32.4930806Z I0822 01:32:23.809273    4375 mockgcp_http.go:298] mockgcp request: POST https://compute.googleapis.com/compute/v1/projects/kcc-identity-platform/global/routes
2026-08-22T01:32:32.4932815Z I0822 01:32:23.809609    4375 operations.go:125] "storing operation" fqn="projects/kcc-identity-platform/global/operations/operation-1787362343809-e3eb7623-2ea7-4a9d-8c35-50b61a97f832"
2026-08-22T01:32:32.4935059Z I0822 01:32:23.809732    4375 mockgcp_http.go:327] mockgcp response: POST https://compute.googleapis.com/compute/v1/projects/kcc-identity-platform/global/routes => 200
2026-08-22T01:32:32.4937379Z I0822 01:32:23.809780    4375 mockgcp_http.go:298] mockgcp request: GET https://compute.googleapis.com/compute/v1/projects/kcc-identity-platform/global/operations/operation-1787362343809-e3eb7623-2ea7-4a9d-8c35-50b61a97f832
2026-08-22T01:32:32.4940463Z I0822 01:32:23.810054    4375 mockgcp_http.go:327] mockgcp response: GET https://compute.googleapis.com/compute/v1/projects/kcc-identity-platform/global/operations/operation-1787362343809-e3eb7623-2ea7-4a9d-8c35-50b61a97f832 => 200
2026-08-22T01:32:32.4942745Z I0822 01:32:23.810109    4375 mockgcp_http.go:298] mockgcp request: POST https://compute.googleapis.com/compute/v1/projects/kcc-identity-platform/global/routes
2026-08-22T01:32:32.4945057Z I0822 01:32:23.810369    4375 operations.go:125] "storing operation" fqn="projects/kcc-identity-platform/global/operations/operation-1787362343810-dfecd917-6f45-40ed-9d6f-4d9539831513"
2026-08-22T01:32:32.4947580Z I0822 01:32:23.810486    4375 mockgcp_http.go:327] mockgcp response: POST https://compute.googleapis.com/compute/v1/projects/kcc-identity-platform/global/routes => 200
2026-08-22T01:32:32.4950063Z I0822 01:32:23.810535    4375 mockgcp_http.go:298] mockgcp request: GET https://compute.googleapis.com/compute/v1/projects/kcc-identity-platform/global/operations/operation-1787362343810-dfecd917-6f45-40ed-9d6f-4d9539831513
2026-08-22T01:32:32.4953096Z I0822 01:32:23.810817    4375 mockgcp_http.go:327] mockgcp response: GET https://compute.googleapis.com/compute/v1/projects/kcc-identity-platform/global/operations/operation-1787362343810-dfecd917-6f45-40ed-9d6f-4d9539831513 => 200
2026-08-22T01:32:32.4956177Z I0822 01:32:23.810860    4375 mockgcp_http.go:298] mockgcp request: POST https://compute.googleapis.com/compute/v1/projects/kcc-identity-platform/global/routes
2026-08-22T01:32:32.4958958Z I0822 01:32:23.811206    4375 operations.go:125] "storing operation" fqn="projects/kcc-identity-platform/global/operations/operation-1787362343811-6db2e51c-ce6e-4da7-9bcd-65cacae06140"
2026-08-22T01:32:32.4961920Z I0822 01:32:23.811312    4375 mockgcp_http.go:327] mockgcp response: POST https://compute.googleapis.com/compute/v1/projects/kcc-identity-platform/global/routes => 200
2026-08-22T01:32:32.4965034Z I0822 01:32:23.811388    4375 mockgcp_http.go:298] mockgcp request: GET https://compute.googleapis.com/compute/v1/projects/kcc-identity-platform/global/operations/operation-1787362343811-6db2e51c-ce6e-4da7-9bcd-65cacae06140
2026-08-22T01:32:32.4969407Z I0822 01:32:23.811655    4375 mockgcp_http.go:327] mockgcp response: GET https://compute.googleapis.com/compute/v1/projects/kcc-identity-platform/global/operations/operation-1787362343811-6db2e51c-ce6e-4da7-9bcd-65cacae06140 => 200
2026-08-22T01:32:32.4972343Z I0822 01:32:23.811716    4375 mockgcp_http.go:298] mockgcp request: POST https://compute.googleapis.com/compute/v1/projects/kcc-identity-platform/global/routes
2026-08-22T01:32:32.4975545Z I0822 01:32:23.812006    4375 operations.go:125] "storing operation" fqn="projects/kcc-identity-platform/global/operations/operation-1787362343811-70abf2cc-3e4e-4801-aaaf-1311fba5def5"
2026-08-22T01:32:32.4977856Z I0822 01:32:23.812140    4375 mockgcp_http.go:327] mockgcp response: POST https://compute.googleapis.com/compute/v1/projects/kcc-identity-platform/global/routes => 200
2026-08-22T01:32:32.4980268Z I0822 01:32:23.812195    4375 mockgcp_http.go:298] mockgcp request: GET https://compute.googleapis.com/compute/v1/projects/kcc-identity-platform/global/operations/operation-1787362343811-70abf2cc-3e4e-4801-aaaf-1311fba5def5
2026-08-22T01:32:32.4983131Z I0822 01:32:23.812509    4375 mockgcp_http.go:327] mockgcp response: GET https://compute.googleapis.com/compute/v1/projects/kcc-identity-platform/global/operations/operation-1787362343811-70abf2cc-3e4e-4801-aaaf-1311fba5def5 => 200
2026-08-22T01:32:32.4985791Z I0822 01:32:23.812569    4375 mockgcp_http.go:298] mockgcp request: POST https://compute.googleapis.com/compute/v1/projects/kcc-identity-platform/global/routes
2026-08-22T01:32:32.4987948Z I0822 01:32:23.812948    4375 operations.go:125] "storing operation" fqn="projects/kcc-identity-platform/global/operations/operation-1787362343812-2aaa3bd2-0ad2-4040-8e21-e2c32119451d"
2026-08-22T01:32:32.4990083Z I0822 01:32:23.813612    4375 mockgcp_http.go:327] mockgcp response: POST https://compute.googleapis.com/compute/v1/projects/kcc-identity-platform/global/routes => 200
2026-08-22T01:32:32.4993088Z I0822 01:32:23.813667    4375 mockgcp_http.go:298] mockgcp request: GET https://compute.googleapis.com/compute/v1/projects/kcc-identity-platform/global/operations/operation-1787362343812-2aaa3bd2-0ad2-4040-8e21-e2c32119451d
2026-08-22T01:32:32.4996185Z I0822 01:32:23.814216    4375 mockgcp_http.go:327] mockgcp response: GET https://compute.googleapis.com/compute/v1/projects/kcc-identity-platform/global/operations/operation-1787362343812-2aaa3bd2-0ad2-4040-8e21-e2c32119451d => 200
2026-08-22T01:32:32.4998566Z I0822 01:32:23.814422    4375 mockgcp_http.go:298] mockgcp request: POST https://compute.googleapis.com/compute/v1/projects/kcc-identity-platform/global/routes
2026-08-22T01:32:32.5001031Z I0822 01:32:23.814987    4375 operations.go:125] "storing operation" fqn="projects/kcc-identity-platform/global/operations/operation-1787362343814-96016b4f-c764-4239-a0e4-d9d4b2ac9fb6"
2026-08-22T01:32:32.5004203Z I0822 01:32:23.815193    4375 mockgcp_http.go:327] mockgcp response: POST https://compute.googleapis.com/compute/v1/projects/kcc-identity-platform/global/routes => 200
2026-08-22T01:32:32.5007528Z I0822 01:32:23.815250    4375 mockgcp_http.go:298] mockgcp request: GET https://compute.googleapis.com/compute/v1/projects/kcc-identity-platform/global/operations/operation-1787362343814-96016b4f-c764-4239-a0e4-d9d4b2ac9fb6
2026-08-22T01:32:32.5011308Z I0822 01:32:23.815542    4375 mockgcp_http.go:327] mockgcp response: GET https://compute.googleapis.com/compute/v1/projects/kcc-identity-platform/global/operations/operation-1787362343814-96016b4f-c764-4239-a0e4-d9d4b2ac9fb6 => 200
2026-08-22T01:32:32.5014180Z I0822 01:32:23.815612    4375 mockgcp_http.go:298] mockgcp request: POST https://compute.googleapis.com/compute/v1/projects/kcc-identity-platform/global/routes
2026-08-22T01:32:32.5017314Z I0822 01:32:23.815918    4375 operations.go:125] "storing operation" fqn="projects/kcc-identity-platform/global/operations/operation-1787362343815-48c850d9-cbb9-4a02-a623-4464a5cabae5"
2026-08-22T01:32:32.5020588Z I0822 01:32:23.816035    4375 mockgcp_http.go:327] mockgcp response: POST https://compute.googleapis.com/compute/v1/projects/kcc-identity-platform/global/routes => 200
2026-08-22T01:32:32.5022998Z I0822 01:32:23.816095    4375 mockgcp_http.go:298] mockgcp request: GET https://compute.googleapis.com/compute/v1/projects/kcc-identity-platform/global/operations/operation-1787362343815-48c850d9-cbb9-4a02-a623-4464a5cabae5
2026-08-22T01:32:32.5026123Z I0822 01:32:23.816390    4375 mockgcp_http.go:327] mockgcp response: GET https://compute.googleapis.com/compute/v1/projects/kcc-identity-platform/global/operations/operation-1787362343815-48c850d9-cbb9-4a02-a623-4464a5cabae5 => 200
2026-08-22T01:32:32.5028550Z I0822 01:32:23.816500    4375 mockgcp_http.go:298] mockgcp request: POST https://compute.googleapis.com/compute/v1/projects/kcc-identity-platform/global/routes
2026-08-22T01:32:32.5030768Z I0822 01:32:23.816883    4375 operations.go:125] "storing operation" fqn="projects/kcc-identity-platform/global/operations/operation-1787362343816-266155ee-80f2-461d-b2f5-c3e4a168a372"
2026-08-22T01:32:32.5033043Z I0822 01:32:23.817008    4375 mockgcp_http.go:327] mockgcp response: POST https://compute.googleapis.com/compute/v1/projects/kcc-identity-platform/global/routes => 200
2026-08-22T01:32:32.5037006Z I0822 01:32:23.817059    4375 mockgcp_http.go:298] mockgcp request: GET https://compute.googleapis.com/compute/v1/projects/kcc-identity-platform/global/operations/operation-1787362343816-266155ee-80f2-461d-b2f5-c3e4a168a372
2026-08-22T01:32:32.5040475Z I0822 01:32:23.817385    4375 mockgcp_http.go:327] mockgcp response: GET https://compute.googleapis.com/compute/v1/projects/kcc-identity-platform/global/operations/operation-1787362343816-266155ee-80f2-461d-b2f5-c3e4a168a372 => 200
2026-08-22T01:32:32.5043778Z I0822 01:32:23.817449    4375 mockgcp_http.go:298] mockgcp request: POST https://compute.googleapis.com/compute/v1/projects/kcc-identity-platform/global/routes
2026-08-22T01:32:32.5046323Z I0822 01:32:23.817736    4375 operations.go:125] "storing operation" fqn="projects/kcc-identity-platform/global/operations/operation-1787362343817-5194e15f-7982-4947-a915-16bdfee7095c"
2026-08-22T01:32:32.5048852Z I0822 01:32:23.817856    4375 mockgcp_http.go:327] mockgcp response: POST https://compute.googleapis.com/compute/v1/projects/kcc-identity-platform/global/routes => 200
2026-08-22T01:32:32.5051577Z I0822 01:32:23.817912    4375 mockgcp_http.go:298] mockgcp request: GET https://compute.googleapis.com/compute/v1/projects/kcc-identity-platform/global/operations/operation-1787362343817-5194e15f-7982-4947-a915-16bdfee7095c
2026-08-22T01:32:32.5055236Z I0822 01:32:23.818241    4375 mockgcp_http.go:327] mockgcp response: GET https://compute.googleapis.com/compute/v1/projects/kcc-identity-platform/global/operations/operation-1787362343817-5194e15f-7982-4947-a915-16bdfee7095c => 200
2026-08-22T01:32:32.5058219Z I0822 01:32:23.818295    4375 mockgcp_http.go:298] mockgcp request: POST https://compute.googleapis.com/compute/v1/projects/kcc-identity-platform/global/routes
2026-08-22T01:32:32.5061083Z I0822 01:32:23.818719    4375 operations.go:125] "storing operation" fqn="projects/kcc-identity-platform/global/operations/operation-1787362343818-5fdc23c5-e9cf-4870-8a60-13410c9fdad3"
2026-08-22T01:32:32.5064155Z I0822 01:32:23.818923    4375 mockgcp_http.go:327] mockgcp response: POST https://compute.googleapis.com/compute/v1/projects/kcc-identity-platform/global/routes => 200
2026-08-22T01:32:32.5067101Z I0822 01:32:23.818995    4375 mockgcp_http.go:298] mockgcp request: GET https://compute.googleapis.com/compute/v1/projects/kcc-identity-platform/global/operations/operation-1787362343818-5fdc23c5-e9cf-4870-8a60-13410c9fdad3
2026-08-22T01:32:32.5070737Z I0822 01:32:23.819464    4375 mockgcp_http.go:327] mockgcp response: GET https://compute.googleapis.com/compute/v1/projects/kcc-identity-platform/global/operations/operation-1787362343818-5fdc23c5-e9cf-4870-8a60-13410c9fdad3 => 200
2026-08-22T01:32:32.5073993Z I0822 01:32:23.819568    4375 mockgcp_http.go:298] mockgcp request: POST https://compute.googleapis.com/compute/v1/projects/kcc-identity-platform/global/routes
2026-08-22T01:32:32.5076604Z I0822 01:32:23.819958    4375 operations.go:125] "storing operation" fqn="projects/kcc-identity-platform/global/operations/operation-1787362343819-1b23d54a-8529-4096-9108-1604eeacd198"
2026-08-22T01:32:32.5079481Z I0822 01:32:23.820066    4375 mockgcp_http.go:327] mockgcp response: POST https://compute.googleapis.com/compute/v1/projects/kcc-identity-platform/global/routes => 200
2026-08-22T01:32:32.5082217Z I0822 01:32:23.820137    4375 mockgcp_http.go:298] mockgcp request: GET https://compute.googleapis.com/compute/v1/projects/kcc-identity-platform/global/operations/operation-1787362343819-1b23d54a-8529-4096-9108-1604eeacd198
2026-08-22T01:32:32.5085902Z I0822 01:32:23.820431    4375 mockgcp_http.go:327] mockgcp response: GET https://compute.googleapis.com/compute/v1/projects/kcc-identity-platform/global/operations/operation-1787362343819-1b23d54a-8529-4096-9108-1604eeacd198 => 200
2026-08-22T01:32:32.5089128Z I0822 01:32:23.820500    4375 mockgcp_http.go:298] mockgcp request: POST https://compute.googleapis.com/compute/v1/projects/kcc-identity-platform/global/routes
2026-08-22T01:32:32.5091961Z I0822 01:32:23.820808    4375 operations.go:125] "storing operation" fqn="projects/kcc-identity-platform/global/operations/operation-1787362343820-bfe1992f-0463-479c-b00c-ec370a8e6d14"
2026-08-22T01:32:32.5094395Z I0822 01:32:23.820918    4375 mockgcp_http.go:327] mockgcp response: POST https://compute.googleapis.com/compute/v1/projects/kcc-identity-platform/global/routes => 200
2026-08-22T01:32:32.5097237Z I0822 01:32:23.820990    4375 mockgcp_http.go:298] mockgcp request: GET https://compute.googleapis.com/compute/v1/projects/kcc-identity-platform/global/operations/operation-1787362343820-bfe1992f-0463-479c-b00c-ec370a8e6d14
2026-08-22T01:32:32.5100214Z I0822 01:32:23.821316    4375 mockgcp_http.go:327] mockgcp response: GET https://compute.googleapis.com/compute/v1/projects/kcc-identity-platform/global/operations/operation-1787362343820-bfe1992f-0463-479c-b00c-ec370a8e6d14 => 200
2026-08-22T01:32:32.5102702Z I0822 01:32:23.821408    4375 mockgcp_http.go:298] mockgcp request: POST https://compute.googleapis.com/compute/v1/projects/kcc-identity-platform/global/routes
2026-08-22T01:32:32.5105306Z I0822 01:32:23.821791    4375 operations.go:125] "storing operation" fqn="projects/kcc-identity-platform/global/operations/operation-1787362343821-e31a0b8e-b9d4-47ad-9f8c-ee7c6eec816a"
2026-08-22T01:32:32.5108242Z I0822 01:32:23.821899    4375 mockgcp_http.go:327] mockgcp response: POST https://compute.googleapis.com/compute/v1/projects/kcc-identity-platform/global/routes => 200
2026-08-22T01:32:32.5111954Z I0822 01:32:23.821949    4375 mockgcp_http.go:298] mockgcp request: GET https://compute.googleapis.com/compute/v1/projects/kcc-identity-platform/global/operations/operation-1787362343821-e31a0b8e-b9d4-47ad-9f8c-ee7c6eec816a
2026-08-22T01:32:32.5115144Z I0822 01:32:23.822244    4375 mockgcp_http.go:327] mockgcp response: GET https://compute.googleapis.com/compute/v1/projects/kcc-identity-platform/global/operations/operation-1787362343821-e31a0b8e-b9d4-47ad-9f8c-ee7c6eec816a => 200
2026-08-22T01:32:32.5119291Z I0822 01:32:23.822321    4375 mockgcp_http.go:298] mockgcp request: POST https://compute.googleapis.com/compute/v1/projects/kcc-identity-platform/global/routes
2026-08-22T01:32:32.5125417Z I0822 01:32:23.822678    4375 operations.go:125] "storing operation" fqn="projects/kcc-identity-platform/global/operations/operation-1787362343822-c12d7876-75c9-40a9-8bd8-6fd80cc8cf1c"
2026-08-22T01:32:32.5128410Z I0822 01:32:23.822825    4375 mockgcp_http.go:327] mockgcp response: POST https://compute.googleapis.com/compute/v1/projects/kcc-identity-platform/global/routes => 200
2026-08-22T01:32:32.5132069Z I0822 01:32:23.822924    4375 mockgcp_http.go:298] mockgcp request: GET https://compute.googleapis.com/compute/v1/projects/kcc-identity-platform/global/operations/operation-1787362343822-c12d7876-75c9-40a9-8bd8-6fd80cc8cf1c
2026-08-22T01:32:32.5136520Z I0822 01:32:23.823191    4375 mockgcp_http.go:327] mockgcp response: GET https://compute.googleapis.com/compute/v1/projects/kcc-identity-platform/global/operations/operation-1787362343822-c12d7876-75c9-40a9-8bd8-6fd80cc8cf1c => 200
2026-08-22T01:32:32.5139422Z I0822 01:32:23.823257    4375 mockgcp_http.go:298] mockgcp request: POST https://compute.googleapis.com/compute/v1/projects/kcc-identity-platform/global/routes
2026-08-22T01:32:32.5140943Z I0822 01:32:23.823640    4375 operations.go:125] "storing operation" fqn="projects/kcc-identity-platform/global/operations/operation-1787362343823-cd35f6c3-76b5-4647-b71f-dc17c7acd65c"
2026-08-22T01:32:32.5142820Z I0822 01:32:23.823757    4375 mockgcp_http.go:327] mockgcp response: POST https://compute.googleapis.com/compute/v1/projects/kcc-identity-platform/global/routes => 200
2026-08-22T01:32:32.5144756Z I0822 01:32:23.823857    4375 mockgcp_http.go:298] mockgcp request: GET https://compute.googleapis.com/compute/v1/projects/kcc-identity-platform/global/operations/operation-1787362343823-cd35f6c3-76b5-4647-b71f-dc17c7acd65c
2026-08-22T01:32:32.5146626Z I0822 01:32:23.824206    4375 mockgcp_http.go:327] mockgcp response: GET https://compute.googleapis.com/compute/v1/projects/kcc-identity-platform/global/operations/operation-1787362343823-cd35f6c3-76b5-4647-b71f-dc17c7acd65c => 200
2026-08-22T01:32:32.5150760Z I0822 01:32:23.824283    4375 mockgcp_http.go:298] mockgcp request: POST https://compute.googleapis.com/compute/v1/projects/kcc-identity-platform/global/routes
2026-08-22T01:32:32.5152940Z I0822 01:32:23.824597    4375 operations.go:125] "storing operation" fqn="projects/kcc-identity-platform/global/operations/operation-1787362343824-f51dde6b-85dc-4cac-8f46-055361ee8e86"
2026-08-22T01:32:32.5155480Z I0822 01:32:23.824693    4375 mockgcp_http.go:327] mockgcp response: POST https://compute.googleapis.com/compute/v1/projects/kcc-identity-platform/global/routes => 200
2026-08-22T01:32:32.5158020Z I0822 01:32:23.824754    4375 mockgcp_http.go:298] mockgcp request: GET https://compute.googleapis.com/compute/v1/projects/kcc-identity-platform/global/operations/operation-1787362343824-f51dde6b-85dc-4cac-8f46-055361ee8e86
2026-08-22T01:32:32.5161062Z I0822 01:32:23.825050    4375 mockgcp_http.go:327] mockgcp response: GET https://compute.googleapis.com/compute/v1/projects/kcc-identity-platform/global/operations/operation-1787362343824-f51dde6b-85dc-4cac-8f46-055361ee8e86 => 200
2026-08-22T01:32:32.5162721Z I0822 01:32:23.825114    4375 mockgcp_http.go:298] mockgcp request: POST https://compute.googleapis.com/compute/v1/projects/kcc-identity-platform/global/routes
2026-08-22T01:32:32.5165433Z I0822 01:32:23.825499    4375 operations.go:125] "storing operation" fqn="projects/kcc-identity-platform/global/operations/operation-1787362343825-4611a954-1b57-4e4c-9841-56996b6c51a3"
2026-08-22T01:32:32.5167301Z I0822 01:32:23.825634    4375 mockgcp_http.go:327] mockgcp response: POST https://compute.googleapis.com/compute/v1/projects/kcc-identity-platform/global/routes => 200
2026-08-22T01:32:32.5169204Z I0822 01:32:23.825691    4375 mockgcp_http.go:298] mockgcp request: GET https://compute.googleapis.com/compute/v1/projects/kcc-identity-platform/global/operations/operation-1787362343825-4611a954-1b57-4e4c-9841-56996b6c51a3
2026-08-22T01:32:32.5171044Z I0822 01:32:23.825996    4375 mockgcp_http.go:327] mockgcp response: GET https://compute.googleapis.com/compute/v1/projects/kcc-identity-platform/global/operations/operation-1787362343825-4611a954-1b57-4e4c-9841-56996b6c51a3 => 200
2026-08-22T01:32:32.5172618Z I0822 01:32:23.826074    4375 mockgcp_http.go:298] mockgcp request: POST https://compute.googleapis.com/compute/v1/projects/kcc-identity-platform/global/routes
2026-08-22T01:32:32.5174578Z I0822 01:32:23.826460    4375 operations.go:125] "storing operation" fqn="projects/kcc-identity-platform/global/operations/operation-1787362343826-cddf0877-87cd-4d48-945f-e0356f753026"
2026-08-22T01:32:32.5176934Z I0822 01:32:23.826560    4375 mockgcp_http.go:327] mockgcp response: POST https://compute.googleapis.com/compute/v1/projects/kcc-identity-platform/global/routes => 200
2026-08-22T01:32:32.5179537Z I0822 01:32:23.826607    4375 mockgcp_http.go:298] mockgcp request: GET https://compute.googleapis.com/compute/v1/projects/kcc-identity-platform/global/operations/operation-1787362343826-cddf0877-87cd-4d48-945f-e0356f753026
2026-08-22T01:32:32.5182598Z I0822 01:32:23.826835    4375 mockgcp_http.go:327] mockgcp response: GET https://compute.googleapis.com/compute/v1/projects/kcc-identity-platform/global/operations/operation-1787362343826-cddf0877-87cd-4d48-945f-e0356f753026 => 200
2026-08-22T01:32:32.5185427Z I0822 01:32:23.826892    4375 mockgcp_http.go:298] mockgcp request: POST https://compute.googleapis.com/compute/v1/projects/kcc-identity-platform/global/routes
2026-08-22T01:32:32.5187679Z I0822 01:32:23.827213    4375 operations.go:125] "storing operation" fqn="projects/kcc-identity-platform/global/operations/operation-1787362343827-3678c4fd-b8f4-48e9-9908-67079273326f"
2026-08-22T01:32:32.5190043Z I0822 01:32:23.827313    4375 mockgcp_http.go:327] mockgcp response: POST https://compute.googleapis.com/compute/v1/projects/kcc-identity-platform/global/routes => 200
2026-08-22T01:32:32.5192663Z I0822 01:32:23.827388    4375 mockgcp_http.go:298] mockgcp request: GET https://compute.googleapis.com/compute/v1/projects/kcc-identity-platform/global/operations/operation-1787362343827-3678c4fd-b8f4-48e9-9908-67079273326f
2026-08-22T01:32:32.5197806Z I0822 01:32:23.827643    4375 mockgcp_http.go:327] mockgcp response: GET https://compute.googleapis.com/compute/v1/projects/kcc-identity-platform/global/operations/operation-1787362343827-3678c4fd-b8f4-48e9-9908-67079273326f => 200
2026-08-22T01:32:32.5201052Z I0822 01:32:23.827704    4375 mockgcp_http.go:298] mockgcp request: POST https://compute.googleapis.com/compute/v1/projects/kcc-identity-platform/global/routes
2026-08-22T01:32:32.5206843Z I0822 01:32:23.828054    4375 operations.go:125] "storing operation" fqn="projects/kcc-identity-platform/global/operations/operation-1787362343828-7a12c495-c4d3-4707-b972-546565334a85"
2026-08-22T01:32:32.5212751Z I0822 01:32:23.828192    4375 mockgcp_http.go:327] mockgcp response: POST https://compute.googleapis.com/compute/v1/projects/kcc-identity-platform/global/routes => 200
2026-08-22T01:32:32.5215734Z I0822 01:32:23.828249    4375 mockgcp_http.go:298] mockgcp request: GET https://compute.googleapis.com/compute/v1/projects/kcc-identity-platform/global/operations/operation-1787362343828-7a12c495-c4d3-4707-b972-546565334a85
2026-08-22T01:32:32.5221478Z I0822 01:32:23.828543    4375 mockgcp_http.go:327] mockgcp response: GET https://compute.googleapis.com/compute/v1/projects/kcc-identity-platform/global/operations/operation-1787362343828-7a12c495-c4d3-4707-b972-546565334a85 => 200
2026-08-22T01:32:32.5224715Z I0822 01:32:23.828610    4375 mockgcp_http.go:298] mockgcp request: POST https://compute.googleapis.com/compute/v1/projects/kcc-identity-platform/global/routes
2026-08-22T01:32:32.5227231Z I0822 01:32:23.828947    4375 operations.go:125] "storing operation" fqn="projects/kcc-identity-platform/global/operations/operation-1787362343828-9c84f895-669c-44f1-9d00-5983ebab935f"
2026-08-22T01:32:32.5230100Z I0822 01:32:23.829061    4375 mockgcp_http.go:327] mockgcp response: POST https://compute.googleapis.com/compute/v1/projects/kcc-identity-platform/global/routes => 200
2026-08-22T01:32:32.5236209Z I0822 01:32:23.829117    4375 mockgcp_http.go:298] mockgcp request: GET https://compute.googleapis.com/compute/v1/projects/kcc-identity-platform/global/operations/operation-1787362343828-9c84f895-669c-44f1-9d00-5983ebab935f
2026-08-22T01:32:32.5239220Z I0822 01:32:23.829381    4375 mockgcp_http.go:327] mockgcp response: GET https://compute.googleapis.com/compute/v1/projects/kcc-identity-platform/global/operations/operation-1787362343828-9c84f895-669c-44f1-9d00-5983ebab935f => 200
2026-08-22T01:32:32.5241979Z I0822 01:32:23.829481    4375 mockgcp_http.go:298] mockgcp request: POST https://compute.googleapis.com/compute/v1/projects/kcc-identity-platform/global/routes
2026-08-22T01:32:32.5246182Z I0822 01:32:23.829788    4375 operations.go:125] "storing operation" fqn="projects/kcc-identity-platform/global/operations/operation-1787362343829-10b733af-df08-4a28-b008-fce24646b4dc"
2026-08-22T01:32:32.5255434Z I0822 01:32:23.829893    4375 mockgcp_http.go:327] mockgcp response: POST https://compute.googleapis.com/compute/v1/projects/kcc-identity-platform/global/routes => 200
2026-08-22T01:32:32.5259013Z I0822 01:32:23.829942    4375 mockgcp_http.go:298] mockgcp request: GET https://compute.googleapis.com/compute/v1/projects/kcc-identity-platform/global/operations/operation-1787362343829-10b733af-df08-4a28-b008-fce24646b4dc
2026-08-22T01:32:32.5266719Z I0822 01:32:23.830227    4375 mockgcp_http.go:327] mockgcp response: GET https://compute.googleapis.com/compute/v1/projects/kcc-identity-platform/global/operations/operation-1787362343829-10b733af-df08-4a28-b008-fce24646b4dc => 200
2026-08-22T01:32:32.5268371Z I0822 01:32:23.830279    4375 mockgcp_http.go:298] mockgcp request: POST https://compute.googleapis.com/compute/v1/projects/kcc-identity-platform/global/routes
2026-08-22T01:32:32.5269606Z I0822 01:32:23.830649    4375 operations.go:125] "storing operation" fqn="projects/kcc-identity-platform/global/operations/operation-1787362343830-7c5cde09-355e-4c7a-b8a1-9f17c1fa8be7"
2026-08-22T01:32:32.5270845Z I0822 01:32:23.830755    4375 mockgcp_http.go:327] mockgcp response: POST https://compute.googleapis.com/compute/v1/projects/kcc-identity-platform/global/routes => 200
2026-08-22T01:32:32.5272299Z I0822 01:32:23.830814    4375 mockgcp_http.go:298] mockgcp request: GET https://compute.googleapis.com/compute/v1/projects/kcc-identity-platform/global/operations/operation-1787362343830-7c5cde09-355e-4c7a-b8a1-9f17c1fa8be7
2026-08-22T01:32:32.5274374Z I0822 01:32:23.831131    4375 mockgcp_http.go:327] mockgcp response: GET https://compute.googleapis.com/compute/v1/projects/kcc-identity-platform/global/operations/operation-1787362343830-7c5cde09-355e-4c7a-b8a1-9f17c1fa8be7 => 200
2026-08-22T01:32:32.5276306Z I0822 01:32:23.831196    4375 mockgcp_http.go:298] mockgcp request: POST https://compute.googleapis.com/compute/v1/projects/kcc-identity-platform/global/routes
2026-08-22T01:32:32.5278322Z I0822 01:32:23.831523    4375 operations.go:125] "storing operation" fqn="projects/kcc-identity-platform/global/operations/operation-1787362343831-387a4dba-2436-415f-b18b-70d405b2f8b9"
2026-08-22T01:32:32.5280390Z I0822 01:32:23.831627    4375 mockgcp_http.go:327] mockgcp response: POST https://compute.googleapis.com/compute/v1/projects/kcc-identity-platform/global/routes => 200
2026-08-22T01:32:32.5282670Z I0822 01:32:23.831677    4375 mockgcp_http.go:298] mockgcp request: GET https://compute.googleapis.com/compute/v1/projects/kcc-identity-platform/global/operations/operation-1787362343831-387a4dba-2436-415f-b18b-70d405b2f8b9
2026-08-22T01:32:32.5285798Z I0822 01:32:23.831927    4375 mockgcp_http.go:327] mockgcp response: GET https://compute.googleapis.com/compute/v1/projects/kcc-identity-platform/global/operations/operation-1787362343831-387a4dba-2436-415f-b18b-70d405b2f8b9 => 200
2026-08-22T01:32:32.5288491Z I0822 01:32:23.831994    4375 mockgcp_http.go:298] mockgcp request: POST https://compute.googleapis.com/compute/v1/projects/kcc-identity-platform/global/routes
2026-08-22T01:32:32.5290738Z I0822 01:32:23.832335    4375 operations.go:125] "storing operation" fqn="projects/kcc-identity-platform/global/operations/operation-1787362343832-1390662c-dfbd-4ce0-ba04-26d2eaee1ae7"
2026-08-22T01:32:32.5293053Z I0822 01:32:23.832496    4375 mockgcp_http.go:327] mockgcp response: POST https://compute.googleapis.com/compute/v1/projects/kcc-identity-platform/global/routes => 200
2026-08-22T01:32:32.5296144Z I0822 01:32:23.832548    4375 mockgcp_http.go:298] mockgcp request: GET https://compute.googleapis.com/compute/v1/projects/kcc-identity-platform/global/operations/operation-1787362343832-1390662c-dfbd-4ce0-ba04-26d2eaee1ae7
2026-08-22T01:32:32.5299211Z I0822 01:32:23.832810    4375 mockgcp_http.go:327] mockgcp response: GET https://compute.googleapis.com/compute/v1/projects/kcc-identity-platform/global/operations/operation-1787362343832-1390662c-dfbd-4ce0-ba04-26d2eaee1ae7 => 200
2026-08-22T01:32:32.5301721Z I0822 01:32:23.832861    4375 mockgcp_http.go:298] mockgcp request: POST https://compute.googleapis.com/compute/v1/projects/kcc-identity-platform/global/routes
2026-08-22T01:32:32.5303844Z I0822 01:32:23.833218    4375 operations.go:125] "storing operation" fqn="projects/kcc-identity-platform/global/operations/operation-1787362343833-418050ab-5fe3-4553-9a5c-fbfd11fb908e"
2026-08-22T01:32:32.5305751Z I0822 01:32:23.833374    4375 mockgcp_http.go:327] mockgcp response: POST https://compute.googleapis.com/compute/v1/projects/kcc-identity-platform/global/routes => 200
2026-08-22T01:32:32.5308274Z I0822 01:32:23.833444    4375 mockgcp_http.go:298] mockgcp request: GET https://compute.googleapis.com/compute/v1/projects/kcc-identity-platform/global/operations/operation-1787362343833-418050ab-5fe3-4553-9a5c-fbfd11fb908e
2026-08-22T01:32:32.5311132Z I0822 01:32:23.833718    4375 mockgcp_http.go:327] mockgcp response: GET https://compute.googleapis.com/compute/v1/projects/kcc-identity-platform/global/operations/operation-1787362343833-418050ab-5fe3-4553-9a5c-fbfd11fb908e => 200
2026-08-22T01:32:32.5314151Z I0822 01:32:23.833775    4375 mockgcp_http.go:298] mockgcp request: POST https://compute.googleapis.com/compute/v1/projects/kcc-identity-platform/global/routes
2026-08-22T01:32:32.5316306Z I0822 01:32:23.834125    4375 operations.go:125] "storing operation" fqn="projects/kcc-identity-platform/global/operations/operation-1787362343834-d5b8901c-aa00-4590-9aac-72ad1c2fc17f"
2026-08-22T01:32:32.5318548Z I0822 01:32:23.834259    4375 mockgcp_http.go:327] mockgcp response: POST https://compute.googleapis.com/compute/v1/projects/kcc-identity-platform/global/routes => 200
2026-08-22T01:32:32.5321045Z I0822 01:32:23.834308    4375 mockgcp_http.go:298] mockgcp request: GET https://compute.googleapis.com/compute/v1/projects/kcc-identity-platform/global/operations/operation-1787362343834-d5b8901c-aa00-4590-9aac-72ad1c2fc17f
2026-08-22T01:32:32.5324328Z I0822 01:32:23.834566    4375 mockgcp_http.go:327] mockgcp response: GET https://compute.googleapis.com/compute/v1/projects/kcc-identity-platform/global/operations/operation-1787362343834-d5b8901c-aa00-4590-9aac-72ad1c2fc17f => 200
2026-08-22T01:32:32.5326941Z I0822 01:32:23.834617    4375 mockgcp_http.go:298] mockgcp request: POST https://compute.googleapis.com/compute/v1/projects/kcc-identity-platform/global/routes
2026-08-22T01:32:32.5329108Z I0822 01:32:23.834992    4375 operations.go:125] "storing operation" fqn="projects/kcc-identity-platform/global/operations/operation-1787362343834-85153145-91a4-4c05-8759-4b2c0695a7e0"
2026-08-22T01:32:32.5331848Z I0822 01:32:23.835110    4375 mockgcp_http.go:327] mockgcp response: POST https://compute.googleapis.com/compute/v1/projects/kcc-identity-platform/global/routes => 200
2026-08-22T01:32:32.5334981Z I0822 01:32:23.835173    4375 mockgcp_http.go:298] mockgcp request: GET https://compute.googleapis.com/compute/v1/projects/kcc-identity-platform/global/operations/operation-1787362343834-85153145-91a4-4c05-8759-4b2c0695a7e0
2026-08-22T01:32:32.5337977Z I0822 01:32:23.835474    4375 mockgcp_http.go:327] mockgcp response: GET https://compute.googleapis.com/compute/v1/projects/kcc-identity-platform/global/operations/operation-1787362343834-85153145-91a4-4c05-8759-4b2c0695a7e0 => 200
2026-08-22T01:32:32.5340536Z I0822 01:32:23.835529    4375 mockgcp_http.go:298] mockgcp request: POST https://compute.googleapis.com/compute/v1/projects/kcc-identity-platform/global/routes
2026-08-22T01:32:32.5342763Z I0822 01:32:23.835847    4375 operations.go:125] "storing operation" fqn="projects/kcc-identity-platform/global/operations/operation-1787362343835-bdc1a35e-122b-443f-9d0d-9f97ef087e29"
2026-08-22T01:32:32.5345529Z I0822 01:32:23.835988    4375 mockgcp_http.go:327] mockgcp response: POST https://compute.googleapis.com/compute/v1/projects/kcc-identity-platform/global/routes => 200
2026-08-22T01:32:32.5348171Z I0822 01:32:23.836036    4375 mockgcp_http.go:298] mockgcp request: GET https://compute.googleapis.com/compute/v1/projects/kcc-identity-platform/global/operations/operation-1787362343835-bdc1a35e-122b-443f-9d0d-9f97ef087e29
2026-08-22T01:32:32.5351205Z I0822 01:32:23.836327    4375 mockgcp_http.go:327] mockgcp response: GET https://compute.googleapis.com/compute/v1/projects/kcc-identity-platform/global/operations/operation-1787362343835-bdc1a35e-122b-443f-9d0d-9f97ef087e29 => 200
2026-08-22T01:32:32.5358646Z I0822 01:32:23.836405    4375 mockgcp_http.go:298] mockgcp request: POST https://compute.googleapis.com/compute/v1/projects/kcc-identity-platform/global/routes
2026-08-22T01:32:32.5360984Z I0822 01:32:23.836745    4375 operations.go:125] "storing operation" fqn="projects/kcc-identity-platform/global/operations/operation-1787362343836-f8807f69-eb88-43c6-9ed2-bb0bf553dcf6"
2026-08-22T01:32:32.5363365Z I0822 01:32:23.836841    4375 mockgcp_http.go:327] mockgcp response: POST https://compute.googleapis.com/compute/v1/projects/kcc-identity-platform/global/routes => 200
2026-08-22T01:32:32.5365832Z I0822 01:32:23.836912    4375 mockgcp_http.go:298] mockgcp request: GET https://compute.googleapis.com/compute/v1/projects/kcc-identity-platform/global/operations/operation-1787362343836-f8807f69-eb88-43c6-9ed2-bb0bf553dcf6
2026-08-22T01:32:32.5368774Z I0822 01:32:23.837213    4375 mockgcp_http.go:327] mockgcp response: GET https://compute.googleapis.com/compute/v1/projects/kcc-identity-platform/global/operations/operation-1787362343836-f8807f69-eb88-43c6-9ed2-bb0bf553dcf6 => 200
2026-08-22T01:32:32.5371886Z I0822 01:32:23.837277    4375 mockgcp_http.go:298] mockgcp request: POST https://compute.googleapis.com/compute/v1/projects/kcc-identity-platform/global/routes
2026-08-22T01:32:32.5374384Z I0822 01:32:23.837590    4375 operations.go:125] "storing operation" fqn="projects/kcc-identity-platform/global/operations/operation-1787362343837-efb18fee-6d1c-43d3-a128-02cf1e48ae7a"
2026-08-22T01:32:32.5376949Z I0822 01:32:23.837696    4375 mockgcp_http.go:327] mockgcp response: POST https://compute.googleapis.com/compute/v1/projects/kcc-identity-platform/global/routes => 200
2026-08-22T01:32:32.5380477Z I0822 01:32:23.837744    4375 mockgcp_http.go:298] mockgcp request: GET https://compute.googleapis.com/compute/v1/projects/kcc-identity-platform/global/operations/operation-1787362343837-efb18fee-6d1c-43d3-a128-02cf1e48ae7a
2026-08-22T01:32:32.5384908Z I0822 01:32:23.838016    4375 mockgcp_http.go:327] mockgcp response: GET https://compute.googleapis.com/compute/v1/projects/kcc-identity-platform/global/operations/operation-1787362343837-efb18fee-6d1c-43d3-a128-02cf1e48ae7a => 200
2026-08-22T01:32:32.5388132Z I0822 01:32:23.838069    4375 mockgcp_http.go:298] mockgcp request: POST https://compute.googleapis.com/compute/v1/projects/kcc-identity-platform/global/routes
2026-08-22T01:32:32.5390712Z I0822 01:32:23.838451    4375 operations.go:125] "storing operation" fqn="projects/kcc-identity-platform/global/operations/operation-1787362343838-15231353-bfcf-4500-b312-3f4b99bab3b4"
2026-08-22T01:32:32.5393138Z I0822 01:32:23.838575    4375 mockgcp_http.go:327] mockgcp response: POST https://compute.googleapis.com/compute/v1/projects/kcc-identity-platform/global/routes => 200
2026-08-22T01:32:32.5395699Z I0822 01:32:23.838643    4375 mockgcp_http.go:298] mockgcp request: GET https://compute.googleapis.com/compute/v1/projects/kcc-identity-platform/global/operations/operation-1787362343838-15231353-bfcf-4500-b312-3f4b99bab3b4
2026-08-22T01:32:32.5398521Z I0822 01:32:23.838934    4375 mockgcp_http.go:327] mockgcp response: GET https://compute.googleapis.com/compute/v1/projects/kcc-identity-platform/global/operations/operation-1787362343838-15231353-bfcf-4500-b312-3f4b99bab3b4 => 200
2026-08-22T01:32:32.5401383Z I0822 01:32:23.838994    4375 mockgcp_http.go:298] mockgcp request: POST https://compute.googleapis.com/compute/v1/projects/kcc-identity-platform/global/routes
2026-08-22T01:32:32.5403586Z I0822 01:32:23.839285    4375 operations.go:125] "storing operation" fqn="projects/kcc-identity-platform/global/operations/operation-1787362343839-2a74f353-3629-4418-89a6-b5747b3587db"
2026-08-22T01:32:32.5405682Z I0822 01:32:23.839400    4375 mockgcp_http.go:327] mockgcp response: POST https://compute.googleapis.com/compute/v1/projects/kcc-identity-platform/global/routes => 200
2026-08-22T01:32:32.5408059Z I0822 01:32:23.839450    4375 mockgcp_http.go:298] mockgcp request: GET https://compute.googleapis.com/compute/v1/projects/kcc-identity-platform/global/operations/operation-1787362343839-2a74f353-3629-4418-89a6-b5747b3587db
2026-08-22T01:32:32.5411036Z I0822 01:32:23.839679    4375 mockgcp_http.go:327] mockgcp response: GET https://compute.googleapis.com/compute/v1/projects/kcc-identity-platform/global/operations/operation-1787362343839-2a74f353-3629-4418-89a6-b5747b3587db => 200
2026-08-22T01:32:32.5413985Z I0822 01:32:24.596149    4375 mockgcp_http.go:298] mockgcp request: GET https://compute.googleapis.com/compute/v1/projects/kcc-identity-platform/global/operations/operation-1787362343755-2d021dc7-dd83-4a45-9a18-8ea3cc6c629a
2026-08-22T01:32:32.5416763Z I0822 01:32:24.596609    4375 mockgcp_http.go:327] mockgcp response: GET https://compute.googleapis.com/compute/v1/projects/kcc-identity-platform/global/operations/operation-1787362343755-2d021dc7-dd83-4a45-9a18-8ea3cc6c629a => 200
2026-08-22T01:32:32.5419210Z I0822 01:32:24.596989    4375 mockgcp_http.go:327] mockgcp response: POST https://cloudresourcemanager.googleapis.com/v1/projects?alt=json&prettyPrint=false => 200
2026-08-22T01:32:32.5422077Z I0822 01:32:24.697407    4375 mockgcp_http.go:298] mockgcp request: GET https://cloudresourcemanager.googleapis.com/v1/operations/operation-1787362344596-ba85ef03-7fee-4c68-bbea-3e12375487f4?alt=json&prettyPrint=false
2026-08-22T01:32:32.5427462Z I0822 01:32:24.697594    4375 mockgcp_http.go:327] mockgcp response: GET https://cloudresourcemanager.googleapis.com/v1/operations/operation-1787362344596-ba85ef03-7fee-4c68-bbea-3e12375487f4?alt=json&prettyPrint=false => 200
2026-08-22T01:32:32.5430106Z I0822 01:32:24.697668    4375 mockgcp_http.go:298] mockgcp request: GET https://cloudresourcemanager.googleapis.com/v1/projects/kcc-identity-platform?alt=json&prettyPrint=false
2026-08-22T01:32:32.5432437Z I0822 01:32:24.698098    4375 mockgcp_http.go:327] mockgcp response: GET https://cloudresourcemanager.googleapis.com/v1/projects/kcc-identity-platform?alt=json&prettyPrint=false => 200
2026-08-22T01:32:32.5434836Z I0822 01:32:24.698150    4375 mockgcp_http.go:298] mockgcp request: POST https://cloudresourcemanager.googleapis.com/v1/projects?alt=json&prettyPrint=false
2026-08-22T01:32:32.5436926Z I0822 01:32:24.698477    4375 mockgcp_http.go:298] mockgcp request: POST https://compute.googleapis.com/compute/v1/projects/kcc-recaptcha-enterprise/global/networks
2026-08-22T01:32:32.5439029Z I0822 01:32:24.698970    4375 operations.go:125] "storing operation" fqn="projects/kcc-recaptcha-enterprise/global/operations/operation-1787362344698-98e7f03d-c0dd-49c1-bc0f-74d615a8d378"
2026-08-22T01:32:32.5441448Z I0822 01:32:24.699063    4375 mockgcp_http.go:298] mockgcp request: POST https://compute.googleapis.com/compute/v1/projects/kcc-recaptcha-enterprise/regions/us-central1/subnetworks
2026-08-22T01:32:32.5443788Z I0822 01:32:24.699163    4375 mockgcp_http.go:327] mockgcp response: POST https://compute.googleapis.com/compute/v1/projects/kcc-recaptcha-enterprise/global/networks => 200
2026-08-22T01:32:32.5446225Z I0822 01:32:24.699234    4375 mockgcp_http.go:298] mockgcp request: GET https://compute.googleapis.com/compute/v1/projects/kcc-recaptcha-enterprise/global/operations/operation-1787362344698-98e7f03d-c0dd-49c1-bc0f-74d615a8d378
2026-08-22T01:32:32.5449442Z I0822 01:32:24.699548    4375 operations.go:125] "storing operation" fqn="projects/kcc-recaptcha-enterprise/regions/us-central1/operations/operation-1787362344699-7895ded8-6aa7-48be-abf9-8a11ca8e6fb5"
2026-08-22T01:32:32.5451801Z I0822 01:32:24.699708    4375 mockgcp_http.go:327] mockgcp response: POST https://compute.googleapis.com/compute/v1/projects/kcc-recaptcha-enterprise/regions/us-central1/subnetworks => 200
2026-08-22T01:32:32.5454784Z I0822 01:32:24.699813    4375 mockgcp_http.go:298] mockgcp request: GET https://compute.googleapis.com/compute/v1/projects/kcc-recaptcha-enterprise/regions/us-central1/operations/operation-1787362344699-7895ded8-6aa7-48be-abf9-8a11ca8e6fb5
2026-08-22T01:32:32.5458251Z I0822 01:32:24.699712    4375 mockgcp_http.go:327] mockgcp response: GET https://compute.googleapis.com/compute/v1/projects/kcc-recaptcha-enterprise/global/operations/operation-1787362344698-98e7f03d-c0dd-49c1-bc0f-74d615a8d378 => 200
2026-08-22T01:32:32.5461729Z I0822 01:32:24.700120    4375 mockgcp_http.go:327] mockgcp response: GET https://compute.googleapis.com/compute/v1/projects/kcc-recaptcha-enterprise/regions/us-central1/operations/operation-1787362344699-7895ded8-6aa7-48be-abf9-8a11ca8e6fb5 => 200
2026-08-22T01:32:32.5464560Z I0822 01:32:24.700159    4375 mockgcp_http.go:298] mockgcp request: POST https://compute.googleapis.com/compute/v1/projects/kcc-recaptcha-enterprise/regions/europe-west1/subnetworks
2026-08-22T01:32:32.5466921Z I0822 01:32:24.700608    4375 operations.go:125] "storing operation" fqn="projects/kcc-recaptcha-enterprise/regions/europe-west1/operations/operation-1787362344700-26f1be19-8813-4353-a6e0-c51a57903a32"
2026-08-22T01:32:32.5469674Z I0822 01:32:24.700801    4375 mockgcp_http.go:327] mockgcp response: POST https://compute.googleapis.com/compute/v1/projects/kcc-recaptcha-enterprise/regions/europe-west1/subnetworks => 200
2026-08-22T01:32:32.5472311Z I0822 01:32:24.700846    4375 mockgcp_http.go:298] mockgcp request: GET https://compute.googleapis.com/compute/v1/projects/kcc-recaptcha-enterprise/regions/europe-west1/operations/operation-1787362344700-26f1be19-8813-4353-a6e0-c51a57903a32
2026-08-22T01:32:32.5475515Z I0822 01:32:24.701072    4375 mockgcp_http.go:327] mockgcp response: GET https://compute.googleapis.com/compute/v1/projects/kcc-recaptcha-enterprise/regions/europe-west1/operations/operation-1787362344700-26f1be19-8813-4353-a6e0-c51a57903a32 => 200
2026-08-22T01:32:32.5478084Z I0822 01:32:24.701132    4375 mockgcp_http.go:298] mockgcp request: POST https://compute.googleapis.com/compute/v1/projects/kcc-recaptcha-enterprise/regions/us-west1/subnetworks
2026-08-22T01:32:32.5481406Z I0822 01:32:24.701496    4375 operations.go:125] "storing operation" fqn="projects/kcc-recaptcha-enterprise/regions/us-west1/operations/operation-1787362344701-d19f511b-e83f-43b6-8182-7e68635aafef"
2026-08-22T01:32:32.5483933Z I0822 01:32:24.701636    4375 mockgcp_http.go:327] mockgcp response: POST https://compute.googleapis.com/compute/v1/projects/kcc-recaptcha-enterprise/regions/us-west1/subnetworks => 200
2026-08-22T01:32:32.5486572Z I0822 01:32:24.701718    4375 mockgcp_http.go:298] mockgcp request: GET https://compute.googleapis.com/compute/v1/projects/kcc-recaptcha-enterprise/regions/us-west1/operations/operation-1787362344701-d19f511b-e83f-43b6-8182-7e68635aafef
2026-08-22T01:32:32.5489406Z I0822 01:32:24.702019    4375 mockgcp_http.go:327] mockgcp response: GET https://compute.googleapis.com/compute/v1/projects/kcc-recaptcha-enterprise/regions/us-west1/operations/operation-1787362344701-d19f511b-e83f-43b6-8182-7e68635aafef => 200
2026-08-22T01:32:32.5491246Z I0822 01:32:24.702080    4375 mockgcp_http.go:298] mockgcp request: POST https://compute.googleapis.com/compute/v1/projects/kcc-recaptcha-enterprise/regions/asia-east1/subnetworks
2026-08-22T01:32:32.5492782Z I0822 01:32:24.702455    4375 operations.go:125] "storing operation" fqn="projects/kcc-recaptcha-enterprise/regions/asia-east1/operations/operation-1787362344702-1ddaa8e2-8374-4f96-ba3d-8051d5964da7"
2026-08-22T01:32:32.5494689Z I0822 01:32:24.702568    4375 mockgcp_http.go:327] mockgcp response: POST https://compute.googleapis.com/compute/v1/projects/kcc-recaptcha-enterprise/regions/asia-east1/subnetworks => 200
2026-08-22T01:32:32.5496528Z I0822 01:32:24.702627    4375 mockgcp_http.go:298] mockgcp request: GET https://compute.googleapis.com/compute/v1/projects/kcc-recaptcha-enterprise/regions/asia-east1/operations/operation-1787362344702-1ddaa8e2-8374-4f96-ba3d-8051d5964da7
2026-08-22T01:32:32.5498507Z I0822 01:32:24.702885    4375 mockgcp_http.go:327] mockgcp response: GET https://compute.googleapis.com/compute/v1/projects/kcc-recaptcha-enterprise/regions/asia-east1/operations/operation-1787362344702-1ddaa8e2-8374-4f96-ba3d-8051d5964da7 => 200
2026-08-22T01:32:32.5500123Z I0822 01:32:24.702993    4375 mockgcp_http.go:298] mockgcp request: POST https://compute.googleapis.com/compute/v1/projects/kcc-recaptcha-enterprise/regions/us-east1/subnetworks
2026-08-22T01:32:32.5501594Z I0822 01:32:24.703374    4375 operations.go:125] "storing operation" fqn="projects/kcc-recaptcha-enterprise/regions/us-east1/operations/operation-1787362344703-ff6397c9-a588-4848-9ae8-d76295d12415"
2026-08-22T01:32:32.5503082Z I0822 01:32:24.703495    4375 mockgcp_http.go:327] mockgcp response: POST https://compute.googleapis.com/compute/v1/projects/kcc-recaptcha-enterprise/regions/us-east1/subnetworks => 200
2026-08-22T01:32:32.5505648Z I0822 01:32:24.703548    4375 mockgcp_http.go:298] mockgcp request: GET https://compute.googleapis.com/compute/v1/projects/kcc-recaptcha-enterprise/regions/us-east1/operations/operation-1787362344703-ff6397c9-a588-4848-9ae8-d76295d12415
2026-08-22T01:32:32.5508980Z I0822 01:32:24.703870    4375 mockgcp_http.go:327] mockgcp response: GET https://compute.googleapis.com/compute/v1/projects/kcc-recaptcha-enterprise/regions/us-east1/operations/operation-1787362344703-ff6397c9-a588-4848-9ae8-d76295d12415 => 200
2026-08-22T01:32:32.5511736Z I0822 01:32:24.703929    4375 mockgcp_http.go:298] mockgcp request: POST https://compute.googleapis.com/compute/v1/projects/kcc-recaptcha-enterprise/regions/asia-northeast1/subnetworks
2026-08-22T01:32:32.5514471Z I0822 01:32:24.704228    4375 operations.go:125] "storing operation" fqn="projects/kcc-recaptcha-enterprise/regions/asia-northeast1/operations/operation-1787362344704-1ebc39f4-36fd-4af2-afdf-e60d18661967"
2026-08-22T01:32:32.5517040Z I0822 01:32:24.704369    4375 mockgcp_http.go:327] mockgcp response: POST https://compute.googleapis.com/compute/v1/projects/kcc-recaptcha-enterprise/regions/asia-northeast1/subnetworks => 200
2026-08-22T01:32:32.5520430Z I0822 01:32:24.704444    4375 mockgcp_http.go:298] mockgcp request: GET https://compute.googleapis.com/compute/v1/projects/kcc-recaptcha-enterprise/regions/asia-northeast1/operations/operation-1787362344704-1ebc39f4-36fd-4af2-afdf-e60d18661967
2026-08-22T01:32:32.5523990Z I0822 01:32:24.704772    4375 mockgcp_http.go:327] mockgcp response: GET https://compute.googleapis.com/compute/v1/projects/kcc-recaptcha-enterprise/regions/asia-northeast1/operations/operation-1787362344704-1ebc39f4-36fd-4af2-afdf-e60d18661967 => 200
2026-08-22T01:32:32.5527156Z I0822 01:32:24.704822    4375 mockgcp_http.go:298] mockgcp request: POST https://compute.googleapis.com/compute/v1/projects/kcc-recaptcha-enterprise/regions/asia-southeast1/subnetworks
2026-08-22T01:32:32.5529894Z I0822 01:32:24.705164    4375 operations.go:125] "storing operation" fqn="projects/kcc-recaptcha-enterprise/regions/asia-southeast1/operations/operation-1787362344705-7ed62f8f-e80f-4c0f-8006-941d53533a68"
2026-08-22T01:32:32.5532865Z I0822 01:32:24.705290    4375 mockgcp_http.go:327] mockgcp response: POST https://compute.googleapis.com/compute/v1/projects/kcc-recaptcha-enterprise/regions/asia-southeast1/subnetworks => 200
2026-08-22T01:32:32.5535959Z I0822 01:32:24.705361    4375 mockgcp_http.go:298] mockgcp request: GET https://compute.googleapis.com/compute/v1/projects/kcc-recaptcha-enterprise/regions/asia-southeast1/operations/operation-1787362344705-7ed62f8f-e80f-4c0f-8006-941d53533a68
2026-08-22T01:32:32.5539510Z I0822 01:32:24.705644    4375 mockgcp_http.go:327] mockgcp response: GET https://compute.googleapis.com/compute/v1/projects/kcc-recaptcha-enterprise/regions/asia-southeast1/operations/operation-1787362344705-7ed62f8f-e80f-4c0f-8006-941d53533a68 => 200
2026-08-22T01:32:32.5542607Z I0822 01:32:24.705716    4375 mockgcp_http.go:298] mockgcp request: POST https://compute.googleapis.com/compute/v1/projects/kcc-recaptcha-enterprise/regions/us-east4/subnetworks
2026-08-22T01:32:32.5545227Z I0822 01:32:24.705993    4375 operations.go:125] "storing operation" fqn="projects/kcc-recaptcha-enterprise/regions/us-east4/operations/operation-1787362344705-92776781-acc6-4951-9439-f4b41f38830c"
2026-08-22T01:32:32.5547643Z I0822 01:32:24.706082    4375 mockgcp_http.go:327] mockgcp response: POST https://compute.googleapis.com/compute/v1/projects/kcc-recaptcha-enterprise/regions/us-east4/subnetworks => 200
2026-08-22T01:32:32.5550363Z I0822 01:32:24.706131    4375 mockgcp_http.go:298] mockgcp request: GET https://compute.googleapis.com/compute/v1/projects/kcc-recaptcha-enterprise/regions/us-east4/operations/operation-1787362344705-92776781-acc6-4951-9439-f4b41f38830c
2026-08-22T01:32:32.5553930Z I0822 01:32:24.706386    4375 mockgcp_http.go:327] mockgcp response: GET https://compute.googleapis.com/compute/v1/projects/kcc-recaptcha-enterprise/regions/us-east4/operations/operation-1787362344705-92776781-acc6-4951-9439-f4b41f38830c => 200
2026-08-22T01:32:32.5556945Z I0822 01:32:24.706450    4375 mockgcp_http.go:298] mockgcp request: POST https://compute.googleapis.com/compute/v1/projects/kcc-recaptcha-enterprise/regions/australia-southeast1/subnetworks
2026-08-22T01:32:32.5559573Z I0822 01:32:24.706672    4375 operations.go:125] "storing operation" fqn="projects/kcc-recaptcha-enterprise/regions/australia-southeast1/operations/operation-1787362344706-b1bebcfc-c1e6-4698-84db-ac6078ec4af6"
2026-08-22T01:32:32.5562242Z I0822 01:32:24.706776    4375 mockgcp_http.go:327] mockgcp response: POST https://compute.googleapis.com/compute/v1/projects/kcc-recaptcha-enterprise/regions/australia-southeast1/subnetworks => 200
2026-08-22T01:32:32.5565609Z I0822 01:32:24.706833    4375 mockgcp_http.go:298] mockgcp request: GET https://compute.googleapis.com/compute/v1/projects/kcc-recaptcha-enterprise/regions/australia-southeast1/operations/operation-1787362344706-b1bebcfc-c1e6-4698-84db-ac6078ec4af6
2026-08-22T01:32:32.5569082Z I0822 01:32:24.707069    4375 mockgcp_http.go:327] mockgcp response: GET https://compute.googleapis.com/compute/v1/projects/kcc-recaptcha-enterprise/regions/australia-southeast1/operations/operation-1787362344706-b1bebcfc-c1e6-4698-84db-ac6078ec4af6 => 200
2026-08-22T01:32:32.5571947Z I0822 01:32:24.707128    4375 mockgcp_http.go:298] mockgcp request: POST https://compute.googleapis.com/compute/v1/projects/kcc-recaptcha-enterprise/regions/europe-west2/subnetworks
2026-08-22T01:32:32.5574735Z I0822 01:32:24.707719    4375 operations.go:125] "storing operation" fqn="projects/kcc-recaptcha-enterprise/regions/europe-west2/operations/operation-1787362344707-808cc526-ce3b-4b96-94d2-940715288cd5"
2026-08-22T01:32:32.5577301Z I0822 01:32:24.707947    4375 mockgcp_http.go:327] mockgcp response: POST https://compute.googleapis.com/compute/v1/projects/kcc-recaptcha-enterprise/regions/europe-west2/subnetworks => 200
2026-08-22T01:32:32.5580707Z I0822 01:32:24.707994    4375 mockgcp_http.go:298] mockgcp request: GET https://compute.googleapis.com/compute/v1/projects/kcc-recaptcha-enterprise/regions/europe-west2/operations/operation-1787362344707-808cc526-ce3b-4b96-94d2-940715288cd5
2026-08-22T01:32:32.5584155Z I0822 01:32:24.708349    4375 mockgcp_http.go:327] mockgcp response: GET https://compute.googleapis.com/compute/v1/projects/kcc-recaptcha-enterprise/regions/europe-west2/operations/operation-1787362344707-808cc526-ce3b-4b96-94d2-940715288cd5 => 200
2026-08-22T01:32:32.5586979Z I0822 01:32:24.708423    4375 mockgcp_http.go:298] mockgcp request: POST https://compute.googleapis.com/compute/v1/projects/kcc-recaptcha-enterprise/regions/europe-west3/subnetworks
2026-08-22T01:32:32.5589740Z I0822 01:32:24.708744    4375 operations.go:125] "storing operation" fqn="projects/kcc-recaptcha-enterprise/regions/europe-west3/operations/operation-1787362344708-78b4731d-3d75-4819-8441-e049051eafec"
2026-08-22T01:32:32.5592579Z I0822 01:32:24.708902    4375 mockgcp_http.go:327] mockgcp response: POST https://compute.googleapis.com/compute/v1/projects/kcc-recaptcha-enterprise/regions/europe-west3/subnetworks => 200
2026-08-22T01:32:32.5596060Z I0822 01:32:24.709008    4375 mockgcp_http.go:298] mockgcp request: GET https://compute.googleapis.com/compute/v1/projects/kcc-recaptcha-enterprise/regions/europe-west3/operations/operation-1787362344708-78b4731d-3d75-4819-8441-e049051eafec
2026-08-22T01:32:32.5599259Z I0822 01:32:24.709357    4375 mockgcp_http.go:327] mockgcp response: GET https://compute.googleapis.com/compute/v1/projects/kcc-recaptcha-enterprise/regions/europe-west3/operations/operation-1787362344708-78b4731d-3d75-4819-8441-e049051eafec => 200
2026-08-22T01:32:32.5602394Z I0822 01:32:24.709437    4375 mockgcp_http.go:298] mockgcp request: POST https://compute.googleapis.com/compute/v1/projects/kcc-recaptcha-enterprise/regions/southamerica-east1/subnetworks
2026-08-22T01:32:32.5606519Z I0822 01:32:24.709780    4375 operations.go:125] "storing operation" fqn="projects/kcc-recaptcha-enterprise/regions/southamerica-east1/operations/operation-1787362344709-27fb816d-7599-49ce-90cc-cf7b1431e527"
2026-08-22T01:32:32.5633836Z I0822 01:32:24.709930    4375 mockgcp_http.go:327] mockgcp response: POST https://compute.googleapis.com/compute/v1/projects/kcc-recaptcha-enterprise/regions/southamerica-east1/subnetworks => 200
2026-08-22T01:32:32.5636794Z I0822 01:32:24.709987    4375 mockgcp_http.go:298] mockgcp request: GET https://compute.googleapis.com/compute/v1/projects/kcc-recaptcha-enterprise/regions/southamerica-east1/operations/operation-1787362344709-27fb816d-7599-49ce-90cc-cf7b1431e527
2026-08-22T01:32:32.5644606Z I0822 01:32:24.710314    4375 mockgcp_http.go:327] mockgcp response: GET https://compute.googleapis.com/compute/v1/projects/kcc-recaptcha-enterprise/regions/southamerica-east1/operations/operation-1787362344709-27fb816d-7599-49ce-90cc-cf7b1431e527 => 200
2026-08-22T01:32:32.5647586Z I0822 01:32:24.710403    4375 mockgcp_http.go:298] mockgcp request: POST https://compute.googleapis.com/compute/v1/projects/kcc-recaptcha-enterprise/regions/asia-south1/subnetworks
2026-08-22T01:32:32.5650043Z I0822 01:32:24.710763    4375 operations.go:125] "storing operation" fqn="projects/kcc-recaptcha-enterprise/regions/asia-south1/operations/operation-1787362344710-c839d4ae-ee4a-4b41-a42c-14cf4ac13e85"
2026-08-22T01:32:32.5652574Z I0822 01:32:24.710918    4375 mockgcp_http.go:327] mockgcp response: POST https://compute.googleapis.com/compute/v1/projects/kcc-recaptcha-enterprise/regions/asia-south1/subnetworks => 200
2026-08-22T01:32:32.5655955Z I0822 01:32:24.710976    4375 mockgcp_http.go:298] mockgcp request: GET https://compute.googleapis.com/compute/v1/projects/kcc-recaptcha-enterprise/regions/asia-south1/operations/operation-1787362344710-c839d4ae-ee4a-4b41-a42c-14cf4ac13e85
2026-08-22T01:32:32.5683299Z I0822 01:32:24.711278    4375 mockgcp_http.go:327] mockgcp response: GET https://compute.googleapis.com/compute/v1/projects/kcc-recaptcha-enterprise/regions/asia-south1/operations/operation-1787362344710-c839d4ae-ee4a-4b41-a42c-14cf4ac13e85 => 200
2026-08-22T01:32:32.5687074Z I0822 01:32:24.711341    4375 mockgcp_http.go:298] mockgcp request: POST https://compute.googleapis.com/compute/v1/projects/kcc-recaptcha-enterprise/regions/northamerica-northeast1/subnetworks
2026-08-22T01:32:32.5689748Z I0822 01:32:24.711696    4375 operations.go:125] "storing operation" fqn="projects/kcc-recaptcha-enterprise/regions/northamerica-northeast1/operations/operation-1787362344711-f274c614-f00c-4ead-b96a-8c20ca929fff"
2026-08-22T01:32:32.5692479Z I0822 01:32:24.711860    4375 mockgcp_http.go:327] mockgcp response: POST https://compute.googleapis.com/compute/v1/projects/kcc-recaptcha-enterprise/regions/northamerica-northeast1/subnetworks => 200
2026-08-22T01:32:32.5746695Z I0822 01:32:24.711946    4375 mockgcp_http.go:298] mockgcp request: GET https://compute.googleapis.com/compute/v1/projects/kcc-recaptcha-enterprise/regions/northamerica-northeast1/operations/operation-1787362344711-f274c614-f00c-4ead-b96a-8c20ca929fff
2026-08-22T01:32:32.5750143Z I0822 01:32:24.712322    4375 mockgcp_http.go:327] mockgcp response: GET https://compute.googleapis.com/compute/v1/projects/kcc-recaptcha-enterprise/regions/northamerica-northeast1/operations/operation-1787362344711-f274c614-f00c-4ead-b96a-8c20ca929fff => 200
2026-08-22T01:32:32.5753039Z I0822 01:32:24.712396    4375 mockgcp_http.go:298] mockgcp request: POST https://compute.googleapis.com/compute/v1/projects/kcc-recaptcha-enterprise/regions/europe-west4/subnetworks
2026-08-22T01:32:32.5755757Z I0822 01:32:24.712774    4375 operations.go:125] "storing operation" fqn="projects/kcc-recaptcha-enterprise/regions/europe-west4/operations/operation-1787362344712-aaa119b1-5249-42fe-97fa-2df4764f58ba"
2026-08-22T01:32:32.5773099Z I0822 01:32:24.712895    4375 mockgcp_http.go:327] mockgcp response: POST https://compute.googleapis.com/compute/v1/projects/kcc-recaptcha-enterprise/regions/europe-west4/subnetworks => 200
2026-08-22T01:32:32.5795768Z I0822 01:32:24.712953    4375 mockgcp_http.go:298] mockgcp request: GET https://compute.googleapis.com/compute/v1/projects/kcc-recaptcha-enterprise/regions/europe-west4/operations/operation-1787362344712-aaa119b1-5249-42fe-97fa-2df4764f58ba
2026-08-22T01:32:32.5799145Z I0822 01:32:24.713306    4375 mockgcp_http.go:327] mockgcp response: GET https://compute.googleapis.com/compute/v1/projects/kcc-recaptcha-enterprise/regions/europe-west4/operations/operation-1787362344712-aaa119b1-5249-42fe-97fa-2df4764f58ba => 200
2026-08-22T01:32:32.5801941Z I0822 01:32:24.713390    4375 mockgcp_http.go:298] mockgcp request: POST https://compute.googleapis.com/compute/v1/projects/kcc-recaptcha-enterprise/regions/europe-north1/subnetworks
2026-08-22T01:32:32.5804609Z I0822 01:32:24.713676    4375 operations.go:125] "storing operation" fqn="projects/kcc-recaptcha-enterprise/regions/europe-north1/operations/operation-1787362344713-a3902d8e-835c-42a5-b751-2ba4ad5a3252"
2026-08-22T01:32:32.5807146Z I0822 01:32:24.713769    4375 mockgcp_http.go:327] mockgcp response: POST https://compute.googleapis.com/compute/v1/projects/kcc-recaptcha-enterprise/regions/europe-north1/subnetworks => 200
2026-08-22T01:32:32.5810022Z I0822 01:32:24.713888    4375 mockgcp_http.go:298] mockgcp request: GET https://compute.googleapis.com/compute/v1/projects/kcc-recaptcha-enterprise/regions/europe-north1/operations/operation-1787362344713-a3902d8e-835c-42a5-b751-2ba4ad5a3252
2026-08-22T01:32:32.5813324Z I0822 01:32:24.714301    4375 mockgcp_http.go:327] mockgcp response: GET https://compute.googleapis.com/compute/v1/projects/kcc-recaptcha-enterprise/regions/europe-north1/operations/operation-1787362344713-a3902d8e-835c-42a5-b751-2ba4ad5a3252 => 200
2026-08-22T01:32:32.5816410Z I0822 01:32:24.714387    4375 mockgcp_http.go:298] mockgcp request: POST https://compute.googleapis.com/compute/v1/projects/kcc-recaptcha-enterprise/regions/us-west2/subnetworks
2026-08-22T01:32:32.5819161Z I0822 01:32:24.714712    4375 operations.go:125] "storing operation" fqn="projects/kcc-recaptcha-enterprise/regions/us-west2/operations/operation-1787362344714-b4e50765-5104-4f0f-82a9-1c8a3d1bd2a1"
2026-08-22T01:32:32.5821640Z I0822 01:32:24.714862    4375 mockgcp_http.go:327] mockgcp response: POST https://compute.googleapis.com/compute/v1/projects/kcc-recaptcha-enterprise/regions/us-west2/subnetworks => 200
2026-08-22T01:32:32.5834572Z I0822 01:32:24.714921    4375 mockgcp_http.go:298] mockgcp request: GET https://compute.googleapis.com/compute/v1/projects/kcc-recaptcha-enterprise/regions/us-west2/operations/operation-1787362344714-b4e50765-5104-4f0f-82a9-1c8a3d1bd2a1
2026-08-22T01:32:32.5838127Z I0822 01:32:24.715192    4375 mockgcp_http.go:327] mockgcp response: GET https://compute.googleapis.com/compute/v1/projects/kcc-recaptcha-enterprise/regions/us-west2/operations/operation-1787362344714-b4e50765-5104-4f0f-82a9-1c8a3d1bd2a1 => 200
2026-08-22T01:32:32.5840926Z I0822 01:32:24.715363    4375 mockgcp_http.go:298] mockgcp request: POST https://compute.googleapis.com/compute/v1/projects/kcc-recaptcha-enterprise/regions/asia-east2/subnetworks
2026-08-22T01:32:32.5843351Z I0822 01:32:24.715730    4375 operations.go:125] "storing operation" fqn="projects/kcc-recaptcha-enterprise/regions/asia-east2/operations/operation-1787362344715-6565e4ce-446b-45db-aaf1-4842a16528fc"
2026-08-22T01:32:32.5846111Z I0822 01:32:24.715919    4375 mockgcp_http.go:327] mockgcp response: POST https://compute.googleapis.com/compute/v1/projects/kcc-recaptcha-enterprise/regions/asia-east2/subnetworks => 200
2026-08-22T01:32:32.5848861Z I0822 01:32:24.715979    4375 mockgcp_http.go:298] mockgcp request: GET https://compute.googleapis.com/compute/v1/projects/kcc-recaptcha-enterprise/regions/asia-east2/operations/operation-1787362344715-6565e4ce-446b-45db-aaf1-4842a16528fc
2026-08-22T01:32:32.5852008Z I0822 01:32:24.716275    4375 mockgcp_http.go:327] mockgcp response: GET https://compute.googleapis.com/compute/v1/projects/kcc-recaptcha-enterprise/regions/asia-east2/operations/operation-1787362344715-6565e4ce-446b-45db-aaf1-4842a16528fc => 200
2026-08-22T01:32:32.5854974Z I0822 01:32:24.716490    4375 mockgcp_http.go:298] mockgcp request: POST https://compute.googleapis.com/compute/v1/projects/kcc-recaptcha-enterprise/regions/europe-west6/subnetworks
2026-08-22T01:32:32.5857407Z I0822 01:32:24.716786    4375 operations.go:125] "storing operation" fqn="projects/kcc-recaptcha-enterprise/regions/europe-west6/operations/operation-1787362344716-a4143e00-2ccf-422d-8c76-a4353f9c9c66"
2026-08-22T01:32:32.5859850Z I0822 01:32:24.716897    4375 mockgcp_http.go:327] mockgcp response: POST https://compute.googleapis.com/compute/v1/projects/kcc-recaptcha-enterprise/regions/europe-west6/subnetworks => 200
2026-08-22T01:32:32.5863280Z I0822 01:32:24.716958    4375 mockgcp_http.go:298] mockgcp request: GET https://compute.googleapis.com/compute/v1/projects/kcc-recaptcha-enterprise/regions/europe-west6/operations/operation-1787362344716-a4143e00-2ccf-422d-8c76-a4353f9c9c66
2026-08-22T01:32:32.5866665Z I0822 01:32:24.717243    4375 mockgcp_http.go:327] mockgcp response: GET https://compute.googleapis.com/compute/v1/projects/kcc-recaptcha-enterprise/regions/europe-west6/operations/operation-1787362344716-a4143e00-2ccf-422d-8c76-a4353f9c9c66 => 200
2026-08-22T01:32:32.5869467Z I0822 01:32:24.717303    4375 mockgcp_http.go:298] mockgcp request: POST https://compute.googleapis.com/compute/v1/projects/kcc-recaptcha-enterprise/regions/asia-northeast2/subnetworks
2026-08-22T01:32:32.5871999Z I0822 01:32:24.717623    4375 operations.go:125] "storing operation" fqn="projects/kcc-recaptcha-enterprise/regions/asia-northeast2/operations/operation-1787362344717-d8d80acf-5c05-4646-8e46-6195439c65a0"
2026-08-22T01:32:32.5875094Z I0822 01:32:24.717775    4375 mockgcp_http.go:327] mockgcp response: POST https://compute.googleapis.com/compute/v1/projects/kcc-recaptcha-enterprise/regions/asia-northeast2/subnetworks => 200
2026-08-22T01:32:32.5878643Z I0822 01:32:24.717833    4375 mockgcp_http.go:298] mockgcp request: GET https://compute.googleapis.com/compute/v1/projects/kcc-recaptcha-enterprise/regions/asia-northeast2/operations/operation-1787362344717-d8d80acf-5c05-4646-8e46-6195439c65a0
2026-08-22T01:32:32.5882888Z I0822 01:32:24.718169    4375 mockgcp_http.go:327] mockgcp response: GET https://compute.googleapis.com/compute/v1/projects/kcc-recaptcha-enterprise/regions/asia-northeast2/operations/operation-1787362344717-d8d80acf-5c05-4646-8e46-6195439c65a0 => 200
2026-08-22T01:32:32.5887400Z I0822 01:32:24.718250    4375 mockgcp_http.go:298] mockgcp request: POST https://compute.googleapis.com/compute/v1/projects/kcc-recaptcha-enterprise/regions/asia-northeast3/subnetworks
2026-08-22T01:32:32.5890890Z I0822 01:32:24.718559    4375 operations.go:125] "storing operation" fqn="projects/kcc-recaptcha-enterprise/regions/asia-northeast3/operations/operation-1787362344718-83f10851-05ac-4678-8e98-abf81a138283"
2026-08-22T01:32:32.5894287Z I0822 01:32:24.718686    4375 mockgcp_http.go:327] mockgcp response: POST https://compute.googleapis.com/compute/v1/projects/kcc-recaptcha-enterprise/regions/asia-northeast3/subnetworks => 200
2026-08-22T01:32:32.5897955Z I0822 01:32:24.718751    4375 mockgcp_http.go:298] mockgcp request: GET https://compute.googleapis.com/compute/v1/projects/kcc-recaptcha-enterprise/regions/asia-northeast3/operations/operation-1787362344718-83f10851-05ac-4678-8e98-abf81a138283
2026-08-22T01:32:32.5902030Z I0822 01:32:24.719073    4375 mockgcp_http.go:327] mockgcp response: GET https://compute.googleapis.com/compute/v1/projects/kcc-recaptcha-enterprise/regions/asia-northeast3/operations/operation-1787362344718-83f10851-05ac-4678-8e98-abf81a138283 => 200
2026-08-22T01:32:32.5905653Z I0822 01:32:24.719137    4375 mockgcp_http.go:298] mockgcp request: POST https://compute.googleapis.com/compute/v1/projects/kcc-recaptcha-enterprise/regions/us-west3/subnetworks
2026-08-22T01:32:32.5909274Z I0822 01:32:24.719446    4375 operations.go:125] "storing operation" fqn="projects/kcc-recaptcha-enterprise/regions/us-west3/operations/operation-1787362344719-3b4b909b-be44-4324-9434-200709ccd32b"
2026-08-22T01:32:32.5912170Z I0822 01:32:24.719583    4375 mockgcp_http.go:327] mockgcp response: POST https://compute.googleapis.com/compute/v1/projects/kcc-recaptcha-enterprise/regions/us-west3/subnetworks => 200
2026-08-22T01:32:32.5915661Z I0822 01:32:24.719638    4375 mockgcp_http.go:298] mockgcp request: GET https://compute.googleapis.com/compute/v1/projects/kcc-recaptcha-enterprise/regions/us-west3/operations/operation-1787362344719-3b4b909b-be44-4324-9434-200709ccd32b
2026-08-22T01:32:32.5919850Z I0822 01:32:24.719921    4375 mockgcp_http.go:327] mockgcp response: GET https://compute.googleapis.com/compute/v1/projects/kcc-recaptcha-enterprise/regions/us-west3/operations/operation-1787362344719-3b4b909b-be44-4324-9434-200709ccd32b => 200
2026-08-22T01:32:32.5923303Z I0822 01:32:24.719999    4375 mockgcp_http.go:298] mockgcp request: POST https://compute.googleapis.com/compute/v1/projects/kcc-recaptcha-enterprise/regions/us-west4/subnetworks
2026-08-22T01:32:32.5926202Z I0822 01:32:24.720317    4375 operations.go:125] "storing operation" fqn="projects/kcc-recaptcha-enterprise/regions/us-west4/operations/operation-1787362344720-4ef17fd0-db61-4b0e-8f34-8e013ba82e6f"
2026-08-22T01:32:32.5929257Z I0822 01:32:24.720458    4375 mockgcp_http.go:327] mockgcp response: POST https://compute.googleapis.com/compute/v1/projects/kcc-recaptcha-enterprise/regions/us-west4/subnetworks => 200
2026-08-22T01:32:32.5932480Z I0822 01:32:24.720514    4375 mockgcp_http.go:298] mockgcp request: GET https://compute.googleapis.com/compute/v1/projects/kcc-recaptcha-enterprise/regions/us-west4/operations/operation-1787362344720-4ef17fd0-db61-4b0e-8f34-8e013ba82e6f
2026-08-22T01:32:32.5936376Z I0822 01:32:24.720793    4375 mockgcp_http.go:327] mockgcp response: GET https://compute.googleapis.com/compute/v1/projects/kcc-recaptcha-enterprise/regions/us-west4/operations/operation-1787362344720-4ef17fd0-db61-4b0e-8f34-8e013ba82e6f => 200
2026-08-22T01:32:32.5939907Z I0822 01:32:24.720862    4375 mockgcp_http.go:298] mockgcp request: POST https://compute.googleapis.com/compute/v1/projects/kcc-recaptcha-enterprise/regions/asia-southeast2/subnetworks
2026-08-22T01:32:32.5942611Z I0822 01:32:24.721142    4375 operations.go:125] "storing operation" fqn="projects/kcc-recaptcha-enterprise/regions/asia-southeast2/operations/operation-1787362344721-096c82fc-a8da-4a4f-81ab-6151d0b4c5ac"
2026-08-22T01:32:32.5945632Z I0822 01:32:24.721261    4375 mockgcp_http.go:327] mockgcp response: POST https://compute.googleapis.com/compute/v1/projects/kcc-recaptcha-enterprise/regions/asia-southeast2/subnetworks => 200
2026-08-22T01:32:32.5948851Z I0822 01:32:24.721323    4375 mockgcp_http.go:298] mockgcp request: GET https://compute.googleapis.com/compute/v1/projects/kcc-recaptcha-enterprise/regions/asia-southeast2/operations/operation-1787362344721-096c82fc-a8da-4a4f-81ab-6151d0b4c5ac
2026-08-22T01:32:32.5954882Z I0822 01:32:24.721626    4375 mockgcp_http.go:327] mockgcp response: GET https://compute.googleapis.com/compute/v1/projects/kcc-recaptcha-enterprise/regions/asia-southeast2/operations/operation-1787362344721-096c82fc-a8da-4a4f-81ab-6151d0b4c5ac => 200
2026-08-22T01:32:32.5957764Z I0822 01:32:24.721689    4375 mockgcp_http.go:298] mockgcp request: POST https://compute.googleapis.com/compute/v1/projects/kcc-recaptcha-enterprise/regions/europe-central2/subnetworks
2026-08-22T01:32:32.5960223Z I0822 01:32:24.721959    4375 operations.go:125] "storing operation" fqn="projects/kcc-recaptcha-enterprise/regions/europe-central2/operations/operation-1787362344721-009fc599-a7dc-4174-bb81-96f961f91a91"
2026-08-22T01:32:32.5963051Z I0822 01:32:24.722086    4375 mockgcp_http.go:327] mockgcp response: POST https://compute.googleapis.com/compute/v1/projects/kcc-recaptcha-enterprise/regions/europe-central2/subnetworks => 200
2026-08-22T01:32:32.5965949Z I0822 01:32:24.722133    4375 mockgcp_http.go:298] mockgcp request: GET https://compute.googleapis.com/compute/v1/projects/kcc-recaptcha-enterprise/regions/europe-central2/operations/operation-1787362344721-009fc599-a7dc-4174-bb81-96f961f91a91
2026-08-22T01:32:32.5967778Z I0822 01:32:24.722455    4375 mockgcp_http.go:327] mockgcp response: GET https://compute.googleapis.com/compute/v1/projects/kcc-recaptcha-enterprise/regions/europe-central2/operations/operation-1787362344721-009fc599-a7dc-4174-bb81-96f961f91a91 => 200
2026-08-22T01:32:32.5968894Z I0822 01:32:24.722520    4375 mockgcp_http.go:298] mockgcp request: POST https://compute.googleapis.com/compute/v1/projects/kcc-recaptcha-enterprise/regions/northamerica-northeast2/subnetworks
2026-08-22T01:32:32.5970153Z I0822 01:32:24.722786    4375 operations.go:125] "storing operation" fqn="projects/kcc-recaptcha-enterprise/regions/northamerica-northeast2/operations/operation-1787362344722-1f14afaf-c2e1-4501-a07c-667355d830d2"
2026-08-22T01:32:32.5971320Z I0822 01:32:24.722899    4375 mockgcp_http.go:327] mockgcp response: POST https://compute.googleapis.com/compute/v1/projects/kcc-recaptcha-enterprise/regions/northamerica-northeast2/subnetworks => 200
2026-08-22T01:32:32.5972857Z I0822 01:32:24.722959    4375 mockgcp_http.go:298] mockgcp request: GET https://compute.googleapis.com/compute/v1/projects/kcc-recaptcha-enterprise/regions/northamerica-northeast2/operations/operation-1787362344722-1f14afaf-c2e1-4501-a07c-667355d830d2
2026-08-22T01:32:32.5974663Z I0822 01:32:24.723257    4375 mockgcp_http.go:327] mockgcp response: GET https://compute.googleapis.com/compute/v1/projects/kcc-recaptcha-enterprise/regions/northamerica-northeast2/operations/operation-1787362344722-1f14afaf-c2e1-4501-a07c-667355d830d2 => 200
2026-08-22T01:32:32.5975695Z I0822 01:32:24.723313    4375 mockgcp_http.go:298] mockgcp request: POST https://compute.googleapis.com/compute/v1/projects/kcc-recaptcha-enterprise/regions/asia-south2/subnetworks
2026-08-22T01:32:32.5976871Z I0822 01:32:24.723608    4375 operations.go:125] "storing operation" fqn="projects/kcc-recaptcha-enterprise/regions/asia-south2/operations/operation-1787362344723-e3524636-7e53-46d7-9d3d-43ad56c1b7e8"
2026-08-22T01:32:32.5978722Z I0822 01:32:24.723724    4375 mockgcp_http.go:327] mockgcp response: POST https://compute.googleapis.com/compute/v1/projects/kcc-recaptcha-enterprise/regions/asia-south2/subnetworks => 200
2026-08-22T01:32:32.5980171Z I0822 01:32:24.723774    4375 mockgcp_http.go:298] mockgcp request: GET https://compute.googleapis.com/compute/v1/projects/kcc-recaptcha-enterprise/regions/asia-south2/operations/operation-1787362344723-e3524636-7e53-46d7-9d3d-43ad56c1b7e8
2026-08-22T01:32:32.5981669Z I0822 01:32:24.724028    4375 mockgcp_http.go:327] mockgcp response: GET https://compute.googleapis.com/compute/v1/projects/kcc-recaptcha-enterprise/regions/asia-south2/operations/operation-1787362344723-e3524636-7e53-46d7-9d3d-43ad56c1b7e8 => 200
2026-08-22T01:32:32.5982989Z I0822 01:32:24.724094    4375 mockgcp_http.go:298] mockgcp request: POST https://compute.googleapis.com/compute/v1/projects/kcc-recaptcha-enterprise/regions/australia-southeast2/subnetworks
2026-08-22T01:32:32.5984481Z I0822 01:32:24.724411    4375 operations.go:125] "storing operation" fqn="projects/kcc-recaptcha-enterprise/regions/australia-southeast2/operations/operation-1787362344724-472b2609-d0ae-42f0-924a-1e318ca4b2a0"
2026-08-22T01:32:32.5985684Z I0822 01:32:24.724524    4375 mockgcp_http.go:327] mockgcp response: POST https://compute.googleapis.com/compute/v1/projects/kcc-recaptcha-enterprise/regions/australia-southeast2/subnetworks => 200
2026-08-22T01:32:32.5987225Z I0822 01:32:24.724583    4375 mockgcp_http.go:298] mockgcp request: GET https://compute.googleapis.com/compute/v1/projects/kcc-recaptcha-enterprise/regions/australia-southeast2/operations/operation-1787362344724-472b2609-d0ae-42f0-924a-1e318ca4b2a0
2026-08-22T01:32:32.5988790Z I0822 01:32:24.724946    4375 mockgcp_http.go:327] mockgcp response: GET https://compute.googleapis.com/compute/v1/projects/kcc-recaptcha-enterprise/regions/australia-southeast2/operations/operation-1787362344724-472b2609-d0ae-42f0-924a-1e318ca4b2a0 => 200
2026-08-22T01:32:32.5989968Z I0822 01:32:24.725014    4375 mockgcp_http.go:298] mockgcp request: POST https://compute.googleapis.com/compute/v1/projects/kcc-recaptcha-enterprise/regions/southamerica-west1/subnetworks
2026-08-22T01:32:32.5991234Z I0822 01:32:24.725282    4375 operations.go:125] "storing operation" fqn="projects/kcc-recaptcha-enterprise/regions/southamerica-west1/operations/operation-1787362344725-d11da69a-6253-4797-9001-4b724e08dac9"
2026-08-22T01:32:32.5992399Z I0822 01:32:24.725409    4375 mockgcp_http.go:327] mockgcp response: POST https://compute.googleapis.com/compute/v1/projects/kcc-recaptcha-enterprise/regions/southamerica-west1/subnetworks => 200
2026-08-22T01:32:32.6002470Z I0822 01:32:24.725460    4375 mockgcp_http.go:298] mockgcp request: GET https://compute.googleapis.com/compute/v1/projects/kcc-recaptcha-enterprise/regions/southamerica-west1/operations/operation-1787362344725-d11da69a-6253-4797-9001-4b724e08dac9
2026-08-22T01:32:32.6004618Z I0822 01:32:24.725742    4375 mockgcp_http.go:327] mockgcp response: GET https://compute.googleapis.com/compute/v1/projects/kcc-recaptcha-enterprise/regions/southamerica-west1/operations/operation-1787362344725-d11da69a-6253-4797-9001-4b724e08dac9 => 200
2026-08-22T01:32:32.6005734Z I0822 01:32:24.725786    4375 mockgcp_http.go:298] mockgcp request: POST https://compute.googleapis.com/compute/v1/projects/kcc-recaptcha-enterprise/regions/europe-west8/subnetworks
2026-08-22T01:32:32.6053197Z I0822 01:32:24.726063    4375 operations.go:125] "storing operation" fqn="projects/kcc-recaptcha-enterprise/regions/europe-west8/operations/operation-1787362344726-aa97f423-5929-4e6c-80ec-486b6ed25813"
2026-08-22T01:32:32.6054983Z I0822 01:32:24.726191    4375 mockgcp_http.go:327] mockgcp response: POST https://compute.googleapis.com/compute/v1/projects/kcc-recaptcha-enterprise/regions/europe-west8/subnetworks => 200
2026-08-22T01:32:32.6056933Z I0822 01:32:24.726255    4375 mockgcp_http.go:298] mockgcp request: GET https://compute.googleapis.com/compute/v1/projects/kcc-recaptcha-enterprise/regions/europe-west8/operations/operation-1787362344726-aa97f423-5929-4e6c-80ec-486b6ed25813
2026-08-22T01:32:32.6059193Z I0822 01:32:24.726539    4375 mockgcp_http.go:327] mockgcp response: GET https://compute.googleapis.com/compute/v1/projects/kcc-recaptcha-enterprise/regions/europe-west8/operations/operation-1787362344726-aa97f423-5929-4e6c-80ec-486b6ed25813 => 200
2026-08-22T01:32:32.6060469Z I0822 01:32:24.726592    4375 mockgcp_http.go:298] mockgcp request: POST https://compute.googleapis.com/compute/v1/projects/kcc-recaptcha-enterprise/regions/europe-west9/subnetworks
2026-08-22T01:32:32.6061911Z I0822 01:32:24.726904    4375 operations.go:125] "storing operation" fqn="projects/kcc-recaptcha-enterprise/regions/europe-west9/operations/operation-1787362344726-476d6eb5-e296-4510-ae7e-39cffb375e42"
2026-08-22T01:32:32.6063677Z I0822 01:32:24.727038    4375 mockgcp_http.go:327] mockgcp response: POST https://compute.googleapis.com/compute/v1/projects/kcc-recaptcha-enterprise/regions/europe-west9/subnetworks => 200
2026-08-22T01:32:32.6065507Z I0822 01:32:24.727112    4375 mockgcp_http.go:298] mockgcp request: GET https://compute.googleapis.com/compute/v1/projects/kcc-recaptcha-enterprise/regions/europe-west9/operations/operation-1787362344726-476d6eb5-e296-4510-ae7e-39cffb375e42
2026-08-22T01:32:32.6067450Z I0822 01:32:24.727423    4375 mockgcp_http.go:327] mockgcp response: GET https://compute.googleapis.com/compute/v1/projects/kcc-recaptcha-enterprise/regions/europe-west9/operations/operation-1787362344726-476d6eb5-e296-4510-ae7e-39cffb375e42 => 200
2026-08-22T01:32:32.6068684Z I0822 01:32:24.727464    4375 mockgcp_http.go:298] mockgcp request: POST https://compute.googleapis.com/compute/v1/projects/kcc-recaptcha-enterprise/regions/us-east5/subnetworks
2026-08-22T01:32:32.6070252Z I0822 01:32:24.727730    4375 operations.go:125] "storing operation" fqn="projects/kcc-recaptcha-enterprise/regions/us-east5/operations/operation-1787362344727-ea37bc74-146d-4836-abf7-a605e06069df"
2026-08-22T01:32:32.6071915Z I0822 01:32:24.727848    4375 mockgcp_http.go:327] mockgcp response: POST https://compute.googleapis.com/compute/v1/projects/kcc-recaptcha-enterprise/regions/us-east5/subnetworks => 200
2026-08-22T01:32:32.6073564Z I0822 01:32:24.727911    4375 mockgcp_http.go:298] mockgcp request: GET https://compute.googleapis.com/compute/v1/projects/kcc-recaptcha-enterprise/regions/us-east5/operations/operation-1787362344727-ea37bc74-146d-4836-abf7-a605e06069df
2026-08-22T01:32:32.6075624Z I0822 01:32:24.728215    4375 mockgcp_http.go:327] mockgcp response: GET https://compute.googleapis.com/compute/v1/projects/kcc-recaptcha-enterprise/regions/us-east5/operations/operation-1787362344727-ea37bc74-146d-4836-abf7-a605e06069df => 200
2026-08-22T01:32:32.6076967Z I0822 01:32:24.728265    4375 mockgcp_http.go:298] mockgcp request: POST https://compute.googleapis.com/compute/v1/projects/kcc-recaptcha-enterprise/regions/europe-southwest1/subnetworks
2026-08-22T01:32:32.6078417Z I0822 01:32:24.728537    4375 operations.go:125] "storing operation" fqn="projects/kcc-recaptcha-enterprise/regions/europe-southwest1/operations/operation-1787362344728-2482196d-866c-4c49-a83a-0eb102ef928b"
2026-08-22T01:32:32.6080278Z I0822 01:32:24.728677    4375 mockgcp_http.go:327] mockgcp response: POST https://compute.googleapis.com/compute/v1/projects/kcc-recaptcha-enterprise/regions/europe-southwest1/subnetworks => 200
2026-08-22T01:32:32.6082018Z I0822 01:32:24.728745    4375 mockgcp_http.go:298] mockgcp request: GET https://compute.googleapis.com/compute/v1/projects/kcc-recaptcha-enterprise/regions/europe-southwest1/operations/operation-1787362344728-2482196d-866c-4c49-a83a-0eb102ef928b
2026-08-22T01:32:32.6084489Z I0822 01:32:24.729013    4375 mockgcp_http.go:327] mockgcp response: GET https://compute.googleapis.com/compute/v1/projects/kcc-recaptcha-enterprise/regions/europe-southwest1/operations/operation-1787362344728-2482196d-866c-4c49-a83a-0eb102ef928b => 200
2026-08-22T01:32:32.6086234Z I0822 01:32:24.729080    4375 mockgcp_http.go:298] mockgcp request: POST https://compute.googleapis.com/compute/v1/projects/kcc-recaptcha-enterprise/regions/us-south1/subnetworks
2026-08-22T01:32:32.6087601Z I0822 01:32:24.729380    4375 operations.go:125] "storing operation" fqn="projects/kcc-recaptcha-enterprise/regions/us-south1/operations/operation-1787362344729-d9c97872-7f10-4196-b54e-1f9fc73d336f"
2026-08-22T01:32:32.6088870Z I0822 01:32:24.729517    4375 mockgcp_http.go:327] mockgcp response: POST https://compute.googleapis.com/compute/v1/projects/kcc-recaptcha-enterprise/regions/us-south1/subnetworks => 200
2026-08-22T01:32:32.6090640Z I0822 01:32:24.729561    4375 mockgcp_http.go:298] mockgcp request: GET https://compute.googleapis.com/compute/v1/projects/kcc-recaptcha-enterprise/regions/us-south1/operations/operation-1787362344729-d9c97872-7f10-4196-b54e-1f9fc73d336f
2026-08-22T01:32:32.6092445Z I0822 01:32:24.729805    4375 mockgcp_http.go:327] mockgcp response: GET https://compute.googleapis.com/compute/v1/projects/kcc-recaptcha-enterprise/regions/us-south1/operations/operation-1787362344729-d9c97872-7f10-4196-b54e-1f9fc73d336f => 200
2026-08-22T01:32:32.6093639Z I0822 01:32:24.729855    4375 mockgcp_http.go:298] mockgcp request: POST https://compute.googleapis.com/compute/v1/projects/kcc-recaptcha-enterprise/regions/me-west1/subnetworks
2026-08-22T01:32:32.6095353Z I0822 01:32:24.730107    4375 operations.go:125] "storing operation" fqn="projects/kcc-recaptcha-enterprise/regions/me-west1/operations/operation-1787362344730-60d82aef-d58d-470c-bcb7-cc9b34fe5718"
2026-08-22T01:32:32.6096604Z I0822 01:32:24.730249    4375 mockgcp_http.go:327] mockgcp response: POST https://compute.googleapis.com/compute/v1/projects/kcc-recaptcha-enterprise/regions/me-west1/subnetworks => 200
2026-08-22T01:32:32.6098202Z I0822 01:32:24.730305    4375 mockgcp_http.go:298] mockgcp request: GET https://compute.googleapis.com/compute/v1/projects/kcc-recaptcha-enterprise/regions/me-west1/operations/operation-1787362344730-60d82aef-d58d-470c-bcb7-cc9b34fe5718
2026-08-22T01:32:32.6100023Z I0822 01:32:24.730597    4375 mockgcp_http.go:327] mockgcp response: GET https://compute.googleapis.com/compute/v1/projects/kcc-recaptcha-enterprise/regions/me-west1/operations/operation-1787362344730-60d82aef-d58d-470c-bcb7-cc9b34fe5718 => 200
2026-08-22T01:32:32.6101345Z I0822 01:32:24.730662    4375 mockgcp_http.go:298] mockgcp request: POST https://compute.googleapis.com/compute/v1/projects/kcc-recaptcha-enterprise/regions/europe-west12/subnetworks
2026-08-22T01:32:32.6102677Z I0822 01:32:24.730970    4375 operations.go:125] "storing operation" fqn="projects/kcc-recaptcha-enterprise/regions/europe-west12/operations/operation-1787362344730-0e181473-ad9a-41f8-9a7c-5282fae94f22"
2026-08-22T01:32:32.6103934Z I0822 01:32:24.731084    4375 mockgcp_http.go:327] mockgcp response: POST https://compute.googleapis.com/compute/v1/projects/kcc-recaptcha-enterprise/regions/europe-west12/subnetworks => 200
2026-08-22T01:32:32.6122395Z I0822 01:32:24.731132    4375 mockgcp_http.go:298] mockgcp request: GET https://compute.googleapis.com/compute/v1/projects/kcc-recaptcha-enterprise/regions/europe-west12/operations/operation-1787362344730-0e181473-ad9a-41f8-9a7c-5282fae94f22
2026-08-22T01:32:32.6132752Z I0822 01:32:24.731458    4375 mockgcp_http.go:327] mockgcp response: GET https://compute.googleapis.com/compute/v1/projects/kcc-recaptcha-enterprise/regions/europe-west12/operations/operation-1787362344730-0e181473-ad9a-41f8-9a7c-5282fae94f22 => 200
2026-08-22T01:32:32.6134095Z I0822 01:32:24.731516    4375 mockgcp_http.go:298] mockgcp request: POST https://compute.googleapis.com/compute/v1/projects/kcc-recaptcha-enterprise/regions/me-central1/subnetworks
2026-08-22T01:32:32.6135388Z I0822 01:32:24.731789    4375 operations.go:125] "storing operation" fqn="projects/kcc-recaptcha-enterprise/regions/me-central1/operations/operation-1787362344731-4af61a1f-4dac-4e2e-82d4-f19ae6eec9ec"
2026-08-22T01:32:32.6142567Z I0822 01:32:24.731929    4375 mockgcp_http.go:327] mockgcp response: POST https://compute.googleapis.com/compute/v1/projects/kcc-recaptcha-enterprise/regions/me-central1/subnetworks => 200
2026-08-22T01:32:32.6144605Z I0822 01:32:24.731970    4375 mockgcp_http.go:298] mockgcp request: GET https://compute.googleapis.com/compute/v1/projects/kcc-recaptcha-enterprise/regions/me-central1/operations/operation-1787362344731-4af61a1f-4dac-4e2e-82d4-f19ae6eec9ec
2026-08-22T01:32:32.6146688Z I0822 01:32:24.732304    4375 mockgcp_http.go:327] mockgcp response: GET https://compute.googleapis.com/compute/v1/projects/kcc-recaptcha-enterprise/regions/me-central1/operations/operation-1787362344731-4af61a1f-4dac-4e2e-82d4-f19ae6eec9ec => 200
2026-08-22T01:32:32.6147792Z I0822 01:32:24.732390    4375 mockgcp_http.go:298] mockgcp request: POST https://compute.googleapis.com/compute/v1/projects/kcc-recaptcha-enterprise/regions/europe-west10/subnetworks
2026-08-22T01:32:32.6149534Z I0822 01:32:24.732713    4375 operations.go:125] "storing operation" fqn="projects/kcc-recaptcha-enterprise/regions/europe-west10/operations/operation-1787362344732-6e228a5f-335e-4fc9-ad0a-7cfb36155d28"
2026-08-22T01:32:32.6150708Z I0822 01:32:24.732830    4375 mockgcp_http.go:327] mockgcp response: POST https://compute.googleapis.com/compute/v1/projects/kcc-recaptcha-enterprise/regions/europe-west10/subnetworks => 200
2026-08-22T01:32:32.6152215Z I0822 01:32:24.732902    4375 mockgcp_http.go:298] mockgcp request: GET https://compute.googleapis.com/compute/v1/projects/kcc-recaptcha-enterprise/regions/europe-west10/operations/operation-1787362344732-6e228a5f-335e-4fc9-ad0a-7cfb36155d28
2026-08-22T01:32:32.6154178Z I0822 01:32:24.733163    4375 mockgcp_http.go:327] mockgcp response: GET https://compute.googleapis.com/compute/v1/projects/kcc-recaptcha-enterprise/regions/europe-west10/operations/operation-1787362344732-6e228a5f-335e-4fc9-ad0a-7cfb36155d28 => 200
2026-08-22T01:32:32.6155248Z I0822 01:32:24.733221    4375 mockgcp_http.go:298] mockgcp request: POST https://compute.googleapis.com/compute/v1/projects/kcc-recaptcha-enterprise/regions/africa-south1/subnetworks
2026-08-22T01:32:32.6156468Z I0822 01:32:24.733509    4375 operations.go:125] "storing operation" fqn="projects/kcc-recaptcha-enterprise/regions/africa-south1/operations/operation-1787362344733-41e79283-d89e-4035-ab88-43c33e4e13cd"
2026-08-22T01:32:32.6157594Z I0822 01:32:24.733620    4375 mockgcp_http.go:327] mockgcp response: POST https://compute.googleapis.com/compute/v1/projects/kcc-recaptcha-enterprise/regions/africa-south1/subnetworks => 200
2026-08-22T01:32:32.6159023Z I0822 01:32:24.733672    4375 mockgcp_http.go:298] mockgcp request: GET https://compute.googleapis.com/compute/v1/projects/kcc-recaptcha-enterprise/regions/africa-south1/operations/operation-1787362344733-41e79283-d89e-4035-ab88-43c33e4e13cd
2026-08-22T01:32:32.6161109Z I0822 01:32:24.733951    4375 mockgcp_http.go:327] mockgcp response: GET https://compute.googleapis.com/compute/v1/projects/kcc-recaptcha-enterprise/regions/africa-south1/operations/operation-1787362344733-41e79283-d89e-4035-ab88-43c33e4e13cd => 200
2026-08-22T01:32:32.6162227Z I0822 01:32:24.734008    4375 mockgcp_http.go:298] mockgcp request: POST https://compute.googleapis.com/compute/v1/projects/kcc-recaptcha-enterprise/regions/northamerica-south1/subnetworks
2026-08-22T01:32:32.6163676Z I0822 01:32:24.734279    4375 operations.go:125] "storing operation" fqn="projects/kcc-recaptcha-enterprise/regions/northamerica-south1/operations/operation-1787362344734-142aac56-f87b-48f5-b263-3c4c422af4f7"
2026-08-22T01:32:32.6164833Z I0822 01:32:24.734386    4375 mockgcp_http.go:327] mockgcp response: POST https://compute.googleapis.com/compute/v1/projects/kcc-recaptcha-enterprise/regions/northamerica-south1/subnetworks => 200
2026-08-22T01:32:32.6166324Z I0822 01:32:24.734420    4375 mockgcp_http.go:298] mockgcp request: GET https://compute.googleapis.com/compute/v1/projects/kcc-recaptcha-enterprise/regions/northamerica-south1/operations/operation-1787362344734-142aac56-f87b-48f5-b263-3c4c422af4f7
2026-08-22T01:32:32.6167860Z I0822 01:32:24.734625    4375 mockgcp_http.go:327] mockgcp response: GET https://compute.googleapis.com/compute/v1/projects/kcc-recaptcha-enterprise/regions/northamerica-south1/operations/operation-1787362344734-142aac56-f87b-48f5-b263-3c4c422af4f7 => 200
2026-08-22T01:32:32.6169114Z I0822 01:32:24.734675    4375 mockgcp_http.go:298] mockgcp request: POST https://compute.googleapis.com/compute/v1/projects/kcc-recaptcha-enterprise/regions/europe-north2/subnetworks
2026-08-22T01:32:32.6170284Z I0822 01:32:24.734895    4375 operations.go:125] "storing operation" fqn="projects/kcc-recaptcha-enterprise/regions/europe-north2/operations/operation-1787362344734-3806e60a-1994-4291-aa6b-ebde43956a6c"
2026-08-22T01:32:32.6171622Z I0822 01:32:24.734985    4375 mockgcp_http.go:327] mockgcp response: POST https://compute.googleapis.com/compute/v1/projects/kcc-recaptcha-enterprise/regions/europe-north2/subnetworks => 200
2026-08-22T01:32:32.6173322Z I0822 01:32:24.735020    4375 mockgcp_http.go:298] mockgcp request: GET https://compute.googleapis.com/compute/v1/projects/kcc-recaptcha-enterprise/regions/europe-north2/operations/operation-1787362344734-3806e60a-1994-4291-aa6b-ebde43956a6c
2026-08-22T01:32:32.6178594Z I0822 01:32:24.735203    4375 mockgcp_http.go:327] mockgcp response: GET https://compute.googleapis.com/compute/v1/projects/kcc-recaptcha-enterprise/regions/europe-north2/operations/operation-1787362344734-3806e60a-1994-4291-aa6b-ebde43956a6c => 200
2026-08-22T01:32:32.6182739Z I0822 01:32:24.735306    4375 mockgcp_http.go:298] mockgcp request: POST https://compute.googleapis.com/compute/v1/projects/kcc-recaptcha-enterprise/global/routes
2026-08-22T01:32:32.6186872Z I0822 01:32:24.735658    4375 operations.go:125] "storing operation" fqn="projects/kcc-recaptcha-enterprise/global/operations/operation-1787362344735-46bfe659-e895-4270-81d0-cb280e7c69e8"
2026-08-22T01:32:32.6190083Z I0822 01:32:24.735790    4375 mockgcp_http.go:327] mockgcp response: POST https://compute.googleapis.com/compute/v1/projects/kcc-recaptcha-enterprise/global/routes => 200
2026-08-22T01:32:32.6191540Z I0822 01:32:24.735836    4375 mockgcp_http.go:298] mockgcp request: GET https://compute.googleapis.com/compute/v1/projects/kcc-recaptcha-enterprise/global/operations/operation-1787362344735-46bfe659-e895-4270-81d0-cb280e7c69e8
2026-08-22T01:32:32.6197674Z I0822 01:32:24.736157    4375 mockgcp_http.go:327] mockgcp response: GET https://compute.googleapis.com/compute/v1/projects/kcc-recaptcha-enterprise/global/operations/operation-1787362344735-46bfe659-e895-4270-81d0-cb280e7c69e8 => 200
2026-08-22T01:32:32.6198721Z I0822 01:32:24.736218    4375 mockgcp_http.go:298] mockgcp request: GET https://compute.googleapis.com/compute/v1/projects/kcc-recaptcha-enterprise/aggregated/subnetworks
2026-08-22T01:32:32.6200526Z I0822 01:32:24.741674    4375 mockgcp_http.go:327] mockgcp response: GET https://compute.googleapis.com/compute/v1/projects/kcc-recaptcha-enterprise/aggregated/subnetworks => 200
2026-08-22T01:32:32.6210596Z I0822 01:32:24.742931    4375 mockgcp_http.go:298] mockgcp request: POST https://compute.googleapis.com/compute/v1/projects/kcc-recaptcha-enterprise/global/routes
2026-08-22T01:32:32.6225343Z I0822 01:32:24.743321    4375 operations.go:125] "storing operation" fqn="projects/kcc-recaptcha-enterprise/global/operations/operation-1787362344743-df30b938-4002-4d65-9a27-72989d789d3a"
2026-08-22T01:32:32.6226385Z I0822 01:32:24.743460    4375 mockgcp_http.go:327] mockgcp response: POST https://compute.googleapis.com/compute/v1/projects/kcc-recaptcha-enterprise/global/routes => 200
2026-08-22T01:32:32.6239893Z I0822 01:32:24.743520    4375 mockgcp_http.go:298] mockgcp request: GET https://compute.googleapis.com/compute/v1/projects/kcc-recaptcha-enterprise/global/operations/operation-1787362344743-df30b938-4002-4d65-9a27-72989d789d3a
2026-08-22T01:32:32.6241416Z I0822 01:32:24.743801    4375 mockgcp_http.go:327] mockgcp response: GET https://compute.googleapis.com/compute/v1/projects/kcc-recaptcha-enterprise/global/operations/operation-1787362344743-df30b938-4002-4d65-9a27-72989d789d3a => 200
2026-08-22T01:32:32.6242664Z I0822 01:32:24.743883    4375 mockgcp_http.go:298] mockgcp request: POST https://compute.googleapis.com/compute/v1/projects/kcc-recaptcha-enterprise/global/routes
2026-08-22T01:32:32.6243981Z I0822 01:32:24.744203    4375 operations.go:125] "storing operation" fqn="projects/kcc-recaptcha-enterprise/global/operations/operation-1787362344744-6e8781a6-b414-4d3f-9f9e-3fa635511cb2"
2026-08-22T01:32:32.6244973Z I0822 01:32:24.744307    4375 mockgcp_http.go:327] mockgcp response: POST https://compute.googleapis.com/compute/v1/projects/kcc-recaptcha-enterprise/global/routes => 200
2026-08-22T01:32:32.6246348Z I0822 01:32:24.744363    4375 mockgcp_http.go:298] mockgcp request: GET https://compute.googleapis.com/compute/v1/projects/kcc-recaptcha-enterprise/global/operations/operation-1787362344744-6e8781a6-b414-4d3f-9f9e-3fa635511cb2
2026-08-22T01:32:32.6250487Z I0822 01:32:24.744654    4375 mockgcp_http.go:327] mockgcp response: GET https://compute.googleapis.com/compute/v1/projects/kcc-recaptcha-enterprise/global/operations/operation-1787362344744-6e8781a6-b414-4d3f-9f9e-3fa635511cb2 => 200
2026-08-22T01:32:32.6251472Z I0822 01:32:24.744720    4375 mockgcp_http.go:298] mockgcp request: POST https://compute.googleapis.com/compute/v1/projects/kcc-recaptcha-enterprise/global/routes
2026-08-22T01:32:32.6252586Z I0822 01:32:24.745008    4375 operations.go:125] "storing operation" fqn="projects/kcc-recaptcha-enterprise/global/operations/operation-1787362344744-806a259b-200b-4b36-96ff-628c9f35b7cf"
2026-08-22T01:32:32.6253733Z I0822 01:32:24.745107    4375 mockgcp_http.go:327] mockgcp response: POST https://compute.googleapis.com/compute/v1/projects/kcc-recaptcha-enterprise/global/routes => 200
2026-08-22T01:32:32.6255121Z I0822 01:32:24.745160    4375 mockgcp_http.go:298] mockgcp request: GET https://compute.googleapis.com/compute/v1/projects/kcc-recaptcha-enterprise/global/operations/operation-1787362344744-806a259b-200b-4b36-96ff-628c9f35b7cf
2026-08-22T01:32:32.6256540Z I0822 01:32:24.745448    4375 mockgcp_http.go:327] mockgcp response: GET https://compute.googleapis.com/compute/v1/projects/kcc-recaptcha-enterprise/global/operations/operation-1787362344744-806a259b-200b-4b36-96ff-628c9f35b7cf => 200
2026-08-22T01:32:32.6257447Z I0822 01:32:24.745528    4375 mockgcp_http.go:298] mockgcp request: POST https://compute.googleapis.com/compute/v1/projects/kcc-recaptcha-enterprise/global/routes
2026-08-22T01:32:32.6258546Z I0822 01:32:24.745832    4375 operations.go:125] "storing operation" fqn="projects/kcc-recaptcha-enterprise/global/operations/operation-1787362344745-47d5cd78-f988-4cc6-ba24-7e49ba030208"
2026-08-22T01:32:32.6259509Z I0822 01:32:24.745938    4375 mockgcp_http.go:327] mockgcp response: POST https://compute.googleapis.com/compute/v1/projects/kcc-recaptcha-enterprise/global/routes => 200
2026-08-22T01:32:32.6260859Z I0822 01:32:24.745998    4375 mockgcp_http.go:298] mockgcp request: GET https://compute.googleapis.com/compute/v1/projects/kcc-recaptcha-enterprise/global/operations/operation-1787362344745-47d5cd78-f988-4cc6-ba24-7e49ba030208
2026-08-22T01:32:32.6262271Z I0822 01:32:24.746300    4375 mockgcp_http.go:327] mockgcp response: GET https://compute.googleapis.com/compute/v1/projects/kcc-recaptcha-enterprise/global/operations/operation-1787362344745-47d5cd78-f988-4cc6-ba24-7e49ba030208 => 200
2026-08-22T01:32:32.6263219Z I0822 01:32:24.746378    4375 mockgcp_http.go:298] mockgcp request: POST https://compute.googleapis.com/compute/v1/projects/kcc-recaptcha-enterprise/global/routes
2026-08-22T01:32:32.6264537Z I0822 01:32:24.746701    4375 operations.go:125] "storing operation" fqn="projects/kcc-recaptcha-enterprise/global/operations/operation-1787362344746-b3ff98c9-cd1a-4d81-a728-05058187c07d"
2026-08-22T01:32:32.6265522Z I0822 01:32:24.746806    4375 mockgcp_http.go:327] mockgcp response: POST https://compute.googleapis.com/compute/v1/projects/kcc-recaptcha-enterprise/global/routes => 200
2026-08-22T01:32:32.6266876Z I0822 01:32:24.746854    4375 mockgcp_http.go:298] mockgcp request: GET https://compute.googleapis.com/compute/v1/projects/kcc-recaptcha-enterprise/global/operations/operation-1787362344746-b3ff98c9-cd1a-4d81-a728-05058187c07d
2026-08-22T01:32:32.6268452Z I0822 01:32:24.747164    4375 mockgcp_http.go:327] mockgcp response: GET https://compute.googleapis.com/compute/v1/projects/kcc-recaptcha-enterprise/global/operations/operation-1787362344746-b3ff98c9-cd1a-4d81-a728-05058187c07d => 200
2026-08-22T01:32:32.6269356Z I0822 01:32:24.747227    4375 mockgcp_http.go:298] mockgcp request: POST https://compute.googleapis.com/compute/v1/projects/kcc-recaptcha-enterprise/global/routes
2026-08-22T01:32:32.6270439Z I0822 01:32:24.747548    4375 operations.go:125] "storing operation" fqn="projects/kcc-recaptcha-enterprise/global/operations/operation-1787362344747-97e0dafa-09ec-42a1-9172-bbc912c9b62b"
2026-08-22T01:32:32.6271549Z I0822 01:32:24.747654    4375 mockgcp_http.go:327] mockgcp response: POST https://compute.googleapis.com/compute/v1/projects/kcc-recaptcha-enterprise/global/routes => 200
2026-08-22T01:32:32.6272898Z I0822 01:32:24.747693    4375 mockgcp_http.go:298] mockgcp request: GET https://compute.googleapis.com/compute/v1/projects/kcc-recaptcha-enterprise/global/operations/operation-1787362344747-97e0dafa-09ec-42a1-9172-bbc912c9b62b
2026-08-22T01:32:32.6275705Z I0822 01:32:24.747968    4375 mockgcp_http.go:327] mockgcp response: GET https://compute.googleapis.com/compute/v1/projects/kcc-recaptcha-enterprise/global/operations/operation-1787362344747-97e0dafa-09ec-42a1-9172-bbc912c9b62b => 200
2026-08-22T01:32:32.6278660Z I0822 01:32:24.748027    4375 mockgcp_http.go:298] mockgcp request: POST https://compute.googleapis.com/compute/v1/projects/kcc-recaptcha-enterprise/global/routes
2026-08-22T01:32:32.6279797Z I0822 01:32:24.748364    4375 operations.go:125] "storing operation" fqn="projects/kcc-recaptcha-enterprise/global/operations/operation-1787362344748-a25c9b8f-2d99-4b6f-bd93-3ffd18b67cb0"
2026-08-22T01:32:32.6280766Z I0822 01:32:24.748498    4375 mockgcp_http.go:327] mockgcp response: POST https://compute.googleapis.com/compute/v1/projects/kcc-recaptcha-enterprise/global/routes => 200
2026-08-22T01:32:32.6282144Z I0822 01:32:24.748548    4375 mockgcp_http.go:298] mockgcp request: GET https://compute.googleapis.com/compute/v1/projects/kcc-recaptcha-enterprise/global/operations/operation-1787362344748-a25c9b8f-2d99-4b6f-bd93-3ffd18b67cb0
2026-08-22T01:32:32.6283744Z I0822 01:32:24.748811    4375 mockgcp_http.go:327] mockgcp response: GET https://compute.googleapis.com/compute/v1/projects/kcc-recaptcha-enterprise/global/operations/operation-1787362344748-a25c9b8f-2d99-4b6f-bd93-3ffd18b67cb0 => 200
2026-08-22T01:32:32.6287752Z I0822 01:32:24.748865    4375 mockgcp_http.go:298] mockgcp request: POST https://compute.googleapis.com/compute/v1/projects/kcc-recaptcha-enterprise/global/routes
2026-08-22T01:32:32.6288931Z I0822 01:32:24.749140    4375 operations.go:125] "storing operation" fqn="projects/kcc-recaptcha-enterprise/global/operations/operation-1787362344749-f4a505f4-81a1-4cda-b28d-59bffeeca06f"
2026-08-22T01:32:32.6289938Z I0822 01:32:24.749242    4375 mockgcp_http.go:327] mockgcp response: POST https://compute.googleapis.com/compute/v1/projects/kcc-recaptcha-enterprise/global/routes => 200
2026-08-22T01:32:32.6291752Z I0822 01:32:24.749297    4375 mockgcp_http.go:298] mockgcp request: GET https://compute.googleapis.com/compute/v1/projects/kcc-recaptcha-enterprise/global/operations/operation-1787362344749-f4a505f4-81a1-4cda-b28d-59bffeeca06f
2026-08-22T01:32:32.6335123Z I0822 01:32:24.749567    4375 mockgcp_http.go:327] mockgcp response: GET https://compute.googleapis.com/compute/v1/projects/kcc-recaptcha-enterprise/global/operations/operation-1787362344749-f4a505f4-81a1-4cda-b28d-59bffeeca06f => 200
2026-08-22T01:32:32.6336199Z I0822 01:32:24.749629    4375 mockgcp_http.go:298] mockgcp request: POST https://compute.googleapis.com/compute/v1/projects/kcc-recaptcha-enterprise/global/routes
2026-08-22T01:32:32.6337335Z I0822 01:32:24.749887    4375 operations.go:125] "storing operation" fqn="projects/kcc-recaptcha-enterprise/global/operations/operation-1787362344749-f95203ad-500a-452c-b7fd-fff23865e5fb"
2026-08-22T01:32:32.6338723Z I0822 01:32:24.749994    4375 mockgcp_http.go:327] mockgcp response: POST https://compute.googleapis.com/compute/v1/projects/kcc-recaptcha-enterprise/global/routes => 200
2026-08-22T01:32:32.6340071Z I0822 01:32:24.750052    4375 mockgcp_http.go:298] mockgcp request: GET https://compute.googleapis.com/compute/v1/projects/kcc-recaptcha-enterprise/global/operations/operation-1787362344749-f95203ad-500a-452c-b7fd-fff23865e5fb
2026-08-22T01:32:32.6341486Z I0822 01:32:24.750304    4375 mockgcp_http.go:327] mockgcp response: GET https://compute.googleapis.com/compute/v1/projects/kcc-recaptcha-enterprise/global/operations/operation-1787362344749-f95203ad-500a-452c-b7fd-fff23865e5fb => 200
2026-08-22T01:32:32.6342577Z I0822 01:32:24.750388    4375 mockgcp_http.go:298] mockgcp request: POST https://compute.googleapis.com/compute/v1/projects/kcc-recaptcha-enterprise/global/routes
2026-08-22T01:32:32.6355774Z I0822 01:32:24.750701    4375 operations.go:125] "storing operation" fqn="projects/kcc-recaptcha-enterprise/global/operations/operation-1787362344750-df5743f7-bd6c-473b-9351-3b7b82bdf062"
2026-08-22T01:32:32.6363173Z I0822 01:32:24.750865    4375 mockgcp_http.go:327] mockgcp response: POST https://compute.googleapis.com/compute/v1/projects/kcc-recaptcha-enterprise/global/routes => 200
2026-08-22T01:32:32.6364879Z I0822 01:32:24.750914    4375 mockgcp_http.go:298] mockgcp request: GET https://compute.googleapis.com/compute/v1/projects/kcc-recaptcha-enterprise/global/operations/operation-1787362344750-df5743f7-bd6c-473b-9351-3b7b82bdf062
2026-08-22T01:32:32.6366370Z I0822 01:32:24.751169    4375 mockgcp_http.go:327] mockgcp response: GET https://compute.googleapis.com/compute/v1/projects/kcc-recaptcha-enterprise/global/operations/operation-1787362344750-df5743f7-bd6c-473b-9351-3b7b82bdf062 => 200
2026-08-22T01:32:32.6367272Z I0822 01:32:24.751223    4375 mockgcp_http.go:298] mockgcp request: POST https://compute.googleapis.com/compute/v1/projects/kcc-recaptcha-enterprise/global/routes
2026-08-22T01:32:32.6368410Z I0822 01:32:24.751553    4375 operations.go:125] "storing operation" fqn="projects/kcc-recaptcha-enterprise/global/operations/operation-1787362344751-76d0b66c-c735-44b4-adc9-5222e56cd1fc"
2026-08-22T01:32:32.6369385Z I0822 01:32:24.751688    4375 mockgcp_http.go:327] mockgcp response: POST https://compute.googleapis.com/compute/v1/projects/kcc-recaptcha-enterprise/global/routes => 200
2026-08-22T01:32:32.6370780Z I0822 01:32:24.751762    4375 mockgcp_http.go:298] mockgcp request: GET https://compute.googleapis.com/compute/v1/projects/kcc-recaptcha-enterprise/global/operations/operation-1787362344751-76d0b66c-c735-44b4-adc9-5222e56cd1fc
2026-08-22T01:32:32.6372376Z I0822 01:32:24.752009    4375 mockgcp_http.go:327] mockgcp response: GET https://compute.googleapis.com/compute/v1/projects/kcc-recaptcha-enterprise/global/operations/operation-1787362344751-76d0b66c-c735-44b4-adc9-5222e56cd1fc => 200
2026-08-22T01:32:32.6373358Z I0822 01:32:24.752062    4375 mockgcp_http.go:298] mockgcp request: POST https://compute.googleapis.com/compute/v1/projects/kcc-recaptcha-enterprise/global/routes
2026-08-22T01:32:32.6374665Z I0822 01:32:24.752345    4375 operations.go:125] "storing operation" fqn="projects/kcc-recaptcha-enterprise/global/operations/operation-1787362344752-a06d4db4-4fc7-4e4a-aeee-fa3ccc2658fd"
2026-08-22T01:32:32.6375663Z I0822 01:32:24.752462    4375 mockgcp_http.go:327] mockgcp response: POST https://compute.googleapis.com/compute/v1/projects/kcc-recaptcha-enterprise/global/routes => 200
2026-08-22T01:32:32.6377043Z I0822 01:32:24.752516    4375 mockgcp_http.go:298] mockgcp request: GET https://compute.googleapis.com/compute/v1/projects/kcc-recaptcha-enterprise/global/operations/operation-1787362344752-a06d4db4-4fc7-4e4a-aeee-fa3ccc2658fd
2026-08-22T01:32:32.6378475Z I0822 01:32:24.752790    4375 mockgcp_http.go:327] mockgcp response: GET https://compute.googleapis.com/compute/v1/projects/kcc-recaptcha-enterprise/global/operations/operation-1787362344752-a06d4db4-4fc7-4e4a-aeee-fa3ccc2658fd => 200
2026-08-22T01:32:32.6379737Z I0822 01:32:24.752854    4375 mockgcp_http.go:298] mockgcp request: POST https://compute.googleapis.com/compute/v1/projects/kcc-recaptcha-enterprise/global/routes
2026-08-22T01:32:32.6380868Z I0822 01:32:24.753116    4375 operations.go:125] "storing operation" fqn="projects/kcc-recaptcha-enterprise/global/operations/operation-1787362344753-85060f6b-b20d-4d76-af34-f6e6fe00eb02"
2026-08-22T01:32:32.6381845Z I0822 01:32:24.753243    4375 mockgcp_http.go:327] mockgcp response: POST https://compute.googleapis.com/compute/v1/projects/kcc-recaptcha-enterprise/global/routes => 200
2026-08-22T01:32:32.6383576Z I0822 01:32:24.753307    4375 mockgcp_http.go:298] mockgcp request: GET https://compute.googleapis.com/compute/v1/projects/kcc-recaptcha-enterprise/global/operations/operation-1787362344753-85060f6b-b20d-4d76-af34-f6e6fe00eb02
2026-08-22T01:32:32.6385057Z I0822 01:32:24.753583    4375 mockgcp_http.go:327] mockgcp response: GET https://compute.googleapis.com/compute/v1/projects/kcc-recaptcha-enterprise/global/operations/operation-1787362344753-85060f6b-b20d-4d76-af34-f6e6fe00eb02 => 200
2026-08-22T01:32:32.6386009Z I0822 01:32:24.753649    4375 mockgcp_http.go:298] mockgcp request: POST https://compute.googleapis.com/compute/v1/projects/kcc-recaptcha-enterprise/global/routes
2026-08-22T01:32:32.6387113Z I0822 01:32:24.753923    4375 operations.go:125] "storing operation" fqn="projects/kcc-recaptcha-enterprise/global/operations/operation-1787362344753-0afe8d49-e4e0-4343-98f4-7ff5f3c4eb35"
2026-08-22T01:32:32.6388333Z I0822 01:32:24.754084    4375 mockgcp_http.go:327] mockgcp response: POST https://compute.googleapis.com/compute/v1/projects/kcc-recaptcha-enterprise/global/routes => 200
2026-08-22T01:32:32.6389729Z I0822 01:32:24.754138    4375 mockgcp_http.go:298] mockgcp request: GET https://compute.googleapis.com/compute/v1/projects/kcc-recaptcha-enterprise/global/operations/operation-1787362344753-0afe8d49-e4e0-4343-98f4-7ff5f3c4eb35
2026-08-22T01:32:32.6391179Z I0822 01:32:24.754394    4375 mockgcp_http.go:327] mockgcp response: GET https://compute.googleapis.com/compute/v1/projects/kcc-recaptcha-enterprise/global/operations/operation-1787362344753-0afe8d49-e4e0-4343-98f4-7ff5f3c4eb35 => 200
2026-08-22T01:32:32.6392101Z I0822 01:32:24.754459    4375 mockgcp_http.go:298] mockgcp request: POST https://compute.googleapis.com/compute/v1/projects/kcc-recaptcha-enterprise/global/routes
2026-08-22T01:32:32.6393216Z I0822 01:32:24.754727    4375 operations.go:125] "storing operation" fqn="projects/kcc-recaptcha-enterprise/global/operations/operation-1787362344754-34ba1554-5d96-4abf-9373-1f4aa1944257"
2026-08-22T01:32:32.6394509Z I0822 01:32:24.754863    4375 mockgcp_http.go:327] mockgcp response: POST https://compute.googleapis.com/compute/v1/projects/kcc-recaptcha-enterprise/global/routes => 200
2026-08-22T01:32:32.6396423Z I0822 01:32:24.754924    4375 mockgcp_http.go:298] mockgcp request: GET https://compute.googleapis.com/compute/v1/projects/kcc-recaptcha-enterprise/global/operations/operation-1787362344754-34ba1554-5d96-4abf-9373-1f4aa1944257
2026-08-22T01:32:32.6397878Z I0822 01:32:24.755205    4375 mockgcp_http.go:327] mockgcp response: GET https://compute.googleapis.com/compute/v1/projects/kcc-recaptcha-enterprise/global/operations/operation-1787362344754-34ba1554-5d96-4abf-9373-1f4aa1944257 => 200
2026-08-22T01:32:32.6398820Z I0822 01:32:24.755266    4375 mockgcp_http.go:298] mockgcp request: POST https://compute.googleapis.com/compute/v1/projects/kcc-recaptcha-enterprise/global/routes
2026-08-22T01:32:32.6399947Z I0822 01:32:24.755592    4375 operations.go:125] "storing operation" fqn="projects/kcc-recaptcha-enterprise/global/operations/operation-1787362344755-09edf529-88a1-4e1f-aa3b-278b6eecc6fd"
2026-08-22T01:32:32.6400945Z I0822 01:32:24.755685    4375 mockgcp_http.go:327] mockgcp response: POST https://compute.googleapis.com/compute/v1/projects/kcc-recaptcha-enterprise/global/routes => 200
2026-08-22T01:32:32.6402569Z I0822 01:32:24.755738    4375 mockgcp_http.go:298] mockgcp request: GET https://compute.googleapis.com/compute/v1/projects/kcc-recaptcha-enterprise/global/operations/operation-1787362344755-09edf529-88a1-4e1f-aa3b-278b6eecc6fd
2026-08-22T01:32:32.6404221Z I0822 01:32:24.755995    4375 mockgcp_http.go:327] mockgcp response: GET https://compute.googleapis.com/compute/v1/projects/kcc-recaptcha-enterprise/global/operations/operation-1787362344755-09edf529-88a1-4e1f-aa3b-278b6eecc6fd => 200
2026-08-22T01:32:32.6405145Z I0822 01:32:24.756062    4375 mockgcp_http.go:298] mockgcp request: POST https://compute.googleapis.com/compute/v1/projects/kcc-recaptcha-enterprise/global/routes
2026-08-22T01:32:32.6406485Z I0822 01:32:24.756346    4375 operations.go:125] "storing operation" fqn="projects/kcc-recaptcha-enterprise/global/operations/operation-1787362344756-797c7cf6-cf28-4cb2-9369-d3428f09bcd8"
2026-08-22T01:32:32.6407491Z I0822 01:32:24.756509    4375 mockgcp_http.go:327] mockgcp response: POST https://compute.googleapis.com/compute/v1/projects/kcc-recaptcha-enterprise/global/routes => 200
2026-08-22T01:32:32.6408878Z I0822 01:32:24.756550    4375 mockgcp_http.go:298] mockgcp request: GET https://compute.googleapis.com/compute/v1/projects/kcc-recaptcha-enterprise/global/operations/operation-1787362344756-797c7cf6-cf28-4cb2-9369-d3428f09bcd8
2026-08-22T01:32:32.6410301Z I0822 01:32:24.756821    4375 mockgcp_http.go:327] mockgcp response: GET https://compute.googleapis.com/compute/v1/projects/kcc-recaptcha-enterprise/global/operations/operation-1787362344756-797c7cf6-cf28-4cb2-9369-d3428f09bcd8 => 200
2026-08-22T01:32:32.6411256Z I0822 01:32:24.756878    4375 mockgcp_http.go:298] mockgcp request: POST https://compute.googleapis.com/compute/v1/projects/kcc-recaptcha-enterprise/global/routes
2026-08-22T01:32:32.6412487Z I0822 01:32:24.757161    4375 operations.go:125] "storing operation" fqn="projects/kcc-recaptcha-enterprise/global/operations/operation-1787362344757-93560a8f-6656-466c-b282-262ec67a5243"
2026-08-22T01:32:32.6413633Z I0822 01:32:24.757275    4375 mockgcp_http.go:327] mockgcp response: POST https://compute.googleapis.com/compute/v1/projects/kcc-recaptcha-enterprise/global/routes => 200
2026-08-22T01:32:32.6414996Z I0822 01:32:24.757326    4375 mockgcp_http.go:298] mockgcp request: GET https://compute.googleapis.com/compute/v1/projects/kcc-recaptcha-enterprise/global/operations/operation-1787362344757-93560a8f-6656-466c-b282-262ec67a5243
2026-08-22T01:32:32.6416395Z I0822 01:32:24.757584    4375 mockgcp_http.go:327] mockgcp response: GET https://compute.googleapis.com/compute/v1/projects/kcc-recaptcha-enterprise/global/operations/operation-1787362344757-93560a8f-6656-466c-b282-262ec67a5243 => 200
2026-08-22T01:32:32.6417307Z I0822 01:32:24.757642    4375 mockgcp_http.go:298] mockgcp request: POST https://compute.googleapis.com/compute/v1/projects/kcc-recaptcha-enterprise/global/routes
2026-08-22T01:32:32.6418373Z I0822 01:32:24.757942    4375 operations.go:125] "storing operation" fqn="projects/kcc-recaptcha-enterprise/global/operations/operation-1787362344757-115f0bce-75a0-4a47-8a13-cd56d92441ae"
2026-08-22T01:32:32.6419347Z I0822 01:32:24.758037    4375 mockgcp_http.go:327] mockgcp response: POST https://compute.googleapis.com/compute/v1/projects/kcc-recaptcha-enterprise/global/routes => 200
2026-08-22T01:32:32.6420887Z I0822 01:32:24.758089    4375 mockgcp_http.go:298] mockgcp request: GET https://compute.googleapis.com/compute/v1/projects/kcc-recaptcha-enterprise/global/operations/operation-1787362344757-115f0bce-75a0-4a47-8a13-cd56d92441ae
2026-08-22T01:32:32.6440720Z I0822 01:32:24.758362    4375 mockgcp_http.go:327] mockgcp response: GET https://compute.googleapis.com/compute/v1/projects/kcc-recaptcha-enterprise/global/operations/operation-1787362344757-115f0bce-75a0-4a47-8a13-cd56d92441ae => 200
2026-08-22T01:32:32.6441726Z I0822 01:32:24.758428    4375 mockgcp_http.go:298] mockgcp request: POST https://compute.googleapis.com/compute/v1/projects/kcc-recaptcha-enterprise/global/routes
2026-08-22T01:32:32.6443113Z I0822 01:32:24.758746    4375 operations.go:125] "storing operation" fqn="projects/kcc-recaptcha-enterprise/global/operations/operation-1787362344758-a74b4cbd-da44-4893-abce-6c713b06d4b7"
2026-08-22T01:32:32.6444367Z I0822 01:32:24.758895    4375 mockgcp_http.go:327] mockgcp response: POST https://compute.googleapis.com/compute/v1/projects/kcc-recaptcha-enterprise/global/routes => 200
2026-08-22T01:32:32.6445892Z I0822 01:32:24.758963    4375 mockgcp_http.go:298] mockgcp request: GET https://compute.googleapis.com/compute/v1/projects/kcc-recaptcha-enterprise/global/operations/operation-1787362344758-a74b4cbd-da44-4893-abce-6c713b06d4b7
2026-08-22T01:32:32.6447488Z I0822 01:32:24.759262    4375 mockgcp_http.go:327] mockgcp response: GET https://compute.googleapis.com/compute/v1/projects/kcc-recaptcha-enterprise/global/operations/operation-1787362344758-a74b4cbd-da44-4893-abce-6c713b06d4b7 => 200
2026-08-22T01:32:32.6453224Z I0822 01:32:24.759324    4375 mockgcp_http.go:298] mockgcp request: POST https://compute.googleapis.com/compute/v1/projects/kcc-recaptcha-enterprise/global/routes
2026-08-22T01:32:32.6454566Z I0822 01:32:24.759654    4375 operations.go:125] "storing operation" fqn="projects/kcc-recaptcha-enterprise/global/operations/operation-1787362344759-a387419c-696e-4802-9d5c-19743e6d61bc"
2026-08-22T01:32:32.6455571Z I0822 01:32:24.759761    4375 mockgcp_http.go:327] mockgcp response: POST https://compute.googleapis.com/compute/v1/projects/kcc-recaptcha-enterprise/global/routes => 200
2026-08-22T01:32:32.6456929Z I0822 01:32:24.759806    4375 mockgcp_http.go:298] mockgcp request: GET https://compute.googleapis.com/compute/v1/projects/kcc-recaptcha-enterprise/global/operations/operation-1787362344759-a387419c-696e-4802-9d5c-19743e6d61bc
2026-08-22T01:32:32.6458356Z I0822 01:32:24.760059    4375 mockgcp_http.go:327] mockgcp response: GET https://compute.googleapis.com/compute/v1/projects/kcc-recaptcha-enterprise/global/operations/operation-1787362344759-a387419c-696e-4802-9d5c-19743e6d61bc => 200
2026-08-22T01:32:32.6459275Z I0822 01:32:24.760124    4375 mockgcp_http.go:298] mockgcp request: POST https://compute.googleapis.com/compute/v1/projects/kcc-recaptcha-enterprise/global/routes
2026-08-22T01:32:32.6500171Z I0822 01:32:24.760446    4375 operations.go:125] "storing operation" fqn="projects/kcc-recaptcha-enterprise/global/operations/operation-1787362344760-7a86474f-3264-430b-8695-e7eba82e4aaf"
2026-08-22T01:32:32.6501451Z I0822 01:32:24.760551    4375 mockgcp_http.go:327] mockgcp response: POST https://compute.googleapis.com/compute/v1/projects/kcc-recaptcha-enterprise/global/routes => 200
2026-08-22T01:32:32.6503267Z I0822 01:32:24.760598    4375 mockgcp_http.go:298] mockgcp request: GET https://compute.googleapis.com/compute/v1/projects/kcc-recaptcha-enterprise/global/operations/operation-1787362344760-7a86474f-3264-430b-8695-e7eba82e4aaf
2026-08-22T01:32:32.6505509Z I0822 01:32:24.760869    4375 mockgcp_http.go:327] mockgcp response: GET https://compute.googleapis.com/compute/v1/projects/kcc-recaptcha-enterprise/global/operations/operation-1787362344760-7a86474f-3264-430b-8695-e7eba82e4aaf => 200
2026-08-22T01:32:32.6506497Z I0822 01:32:24.760928    4375 mockgcp_http.go:298] mockgcp request: POST https://compute.googleapis.com/compute/v1/projects/kcc-recaptcha-enterprise/global/routes
2026-08-22T01:32:32.6507593Z I0822 01:32:24.761233    4375 operations.go:125] "storing operation" fqn="projects/kcc-recaptcha-enterprise/global/operations/operation-1787362344761-a8d5a609-a2e1-4c94-bc71-5fc68a0e4f24"
2026-08-22T01:32:32.6508554Z I0822 01:32:24.761358    4375 mockgcp_http.go:327] mockgcp response: POST https://compute.googleapis.com/compute/v1/projects/kcc-recaptcha-enterprise/global/routes => 200
2026-08-22T01:32:32.6509900Z I0822 01:32:24.761436    4375 mockgcp_http.go:298] mockgcp request: GET https://compute.googleapis.com/compute/v1/projects/kcc-recaptcha-enterprise/global/operations/operation-1787362344761-a8d5a609-a2e1-4c94-bc71-5fc68a0e4f24
2026-08-22T01:32:32.6511628Z I0822 01:32:24.761698    4375 mockgcp_http.go:327] mockgcp response: GET https://compute.googleapis.com/compute/v1/projects/kcc-recaptcha-enterprise/global/operations/operation-1787362344761-a8d5a609-a2e1-4c94-bc71-5fc68a0e4f24 => 200
2026-08-22T01:32:32.6512560Z I0822 01:32:24.761764    4375 mockgcp_http.go:298] mockgcp request: POST https://compute.googleapis.com/compute/v1/projects/kcc-recaptcha-enterprise/global/routes
2026-08-22T01:32:32.6513856Z I0822 01:32:24.762032    4375 operations.go:125] "storing operation" fqn="projects/kcc-recaptcha-enterprise/global/operations/operation-1787362344762-02c932e6-163b-465d-baea-8ca595248dee"
2026-08-22T01:32:32.6514854Z I0822 01:32:24.762114    4375 mockgcp_http.go:327] mockgcp response: POST https://compute.googleapis.com/compute/v1/projects/kcc-recaptcha-enterprise/global/routes => 200
2026-08-22T01:32:32.6516454Z I0822 01:32:24.762167    4375 mockgcp_http.go:298] mockgcp request: GET https://compute.googleapis.com/compute/v1/projects/kcc-recaptcha-enterprise/global/operations/operation-1787362344762-02c932e6-163b-465d-baea-8ca595248dee
2026-08-22T01:32:32.6517926Z I0822 01:32:24.762464    4375 mockgcp_http.go:327] mockgcp response: GET https://compute.googleapis.com/compute/v1/projects/kcc-recaptcha-enterprise/global/operations/operation-1787362344762-02c932e6-163b-465d-baea-8ca595248dee => 200
2026-08-22T01:32:32.6518855Z I0822 01:32:24.762529    4375 mockgcp_http.go:298] mockgcp request: POST https://compute.googleapis.com/compute/v1/projects/kcc-recaptcha-enterprise/global/routes
2026-08-22T01:32:32.6519986Z I0822 01:32:24.762804    4375 operations.go:125] "storing operation" fqn="projects/kcc-recaptcha-enterprise/global/operations/operation-1787362344762-996b585e-a59c-4fa8-9f41-f1f465f01914"
2026-08-22T01:32:32.6529122Z I0822 01:32:24.762917    4375 mockgcp_http.go:327] mockgcp response: POST https://compute.googleapis.com/compute/v1/projects/kcc-recaptcha-enterprise/global/routes => 200
2026-08-22T01:32:32.6539480Z I0822 01:32:24.762965    4375 mockgcp_http.go:298] mockgcp request: GET https://compute.googleapis.com/compute/v1/projects/kcc-recaptcha-enterprise/global/operations/operation-1787362344762-996b585e-a59c-4fa8-9f41-f1f465f01914
2026-08-22T01:32:32.6541804Z I0822 01:32:24.763260    4375 mockgcp_http.go:327] mockgcp response: GET https://compute.googleapis.com/compute/v1/projects/kcc-recaptcha-enterprise/global/operations/operation-1787362344762-996b585e-a59c-4fa8-9f41-f1f465f01914 => 200
2026-08-22T01:32:32.6542758Z I0822 01:32:24.763320    4375 mockgcp_http.go:298] mockgcp request: POST https://compute.googleapis.com/compute/v1/projects/kcc-recaptcha-enterprise/global/routes
2026-08-22T01:32:32.6544042Z I0822 01:32:24.763607    4375 operations.go:125] "storing operation" fqn="projects/kcc-recaptcha-enterprise/global/operations/operation-1787362344763-a2ffc2ff-e6b7-4254-a7a6-a06967faca1f"
2026-08-22T01:32:32.6545056Z I0822 01:32:24.763738    4375 mockgcp_http.go:327] mockgcp response: POST https://compute.googleapis.com/compute/v1/projects/kcc-recaptcha-enterprise/global/routes => 200
2026-08-22T01:32:32.6546449Z I0822 01:32:24.763799    4375 mockgcp_http.go:298] mockgcp request: GET https://compute.googleapis.com/compute/v1/projects/kcc-recaptcha-enterprise/global/operations/operation-1787362344763-a2ffc2ff-e6b7-4254-a7a6-a06967faca1f
2026-08-22T01:32:32.6547902Z I0822 01:32:24.764072    4375 mockgcp_http.go:327] mockgcp response: GET https://compute.googleapis.com/compute/v1/projects/kcc-recaptcha-enterprise/global/operations/operation-1787362344763-a2ffc2ff-e6b7-4254-a7a6-a06967faca1f => 200
2026-08-22T01:32:32.6548823Z I0822 01:32:24.764136    4375 mockgcp_http.go:298] mockgcp request: POST https://compute.googleapis.com/compute/v1/projects/kcc-recaptcha-enterprise/global/routes
2026-08-22T01:32:32.6555124Z I0822 01:32:24.764406    4375 operations.go:125] "storing operation" fqn="projects/kcc-recaptcha-enterprise/global/operations/operation-1787362344764-f91ce49b-b318-4e54-8059-484bfd1ec31f"
2026-08-22T01:32:32.6556834Z I0822 01:32:24.764521    4375 mockgcp_http.go:327] mockgcp response: POST https://compute.googleapis.com/compute/v1/projects/kcc-recaptcha-enterprise/global/routes => 200
2026-08-22T01:32:32.6558464Z I0822 01:32:24.764577    4375 mockgcp_http.go:298] mockgcp request: GET https://compute.googleapis.com/compute/v1/projects/kcc-recaptcha-enterprise/global/operations/operation-1787362344764-f91ce49b-b318-4e54-8059-484bfd1ec31f
2026-08-22T01:32:32.6560517Z I0822 01:32:24.764829    4375 mockgcp_http.go:327] mockgcp response: GET https://compute.googleapis.com/compute/v1/projects/kcc-recaptcha-enterprise/global/operations/operation-1787362344764-f91ce49b-b318-4e54-8059-484bfd1ec31f => 200
2026-08-22T01:32:32.6562944Z I0822 01:32:24.764891    4375 mockgcp_http.go:298] mockgcp request: POST https://compute.googleapis.com/compute/v1/projects/kcc-recaptcha-enterprise/global/routes
2026-08-22T01:32:32.6582134Z I0822 01:32:24.765216    4375 operations.go:125] "storing operation" fqn="projects/kcc-recaptcha-enterprise/global/operations/operation-1787362344765-919a0b33-915b-40fc-a282-c99c41dfe5d7"
2026-08-22T01:32:32.6597341Z I0822 01:32:24.765338    4375 mockgcp_http.go:327] mockgcp response: POST https://compute.googleapis.com/compute/v1/projects/kcc-recaptcha-enterprise/global/routes => 200
2026-08-22T01:32:32.6618778Z I0822 01:32:24.765389    4375 mockgcp_http.go:298] mockgcp request: GET https://compute.googleapis.com/compute/v1/projects/kcc-recaptcha-enterprise/global/operations/operation-1787362344765-919a0b33-915b-40fc-a282-c99c41dfe5d7
2026-08-22T01:32:32.6621870Z I0822 01:32:24.765682    4375 mockgcp_http.go:327] mockgcp response: GET https://compute.googleapis.com/compute/v1/projects/kcc-recaptcha-enterprise/global/operations/operation-1787362344765-919a0b33-915b-40fc-a282-c99c41dfe5d7 => 200
2026-08-22T01:32:32.6623161Z I0822 01:32:24.765741    4375 mockgcp_http.go:298] mockgcp request: POST https://compute.googleapis.com/compute/v1/projects/kcc-recaptcha-enterprise/global/routes
2026-08-22T01:32:32.6624927Z I0822 01:32:24.766037    4375 operations.go:125] "storing operation" fqn="projects/kcc-recaptcha-enterprise/global/operations/operation-1787362344766-b34dd02d-b6c2-4b86-ad38-1ef6d39327a4"
2026-08-22T01:32:32.6626172Z I0822 01:32:24.766177    4375 mockgcp_http.go:327] mockgcp response: POST https://compute.googleapis.com/compute/v1/projects/kcc-recaptcha-enterprise/global/routes => 200
2026-08-22T01:32:32.6627769Z I0822 01:32:24.766254    4375 mockgcp_http.go:298] mockgcp request: GET https://compute.googleapis.com/compute/v1/projects/kcc-recaptcha-enterprise/global/operations/operation-1787362344766-b34dd02d-b6c2-4b86-ad38-1ef6d39327a4
2026-08-22T01:32:32.6636904Z I0822 01:32:24.766537    4375 mockgcp_http.go:327] mockgcp response: GET https://compute.googleapis.com/compute/v1/projects/kcc-recaptcha-enterprise/global/operations/operation-1787362344766-b34dd02d-b6c2-4b86-ad38-1ef6d39327a4 => 200
2026-08-22T01:32:32.6638019Z I0822 01:32:24.766616    4375 mockgcp_http.go:298] mockgcp request: POST https://compute.googleapis.com/compute/v1/projects/kcc-recaptcha-enterprise/global/routes
2026-08-22T01:32:32.6639159Z I0822 01:32:24.766910    4375 operations.go:125] "storing operation" fqn="projects/kcc-recaptcha-enterprise/global/operations/operation-1787362344766-cd09d513-68d8-48ac-9b1e-c30216ed7067"
2026-08-22T01:32:32.6640187Z I0822 01:32:24.767029    4375 mockgcp_http.go:327] mockgcp response: POST https://compute.googleapis.com/compute/v1/projects/kcc-recaptcha-enterprise/global/routes => 200
2026-08-22T01:32:32.6641624Z I0822 01:32:24.767097    4375 mockgcp_http.go:298] mockgcp request: GET https://compute.googleapis.com/compute/v1/projects/kcc-recaptcha-enterprise/global/operations/operation-1787362344766-cd09d513-68d8-48ac-9b1e-c30216ed7067
2026-08-22T01:32:32.6643158Z I0822 01:32:24.767406    4375 mockgcp_http.go:327] mockgcp response: GET https://compute.googleapis.com/compute/v1/projects/kcc-recaptcha-enterprise/global/operations/operation-1787362344766-cd09d513-68d8-48ac-9b1e-c30216ed7067 => 200
2026-08-22T01:32:32.6644890Z I0822 01:32:24.767466    4375 mockgcp_http.go:298] mockgcp request: POST https://compute.googleapis.com/compute/v1/projects/kcc-recaptcha-enterprise/global/routes
2026-08-22T01:32:32.6646051Z I0822 01:32:24.767748    4375 operations.go:125] "storing operation" fqn="projects/kcc-recaptcha-enterprise/global/operations/operation-1787362344767-dd25d817-7e80-4793-9d69-30044976b799"
2026-08-22T01:32:32.6647019Z I0822 01:32:24.767884    4375 mockgcp_http.go:327] mockgcp response: POST https://compute.googleapis.com/compute/v1/projects/kcc-recaptcha-enterprise/global/routes => 200
2026-08-22T01:32:32.6648391Z I0822 01:32:24.767941    4375 mockgcp_http.go:298] mockgcp request: GET https://compute.googleapis.com/compute/v1/projects/kcc-recaptcha-enterprise/global/operations/operation-1787362344767-dd25d817-7e80-4793-9d69-30044976b799
2026-08-22T01:32:32.6655764Z I0822 01:32:24.768190    4375 mockgcp_http.go:327] mockgcp response: GET https://compute.googleapis.com/compute/v1/projects/kcc-recaptcha-enterprise/global/operations/operation-1787362344767-dd25d817-7e80-4793-9d69-30044976b799 => 200
2026-08-22T01:32:32.6658666Z I0822 01:32:24.768254    4375 mockgcp_http.go:298] mockgcp request: POST https://compute.googleapis.com/compute/v1/projects/kcc-recaptcha-enterprise/global/routes
2026-08-22T01:32:32.6661844Z I0822 01:32:24.768591    4375 operations.go:125] "storing operation" fqn="projects/kcc-recaptcha-enterprise/global/operations/operation-1787362344768-decb6dd3-9eb5-4d64-9da9-0c58fdeadc3a"
2026-08-22T01:32:32.6694880Z I0822 01:32:24.768699    4375 mockgcp_http.go:327] mockgcp response: POST https://compute.googleapis.com/compute/v1/projects/kcc-recaptcha-enterprise/global/routes => 200
2026-08-22T01:32:32.6701975Z I0822 01:32:24.768770    4375 mockgcp_http.go:298] mockgcp request: GET https://compute.googleapis.com/compute/v1/projects/kcc-recaptcha-enterprise/global/operations/operation-1787362344768-decb6dd3-9eb5-4d64-9da9-0c58fdeadc3a
2026-08-22T01:32:32.6718591Z I0822 01:32:24.769040    4375 mockgcp_http.go:327] mockgcp response: GET https://compute.googleapis.com/compute/v1/projects/kcc-recaptcha-enterprise/global/operations/operation-1787362344768-decb6dd3-9eb5-4d64-9da9-0c58fdeadc3a => 200
2026-08-22T01:32:32.6721213Z I0822 01:32:24.769106    4375 mockgcp_http.go:298] mockgcp request: POST https://compute.googleapis.com/compute/v1/projects/kcc-recaptcha-enterprise/global/routes
2026-08-22T01:32:32.6723764Z I0822 01:32:24.769396    4375 operations.go:125] "storing operation" fqn="projects/kcc-recaptcha-enterprise/global/operations/operation-1787362344769-093f79c7-ce38-408f-a6f9-a0a67f63c35d"
2026-08-22T01:32:32.6726203Z I0822 01:32:24.769560    4375 mockgcp_http.go:327] mockgcp response: POST https://compute.googleapis.com/compute/v1/projects/kcc-recaptcha-enterprise/global/routes => 200
2026-08-22T01:32:32.6729296Z I0822 01:32:24.769615    4375 mockgcp_http.go:298] mockgcp request: GET https://compute.googleapis.com/compute/v1/projects/kcc-recaptcha-enterprise/global/operations/operation-1787362344769-093f79c7-ce38-408f-a6f9-a0a67f63c35d
2026-08-22T01:32:32.6733368Z I0822 01:32:24.769898    4375 mockgcp_http.go:327] mockgcp response: GET https://compute.googleapis.com/compute/v1/projects/kcc-recaptcha-enterprise/global/operations/operation-1787362344769-093f79c7-ce38-408f-a6f9-a0a67f63c35d => 200
2026-08-22T01:32:32.6736040Z I0822 01:32:24.769965    4375 mockgcp_http.go:298] mockgcp request: POST https://compute.googleapis.com/compute/v1/projects/kcc-recaptcha-enterprise/global/routes
2026-08-22T01:32:32.6738328Z I0822 01:32:24.770226    4375 operations.go:125] "storing operation" fqn="projects/kcc-recaptcha-enterprise/global/operations/operation-1787362344770-917e9689-e503-4a4e-bf80-2c87d3c5f843"
2026-08-22T01:32:32.6740686Z I0822 01:32:24.770393    4375 mockgcp_http.go:327] mockgcp response: POST https://compute.googleapis.com/compute/v1/projects/kcc-recaptcha-enterprise/global/routes => 200
2026-08-22T01:32:32.6748701Z I0822 01:32:24.770450    4375 mockgcp_http.go:298] mockgcp request: GET https://compute.googleapis.com/compute/v1/projects/kcc-recaptcha-enterprise/global/operations/operation-1787362344770-917e9689-e503-4a4e-bf80-2c87d3c5f843
2026-08-22T01:32:32.6752778Z I0822 01:32:24.770762    4375 mockgcp_http.go:327] mockgcp response: GET https://compute.googleapis.com/compute/v1/projects/kcc-recaptcha-enterprise/global/operations/operation-1787362344770-917e9689-e503-4a4e-bf80-2c87d3c5f843 => 200
2026-08-22T01:32:32.6755922Z I0822 01:32:24.770861    4375 mockgcp_http.go:298] mockgcp request: POST https://compute.googleapis.com/compute/v1/projects/kcc-recaptcha-enterprise/global/routes
2026-08-22T01:32:32.6759345Z I0822 01:32:24.771161    4375 operations.go:125] "storing operation" fqn="projects/kcc-recaptcha-enterprise/global/operations/operation-1787362344771-b8ce4d74-77e0-4a5a-986a-3806e0ef495d"
2026-08-22T01:32:32.6770984Z I0822 01:32:24.771262    4375 mockgcp_http.go:327] mockgcp response: POST https://compute.googleapis.com/compute/v1/projects/kcc-recaptcha-enterprise/global/routes => 200
2026-08-22T01:32:32.6774313Z I0822 01:32:24.771333    4375 mockgcp_http.go:298] mockgcp request: GET https://compute.googleapis.com/compute/v1/projects/kcc-recaptcha-enterprise/global/operations/operation-1787362344771-b8ce4d74-77e0-4a5a-986a-3806e0ef495d
2026-08-22T01:32:32.6777558Z I0822 01:32:24.771642    4375 mockgcp_http.go:327] mockgcp response: GET https://compute.googleapis.com/compute/v1/projects/kcc-recaptcha-enterprise/global/operations/operation-1787362344771-b8ce4d74-77e0-4a5a-986a-3806e0ef495d => 200
2026-08-22T01:32:32.6780119Z I0822 01:32:24.771702    4375 mockgcp_http.go:298] mockgcp request: POST https://compute.googleapis.com/compute/v1/projects/kcc-recaptcha-enterprise/global/routes
2026-08-22T01:32:32.6782814Z I0822 01:32:24.771996    4375 operations.go:125] "storing operation" fqn="projects/kcc-recaptcha-enterprise/global/operations/operation-1787362344771-dbc5d4d4-cee1-4b7d-9e6c-2dee7fab4635"
2026-08-22T01:32:32.6785312Z I0822 01:32:24.772107    4375 mockgcp_http.go:327] mockgcp response: POST https://compute.googleapis.com/compute/v1/projects/kcc-recaptcha-enterprise/global/routes => 200
2026-08-22T01:32:32.6787903Z I0822 01:32:24.772145    4375 mockgcp_http.go:298] mockgcp request: GET https://compute.googleapis.com/compute/v1/projects/kcc-recaptcha-enterprise/global/operations/operation-1787362344771-dbc5d4d4-cee1-4b7d-9e6c-2dee7fab4635
2026-08-22T01:32:32.6792827Z I0822 01:32:24.772367    4375 mockgcp_http.go:327] mockgcp response: GET https://compute.googleapis.com/compute/v1/projects/kcc-recaptcha-enterprise/global/operations/operation-1787362344771-dbc5d4d4-cee1-4b7d-9e6c-2dee7fab4635 => 200
2026-08-22T01:32:32.6795636Z I0822 01:32:24.772432    4375 mockgcp_http.go:298] mockgcp request: POST https://compute.googleapis.com/compute/v1/projects/kcc-recaptcha-enterprise/global/routes
2026-08-22T01:32:32.6797835Z I0822 01:32:24.772698    4375 operations.go:125] "storing operation" fqn="projects/kcc-recaptcha-enterprise/global/operations/operation-1787362344772-c7a24853-9ca0-45bc-9a3f-0efb3481aebb"
2026-08-22T01:32:32.6800072Z I0822 01:32:24.772796    4375 mockgcp_http.go:327] mockgcp response: POST https://compute.googleapis.com/compute/v1/projects/kcc-recaptcha-enterprise/global/routes => 200
2026-08-22T01:32:32.6802571Z I0822 01:32:24.772847    4375 mockgcp_http.go:298] mockgcp request: GET https://compute.googleapis.com/compute/v1/projects/kcc-recaptcha-enterprise/global/operations/operation-1787362344772-c7a24853-9ca0-45bc-9a3f-0efb3481aebb
2026-08-22T01:32:32.6805946Z I0822 01:32:24.773131    4375 mockgcp_http.go:327] mockgcp response: GET https://compute.googleapis.com/compute/v1/projects/kcc-recaptcha-enterprise/global/operations/operation-1787362344772-c7a24853-9ca0-45bc-9a3f-0efb3481aebb => 200
2026-08-22T01:32:32.6808488Z I0822 01:32:24.773196    4375 mockgcp_http.go:298] mockgcp request: POST https://compute.googleapis.com/compute/v1/projects/kcc-recaptcha-enterprise/global/routes
2026-08-22T01:32:32.6810670Z I0822 01:32:24.773526    4375 operations.go:125] "storing operation" fqn="projects/kcc-recaptcha-enterprise/global/operations/operation-1787362344773-93e5812b-fc7b-4d84-940e-208da2e1433e"
2026-08-22T01:32:32.6813225Z I0822 01:32:24.773625    4375 mockgcp_http.go:327] mockgcp response: POST https://compute.googleapis.com/compute/v1/projects/kcc-recaptcha-enterprise/global/routes => 200
2026-08-22T01:32:32.6815988Z I0822 01:32:24.773680    4375 mockgcp_http.go:298] mockgcp request: GET https://compute.googleapis.com/compute/v1/projects/kcc-recaptcha-enterprise/global/operations/operation-1787362344773-93e5812b-fc7b-4d84-940e-208da2e1433e
2026-08-22T01:32:32.6819048Z I0822 01:32:24.773922    4375 mockgcp_http.go:327] mockgcp response: GET https://compute.googleapis.com/compute/v1/projects/kcc-recaptcha-enterprise/global/operations/operation-1787362344773-93e5812b-fc7b-4d84-940e-208da2e1433e => 200
2026-08-22T01:32:32.6821901Z I0822 01:32:24.774001    4375 mockgcp_http.go:298] mockgcp request: POST https://compute.googleapis.com/compute/v1/projects/kcc-recaptcha-enterprise/global/routes
2026-08-22T01:32:32.6824395Z I0822 01:32:24.774291    4375 operations.go:125] "storing operation" fqn="projects/kcc-recaptcha-enterprise/global/operations/operation-1787362344774-09f46aad-2715-423c-b83c-59bab7e9b2a3"
2026-08-22T01:32:32.6827022Z I0822 01:32:24.774423    4375 mockgcp_http.go:327] mockgcp response: POST https://compute.googleapis.com/compute/v1/projects/kcc-recaptcha-enterprise/global/routes => 200
2026-08-22T01:32:32.6829580Z I0822 01:32:24.774472    4375 mockgcp_http.go:298] mockgcp request: GET https://compute.googleapis.com/compute/v1/projects/kcc-recaptcha-enterprise/global/operations/operation-1787362344774-09f46aad-2715-423c-b83c-59bab7e9b2a3
2026-08-22T01:32:32.6832602Z I0822 01:32:24.774770    4375 mockgcp_http.go:327] mockgcp response: GET https://compute.googleapis.com/compute/v1/projects/kcc-recaptcha-enterprise/global/operations/operation-1787362344774-09f46aad-2715-423c-b83c-59bab7e9b2a3 => 200
2026-08-22T01:32:32.6835714Z I0822 01:32:24.774834    4375 mockgcp_http.go:298] mockgcp request: POST https://compute.googleapis.com/compute/v1/projects/kcc-recaptcha-enterprise/global/routes
2026-08-22T01:32:32.6837917Z I0822 01:32:24.775116    4375 operations.go:125] "storing operation" fqn="projects/kcc-recaptcha-enterprise/global/operations/operation-1787362344775-09162c55-8b5a-4e85-8df4-14f7b86e5b52"
2026-08-22T01:32:32.6840138Z I0822 01:32:24.775214    4375 mockgcp_http.go:327] mockgcp response: POST https://compute.googleapis.com/compute/v1/projects/kcc-recaptcha-enterprise/global/routes => 200
2026-08-22T01:32:32.6842695Z I0822 01:32:24.775268    4375 mockgcp_http.go:298] mockgcp request: GET https://compute.googleapis.com/compute/v1/projects/kcc-recaptcha-enterprise/global/operations/operation-1787362344775-09162c55-8b5a-4e85-8df4-14f7b86e5b52
2026-08-22T01:32:32.6846448Z I0822 01:32:24.775523    4375 mockgcp_http.go:327] mockgcp response: GET https://compute.googleapis.com/compute/v1/projects/kcc-recaptcha-enterprise/global/operations/operation-1787362344775-09162c55-8b5a-4e85-8df4-14f7b86e5b52 => 200
2026-08-22T01:32:32.6848979Z I0822 01:32:24.775579    4375 mockgcp_http.go:298] mockgcp request: POST https://compute.googleapis.com/compute/v1/projects/kcc-recaptcha-enterprise/global/routes
2026-08-22T01:32:32.6851185Z I0822 01:32:24.775923    4375 operations.go:125] "storing operation" fqn="projects/kcc-recaptcha-enterprise/global/operations/operation-1787362344775-99421837-db4a-48f7-b045-6f8373ef9f47"
2026-08-22T01:32:32.6854906Z I0822 01:32:24.776027    4375 mockgcp_http.go:327] mockgcp response: POST https://compute.googleapis.com/compute/v1/projects/kcc-recaptcha-enterprise/global/routes => 200
2026-08-22T01:32:32.6857463Z I0822 01:32:24.776076    4375 mockgcp_http.go:298] mockgcp request: GET https://compute.googleapis.com/compute/v1/projects/kcc-recaptcha-enterprise/global/operations/operation-1787362344775-99421837-db4a-48f7-b045-6f8373ef9f47
2026-08-22T01:32:32.6860440Z I0822 01:32:24.776357    4375 mockgcp_http.go:327] mockgcp response: GET https://compute.googleapis.com/compute/v1/projects/kcc-recaptcha-enterprise/global/operations/operation-1787362344775-99421837-db4a-48f7-b045-6f8373ef9f47 => 200
2026-08-22T01:32:32.6864036Z I0822 01:32:24.842581    4375 mockgcp_http.go:298] mockgcp request: GET https://compute.googleapis.com/compute/v1/projects/kcc-recaptcha-enterprise/global/operations/operation-1787362344698-98e7f03d-c0dd-49c1-bc0f-74d615a8d378
2026-08-22T01:32:32.6875290Z I0822 01:32:24.843062    4375 mockgcp_http.go:327] mockgcp response: GET https://compute.googleapis.com/compute/v1/projects/kcc-recaptcha-enterprise/global/operations/operation-1787362344698-98e7f03d-c0dd-49c1-bc0f-74d615a8d378 => 200
2026-08-22T01:32:32.6877907Z I0822 01:32:24.843317    4375 mockgcp_http.go:327] mockgcp response: POST https://cloudresourcemanager.googleapis.com/v1/projects?alt=json&prettyPrint=false => 200
2026-08-22T01:32:32.6894246Z I0822 01:32:24.943639    4375 mockgcp_http.go:298] mockgcp request: GET https://cloudresourcemanager.googleapis.com/v1/operations/operation-1787362344843-d656240e-5fd8-467c-9758-76cd88d67137?alt=json&prettyPrint=false
2026-08-22T01:32:32.6897268Z I0822 01:32:24.943797    4375 mockgcp_http.go:327] mockgcp response: GET https://cloudresourcemanager.googleapis.com/v1/operations/operation-1787362344843-d656240e-5fd8-467c-9758-76cd88d67137?alt=json&prettyPrint=false => 200
2026-08-22T01:32:32.6899970Z I0822 01:32:24.943860    4375 mockgcp_http.go:298] mockgcp request: GET https://cloudresourcemanager.googleapis.com/v1/projects/kcc-recaptcha-enterprise?alt=json&prettyPrint=false
2026-08-22T01:32:32.6902405Z I0822 01:32:24.944296    4375 mockgcp_http.go:327] mockgcp response: GET https://cloudresourcemanager.googleapis.com/v1/projects/kcc-recaptcha-enterprise?alt=json&prettyPrint=false => 200
2026-08-22T01:32:32.6904803Z I0822 01:32:24.944350    4375 mockgcp_http.go:298] mockgcp request: POST https://cloudresourcemanager.googleapis.com/v1/projects?alt=json&prettyPrint=false
2026-08-22T01:32:32.6906719Z I0822 01:32:24.944648    4375 mockgcp_http.go:298] mockgcp request: POST https://compute.googleapis.com/compute/v1/projects/mock-project/global/networks
2026-08-22T01:32:32.6908749Z I0822 01:32:24.944988    4375 operations.go:125] "storing operation" fqn="projects/mock-project/global/operations/operation-1787362344944-e2d7af4a-8b03-4f78-8396-6202fdced31e"
2026-08-22T01:32:32.6910870Z I0822 01:32:24.945077    4375 mockgcp_http.go:298] mockgcp request: POST https://compute.googleapis.com/compute/v1/projects/mock-project/regions/us-central1/subnetworks
2026-08-22T01:32:32.6912920Z I0822 01:32:24.945134    4375 mockgcp_http.go:327] mockgcp response: POST https://compute.googleapis.com/compute/v1/projects/mock-project/global/networks => 200
2026-08-22T01:32:32.6915578Z I0822 01:32:24.945209    4375 mockgcp_http.go:298] mockgcp request: GET https://compute.googleapis.com/compute/v1/projects/mock-project/global/operations/operation-1787362344944-e2d7af4a-8b03-4f78-8396-6202fdced31e
2026-08-22T01:32:32.6918179Z I0822 01:32:24.945486    4375 operations.go:125] "storing operation" fqn="projects/mock-project/regions/us-central1/operations/operation-1787362344945-2e8468c8-0f6b-4eec-813a-b1c93cd7b429"
2026-08-22T01:32:32.6920868Z I0822 01:32:24.945555    4375 mockgcp_http.go:327] mockgcp response: GET https://compute.googleapis.com/compute/v1/projects/mock-project/global/operations/operation-1787362344944-e2d7af4a-8b03-4f78-8396-6202fdced31e => 200
2026-08-22T01:32:32.6956698Z I0822 01:32:24.945655    4375 mockgcp_http.go:327] mockgcp response: POST https://compute.googleapis.com/compute/v1/projects/mock-project/regions/us-central1/subnetworks => 200
2026-08-22T01:32:32.6959458Z I0822 01:32:24.945696    4375 mockgcp_http.go:298] mockgcp request: GET https://compute.googleapis.com/compute/v1/projects/mock-project/regions/us-central1/operations/operation-1787362344945-2e8468c8-0f6b-4eec-813a-b1c93cd7b429
2026-08-22T01:32:32.6962508Z I0822 01:32:24.945987    4375 mockgcp_http.go:327] mockgcp response: GET https://compute.googleapis.com/compute/v1/projects/mock-project/regions/us-central1/operations/operation-1787362344945-2e8468c8-0f6b-4eec-813a-b1c93cd7b429 => 200
2026-08-22T01:32:32.7087003Z I0822 01:32:24.946058    4375 mockgcp_http.go:298] mockgcp request: POST https://compute.googleapis.com/compute/v1/projects/mock-project/regions/europe-west1/subnetworks
2026-08-22T01:32:32.7100565Z I0822 01:32:24.946387    4375 operations.go:125] "storing operation" fqn="projects/mock-project/regions/europe-west1/operations/operation-1787362344946-1e898bc6-c955-44cc-975a-54a01db87e76"
2026-08-22T01:32:32.7102952Z I0822 01:32:24.946513    4375 mockgcp_http.go:327] mockgcp response: POST https://compute.googleapis.com/compute/v1/projects/mock-project/regions/europe-west1/subnetworks => 200
2026-08-22T01:32:32.7106311Z I0822 01:32:24.946566    4375 mockgcp_http.go:298] mockgcp request: GET https://compute.googleapis.com/compute/v1/projects/mock-project/regions/europe-west1/operations/operation-1787362344946-1e898bc6-c955-44cc-975a-54a01db87e76
2026-08-22T01:32:32.7131699Z I0822 01:32:24.946900    4375 mockgcp_http.go:327] mockgcp response: GET https://compute.googleapis.com/compute/v1/projects/mock-project/regions/europe-west1/operations/operation-1787362344946-1e898bc6-c955-44cc-975a-54a01db87e76 => 200
2026-08-22T01:32:32.7137150Z I0822 01:32:24.946970    4375 mockgcp_http.go:298] mockgcp request: POST https://compute.googleapis.com/compute/v1/projects/mock-project/regions/us-west1/subnetworks
2026-08-22T01:32:32.7152311Z I0822 01:32:24.947285    4375 operations.go:125] "storing operation" fqn="projects/mock-project/regions/us-west1/operations/operation-1787362344947-6c8184a4-60e5-4c26-baff-456cb47f9987"
2026-08-22T01:32:32.7154827Z I0822 01:32:24.947443    4375 mockgcp_http.go:327] mockgcp response: POST https://compute.googleapis.com/compute/v1/projects/mock-project/regions/us-west1/subnetworks => 200
2026-08-22T01:32:32.7164461Z I0822 01:32:24.947510    4375 mockgcp_http.go:298] mockgcp request: GET https://compute.googleapis.com/compute/v1/projects/mock-project/regions/us-west1/operations/operation-1787362344947-6c8184a4-60e5-4c26-baff-456cb47f9987
2026-08-22T01:32:32.7176114Z I0822 01:32:24.947813    4375 mockgcp_http.go:327] mockgcp response: GET https://compute.googleapis.com/compute/v1/projects/mock-project/regions/us-west1/operations/operation-1787362344947-6c8184a4-60e5-4c26-baff-456cb47f9987 => 200
2026-08-22T01:32:32.7178668Z I0822 01:32:24.947886    4375 mockgcp_http.go:298] mockgcp request: POST https://compute.googleapis.com/compute/v1/projects/mock-project/regions/asia-east1/subnetworks
2026-08-22T01:32:32.7204513Z I0822 01:32:24.948130    4375 operations.go:125] "storing operation" fqn="projects/mock-project/regions/asia-east1/operations/operation-1787362344948-06467e38-cd5a-4929-877d-636b8906304b"
2026-08-22T01:32:32.7206923Z I0822 01:32:24.948254    4375 mockgcp_http.go:327] mockgcp response: POST https://compute.googleapis.com/compute/v1/projects/mock-project/regions/asia-east1/subnetworks => 200
2026-08-22T01:32:32.7209474Z I0822 01:32:24.948313    4375 mockgcp_http.go:298] mockgcp request: GET https://compute.googleapis.com/compute/v1/projects/mock-project/regions/asia-east1/operations/operation-1787362344948-06467e38-cd5a-4929-877d-636b8906304b
2026-08-22T01:32:32.7212425Z I0822 01:32:24.948657    4375 mockgcp_http.go:327] mockgcp response: GET https://compute.googleapis.com/compute/v1/projects/mock-project/regions/asia-east1/operations/operation-1787362344948-06467e38-cd5a-4929-877d-636b8906304b => 200
2026-08-22T01:32:32.7273020Z I0822 01:32:24.948724    4375 mockgcp_http.go:298] mockgcp request: POST https://compute.googleapis.com/compute/v1/projects/mock-project/regions/us-east1/subnetworks
2026-08-22T01:32:32.7275453Z I0822 01:32:24.948995    4375 operations.go:125] "storing operation" fqn="projects/mock-project/regions/us-east1/operations/operation-1787362344948-c5298421-a273-4bce-b4a9-aad03aafa573"
2026-08-22T01:32:32.7277703Z I0822 01:32:24.949101    4375 mockgcp_http.go:327] mockgcp response: POST https://compute.googleapis.com/compute/v1/projects/mock-project/regions/us-east1/subnetworks => 200
2026-08-22T01:32:32.7280644Z I0822 01:32:24.949150    4375 mockgcp_http.go:298] mockgcp request: GET https://compute.googleapis.com/compute/v1/projects/mock-project/regions/us-east1/operations/operation-1787362344948-c5298421-a273-4bce-b4a9-aad03aafa573
2026-08-22T01:32:32.7283784Z I0822 01:32:24.949401    4375 mockgcp_http.go:327] mockgcp response: GET https://compute.googleapis.com/compute/v1/projects/mock-project/regions/us-east1/operations/operation-1787362344948-c5298421-a273-4bce-b4a9-aad03aafa573 => 200
2026-08-22T01:32:32.7286381Z I0822 01:32:24.949485    4375 mockgcp_http.go:298] mockgcp request: POST https://compute.googleapis.com/compute/v1/projects/mock-project/regions/asia-northeast1/subnetworks
2026-08-22T01:32:32.7288924Z I0822 01:32:24.949749    4375 operations.go:125] "storing operation" fqn="projects/mock-project/regions/asia-northeast1/operations/operation-1787362344949-1084b521-5d6c-40ab-9248-52732d1bf9c8"
2026-08-22T01:32:32.7291294Z I0822 01:32:24.949888    4375 mockgcp_http.go:327] mockgcp response: POST https://compute.googleapis.com/compute/v1/projects/mock-project/regions/asia-northeast1/subnetworks => 200
2026-08-22T01:32:32.7358728Z I0822 01:32:24.949940    4375 mockgcp_http.go:298] mockgcp request: GET https://compute.googleapis.com/compute/v1/projects/mock-project/regions/asia-northeast1/operations/operation-1787362344949-1084b521-5d6c-40ab-9248-52732d1bf9c8
2026-08-22T01:32:32.7361955Z I0822 01:32:24.950203    4375 mockgcp_http.go:327] mockgcp response: GET https://compute.googleapis.com/compute/v1/projects/mock-project/regions/asia-northeast1/operations/operation-1787362344949-1084b521-5d6c-40ab-9248-52732d1bf9c8 => 200
2026-08-22T01:32:32.7365154Z I0822 01:32:24.950245    4375 mockgcp_http.go:298] mockgcp request: POST https://compute.googleapis.com/compute/v1/projects/mock-project/regions/asia-southeast1/subnetworks
2026-08-22T01:32:32.7367534Z I0822 01:32:24.950533    4375 operations.go:125] "storing operation" fqn="projects/mock-project/regions/asia-southeast1/operations/operation-1787362344950-05e58ef5-57ab-4ea3-9e4a-30b5ff5fc7dc"
2026-08-22T01:32:32.7369916Z I0822 01:32:24.950658    4375 mockgcp_http.go:327] mockgcp response: POST https://compute.googleapis.com/compute/v1/projects/mock-project/regions/asia-southeast1/subnetworks => 200
2026-08-22T01:32:32.7372548Z I0822 01:32:24.950716    4375 mockgcp_http.go:298] mockgcp request: GET https://compute.googleapis.com/compute/v1/projects/mock-project/regions/asia-southeast1/operations/operation-1787362344950-05e58ef5-57ab-4ea3-9e4a-30b5ff5fc7dc
2026-08-22T01:32:32.7414100Z I0822 01:32:24.950975    4375 mockgcp_http.go:327] mockgcp response: GET https://compute.googleapis.com/compute/v1/projects/mock-project/regions/asia-southeast1/operations/operation-1787362344950-05e58ef5-57ab-4ea3-9e4a-30b5ff5fc7dc => 200
2026-08-22T01:32:32.7416824Z I0822 01:32:24.951043    4375 mockgcp_http.go:298] mockgcp request: POST https://compute.googleapis.com/compute/v1/projects/mock-project/regions/us-east4/subnetworks
2026-08-22T01:32:32.7419166Z I0822 01:32:24.951303    4375 operations.go:125] "storing operation" fqn="projects/mock-project/regions/us-east4/operations/operation-1787362344951-c514d517-2b70-4bc4-bca2-01c6f84bb022"
2026-08-22T01:32:32.7421794Z I0822 01:32:24.951451    4375 mockgcp_http.go:327] mockgcp response: POST https://compute.googleapis.com/compute/v1/projects/mock-project/regions/us-east4/subnetworks => 200
2026-08-22T01:32:32.7424918Z I0822 01:32:24.951502    4375 mockgcp_http.go:298] mockgcp request: GET https://compute.googleapis.com/compute/v1/projects/mock-project/regions/us-east4/operations/operation-1787362344951-c514d517-2b70-4bc4-bca2-01c6f84bb022
2026-08-22T01:32:32.7427934Z I0822 01:32:24.951779    4375 mockgcp_http.go:327] mockgcp response: GET https://compute.googleapis.com/compute/v1/projects/mock-project/regions/us-east4/operations/operation-1787362344951-c514d517-2b70-4bc4-bca2-01c6f84bb022 => 200
2026-08-22T01:32:32.7430571Z I0822 01:32:24.951846    4375 mockgcp_http.go:298] mockgcp request: POST https://compute.googleapis.com/compute/v1/projects/mock-project/regions/australia-southeast1/subnetworks
2026-08-22T01:32:32.7434374Z I0822 01:32:24.952146    4375 operations.go:125] "storing operation" fqn="projects/mock-project/regions/australia-southeast1/operations/operation-1787362344952-8d5852ff-b84e-485e-ae53-e7370fac7bb4"
2026-08-22T01:32:32.7436848Z I0822 01:32:24.952279    4375 mockgcp_http.go:327] mockgcp response: POST https://compute.googleapis.com/compute/v1/projects/mock-project/regions/australia-southeast1/subnetworks => 200
2026-08-22T01:32:32.7439547Z I0822 01:32:24.952358    4375 mockgcp_http.go:298] mockgcp request: GET https://compute.googleapis.com/compute/v1/projects/mock-project/regions/australia-southeast1/operations/operation-1787362344952-8d5852ff-b84e-485e-ae53-e7370fac7bb4
2026-08-22T01:32:32.7442930Z I0822 01:32:24.952598    4375 mockgcp_http.go:327] mockgcp response: GET https://compute.googleapis.com/compute/v1/projects/mock-project/regions/australia-southeast1/operations/operation-1787362344952-8d5852ff-b84e-485e-ae53-e7370fac7bb4 => 200
2026-08-22T01:32:32.7471150Z I0822 01:32:24.952648    4375 mockgcp_http.go:298] mockgcp request: POST https://compute.googleapis.com/compute/v1/projects/mock-project/regions/europe-west2/subnetworks
2026-08-22T01:32:32.7473913Z I0822 01:32:24.952920    4375 operations.go:125] "storing operation" fqn="projects/mock-project/regions/europe-west2/operations/operation-1787362344952-5001dfd2-fd58-4121-b7e8-73cf9c940343"
2026-08-22T01:32:32.7476344Z I0822 01:32:24.953053    4375 mockgcp_http.go:327] mockgcp response: POST https://compute.googleapis.com/compute/v1/projects/mock-project/regions/europe-west2/subnetworks => 200
2026-08-22T01:32:32.7478951Z I0822 01:32:24.953108    4375 mockgcp_http.go:298] mockgcp request: GET https://compute.googleapis.com/compute/v1/projects/mock-project/regions/europe-west2/operations/operation-1787362344952-5001dfd2-fd58-4121-b7e8-73cf9c940343
2026-08-22T01:32:32.7482071Z I0822 01:32:24.953388    4375 mockgcp_http.go:327] mockgcp response: GET https://compute.googleapis.com/compute/v1/projects/mock-project/regions/europe-west2/operations/operation-1787362344952-5001dfd2-fd58-4121-b7e8-73cf9c940343 => 200
2026-08-22T01:32:32.7484912Z I0822 01:32:24.953484    4375 mockgcp_http.go:298] mockgcp request: POST https://compute.googleapis.com/compute/v1/projects/mock-project/regions/europe-west3/subnetworks
2026-08-22T01:32:32.7487139Z I0822 01:32:24.953762    4375 operations.go:125] "storing operation" fqn="projects/mock-project/regions/europe-west3/operations/operation-1787362344953-915548c7-25a9-424b-a79b-94b19f58e8d4"
2026-08-22T01:32:32.7489461Z I0822 01:32:24.953872    4375 mockgcp_http.go:327] mockgcp response: POST https://compute.googleapis.com/compute/v1/projects/mock-project/regions/europe-west3/subnetworks => 200
2026-08-22T01:32:32.7492041Z I0822 01:32:24.953938    4375 mockgcp_http.go:298] mockgcp request: GET https://compute.googleapis.com/compute/v1/projects/mock-project/regions/europe-west3/operations/operation-1787362344953-915548c7-25a9-424b-a79b-94b19f58e8d4
2026-08-22T01:32:32.7546978Z I0822 01:32:24.954207    4375 mockgcp_http.go:327] mockgcp response: GET https://compute.googleapis.com/compute/v1/projects/mock-project/regions/europe-west3/operations/operation-1787362344953-915548c7-25a9-424b-a79b-94b19f58e8d4 => 200
2026-08-22T01:32:32.7549641Z I0822 01:32:24.954265    4375 mockgcp_http.go:298] mockgcp request: POST https://compute.googleapis.com/compute/v1/projects/mock-project/regions/southamerica-east1/subnetworks
2026-08-22T01:32:32.7552047Z I0822 01:32:24.954583    4375 operations.go:125] "storing operation" fqn="projects/mock-project/regions/southamerica-east1/operations/operation-1787362344954-22d5dfba-fe58-4791-99ed-8689081f8a92"
2026-08-22T01:32:32.7554842Z I0822 01:32:24.954688    4375 mockgcp_http.go:327] mockgcp response: POST https://compute.googleapis.com/compute/v1/projects/mock-project/regions/southamerica-east1/subnetworks => 200
2026-08-22T01:32:32.7559393Z I0822 01:32:24.954743    4375 mockgcp_http.go:298] mockgcp request: GET https://compute.googleapis.com/compute/v1/projects/mock-project/regions/southamerica-east1/operations/operation-1787362344954-22d5dfba-fe58-4791-99ed-8689081f8a92
2026-08-22T01:32:32.7564348Z I0822 01:32:24.955030    4375 mockgcp_http.go:327] mockgcp response: GET https://compute.googleapis.com/compute/v1/projects/mock-project/regions/southamerica-east1/operations/operation-1787362344954-22d5dfba-fe58-4791-99ed-8689081f8a92 => 200
2026-08-22T01:32:32.7567975Z I0822 01:32:24.955084    4375 mockgcp_http.go:298] mockgcp request: POST https://compute.googleapis.com/compute/v1/projects/mock-project/regions/asia-south1/subnetworks
2026-08-22T01:32:32.7570939Z I0822 01:32:24.955385    4375 operations.go:125] "storing operation" fqn="projects/mock-project/regions/asia-south1/operations/operation-1787362344955-56349dd9-b069-4656-9567-df3ba76a07dd"
2026-08-22T01:32:32.7575216Z I0822 01:32:24.955526    4375 mockgcp_http.go:327] mockgcp response: POST https://compute.googleapis.com/compute/v1/projects/mock-project/regions/asia-south1/subnetworks => 200
2026-08-22T01:32:32.7579154Z I0822 01:32:24.955586    4375 mockgcp_http.go:298] mockgcp request: GET https://compute.googleapis.com/compute/v1/projects/mock-project/regions/asia-south1/operations/operation-1787362344955-56349dd9-b069-4656-9567-df3ba76a07dd
2026-08-22T01:32:32.7583213Z I0822 01:32:24.955867    4375 mockgcp_http.go:327] mockgcp response: GET https://compute.googleapis.com/compute/v1/projects/mock-project/regions/asia-south1/operations/operation-1787362344955-56349dd9-b069-4656-9567-df3ba76a07dd => 200
2026-08-22T01:32:32.7588233Z I0822 01:32:24.955930    4375 mockgcp_http.go:298] mockgcp request: POST https://compute.googleapis.com/compute/v1/projects/mock-project/regions/northamerica-northeast1/subnetworks
2026-08-22T01:32:32.7590858Z I0822 01:32:24.956205    4375 operations.go:125] "storing operation" fqn="projects/mock-project/regions/northamerica-northeast1/operations/operation-1787362344956-3cc48bc0-3130-4f2f-bb28-1fdf96f2d04d"
2026-08-22T01:32:32.7593348Z I0822 01:32:24.956327    4375 mockgcp_http.go:327] mockgcp response: POST https://compute.googleapis.com/compute/v1/projects/mock-project/regions/northamerica-northeast1/subnetworks => 200
2026-08-22T01:32:32.7596302Z I0822 01:32:24.956406    4375 mockgcp_http.go:298] mockgcp request: GET https://compute.googleapis.com/compute/v1/projects/mock-project/regions/northamerica-northeast1/operations/operation-1787362344956-3cc48bc0-3130-4f2f-bb28-1fdf96f2d04d
2026-08-22T01:32:32.7621291Z I0822 01:32:24.956688    4375 mockgcp_http.go:327] mockgcp response: GET https://compute.googleapis.com/compute/v1/projects/mock-project/regions/northamerica-northeast1/operations/operation-1787362344956-3cc48bc0-3130-4f2f-bb28-1fdf96f2d04d => 200
2026-08-22T01:32:32.7635913Z I0822 01:32:24.956752    4375 mockgcp_http.go:298] mockgcp request: POST https://compute.googleapis.com/compute/v1/projects/mock-project/regions/europe-west4/subnetworks
2026-08-22T01:32:32.7638238Z I0822 01:32:24.957055    4375 operations.go:125] "storing operation" fqn="projects/mock-project/regions/europe-west4/operations/operation-1787362344957-f28eecc1-d4bd-43f3-aa2a-a06871ffd1de"
2026-08-22T01:32:32.7640566Z I0822 01:32:24.957176    4375 mockgcp_http.go:327] mockgcp response: POST https://compute.googleapis.com/compute/v1/projects/mock-project/regions/europe-west4/subnetworks => 200
2026-08-22T01:32:32.7643126Z I0822 01:32:24.957232    4375 mockgcp_http.go:298] mockgcp request: GET https://compute.googleapis.com/compute/v1/projects/mock-project/regions/europe-west4/operations/operation-1787362344957-f28eecc1-d4bd-43f3-aa2a-a06871ffd1de
2026-08-22T01:32:32.7646575Z I0822 01:32:24.957522    4375 mockgcp_http.go:327] mockgcp response: GET https://compute.googleapis.com/compute/v1/projects/mock-project/regions/europe-west4/operations/operation-1787362344957-f28eecc1-d4bd-43f3-aa2a-a06871ffd1de => 200
2026-08-22T01:32:32.7649221Z I0822 01:32:24.957584    4375 mockgcp_http.go:298] mockgcp request: POST https://compute.googleapis.com/compute/v1/projects/mock-project/regions/europe-north1/subnetworks
2026-08-22T01:32:32.7651796Z I0822 01:32:24.957844    4375 operations.go:125] "storing operation" fqn="projects/mock-project/regions/europe-north1/operations/operation-1787362344957-f4a87db2-ce11-4d2f-9a7c-709d34dca5b4"
2026-08-22T01:32:32.7661437Z I0822 01:32:24.957969    4375 mockgcp_http.go:327] mockgcp response: POST https://compute.googleapis.com/compute/v1/projects/mock-project/regions/europe-north1/subnetworks => 200
2026-08-22T01:32:32.7664947Z I0822 01:32:24.958026    4375 mockgcp_http.go:298] mockgcp request: GET https://compute.googleapis.com/compute/v1/projects/mock-project/regions/europe-north1/operations/operation-1787362344957-f4a87db2-ce11-4d2f-9a7c-709d34dca5b4
2026-08-22T01:32:32.7668923Z I0822 01:32:24.958312    4375 mockgcp_http.go:327] mockgcp response: GET https://compute.googleapis.com/compute/v1/projects/mock-project/regions/europe-north1/operations/operation-1787362344957-f4a87db2-ce11-4d2f-9a7c-709d34dca5b4 => 200
2026-08-22T01:32:32.7671544Z I0822 01:32:24.958398    4375 mockgcp_http.go:298] mockgcp request: POST https://compute.googleapis.com/compute/v1/projects/mock-project/regions/us-west2/subnetworks
2026-08-22T01:32:32.7673952Z I0822 01:32:24.958706    4375 operations.go:125] "storing operation" fqn="projects/mock-project/regions/us-west2/operations/operation-1787362344958-5352c88f-2223-4db5-952a-c13a0612dabb"
2026-08-22T01:32:32.7676515Z I0822 01:32:24.958825    4375 mockgcp_http.go:327] mockgcp response: POST https://compute.googleapis.com/compute/v1/projects/mock-project/regions/us-west2/subnetworks => 200
2026-08-22T01:32:32.7679037Z I0822 01:32:24.958883    4375 mockgcp_http.go:298] mockgcp request: GET https://compute.googleapis.com/compute/v1/projects/mock-project/regions/us-west2/operations/operation-1787362344958-5352c88f-2223-4db5-952a-c13a0612dabb
2026-08-22T01:32:32.7704159Z I0822 01:32:24.959145    4375 mockgcp_http.go:327] mockgcp response: GET https://compute.googleapis.com/compute/v1/projects/mock-project/regions/us-west2/operations/operation-1787362344958-5352c88f-2223-4db5-952a-c13a0612dabb => 200
2026-08-22T01:32:32.7706853Z I0822 01:32:24.959191    4375 mockgcp_http.go:298] mockgcp request: POST https://compute.googleapis.com/compute/v1/projects/mock-project/regions/asia-east2/subnetworks
2026-08-22T01:32:32.7734719Z I0822 01:32:24.959465    4375 operations.go:125] "storing operation" fqn="projects/mock-project/regions/asia-east2/operations/operation-1787362344959-4f56b252-c9e5-4765-ac7c-39f4f76aa6b6"
2026-08-22T01:32:32.7737687Z I0822 01:32:24.959637    4375 mockgcp_http.go:327] mockgcp response: POST https://compute.googleapis.com/compute/v1/projects/mock-project/regions/asia-east2/subnetworks => 200
2026-08-22T01:32:32.7740988Z I0822 01:32:24.959692    4375 mockgcp_http.go:298] mockgcp request: GET https://compute.googleapis.com/compute/v1/projects/mock-project/regions/asia-east2/operations/operation-1787362344959-4f56b252-c9e5-4765-ac7c-39f4f76aa6b6
2026-08-22T01:32:32.7744211Z I0822 01:32:24.959961    4375 mockgcp_http.go:327] mockgcp response: GET https://compute.googleapis.com/compute/v1/projects/mock-project/regions/asia-east2/operations/operation-1787362344959-4f56b252-c9e5-4765-ac7c-39f4f76aa6b6 => 200
2026-08-22T01:32:32.7746807Z I0822 01:32:24.960040    4375 mockgcp_http.go:298] mockgcp request: POST https://compute.googleapis.com/compute/v1/projects/mock-project/regions/europe-west6/subnetworks
2026-08-22T01:32:32.7749038Z I0822 01:32:24.960340    4375 operations.go:125] "storing operation" fqn="projects/mock-project/regions/europe-west6/operations/operation-1787362344960-ac64ecfd-f27b-432b-813d-b1b8db3a908d"
2026-08-22T01:32:32.7751303Z I0822 01:32:24.960514    4375 mockgcp_http.go:327] mockgcp response: POST https://compute.googleapis.com/compute/v1/projects/mock-project/regions/europe-west6/subnetworks => 200
2026-08-22T01:32:32.7754093Z I0822 01:32:24.960569    4375 mockgcp_http.go:298] mockgcp request: GET https://compute.googleapis.com/compute/v1/projects/mock-project/regions/europe-west6/operations/operation-1787362344960-ac64ecfd-f27b-432b-813d-b1b8db3a908d
2026-08-22T01:32:32.7757577Z I0822 01:32:24.960848    4375 mockgcp_http.go:327] mockgcp response: GET https://compute.googleapis.com/compute/v1/projects/mock-project/regions/europe-west6/operations/operation-1787362344960-ac64ecfd-f27b-432b-813d-b1b8db3a908d => 200
2026-08-22T01:32:32.7760159Z I0822 01:32:24.960911    4375 mockgcp_http.go:298] mockgcp request: POST https://compute.googleapis.com/compute/v1/projects/mock-project/regions/asia-northeast2/subnetworks
2026-08-22T01:32:32.7815956Z I0822 01:32:24.961178    4375 operations.go:125] "storing operation" fqn="projects/mock-project/regions/asia-northeast2/operations/operation-1787362344961-1de5fc7e-8084-436b-95d2-354ae879048c"
2026-08-22T01:32:32.7818712Z I0822 01:32:24.961282    4375 mockgcp_http.go:327] mockgcp response: POST https://compute.googleapis.com/compute/v1/projects/mock-project/regions/asia-northeast2/subnetworks => 200
2026-08-22T01:32:32.7821352Z I0822 01:32:24.961322    4375 mockgcp_http.go:298] mockgcp request: GET https://compute.googleapis.com/compute/v1/projects/mock-project/regions/asia-northeast2/operations/operation-1787362344961-1de5fc7e-8084-436b-95d2-354ae879048c
2026-08-22T01:32:32.7824635Z I0822 01:32:24.961642    4375 mockgcp_http.go:327] mockgcp response: GET https://compute.googleapis.com/compute/v1/projects/mock-project/regions/asia-northeast2/operations/operation-1787362344961-1de5fc7e-8084-436b-95d2-354ae879048c => 200
2026-08-22T01:32:32.7827249Z I0822 01:32:24.961721    4375 mockgcp_http.go:298] mockgcp request: POST https://compute.googleapis.com/compute/v1/projects/mock-project/regions/asia-northeast3/subnetworks
2026-08-22T01:32:32.7829543Z I0822 01:32:24.962006    4375 operations.go:125] "storing operation" fqn="projects/mock-project/regions/asia-northeast3/operations/operation-1787362344961-ef4463ad-b6a4-40ae-b601-de9216254926"
2026-08-22T01:32:32.7831876Z I0822 01:32:24.962130    4375 mockgcp_http.go:327] mockgcp response: POST https://compute.googleapis.com/compute/v1/projects/mock-project/regions/asia-northeast3/subnetworks => 200
2026-08-22T01:32:32.7834759Z I0822 01:32:24.962184    4375 mockgcp_http.go:298] mockgcp request: GET https://compute.googleapis.com/compute/v1/projects/mock-project/regions/asia-northeast3/operations/operation-1787362344961-ef4463ad-b6a4-40ae-b601-de9216254926
2026-08-22T01:32:32.7838204Z I0822 01:32:24.962441    4375 mockgcp_http.go:327] mockgcp response: GET https://compute.googleapis.com/compute/v1/projects/mock-project/regions/asia-northeast3/operations/operation-1787362344961-ef4463ad-b6a4-40ae-b601-de9216254926 => 200
2026-08-22T01:32:32.7840875Z I0822 01:32:24.962501    4375 mockgcp_http.go:298] mockgcp request: POST https://compute.googleapis.com/compute/v1/projects/mock-project/regions/us-west3/subnetworks
2026-08-22T01:32:32.7843126Z I0822 01:32:24.962777    4375 operations.go:125] "storing operation" fqn="projects/mock-project/regions/us-west3/operations/operation-1787362344962-7b805727-a2e1-4785-8899-6f15a7c67faa"
2026-08-22T01:32:32.7856732Z I0822 01:32:24.962922    4375 mockgcp_http.go:327] mockgcp response: POST https://compute.googleapis.com/compute/v1/projects/mock-project/regions/us-west3/subnetworks => 200
2026-08-22T01:32:32.7859307Z I0822 01:32:24.962972    4375 mockgcp_http.go:298] mockgcp request: GET https://compute.googleapis.com/compute/v1/projects/mock-project/regions/us-west3/operations/operation-1787362344962-7b805727-a2e1-4785-8899-6f15a7c67faa
2026-08-22T01:32:32.7862619Z I0822 01:32:24.963225    4375 mockgcp_http.go:327] mockgcp response: GET https://compute.googleapis.com/compute/v1/projects/mock-project/regions/us-west3/operations/operation-1787362344962-7b805727-a2e1-4785-8899-6f15a7c67faa => 200
2026-08-22T01:32:32.7865318Z I0822 01:32:24.963285    4375 mockgcp_http.go:298] mockgcp request: POST https://compute.googleapis.com/compute/v1/projects/mock-project/regions/us-west4/subnetworks
2026-08-22T01:32:32.7867525Z I0822 01:32:24.963590    4375 operations.go:125] "storing operation" fqn="projects/mock-project/regions/us-west4/operations/operation-1787362344963-974ff7fd-3775-4057-bb03-6f87dc8c39f3"
2026-08-22T01:32:32.7870066Z I0822 01:32:24.963697    4375 mockgcp_http.go:327] mockgcp response: POST https://compute.googleapis.com/compute/v1/projects/mock-project/regions/us-west4/subnetworks => 200
2026-08-22T01:32:32.7872574Z I0822 01:32:24.963753    4375 mockgcp_http.go:298] mockgcp request: GET https://compute.googleapis.com/compute/v1/projects/mock-project/regions/us-west4/operations/operation-1787362344963-974ff7fd-3775-4057-bb03-6f87dc8c39f3
2026-08-22T01:32:32.7896153Z I0822 01:32:24.964083    4375 mockgcp_http.go:327] mockgcp response: GET https://compute.googleapis.com/compute/v1/projects/mock-project/regions/us-west4/operations/operation-1787362344963-974ff7fd-3775-4057-bb03-6f87dc8c39f3 => 200
2026-08-22T01:32:32.7899016Z I0822 01:32:24.964152    4375 mockgcp_http.go:298] mockgcp request: POST https://compute.googleapis.com/compute/v1/projects/mock-project/regions/asia-southeast2/subnetworks
2026-08-22T01:32:32.7901664Z I0822 01:32:24.964422    4375 operations.go:125] "storing operation" fqn="projects/mock-project/regions/asia-southeast2/operations/operation-1787362344964-0c43ea9e-d868-4dd9-bf6f-1e56a0025c89"
2026-08-22T01:32:32.7904226Z I0822 01:32:24.964573    4375 mockgcp_http.go:327] mockgcp response: POST https://compute.googleapis.com/compute/v1/projects/mock-project/regions/asia-southeast2/subnetworks => 200
2026-08-22T01:32:32.7906801Z I0822 01:32:24.964633    4375 mockgcp_http.go:298] mockgcp request: GET https://compute.googleapis.com/compute/v1/projects/mock-project/regions/asia-southeast2/operations/operation-1787362344964-0c43ea9e-d868-4dd9-bf6f-1e56a0025c89
2026-08-22T01:32:32.7909868Z I0822 01:32:24.964914    4375 mockgcp_http.go:327] mockgcp response: GET https://compute.googleapis.com/compute/v1/projects/mock-project/regions/asia-southeast2/operations/operation-1787362344964-0c43ea9e-d868-4dd9-bf6f-1e56a0025c89 => 200
2026-08-22T01:32:32.7912496Z I0822 01:32:24.964959    4375 mockgcp_http.go:298] mockgcp request: POST https://compute.googleapis.com/compute/v1/projects/mock-project/regions/europe-central2/subnetworks
2026-08-22T01:32:32.7915044Z I0822 01:32:24.965298    4375 operations.go:125] "storing operation" fqn="projects/mock-project/regions/europe-central2/operations/operation-1787362344965-750f8dd7-8831-4bd0-9b63-9409f7387ac1"
2026-08-22T01:32:32.7917391Z I0822 01:32:24.965436    4375 mockgcp_http.go:327] mockgcp response: POST https://compute.googleapis.com/compute/v1/projects/mock-project/regions/europe-central2/subnetworks => 200
2026-08-22T01:32:32.7920060Z I0822 01:32:24.965512    4375 mockgcp_http.go:298] mockgcp request: GET https://compute.googleapis.com/compute/v1/projects/mock-project/regions/europe-central2/operations/operation-1787362344965-750f8dd7-8831-4bd0-9b63-9409f7387ac1
2026-08-22T01:32:32.7923104Z I0822 01:32:24.965796    4375 mockgcp_http.go:327] mockgcp response: GET https://compute.googleapis.com/compute/v1/projects/mock-project/regions/europe-central2/operations/operation-1787362344965-750f8dd7-8831-4bd0-9b63-9409f7387ac1 => 200
2026-08-22T01:32:32.7958061Z I0822 01:32:24.965859    4375 mockgcp_http.go:298] mockgcp request: POST https://compute.googleapis.com/compute/v1/projects/mock-project/regions/northamerica-northeast2/subnetworks
2026-08-22T01:32:32.7960599Z I0822 01:32:24.966113    4375 operations.go:125] "storing operation" fqn="projects/mock-project/regions/northamerica-northeast2/operations/operation-1787362344966-56d52c7f-9401-47f3-b3f1-10927fcd0bfe"
2026-08-22T01:32:32.7963938Z I0822 01:32:24.966255    4375 mockgcp_http.go:327] mockgcp response: POST https://compute.googleapis.com/compute/v1/projects/mock-project/regions/northamerica-northeast2/subnetworks => 200
2026-08-22T01:32:32.7966772Z I0822 01:32:24.966315    4375 mockgcp_http.go:298] mockgcp request: GET https://compute.googleapis.com/compute/v1/projects/mock-project/regions/northamerica-northeast2/operations/operation-1787362344966-56d52c7f-9401-47f3-b3f1-10927fcd0bfe
2026-08-22T01:32:32.7971443Z I0822 01:32:24.966638    4375 mockgcp_http.go:327] mockgcp response: GET https://compute.googleapis.com/compute/v1/projects/mock-project/regions/northamerica-northeast2/operations/operation-1787362344966-56d52c7f-9401-47f3-b3f1-10927fcd0bfe => 200
2026-08-22T01:32:32.7974732Z I0822 01:32:24.966695    4375 mockgcp_http.go:298] mockgcp request: POST https://compute.googleapis.com/compute/v1/projects/mock-project/regions/asia-south2/subnetworks
2026-08-22T01:32:32.7977830Z I0822 01:32:24.966929    4375 operations.go:125] "storing operation" fqn="projects/mock-project/regions/asia-south2/operations/operation-1787362344966-73dd5c3a-50c3-4308-8512-1292997e3220"
2026-08-22T01:32:32.7980891Z I0822 01:32:24.967036    4375 mockgcp_http.go:327] mockgcp response: POST https://compute.googleapis.com/compute/v1/projects/mock-project/regions/asia-south2/subnetworks => 200
2026-08-22T01:32:32.7984001Z I0822 01:32:24.967078    4375 mockgcp_http.go:298] mockgcp request: GET https://compute.googleapis.com/compute/v1/projects/mock-project/regions/asia-south2/operations/operation-1787362344966-73dd5c3a-50c3-4308-8512-1292997e3220
2026-08-22T01:32:32.7987024Z I0822 01:32:24.967332    4375 mockgcp_http.go:327] mockgcp response: GET https://compute.googleapis.com/compute/v1/projects/mock-project/regions/asia-south2/operations/operation-1787362344966-73dd5c3a-50c3-4308-8512-1292997e3220 => 200
2026-08-22T01:32:32.7989674Z I0822 01:32:24.967418    4375 mockgcp_http.go:298] mockgcp request: POST https://compute.googleapis.com/compute/v1/projects/mock-project/regions/australia-southeast2/subnetworks
2026-08-22T01:32:32.7992033Z I0822 01:32:24.967696    4375 operations.go:125] "storing operation" fqn="projects/mock-project/regions/australia-southeast2/operations/operation-1787362344967-97cda8fa-f694-41ce-b629-a125121b53e6"
2026-08-22T01:32:32.7994970Z I0822 01:32:24.967803    4375 mockgcp_http.go:327] mockgcp response: POST https://compute.googleapis.com/compute/v1/projects/mock-project/regions/australia-southeast2/subnetworks => 200
2026-08-22T01:32:32.7997694Z I0822 01:32:24.967858    4375 mockgcp_http.go:298] mockgcp request: GET https://compute.googleapis.com/compute/v1/projects/mock-project/regions/australia-southeast2/operations/operation-1787362344967-97cda8fa-f694-41ce-b629-a125121b53e6
2026-08-22T01:32:32.8000840Z I0822 01:32:24.968103    4375 mockgcp_http.go:327] mockgcp response: GET https://compute.googleapis.com/compute/v1/projects/mock-project/regions/australia-southeast2/operations/operation-1787362344967-97cda8fa-f694-41ce-b629-a125121b53e6 => 200
2026-08-22T01:32:32.8003809Z I0822 01:32:24.968174    4375 mockgcp_http.go:298] mockgcp request: POST https://compute.googleapis.com/compute/v1/projects/mock-project/regions/southamerica-west1/subnetworks
2026-08-22T01:32:32.8006193Z I0822 01:32:24.968455    4375 operations.go:125] "storing operation" fqn="projects/mock-project/regions/southamerica-west1/operations/operation-1787362344968-f7985d7f-17ac-4b16-a104-7c17bb42fb93"
2026-08-22T01:32:32.8008620Z I0822 01:32:24.968580    4375 mockgcp_http.go:327] mockgcp response: POST https://compute.googleapis.com/compute/v1/projects/mock-project/regions/southamerica-west1/subnetworks => 200
2026-08-22T01:32:32.8011526Z I0822 01:32:24.968634    4375 mockgcp_http.go:298] mockgcp request: GET https://compute.googleapis.com/compute/v1/projects/mock-project/regions/southamerica-west1/operations/operation-1787362344968-f7985d7f-17ac-4b16-a104-7c17bb42fb93
2026-08-22T01:32:32.8015144Z I0822 01:32:24.968966    4375 mockgcp_http.go:327] mockgcp response: GET https://compute.googleapis.com/compute/v1/projects/mock-project/regions/southamerica-west1/operations/operation-1787362344968-f7985d7f-17ac-4b16-a104-7c17bb42fb93 => 200
2026-08-22T01:32:32.8018578Z I0822 01:32:24.969032    4375 mockgcp_http.go:298] mockgcp request: POST https://compute.googleapis.com/compute/v1/projects/mock-project/regions/europe-west8/subnetworks
2026-08-22T01:32:32.8022597Z I0822 01:32:24.969332    4375 operations.go:125] "storing operation" fqn="projects/mock-project/regions/europe-west8/operations/operation-1787362344969-56da530c-2bff-4f33-9102-49efb267666d"
2026-08-22T01:32:32.8026473Z I0822 01:32:24.969475    4375 mockgcp_http.go:327] mockgcp response: POST https://compute.googleapis.com/compute/v1/projects/mock-project/regions/europe-west8/subnetworks => 200
2026-08-22T01:32:32.8029037Z I0822 01:32:24.969534    4375 mockgcp_http.go:298] mockgcp request: GET https://compute.googleapis.com/compute/v1/projects/mock-project/regions/europe-west8/operations/operation-1787362344969-56da530c-2bff-4f33-9102-49efb267666d
2026-08-22T01:32:32.8031894Z I0822 01:32:24.969816    4375 mockgcp_http.go:327] mockgcp response: GET https://compute.googleapis.com/compute/v1/projects/mock-project/regions/europe-west8/operations/operation-1787362344969-56da530c-2bff-4f33-9102-49efb267666d => 200
2026-08-22T01:32:32.8034840Z I0822 01:32:24.969881    4375 mockgcp_http.go:298] mockgcp request: POST https://compute.googleapis.com/compute/v1/projects/mock-project/regions/europe-west9/subnetworks
2026-08-22T01:32:32.8040200Z I0822 01:32:24.970143    4375 operations.go:125] "storing operation" fqn="projects/mock-project/regions/europe-west9/operations/operation-1787362344970-6554c7bc-03eb-44d3-a3b0-f472bb532842"
2026-08-22T01:32:32.8043090Z I0822 01:32:24.970269    4375 mockgcp_http.go:327] mockgcp response: POST https://compute.googleapis.com/compute/v1/projects/mock-project/regions/europe-west9/subnetworks => 200
2026-08-22T01:32:32.8045873Z I0822 01:32:24.970326    4375 mockgcp_http.go:298] mockgcp request: GET https://compute.googleapis.com/compute/v1/projects/mock-project/regions/europe-west9/operations/operation-1787362344970-6554c7bc-03eb-44d3-a3b0-f472bb532842
2026-08-22T01:32:32.8048969Z I0822 01:32:24.970628    4375 mockgcp_http.go:327] mockgcp response: GET https://compute.googleapis.com/compute/v1/projects/mock-project/regions/europe-west9/operations/operation-1787362344970-6554c7bc-03eb-44d3-a3b0-f472bb532842 => 200
2026-08-22T01:32:32.8051422Z I0822 01:32:24.970685    4375 mockgcp_http.go:298] mockgcp request: POST https://compute.googleapis.com/compute/v1/projects/mock-project/regions/us-east5/subnetworks
2026-08-22T01:32:32.8064585Z I0822 01:32:24.970972    4375 operations.go:125] "storing operation" fqn="projects/mock-project/regions/us-east5/operations/operation-1787362344970-8d2364b8-1153-476c-aced-e070a8e7ec0d"
2026-08-22T01:32:32.8067567Z I0822 01:32:24.971107    4375 mockgcp_http.go:327] mockgcp response: POST https://compute.googleapis.com/compute/v1/projects/mock-project/regions/us-east5/subnetworks => 200
2026-08-22T01:32:32.8070013Z I0822 01:32:24.971162    4375 mockgcp_http.go:298] mockgcp request: GET https://compute.googleapis.com/compute/v1/projects/mock-project/regions/us-east5/operations/operation-1787362344970-8d2364b8-1153-476c-aced-e070a8e7ec0d
2026-08-22T01:32:32.8072692Z I0822 01:32:24.971452    4375 mockgcp_http.go:327] mockgcp response: GET https://compute.googleapis.com/compute/v1/projects/mock-project/regions/us-east5/operations/operation-1787362344970-8d2364b8-1153-476c-aced-e070a8e7ec0d => 200
2026-08-22T01:32:32.8075362Z I0822 01:32:24.971517    4375 mockgcp_http.go:298] mockgcp request: POST https://compute.googleapis.com/compute/v1/projects/mock-project/regions/europe-southwest1/subnetworks
2026-08-22T01:32:32.8077590Z I0822 01:32:24.971786    4375 operations.go:125] "storing operation" fqn="projects/mock-project/regions/europe-southwest1/operations/operation-1787362344971-af8dab39-7759-4fa0-b5e1-93af69e2b73d"
2026-08-22T01:32:32.8079972Z I0822 01:32:24.971900    4375 mockgcp_http.go:327] mockgcp response: POST https://compute.googleapis.com/compute/v1/projects/mock-project/regions/europe-southwest1/subnetworks => 200
2026-08-22T01:32:32.8082465Z I0822 01:32:24.971958    4375 mockgcp_http.go:298] mockgcp request: GET https://compute.googleapis.com/compute/v1/projects/mock-project/regions/europe-southwest1/operations/operation-1787362344971-af8dab39-7759-4fa0-b5e1-93af69e2b73d
2026-08-22T01:32:32.8085680Z I0822 01:32:24.972222    4375 mockgcp_http.go:327] mockgcp response: GET https://compute.googleapis.com/compute/v1/projects/mock-project/regions/europe-southwest1/operations/operation-1787362344971-af8dab39-7759-4fa0-b5e1-93af69e2b73d => 200
2026-08-22T01:32:32.8088630Z I0822 01:32:24.972285    4375 mockgcp_http.go:298] mockgcp request: POST https://compute.googleapis.com/compute/v1/projects/mock-project/regions/us-south1/subnetworks
2026-08-22T01:32:32.8090886Z I0822 01:32:24.972588    4375 operations.go:125] "storing operation" fqn="projects/mock-project/regions/us-south1/operations/operation-1787362344972-99aca93b-0a06-44ab-894d-7311dca0c7f4"
2026-08-22T01:32:32.8093248Z I0822 01:32:24.972714    4375 mockgcp_http.go:327] mockgcp response: POST https://compute.googleapis.com/compute/v1/projects/mock-project/regions/us-south1/subnetworks => 200
2026-08-22T01:32:32.8096313Z I0822 01:32:24.972785    4375 mockgcp_http.go:298] mockgcp request: GET https://compute.googleapis.com/compute/v1/projects/mock-project/regions/us-south1/operations/operation-1787362344972-99aca93b-0a06-44ab-894d-7311dca0c7f4
2026-08-22T01:32:32.8099404Z I0822 01:32:24.973048    4375 mockgcp_http.go:327] mockgcp response: GET https://compute.googleapis.com/compute/v1/projects/mock-project/regions/us-south1/operations/operation-1787362344972-99aca93b-0a06-44ab-894d-7311dca0c7f4 => 200
2026-08-22T01:32:32.8101956Z I0822 01:32:24.973113    4375 mockgcp_http.go:298] mockgcp request: POST https://compute.googleapis.com/compute/v1/projects/mock-project/regions/me-west1/subnetworks
2026-08-22T01:32:32.8104424Z I0822 01:32:24.973368    4375 operations.go:125] "storing operation" fqn="projects/mock-project/regions/me-west1/operations/operation-1787362344973-1eda337d-e5c7-4980-8303-dcf7454f533c"
2026-08-22T01:32:32.8106790Z I0822 01:32:24.973490    4375 mockgcp_http.go:327] mockgcp response: POST https://compute.googleapis.com/compute/v1/projects/mock-project/regions/me-west1/subnetworks => 200
2026-08-22T01:32:32.8109404Z I0822 01:32:24.973548    4375 mockgcp_http.go:298] mockgcp request: GET https://compute.googleapis.com/compute/v1/projects/mock-project/regions/me-west1/operations/operation-1787362344973-1eda337d-e5c7-4980-8303-dcf7454f533c
2026-08-22T01:32:32.8112359Z I0822 01:32:24.973858    4375 mockgcp_http.go:327] mockgcp response: GET https://compute.googleapis.com/compute/v1/projects/mock-project/regions/me-west1/operations/operation-1787362344973-1eda337d-e5c7-4980-8303-dcf7454f533c => 200
2026-08-22T01:32:32.8115181Z I0822 01:32:24.973921    4375 mockgcp_http.go:298] mockgcp request: POST https://compute.googleapis.com/compute/v1/projects/mock-project/regions/europe-west12/subnetworks
2026-08-22T01:32:32.8117510Z I0822 01:32:24.974178    4375 operations.go:125] "storing operation" fqn="projects/mock-project/regions/europe-west12/operations/operation-1787362344974-3b2bee93-7d0f-472b-a2de-6ddd7f77533d"
2026-08-22T01:32:32.8119898Z I0822 01:32:24.974275    4375 mockgcp_http.go:327] mockgcp response: POST https://compute.googleapis.com/compute/v1/projects/mock-project/regions/europe-west12/subnetworks => 200
2026-08-22T01:32:32.8122593Z I0822 01:32:24.974334    4375 mockgcp_http.go:298] mockgcp request: GET https://compute.googleapis.com/compute/v1/projects/mock-project/regions/europe-west12/operations/operation-1787362344974-3b2bee93-7d0f-472b-a2de-6ddd7f77533d
2026-08-22T01:32:32.8126283Z I0822 01:32:24.974630    4375 mockgcp_http.go:327] mockgcp response: GET https://compute.googleapis.com/compute/v1/projects/mock-project/regions/europe-west12/operations/operation-1787362344974-3b2bee93-7d0f-472b-a2de-6ddd7f77533d => 200
2026-08-22T01:32:32.8128959Z I0822 01:32:24.974689    4375 mockgcp_http.go:298] mockgcp request: POST https://compute.googleapis.com/compute/v1/projects/mock-project/regions/me-central1/subnetworks
2026-08-22T01:32:32.8131240Z I0822 01:32:24.974941    4375 operations.go:125] "storing operation" fqn="projects/mock-project/regions/me-central1/operations/operation-1787362344974-fa4287de-1cfb-4227-a0e2-af756ea73e1d"
2026-08-22T01:32:32.8133850Z I0822 01:32:24.975047    4375 mockgcp_http.go:327] mockgcp response: POST https://compute.googleapis.com/compute/v1/projects/mock-project/regions/me-central1/subnetworks => 200
2026-08-22T01:32:32.8136816Z I0822 01:32:24.975102    4375 mockgcp_http.go:298] mockgcp request: GET https://compute.googleapis.com/compute/v1/projects/mock-project/regions/me-central1/operations/operation-1787362344974-fa4287de-1cfb-4227-a0e2-af756ea73e1d
2026-08-22T01:32:32.8139887Z I0822 01:32:24.975343    4375 mockgcp_http.go:327] mockgcp response: GET https://compute.googleapis.com/compute/v1/projects/mock-project/regions/me-central1/operations/operation-1787362344974-fa4287de-1cfb-4227-a0e2-af756ea73e1d => 200
2026-08-22T01:32:32.8142597Z I0822 01:32:24.975434    4375 mockgcp_http.go:298] mockgcp request: POST https://compute.googleapis.com/compute/v1/projects/mock-project/regions/europe-west10/subnetworks
2026-08-22T01:32:32.8145398Z I0822 01:32:24.975697    4375 operations.go:125] "storing operation" fqn="projects/mock-project/regions/europe-west10/operations/operation-1787362344975-8393b9fa-d898-4d97-9ca7-a18991f94caa"
2026-08-22T01:32:32.8147794Z I0822 01:32:24.975821    4375 mockgcp_http.go:327] mockgcp response: POST https://compute.googleapis.com/compute/v1/projects/mock-project/regions/europe-west10/subnetworks => 200
2026-08-22T01:32:32.8150517Z I0822 01:32:24.975860    4375 mockgcp_http.go:298] mockgcp request: GET https://compute.googleapis.com/compute/v1/projects/mock-project/regions/europe-west10/operations/operation-1787362344975-8393b9fa-d898-4d97-9ca7-a18991f94caa
2026-08-22T01:32:32.8153960Z I0822 01:32:24.976082    4375 mockgcp_http.go:327] mockgcp response: GET https://compute.googleapis.com/compute/v1/projects/mock-project/regions/europe-west10/operations/operation-1787362344975-8393b9fa-d898-4d97-9ca7-a18991f94caa => 200
2026-08-22T01:32:32.8156719Z I0822 01:32:24.976144    4375 mockgcp_http.go:298] mockgcp request: POST https://compute.googleapis.com/compute/v1/projects/mock-project/regions/africa-south1/subnetworks
2026-08-22T01:32:32.8159104Z I0822 01:32:24.976460    4375 operations.go:125] "storing operation" fqn="projects/mock-project/regions/africa-south1/operations/operation-1787362344976-e22e7bb6-59d5-406f-baff-11eb321a9f95"
2026-08-22T01:32:32.8161418Z I0822 01:32:24.976605    4375 mockgcp_http.go:327] mockgcp response: POST https://compute.googleapis.com/compute/v1/projects/mock-project/regions/africa-south1/subnetworks => 200
2026-08-22T01:32:32.8164272Z I0822 01:32:24.976673    4375 mockgcp_http.go:298] mockgcp request: GET https://compute.googleapis.com/compute/v1/projects/mock-project/regions/africa-south1/operations/operation-1787362344976-e22e7bb6-59d5-406f-baff-11eb321a9f95
2026-08-22T01:32:32.8167118Z I0822 01:32:24.977018    4375 mockgcp_http.go:327] mockgcp response: GET https://compute.googleapis.com/compute/v1/projects/mock-project/regions/africa-south1/operations/operation-1787362344976-e22e7bb6-59d5-406f-baff-11eb321a9f95 => 200
2026-08-22T01:32:32.8169723Z I0822 01:32:24.977086    4375 mockgcp_http.go:298] mockgcp request: POST https://compute.googleapis.com/compute/v1/projects/mock-project/regions/northamerica-south1/subnetworks
2026-08-22T01:32:32.8171876Z I0822 01:32:24.977405    4375 operations.go:125] "storing operation" fqn="projects/mock-project/regions/northamerica-south1/operations/operation-1787362344977-d8f2eedd-fafb-4df8-8ae8-40c8f2fdd584"
2026-08-22T01:32:32.8174437Z I0822 01:32:24.977518    4375 mockgcp_http.go:327] mockgcp response: POST https://compute.googleapis.com/compute/v1/projects/mock-project/regions/northamerica-south1/subnetworks => 200
2026-08-22T01:32:32.8176964Z I0822 01:32:24.977577    4375 mockgcp_http.go:298] mockgcp request: GET https://compute.googleapis.com/compute/v1/projects/mock-project/regions/northamerica-south1/operations/operation-1787362344977-d8f2eedd-fafb-4df8-8ae8-40c8f2fdd584
2026-08-22T01:32:32.8179837Z I0822 01:32:24.977907    4375 mockgcp_http.go:327] mockgcp response: GET https://compute.googleapis.com/compute/v1/projects/mock-project/regions/northamerica-south1/operations/operation-1787362344977-d8f2eedd-fafb-4df8-8ae8-40c8f2fdd584 => 200
2026-08-22T01:32:32.8182568Z I0822 01:32:24.977970    4375 mockgcp_http.go:298] mockgcp request: POST https://compute.googleapis.com/compute/v1/projects/mock-project/regions/europe-north2/subnetworks
2026-08-22T01:32:32.8185325Z I0822 01:32:24.978299    4375 operations.go:125] "storing operation" fqn="projects/mock-project/regions/europe-north2/operations/operation-1787362344978-83ee3eed-bebc-41ab-b4d1-e14c4fae250d"
2026-08-22T01:32:32.8187657Z I0822 01:32:24.978463    4375 mockgcp_http.go:327] mockgcp response: POST https://compute.googleapis.com/compute/v1/projects/mock-project/regions/europe-north2/subnetworks => 200
2026-08-22T01:32:32.8190492Z I0822 01:32:24.978524    4375 mockgcp_http.go:298] mockgcp request: GET https://compute.googleapis.com/compute/v1/projects/mock-project/regions/europe-north2/operations/operation-1787362344978-83ee3eed-bebc-41ab-b4d1-e14c4fae250d
2026-08-22T01:32:32.8194437Z I0822 01:32:24.978852    4375 mockgcp_http.go:327] mockgcp response: GET https://compute.googleapis.com/compute/v1/projects/mock-project/regions/europe-north2/operations/operation-1787362344978-83ee3eed-bebc-41ab-b4d1-e14c4fae250d => 200
2026-08-22T01:32:32.8197855Z I0822 01:32:24.978966    4375 mockgcp_http.go:298] mockgcp request: POST https://compute.googleapis.com/compute/v1/projects/mock-project/global/routes
2026-08-22T01:32:32.8200437Z I0822 01:32:24.979316    4375 operations.go:125] "storing operation" fqn="projects/mock-project/global/operations/operation-1787362344979-9ad12158-82fc-4c56-a7a1-71ab356b8575"
2026-08-22T01:32:32.8202788Z I0822 01:32:24.979444    4375 mockgcp_http.go:327] mockgcp response: POST https://compute.googleapis.com/compute/v1/projects/mock-project/global/routes => 200
2026-08-22T01:32:32.8205428Z I0822 01:32:24.979513    4375 mockgcp_http.go:298] mockgcp request: GET https://compute.googleapis.com/compute/v1/projects/mock-project/global/operations/operation-1787362344979-9ad12158-82fc-4c56-a7a1-71ab356b8575
2026-08-22T01:32:32.8208354Z I0822 01:32:24.979809    4375 mockgcp_http.go:327] mockgcp response: GET https://compute.googleapis.com/compute/v1/projects/mock-project/global/operations/operation-1787362344979-9ad12158-82fc-4c56-a7a1-71ab356b8575 => 200
2026-08-22T01:32:32.8211158Z I0822 01:32:24.979867    4375 mockgcp_http.go:298] mockgcp request: GET https://compute.googleapis.com/compute/v1/projects/mock-project/aggregated/subnetworks
2026-08-22T01:32:32.8213329Z I0822 01:32:24.981458    4375 mockgcp_http.go:327] mockgcp response: GET https://compute.googleapis.com/compute/v1/projects/mock-project/aggregated/subnetworks => 200
2026-08-22T01:32:32.8215613Z I0822 01:32:24.982620    4375 mockgcp_http.go:298] mockgcp request: POST https://compute.googleapis.com/compute/v1/projects/mock-project/global/routes
2026-08-22T01:32:32.8217785Z I0822 01:32:24.982912    4375 operations.go:125] "storing operation" fqn="projects/mock-project/global/operations/operation-1787362344982-e9ef6737-6516-48cb-b590-aa34b5a0ae4c"
2026-08-22T01:32:32.8220012Z I0822 01:32:24.983060    4375 mockgcp_http.go:327] mockgcp response: POST https://compute.googleapis.com/compute/v1/projects/mock-project/global/routes => 200
2026-08-22T01:32:32.8223142Z I0822 01:32:24.983115    4375 mockgcp_http.go:298] mockgcp request: GET https://compute.googleapis.com/compute/v1/projects/mock-project/global/operations/operation-1787362344982-e9ef6737-6516-48cb-b590-aa34b5a0ae4c
2026-08-22T01:32:32.8226376Z I0822 01:32:24.983422    4375 mockgcp_http.go:327] mockgcp response: GET https://compute.googleapis.com/compute/v1/projects/mock-project/global/operations/operation-1787362344982-e9ef6737-6516-48cb-b590-aa34b5a0ae4c => 200
2026-08-22T01:32:32.8228812Z I0822 01:32:24.983486    4375 mockgcp_http.go:298] mockgcp request: POST https://compute.googleapis.com/compute/v1/projects/mock-project/global/routes
2026-08-22T01:32:32.8230921Z I0822 01:32:24.983769    4375 operations.go:125] "storing operation" fqn="projects/mock-project/global/operations/operation-1787362344983-fadf9733-a56e-44d2-b6c0-0c6cdf3fcfa2"
2026-08-22T01:32:32.8233373Z I0822 01:32:24.983882    4375 mockgcp_http.go:327] mockgcp response: POST https://compute.googleapis.com/compute/v1/projects/mock-project/global/routes => 200
2026-08-22T01:32:32.8236012Z I0822 01:32:24.983935    4375 mockgcp_http.go:298] mockgcp request: GET https://compute.googleapis.com/compute/v1/projects/mock-project/global/operations/operation-1787362344983-fadf9733-a56e-44d2-b6c0-0c6cdf3fcfa2
2026-08-22T01:32:32.8238291Z I0822 01:32:24.984242    4375 mockgcp_http.go:327] mockgcp response: GET https://compute.googleapis.com/compute/v1/projects/mock-project/global/operations/operation-1787362344983-fadf9733-a56e-44d2-b6c0-0c6cdf3fcfa2 => 200
2026-08-22T01:32:32.8240718Z I0822 01:32:24.984291    4375 mockgcp_http.go:298] mockgcp request: POST https://compute.googleapis.com/compute/v1/projects/mock-project/global/routes
2026-08-22T01:32:32.8243095Z I0822 01:32:24.984616    4375 operations.go:125] "storing operation" fqn="projects/mock-project/global/operations/operation-1787362344984-9c334a85-3cd3-4448-a122-29447212d450"
2026-08-22T01:32:32.8245529Z I0822 01:32:24.984724    4375 mockgcp_http.go:327] mockgcp response: POST https://compute.googleapis.com/compute/v1/projects/mock-project/global/routes => 200
2026-08-22T01:32:32.8247949Z I0822 01:32:24.984780    4375 mockgcp_http.go:298] mockgcp request: GET https://compute.googleapis.com/compute/v1/projects/mock-project/global/operations/operation-1787362344984-9c334a85-3cd3-4448-a122-29447212d450
2026-08-22T01:32:32.8251056Z I0822 01:32:24.985019    4375 mockgcp_http.go:327] mockgcp response: GET https://compute.googleapis.com/compute/v1/projects/mock-project/global/operations/operation-1787362344984-9c334a85-3cd3-4448-a122-29447212d450 => 200
2026-08-22T01:32:32.8252688Z I0822 01:32:24.985069    4375 mockgcp_http.go:298] mockgcp request: POST https://compute.googleapis.com/compute/v1/projects/mock-project/global/routes
2026-08-22T01:32:32.8254085Z I0822 01:32:24.985360    4375 operations.go:125] "storing operation" fqn="projects/mock-project/global/operations/operation-1787362344985-3e0e08bb-f171-4bbb-9e32-dcab48a80b70"
2026-08-22T01:32:32.8255975Z I0822 01:32:24.985503    4375 mockgcp_http.go:327] mockgcp response: POST https://compute.googleapis.com/compute/v1/projects/mock-project/global/routes => 200
2026-08-22T01:32:32.8258448Z I0822 01:32:24.985561    4375 mockgcp_http.go:298] mockgcp request: GET https://compute.googleapis.com/compute/v1/projects/mock-project/global/operations/operation-1787362344985-3e0e08bb-f171-4bbb-9e32-dcab48a80b70
2026-08-22T01:32:32.8261306Z I0822 01:32:24.985853    4375 mockgcp_http.go:327] mockgcp response: GET https://compute.googleapis.com/compute/v1/projects/mock-project/global/operations/operation-1787362344985-3e0e08bb-f171-4bbb-9e32-dcab48a80b70 => 200
2026-08-22T01:32:32.8263952Z I0822 01:32:24.985919    4375 mockgcp_http.go:298] mockgcp request: POST https://compute.googleapis.com/compute/v1/projects/mock-project/global/routes
2026-08-22T01:32:32.8266025Z I0822 01:32:24.986229    4375 operations.go:125] "storing operation" fqn="projects/mock-project/global/operations/operation-1787362344986-f973cbc6-95ef-4b86-ad8b-1d170e022ce1"
2026-08-22T01:32:32.8268156Z I0822 01:32:24.986335    4375 mockgcp_http.go:327] mockgcp response: POST https://compute.googleapis.com/compute/v1/projects/mock-project/global/routes => 200
2026-08-22T01:32:32.8270639Z I0822 01:32:24.986379    4375 mockgcp_http.go:298] mockgcp request: GET https://compute.googleapis.com/compute/v1/projects/mock-project/global/operations/operation-1787362344986-f973cbc6-95ef-4b86-ad8b-1d170e022ce1
2026-08-22T01:32:32.8273697Z I0822 01:32:24.986682    4375 mockgcp_http.go:327] mockgcp response: GET https://compute.googleapis.com/compute/v1/projects/mock-project/global/operations/operation-1787362344986-f973cbc6-95ef-4b86-ad8b-1d170e022ce1 => 200
2026-08-22T01:32:32.8275887Z I0822 01:32:24.986744    4375 mockgcp_http.go:298] mockgcp request: POST https://compute.googleapis.com/compute/v1/projects/mock-project/global/routes
2026-08-22T01:32:32.8277986Z I0822 01:32:24.987019    4375 operations.go:125] "storing operation" fqn="projects/mock-project/global/operations/operation-1787362344987-fc844b46-fec8-46df-91a8-b6b1050b6f5f"
2026-08-22T01:32:32.8279910Z I0822 01:32:24.987131    4375 mockgcp_http.go:327] mockgcp response: POST https://compute.googleapis.com/compute/v1/projects/mock-project/global/routes => 200
2026-08-22T01:32:32.8282083Z I0822 01:32:24.987200    4375 mockgcp_http.go:298] mockgcp request: GET https://compute.googleapis.com/compute/v1/projects/mock-project/global/operations/operation-1787362344987-fc844b46-fec8-46df-91a8-b6b1050b6f5f
2026-08-22T01:32:32.8284911Z I0822 01:32:24.987489    4375 mockgcp_http.go:327] mockgcp response: GET https://compute.googleapis.com/compute/v1/projects/mock-project/global/operations/operation-1787362344987-fc844b46-fec8-46df-91a8-b6b1050b6f5f => 200
2026-08-22T01:32:32.8287230Z I0822 01:32:24.987549    4375 mockgcp_http.go:298] mockgcp request: POST https://compute.googleapis.com/compute/v1/projects/mock-project/global/routes
2026-08-22T01:32:32.8289106Z I0822 01:32:24.987865    4375 operations.go:125] "storing operation" fqn="projects/mock-project/global/operations/operation-1787362344987-61768f3a-52c4-403e-9c65-9d6cd4a1a897"
2026-08-22T01:32:32.8291010Z I0822 01:32:24.987977    4375 mockgcp_http.go:327] mockgcp response: POST https://compute.googleapis.com/compute/v1/projects/mock-project/global/routes => 200
2026-08-22T01:32:32.8293168Z I0822 01:32:24.988044    4375 mockgcp_http.go:298] mockgcp request: GET https://compute.googleapis.com/compute/v1/projects/mock-project/global/operations/operation-1787362344987-61768f3a-52c4-403e-9c65-9d6cd4a1a897
2026-08-22T01:32:32.8296026Z I0822 01:32:24.988306    4375 mockgcp_http.go:327] mockgcp response: GET https://compute.googleapis.com/compute/v1/projects/mock-project/global/operations/operation-1787362344987-61768f3a-52c4-403e-9c65-9d6cd4a1a897 => 200
2026-08-22T01:32:32.8298325Z I0822 01:32:24.988365    4375 mockgcp_http.go:298] mockgcp request: POST https://compute.googleapis.com/compute/v1/projects/mock-project/global/routes
2026-08-22T01:32:32.8300370Z I0822 01:32:24.988673    4375 operations.go:125] "storing operation" fqn="projects/mock-project/global/operations/operation-1787362344988-dc20796e-99e2-498d-96f7-9c3e7cf387cd"
2026-08-22T01:32:32.8302558Z I0822 01:32:24.988776    4375 mockgcp_http.go:327] mockgcp response: POST https://compute.googleapis.com/compute/v1/projects/mock-project/global/routes => 200
2026-08-22T01:32:32.8305180Z I0822 01:32:24.988824    4375 mockgcp_http.go:298] mockgcp request: GET https://compute.googleapis.com/compute/v1/projects/mock-project/global/operations/operation-1787362344988-dc20796e-99e2-498d-96f7-9c3e7cf387cd
2026-08-22T01:32:32.8307951Z I0822 01:32:24.989117    4375 mockgcp_http.go:327] mockgcp response: GET https://compute.googleapis.com/compute/v1/projects/mock-project/global/operations/operation-1787362344988-dc20796e-99e2-498d-96f7-9c3e7cf387cd => 200
2026-08-22T01:32:32.8310278Z I0822 01:32:24.989182    4375 mockgcp_http.go:298] mockgcp request: POST https://compute.googleapis.com/compute/v1/projects/mock-project/global/routes
2026-08-22T01:32:32.8312399Z I0822 01:32:24.989503    4375 operations.go:125] "storing operation" fqn="projects/mock-project/global/operations/operation-1787362344989-24bde7f4-6a4b-4795-be46-46ca81401923"
2026-08-22T01:32:32.8314743Z I0822 01:32:24.989634    4375 mockgcp_http.go:327] mockgcp response: POST https://compute.googleapis.com/compute/v1/projects/mock-project/global/routes => 200
2026-08-22T01:32:32.8317196Z I0822 01:32:24.989688    4375 mockgcp_http.go:298] mockgcp request: GET https://compute.googleapis.com/compute/v1/projects/mock-project/global/operations/operation-1787362344989-24bde7f4-6a4b-4795-be46-46ca81401923
2026-08-22T01:32:32.8320158Z I0822 01:32:24.989977    4375 mockgcp_http.go:327] mockgcp response: GET https://compute.googleapis.com/compute/v1/projects/mock-project/global/operations/operation-1787362344989-24bde7f4-6a4b-4795-be46-46ca81401923 => 200
2026-08-22T01:32:32.8322832Z I0822 01:32:24.990031    4375 mockgcp_http.go:298] mockgcp request: POST https://compute.googleapis.com/compute/v1/projects/mock-project/global/routes
2026-08-22T01:32:32.8325118Z I0822 01:32:24.990337    4375 operations.go:125] "storing operation" fqn="projects/mock-project/global/operations/operation-1787362344990-e62a880a-2dd4-4b55-9431-a7c3c2b80331"
2026-08-22T01:32:32.8327303Z I0822 01:32:24.990454    4375 mockgcp_http.go:327] mockgcp response: POST https://compute.googleapis.com/compute/v1/projects/mock-project/global/routes => 200
2026-08-22T01:32:32.8329746Z I0822 01:32:24.990505    4375 mockgcp_http.go:298] mockgcp request: GET https://compute.googleapis.com/compute/v1/projects/mock-project/global/operations/operation-1787362344990-e62a880a-2dd4-4b55-9431-a7c3c2b80331
2026-08-22T01:32:32.8332879Z I0822 01:32:24.990749    4375 mockgcp_http.go:327] mockgcp response: GET https://compute.googleapis.com/compute/v1/projects/mock-project/global/operations/operation-1787362344990-e62a880a-2dd4-4b55-9431-a7c3c2b80331 => 200
2026-08-22T01:32:32.8335537Z I0822 01:32:24.990810    4375 mockgcp_http.go:298] mockgcp request: POST https://compute.googleapis.com/compute/v1/projects/mock-project/global/routes
2026-08-22T01:32:32.8337592Z I0822 01:32:24.991075    4375 operations.go:125] "storing operation" fqn="projects/mock-project/global/operations/operation-1787362344991-60e33358-6012-488b-bc92-5435758172d0"
2026-08-22T01:32:32.8339761Z I0822 01:32:24.991186    4375 mockgcp_http.go:327] mockgcp response: POST https://compute.googleapis.com/compute/v1/projects/mock-project/global/routes => 200
2026-08-22T01:32:32.8342214Z I0822 01:32:24.991243    4375 mockgcp_http.go:298] mockgcp request: GET https://compute.googleapis.com/compute/v1/projects/mock-project/global/operations/operation-1787362344991-60e33358-6012-488b-bc92-5435758172d0
2026-08-22T01:32:32.8345279Z I0822 01:32:24.991536    4375 mockgcp_http.go:327] mockgcp response: GET https://compute.googleapis.com/compute/v1/projects/mock-project/global/operations/operation-1787362344991-60e33358-6012-488b-bc92-5435758172d0 => 200
2026-08-22T01:32:32.8347683Z I0822 01:32:24.991601    4375 mockgcp_http.go:298] mockgcp request: POST https://compute.googleapis.com/compute/v1/projects/mock-project/global/routes
2026-08-22T01:32:32.8349738Z I0822 01:32:24.991907    4375 operations.go:125] "storing operation" fqn="projects/mock-project/global/operations/operation-1787362344991-d755a07c-fa13-4f2c-b6d8-167653cff566"
2026-08-22T01:32:32.8352088Z I0822 01:32:24.992004    4375 mockgcp_http.go:327] mockgcp response: POST https://compute.googleapis.com/compute/v1/projects/mock-project/global/routes => 200
2026-08-22T01:32:32.8354860Z I0822 01:32:24.992059    4375 mockgcp_http.go:298] mockgcp request: GET https://compute.googleapis.com/compute/v1/projects/mock-project/global/operations/operation-1787362344991-d755a07c-fa13-4f2c-b6d8-167653cff566
2026-08-22T01:32:32.8357796Z I0822 01:32:24.992317    4375 mockgcp_http.go:327] mockgcp response: GET https://compute.googleapis.com/compute/v1/projects/mock-project/global/operations/operation-1787362344991-d755a07c-fa13-4f2c-b6d8-167653cff566 => 200
2026-08-22T01:32:32.8360246Z I0822 01:32:24.992405    4375 mockgcp_http.go:298] mockgcp request: POST https://compute.googleapis.com/compute/v1/projects/mock-project/global/routes
2026-08-22T01:32:32.8362346Z I0822 01:32:24.992696    4375 operations.go:125] "storing operation" fqn="projects/mock-project/global/operations/operation-1787362344992-e6451ea6-14b1-4d54-8687-98da5ab2426b"
2026-08-22T01:32:32.8364755Z I0822 01:32:24.992816    4375 mockgcp_http.go:327] mockgcp response: POST https://compute.googleapis.com/compute/v1/projects/mock-project/global/routes => 200
2026-08-22T01:32:32.8367159Z I0822 01:32:24.992873    4375 mockgcp_http.go:298] mockgcp request: GET https://compute.googleapis.com/compute/v1/projects/mock-project/global/operations/operation-1787362344992-e6451ea6-14b1-4d54-8687-98da5ab2426b
2026-08-22T01:32:32.8370109Z I0822 01:32:24.993171    4375 mockgcp_http.go:327] mockgcp response: GET https://compute.googleapis.com/compute/v1/projects/mock-project/global/operations/operation-1787362344992-e6451ea6-14b1-4d54-8687-98da5ab2426b => 200
2026-08-22T01:32:32.8372907Z I0822 01:32:24.993244    4375 mockgcp_http.go:298] mockgcp request: POST https://compute.googleapis.com/compute/v1/projects/mock-project/global/routes
2026-08-22T01:32:32.8375754Z I0822 01:32:24.993540    4375 operations.go:125] "storing operation" fqn="projects/mock-project/global/operations/operation-1787362344993-81b6339b-685b-4bc3-b38d-4af31ec5be63"
2026-08-22T01:32:32.8377907Z I0822 01:32:24.993646    4375 mockgcp_http.go:327] mockgcp response: POST https://compute.googleapis.com/compute/v1/projects/mock-project/global/routes => 200
2026-08-22T01:32:32.8380569Z I0822 01:32:24.993701    4375 mockgcp_http.go:298] mockgcp request: GET https://compute.googleapis.com/compute/v1/projects/mock-project/global/operations/operation-1787362344993-81b6339b-685b-4bc3-b38d-4af31ec5be63
2026-08-22T01:32:32.8384436Z I0822 01:32:24.993976    4375 mockgcp_http.go:327] mockgcp response: GET https://compute.googleapis.com/compute/v1/projects/mock-project/global/operations/operation-1787362344993-81b6339b-685b-4bc3-b38d-4af31ec5be63 => 200
2026-08-22T01:32:32.8387682Z I0822 01:32:24.994034    4375 mockgcp_http.go:298] mockgcp request: POST https://compute.googleapis.com/compute/v1/projects/mock-project/global/routes
2026-08-22T01:32:32.8389782Z I0822 01:32:24.994347    4375 operations.go:125] "storing operation" fqn="projects/mock-project/global/operations/operation-1787362344994-dc5a232b-30ad-4d8e-9b01-f1e9b0e47861"
2026-08-22T01:32:32.8392161Z I0822 01:32:24.994519    4375 mockgcp_http.go:327] mockgcp response: POST https://compute.googleapis.com/compute/v1/projects/mock-project/global/routes => 200
2026-08-22T01:32:32.8394700Z I0822 01:32:24.994569    4375 mockgcp_http.go:298] mockgcp request: GET https://compute.googleapis.com/compute/v1/projects/mock-project/global/operations/operation-1787362344994-dc5a232b-30ad-4d8e-9b01-f1e9b0e47861
2026-08-22T01:32:32.8397484Z I0822 01:32:24.994857    4375 mockgcp_http.go:327] mockgcp response: GET https://compute.googleapis.com/compute/v1/projects/mock-project/global/operations/operation-1787362344994-dc5a232b-30ad-4d8e-9b01-f1e9b0e47861 => 200
2026-08-22T01:32:32.8399785Z I0822 01:32:24.994918    4375 mockgcp_http.go:298] mockgcp request: POST https://compute.googleapis.com/compute/v1/projects/mock-project/global/routes
2026-08-22T01:32:32.8401771Z I0822 01:32:24.995184    4375 operations.go:125] "storing operation" fqn="projects/mock-project/global/operations/operation-1787362344995-17598f8e-a8ea-4b15-9b5c-79ecbc83d26f"
2026-08-22T01:32:32.8405310Z I0822 01:32:24.995287    4375 mockgcp_http.go:327] mockgcp response: POST https://compute.googleapis.com/compute/v1/projects/mock-project/global/routes => 200
2026-08-22T01:32:32.8408387Z I0822 01:32:24.995339    4375 mockgcp_http.go:298] mockgcp request: GET https://compute.googleapis.com/compute/v1/projects/mock-project/global/operations/operation-1787362344995-17598f8e-a8ea-4b15-9b5c-79ecbc83d26f
2026-08-22T01:32:32.8412016Z I0822 01:32:24.995616    4375 mockgcp_http.go:327] mockgcp response: GET https://compute.googleapis.com/compute/v1/projects/mock-project/global/operations/operation-1787362344995-17598f8e-a8ea-4b15-9b5c-79ecbc83d26f => 200
2026-08-22T01:32:32.8415233Z I0822 01:32:24.995680    4375 mockgcp_http.go:298] mockgcp request: POST https://compute.googleapis.com/compute/v1/projects/mock-project/global/routes
2026-08-22T01:32:32.8417565Z I0822 01:32:24.995940    4375 operations.go:125] "storing operation" fqn="projects/mock-project/global/operations/operation-1787362344995-806f2b48-8d04-4122-b4a6-ae24e42a69fc"
2026-08-22T01:32:32.8419731Z I0822 01:32:24.996073    4375 mockgcp_http.go:327] mockgcp response: POST https://compute.googleapis.com/compute/v1/projects/mock-project/global/routes => 200
2026-08-22T01:32:32.8422571Z I0822 01:32:24.996147    4375 mockgcp_http.go:298] mockgcp request: GET https://compute.googleapis.com/compute/v1/projects/mock-project/global/operations/operation-1787362344995-806f2b48-8d04-4122-b4a6-ae24e42a69fc
2026-08-22T01:32:32.8426262Z I0822 01:32:24.996431    4375 mockgcp_http.go:327] mockgcp response: GET https://compute.googleapis.com/compute/v1/projects/mock-project/global/operations/operation-1787362344995-806f2b48-8d04-4122-b4a6-ae24e42a69fc => 200
2026-08-22T01:32:32.8428540Z I0822 01:32:24.996490    4375 mockgcp_http.go:298] mockgcp request: POST https://compute.googleapis.com/compute/v1/projects/mock-project/global/routes
2026-08-22T01:32:32.8430505Z I0822 01:32:24.996768    4375 operations.go:125] "storing operation" fqn="projects/mock-project/global/operations/operation-1787362344996-698b7a7d-d248-4f59-a14c-6dd5f1d1b8d2"
2026-08-22T01:32:32.8432529Z I0822 01:32:24.996900    4375 mockgcp_http.go:327] mockgcp response: POST https://compute.googleapis.com/compute/v1/projects/mock-project/global/routes => 200
2026-08-22T01:32:32.8435215Z I0822 01:32:24.996953    4375 mockgcp_http.go:298] mockgcp request: GET https://compute.googleapis.com/compute/v1/projects/mock-project/global/operations/operation-1787362344996-698b7a7d-d248-4f59-a14c-6dd5f1d1b8d2
2026-08-22T01:32:32.8438605Z I0822 01:32:24.997216    4375 mockgcp_http.go:327] mockgcp response: GET https://compute.googleapis.com/compute/v1/projects/mock-project/global/operations/operation-1787362344996-698b7a7d-d248-4f59-a14c-6dd5f1d1b8d2 => 200
2026-08-22T01:32:32.8441698Z I0822 01:32:24.997276    4375 mockgcp_http.go:298] mockgcp request: POST https://compute.googleapis.com/compute/v1/projects/mock-project/global/routes
2026-08-22T01:32:32.8444367Z I0822 01:32:24.997589    4375 operations.go:125] "storing operation" fqn="projects/mock-project/global/operations/operation-1787362344997-664189dd-a698-4d5b-beb4-ca0309fb4db3"
2026-08-22T01:32:32.8446502Z I0822 01:32:24.997706    4375 mockgcp_http.go:327] mockgcp response: POST https://compute.googleapis.com/compute/v1/projects/mock-project/global/routes => 200
2026-08-22T01:32:32.8449414Z I0822 01:32:24.997758    4375 mockgcp_http.go:298] mockgcp request: GET https://compute.googleapis.com/compute/v1/projects/mock-project/global/operations/operation-1787362344997-664189dd-a698-4d5b-beb4-ca0309fb4db3
2026-08-22T01:32:32.8453177Z I0822 01:32:24.998036    4375 mockgcp_http.go:327] mockgcp response: GET https://compute.googleapis.com/compute/v1/projects/mock-project/global/operations/operation-1787362344997-664189dd-a698-4d5b-beb4-ca0309fb4db3 => 200
2026-08-22T01:32:32.8456306Z I0822 01:32:24.998096    4375 mockgcp_http.go:298] mockgcp request: POST https://compute.googleapis.com/compute/v1/projects/mock-project/global/routes
2026-08-22T01:32:32.8458366Z I0822 01:32:24.998366    4375 operations.go:125] "storing operation" fqn="projects/mock-project/global/operations/operation-1787362344998-a4e32cb2-92d6-4df7-87de-a997c1e91f4a"
2026-08-22T01:32:32.8460712Z I0822 01:32:24.998514    4375 mockgcp_http.go:327] mockgcp response: POST https://compute.googleapis.com/compute/v1/projects/mock-project/global/routes => 200
2026-08-22T01:32:32.8463929Z I0822 01:32:24.998571    4375 mockgcp_http.go:298] mockgcp request: GET https://compute.googleapis.com/compute/v1/projects/mock-project/global/operations/operation-1787362344998-a4e32cb2-92d6-4df7-87de-a997c1e91f4a
2026-08-22T01:32:32.8467796Z I0822 01:32:24.998843    4375 mockgcp_http.go:327] mockgcp response: GET https://compute.googleapis.com/compute/v1/projects/mock-project/global/operations/operation-1787362344998-a4e32cb2-92d6-4df7-87de-a997c1e91f4a => 200
2026-08-22T01:32:32.8471051Z I0822 01:32:24.998898    4375 mockgcp_http.go:298] mockgcp request: POST https://compute.googleapis.com/compute/v1/projects/mock-project/global/routes
2026-08-22T01:32:32.8473715Z I0822 01:32:24.999162    4375 operations.go:125] "storing operation" fqn="projects/mock-project/global/operations/operation-1787362344999-9cfcfbcd-2e97-40d9-892f-5e1a2c69a2aa"
2026-08-22T01:32:32.8477648Z I0822 01:32:24.999259    4375 mockgcp_http.go:327] mockgcp response: POST https://compute.googleapis.com/compute/v1/projects/mock-project/global/routes => 200
2026-08-22T01:32:32.8482727Z I0822 01:32:24.999311    4375 mockgcp_http.go:298] mockgcp request: GET https://compute.googleapis.com/compute/v1/projects/mock-project/global/operations/operation-1787362344999-9cfcfbcd-2e97-40d9-892f-5e1a2c69a2aa
2026-08-22T01:32:32.8487841Z I0822 01:32:24.999591    4375 mockgcp_http.go:327] mockgcp response: GET https://compute.googleapis.com/compute/v1/projects/mock-project/global/operations/operation-1787362344999-9cfcfbcd-2e97-40d9-892f-5e1a2c69a2aa => 200
2026-08-22T01:32:32.8490799Z I0822 01:32:24.999665    4375 mockgcp_http.go:298] mockgcp request: POST https://compute.googleapis.com/compute/v1/projects/mock-project/global/routes
2026-08-22T01:32:32.8495832Z I0822 01:32:24.999952    4375 operations.go:125] "storing operation" fqn="projects/mock-project/global/operations/operation-1787362344999-2cd38154-b55d-440f-9e4b-fcfed0c927ff"
2026-08-22T01:32:32.8498656Z I0822 01:32:25.000053    4375 mockgcp_http.go:327] mockgcp response: POST https://compute.googleapis.com/compute/v1/projects/mock-project/global/routes => 200
2026-08-22T01:32:32.8501370Z I0822 01:32:25.000099    4375 mockgcp_http.go:298] mockgcp request: GET https://compute.googleapis.com/compute/v1/projects/mock-project/global/operations/operation-1787362344999-2cd38154-b55d-440f-9e4b-fcfed0c927ff
2026-08-22T01:32:32.8505158Z I0822 01:32:25.000428    4375 mockgcp_http.go:327] mockgcp response: GET https://compute.googleapis.com/compute/v1/projects/mock-project/global/operations/operation-1787362344999-2cd38154-b55d-440f-9e4b-fcfed0c927ff => 200
2026-08-22T01:32:32.8508458Z I0822 01:32:25.000503    4375 mockgcp_http.go:298] mockgcp request: POST https://compute.googleapis.com/compute/v1/projects/mock-project/global/routes
2026-08-22T01:32:32.8514479Z I0822 01:32:25.000806    4375 operations.go:125] "storing operation" fqn="projects/mock-project/global/operations/operation-1787362345000-37a9b73c-fe15-43e1-9ca0-7da926719fc3"
2026-08-22T01:32:32.8516944Z I0822 01:32:25.000912    4375 mockgcp_http.go:327] mockgcp response: POST https://compute.googleapis.com/compute/v1/projects/mock-project/global/routes => 200
2026-08-22T01:32:32.8519654Z I0822 01:32:25.000961    4375 mockgcp_http.go:298] mockgcp request: GET https://compute.googleapis.com/compute/v1/projects/mock-project/global/operations/operation-1787362345000-37a9b73c-fe15-43e1-9ca0-7da926719fc3
2026-08-22T01:32:32.8523012Z I0822 01:32:25.001219    4375 mockgcp_http.go:327] mockgcp response: GET https://compute.googleapis.com/compute/v1/projects/mock-project/global/operations/operation-1787362345000-37a9b73c-fe15-43e1-9ca0-7da926719fc3 => 200
2026-08-22T01:32:32.8526325Z I0822 01:32:25.001281    4375 mockgcp_http.go:298] mockgcp request: POST https://compute.googleapis.com/compute/v1/projects/mock-project/global/routes
2026-08-22T01:32:32.8529003Z I0822 01:32:25.001575    4375 operations.go:125] "storing operation" fqn="projects/mock-project/global/operations/operation-1787362345001-858fdbbb-b735-4127-b7d7-66728c320474"
2026-08-22T01:32:32.8531163Z I0822 01:32:25.001688    4375 mockgcp_http.go:327] mockgcp response: POST https://compute.googleapis.com/compute/v1/projects/mock-project/global/routes => 200
2026-08-22T01:32:32.8533793Z I0822 01:32:25.001758    4375 mockgcp_http.go:298] mockgcp request: GET https://compute.googleapis.com/compute/v1/projects/mock-project/global/operations/operation-1787362345001-858fdbbb-b735-4127-b7d7-66728c320474
2026-08-22T01:32:32.8536589Z I0822 01:32:25.002054    4375 mockgcp_http.go:327] mockgcp response: GET https://compute.googleapis.com/compute/v1/projects/mock-project/global/operations/operation-1787362345001-858fdbbb-b735-4127-b7d7-66728c320474 => 200
2026-08-22T01:32:32.8538790Z I0822 01:32:25.002113    4375 mockgcp_http.go:298] mockgcp request: POST https://compute.googleapis.com/compute/v1/projects/mock-project/global/routes
2026-08-22T01:32:32.8540691Z I0822 01:32:25.002393    4375 operations.go:125] "storing operation" fqn="projects/mock-project/global/operations/operation-1787362345002-8cc48f26-e775-4b76-8c40-0adf90c86baf"
2026-08-22T01:32:32.8542780Z I0822 01:32:25.002526    4375 mockgcp_http.go:327] mockgcp response: POST https://compute.googleapis.com/compute/v1/projects/mock-project/global/routes => 200
2026-08-22T01:32:32.8549103Z I0822 01:32:25.002577    4375 mockgcp_http.go:298] mockgcp request: GET https://compute.googleapis.com/compute/v1/projects/mock-project/global/operations/operation-1787362345002-8cc48f26-e775-4b76-8c40-0adf90c86baf
2026-08-22T01:32:32.8552377Z I0822 01:32:25.002866    4375 mockgcp_http.go:327] mockgcp response: GET https://compute.googleapis.com/compute/v1/projects/mock-project/global/operations/operation-1787362345002-8cc48f26-e775-4b76-8c40-0adf90c86baf => 200
2026-08-22T01:32:32.8561304Z I0822 01:32:25.002928    4375 mockgcp_http.go:298] mockgcp request: POST https://compute.googleapis.com/compute/v1/projects/mock-project/global/routes
2026-08-22T01:32:32.8564152Z I0822 01:32:25.003199    4375 operations.go:125] "storing operation" fqn="projects/mock-project/global/operations/operation-1787362345003-52331df9-82b8-42d6-b241-833bef79bf44"
2026-08-22T01:32:32.8567857Z I0822 01:32:25.003333    4375 mockgcp_http.go:327] mockgcp response: POST https://compute.googleapis.com/compute/v1/projects/mock-project/global/routes => 200
2026-08-22T01:32:32.8572727Z I0822 01:32:25.003398    4375 mockgcp_http.go:298] mockgcp request: GET https://compute.googleapis.com/compute/v1/projects/mock-project/global/operations/operation-1787362345003-52331df9-82b8-42d6-b241-833bef79bf44
2026-08-22T01:32:32.8575674Z I0822 01:32:25.003677    4375 mockgcp_http.go:327] mockgcp response: GET https://compute.googleapis.com/compute/v1/projects/mock-project/global/operations/operation-1787362345003-52331df9-82b8-42d6-b241-833bef79bf44 => 200
2026-08-22T01:32:32.8577916Z I0822 01:32:25.003734    4375 mockgcp_http.go:298] mockgcp request: POST https://compute.googleapis.com/compute/v1/projects/mock-project/global/routes
2026-08-22T01:32:32.8579783Z I0822 01:32:25.004005    4375 operations.go:125] "storing operation" fqn="projects/mock-project/global/operations/operation-1787362345003-c1b868a5-a0f9-4453-8560-1a96750d8cb5"
2026-08-22T01:32:32.8581730Z I0822 01:32:25.004111    4375 mockgcp_http.go:327] mockgcp response: POST https://compute.googleapis.com/compute/v1/projects/mock-project/global/routes => 200
2026-08-22T01:32:32.8584126Z I0822 01:32:25.004167    4375 mockgcp_http.go:298] mockgcp request: GET https://compute.googleapis.com/compute/v1/projects/mock-project/global/operations/operation-1787362345003-c1b868a5-a0f9-4453-8560-1a96750d8cb5
2026-08-22T01:32:32.8587009Z I0822 01:32:25.004459    4375 mockgcp_http.go:327] mockgcp response: GET https://compute.googleapis.com/compute/v1/projects/mock-project/global/operations/operation-1787362345003-c1b868a5-a0f9-4453-8560-1a96750d8cb5 => 200
2026-08-22T01:32:32.8592185Z I0822 01:32:25.004524    4375 mockgcp_http.go:298] mockgcp request: POST https://compute.googleapis.com/compute/v1/projects/mock-project/global/routes
2026-08-22T01:32:32.8595077Z I0822 01:32:25.004808    4375 operations.go:125] "storing operation" fqn="projects/mock-project/global/operations/operation-1787362345004-b12b0a20-f3ba-45f4-a19b-0bcabbcee771"
2026-08-22T01:32:32.8597419Z I0822 01:32:25.004904    4375 mockgcp_http.go:327] mockgcp response: POST https://compute.googleapis.com/compute/v1/projects/mock-project/global/routes => 200
2026-08-22T01:32:32.8599667Z I0822 01:32:25.004958    4375 mockgcp_http.go:298] mockgcp request: GET https://compute.googleapis.com/compute/v1/projects/mock-project/global/operations/operation-1787362345004-b12b0a20-f3ba-45f4-a19b-0bcabbcee771
2026-08-22T01:32:32.8602353Z I0822 01:32:25.005199    4375 mockgcp_http.go:327] mockgcp response: GET https://compute.googleapis.com/compute/v1/projects/mock-project/global/operations/operation-1787362345004-b12b0a20-f3ba-45f4-a19b-0bcabbcee771 => 200
2026-08-22T01:32:32.8604788Z I0822 01:32:25.005264    4375 mockgcp_http.go:298] mockgcp request: POST https://compute.googleapis.com/compute/v1/projects/mock-project/global/routes
2026-08-22T01:32:32.8606995Z I0822 01:32:25.005567    4375 operations.go:125] "storing operation" fqn="projects/mock-project/global/operations/operation-1787362345005-08f5dc24-0671-4019-9aab-ea76ecefe9e2"
2026-08-22T01:32:32.8608949Z I0822 01:32:25.005664    4375 mockgcp_http.go:327] mockgcp response: POST https://compute.googleapis.com/compute/v1/projects/mock-project/global/routes => 200
2026-08-22T01:32:32.8611202Z I0822 01:32:25.005716    4375 mockgcp_http.go:298] mockgcp request: GET https://compute.googleapis.com/compute/v1/projects/mock-project/global/operations/operation-1787362345005-08f5dc24-0671-4019-9aab-ea76ecefe9e2
2026-08-22T01:32:32.8614127Z I0822 01:32:25.005995    4375 mockgcp_http.go:327] mockgcp response: GET https://compute.googleapis.com/compute/v1/projects/mock-project/global/operations/operation-1787362345005-08f5dc24-0671-4019-9aab-ea76ecefe9e2 => 200
2026-08-22T01:32:32.8616530Z I0822 01:32:25.006058    4375 mockgcp_http.go:298] mockgcp request: POST https://compute.googleapis.com/compute/v1/projects/mock-project/global/routes
2026-08-22T01:32:32.8618504Z I0822 01:32:25.006339    4375 operations.go:125] "storing operation" fqn="projects/mock-project/global/operations/operation-1787362345006-e074c730-a98f-4ad3-8956-fa4b3b3f23fd"
2026-08-22T01:32:32.8620492Z I0822 01:32:25.006455    4375 mockgcp_http.go:327] mockgcp response: POST https://compute.googleapis.com/compute/v1/projects/mock-project/global/routes => 200
2026-08-22T01:32:32.8623063Z I0822 01:32:25.006513    4375 mockgcp_http.go:298] mockgcp request: GET https://compute.googleapis.com/compute/v1/projects/mock-project/global/operations/operation-1787362345006-e074c730-a98f-4ad3-8956-fa4b3b3f23fd
2026-08-22T01:32:32.8626272Z I0822 01:32:25.006795    4375 mockgcp_http.go:327] mockgcp response: GET https://compute.googleapis.com/compute/v1/projects/mock-project/global/operations/operation-1787362345006-e074c730-a98f-4ad3-8956-fa4b3b3f23fd => 200
2026-08-22T01:32:32.8628583Z I0822 01:32:25.006857    4375 mockgcp_http.go:298] mockgcp request: POST https://compute.googleapis.com/compute/v1/projects/mock-project/global/routes
2026-08-22T01:32:32.8630562Z I0822 01:32:25.007131    4375 operations.go:125] "storing operation" fqn="projects/mock-project/global/operations/operation-1787362345007-2dcecaa1-cda6-415f-9bc7-786373966387"
2026-08-22T01:32:32.8632594Z I0822 01:32:25.007231    4375 mockgcp_http.go:327] mockgcp response: POST https://compute.googleapis.com/compute/v1/projects/mock-project/global/routes => 200
2026-08-22T01:32:32.8635910Z I0822 01:32:25.007282    4375 mockgcp_http.go:298] mockgcp request: GET https://compute.googleapis.com/compute/v1/projects/mock-project/global/operations/operation-1787362345007-2dcecaa1-cda6-415f-9bc7-786373966387
2026-08-22T01:32:32.8638653Z I0822 01:32:25.007513    4375 mockgcp_http.go:327] mockgcp response: GET https://compute.googleapis.com/compute/v1/projects/mock-project/global/operations/operation-1787362345007-2dcecaa1-cda6-415f-9bc7-786373966387 => 200
2026-08-22T01:32:32.8640840Z I0822 01:32:25.007597    4375 mockgcp_http.go:298] mockgcp request: POST https://compute.googleapis.com/compute/v1/projects/mock-project/global/routes
2026-08-22T01:32:32.8642750Z I0822 01:32:25.007883    4375 operations.go:125] "storing operation" fqn="projects/mock-project/global/operations/operation-1787362345007-379a738b-81c1-42f8-bd7a-3a835850a163"
2026-08-22T01:32:32.8645749Z I0822 01:32:25.007995    4375 mockgcp_http.go:327] mockgcp response: POST https://compute.googleapis.com/compute/v1/projects/mock-project/global/routes => 200
2026-08-22T01:32:32.8731411Z I0822 01:32:25.008031    4375 mockgcp_http.go:298] mockgcp request: GET https://compute.googleapis.com/compute/v1/projects/mock-project/global/operations/operation-1787362345007-379a738b-81c1-42f8-bd7a-3a835850a163
2026-08-22T01:32:32.8735046Z I0822 01:32:25.008249    4375 mockgcp_http.go:327] mockgcp response: GET https://compute.googleapis.com/compute/v1/projects/mock-project/global/operations/operation-1787362345007-379a738b-81c1-42f8-bd7a-3a835850a163 => 200
2026-08-22T01:32:32.8737741Z I0822 01:32:25.008314    4375 mockgcp_http.go:298] mockgcp request: POST https://compute.googleapis.com/compute/v1/projects/mock-project/global/routes
2026-08-22T01:32:32.8739819Z I0822 01:32:25.008596    4375 operations.go:125] "storing operation" fqn="projects/mock-project/global/operations/operation-1787362345008-7f04cdf9-4b41-40a1-bed8-e662ae0bd66f"
2026-08-22T01:32:32.8741867Z I0822 01:32:25.008769    4375 mockgcp_http.go:327] mockgcp response: POST https://compute.googleapis.com/compute/v1/projects/mock-project/global/routes => 200
2026-08-22T01:32:32.8744276Z I0822 01:32:25.008833    4375 mockgcp_http.go:298] mockgcp request: GET https://compute.googleapis.com/compute/v1/projects/mock-project/global/operations/operation-1787362345008-7f04cdf9-4b41-40a1-bed8-e662ae0bd66f
2026-08-22T01:32:32.8778713Z I0822 01:32:25.009117    4375 mockgcp_http.go:327] mockgcp response: GET https://compute.googleapis.com/compute/v1/projects/mock-project/global/operations/operation-1787362345008-7f04cdf9-4b41-40a1-bed8-e662ae0bd66f => 200
2026-08-22T01:32:32.8786596Z I0822 01:32:25.009183    4375 mockgcp_http.go:298] mockgcp request: POST https://compute.googleapis.com/compute/v1/projects/mock-project/global/routes
2026-08-22T01:32:32.8789013Z I0822 01:32:25.009454    4375 operations.go:125] "storing operation" fqn="projects/mock-project/global/operations/operation-1787362345009-534f985b-ca58-4213-806e-25340a731e73"
2026-08-22T01:32:32.8791366Z I0822 01:32:25.009643    4375 mockgcp_http.go:327] mockgcp response: POST https://compute.googleapis.com/compute/v1/projects/mock-project/global/routes => 200
2026-08-22T01:32:32.8793931Z I0822 01:32:25.009689    4375 mockgcp_http.go:298] mockgcp request: GET https://compute.googleapis.com/compute/v1/projects/mock-project/global/operations/operation-1787362345009-534f985b-ca58-4213-806e-25340a731e73
2026-08-22T01:32:32.8796557Z I0822 01:32:25.009900    4375 mockgcp_http.go:327] mockgcp response: GET https://compute.googleapis.com/compute/v1/projects/mock-project/global/operations/operation-1787362345009-534f985b-ca58-4213-806e-25340a731e73 => 200
2026-08-22T01:32:32.8798756Z I0822 01:32:25.009974    4375 mockgcp_http.go:298] mockgcp request: POST https://compute.googleapis.com/compute/v1/projects/mock-project/global/routes
2026-08-22T01:32:32.8800658Z I0822 01:32:25.010258    4375 operations.go:125] "storing operation" fqn="projects/mock-project/global/operations/operation-1787362345010-0ae39910-326d-4b14-a018-755563737a76"
2026-08-22T01:32:32.8802572Z I0822 01:32:25.010380    4375 mockgcp_http.go:327] mockgcp response: POST https://compute.googleapis.com/compute/v1/projects/mock-project/global/routes => 200
2026-08-22T01:32:32.8805054Z I0822 01:32:25.010464    4375 mockgcp_http.go:298] mockgcp request: GET https://compute.googleapis.com/compute/v1/projects/mock-project/global/operations/operation-1787362345010-0ae39910-326d-4b14-a018-755563737a76
2026-08-22T01:32:32.8835603Z I0822 01:32:25.010735    4375 mockgcp_http.go:327] mockgcp response: GET https://compute.googleapis.com/compute/v1/projects/mock-project/global/operations/operation-1787362345010-0ae39910-326d-4b14-a018-755563737a76 => 200
2026-08-22T01:32:32.8838027Z I0822 01:32:25.010809    4375 mockgcp_http.go:298] mockgcp request: POST https://compute.googleapis.com/compute/v1/projects/mock-project/global/routes
2026-08-22T01:32:32.8840056Z I0822 01:32:25.011094    4375 operations.go:125] "storing operation" fqn="projects/mock-project/global/operations/operation-1787362345011-bffc766c-9af8-4867-bfb6-3054d9b63aa5"
2026-08-22T01:32:32.8842279Z I0822 01:32:25.011195    4375 mockgcp_http.go:327] mockgcp response: POST https://compute.googleapis.com/compute/v1/projects/mock-project/global/routes => 200
2026-08-22T01:32:32.8844961Z I0822 01:32:25.011246    4375 mockgcp_http.go:298] mockgcp request: GET https://compute.googleapis.com/compute/v1/projects/mock-project/global/operations/operation-1787362345011-bffc766c-9af8-4867-bfb6-3054d9b63aa5
2026-08-22T01:32:32.8847681Z I0822 01:32:25.011512    4375 mockgcp_http.go:327] mockgcp response: GET https://compute.googleapis.com/compute/v1/projects/mock-project/global/operations/operation-1787362345011-bffc766c-9af8-4867-bfb6-3054d9b63aa5 => 200
2026-08-22T01:32:32.8850449Z I0822 01:32:25.011567    4375 mockgcp_http.go:298] mockgcp request: POST https://compute.googleapis.com/compute/v1/projects/mock-project/global/routes
2026-08-22T01:32:32.8852345Z I0822 01:32:25.011890    4375 operations.go:125] "storing operation" fqn="projects/mock-project/global/operations/operation-1787362345011-20549878-0680-40c5-aab3-fe4295534a9e"
2026-08-22T01:32:32.8854541Z I0822 01:32:25.011987    4375 mockgcp_http.go:327] mockgcp response: POST https://compute.googleapis.com/compute/v1/projects/mock-project/global/routes => 200
2026-08-22T01:32:32.8856920Z I0822 01:32:25.012023    4375 mockgcp_http.go:298] mockgcp request: GET https://compute.googleapis.com/compute/v1/projects/mock-project/global/operations/operation-1787362345011-20549878-0680-40c5-aab3-fe4295534a9e
2026-08-22T01:32:32.8912336Z I0822 01:32:25.012282    4375 mockgcp_http.go:327] mockgcp response: GET https://compute.googleapis.com/compute/v1/projects/mock-project/global/operations/operation-1787362345011-20549878-0680-40c5-aab3-fe4295534a9e => 200
2026-08-22T01:32:32.8923458Z I0822 01:32:25.012372    4375 mockgcp_http.go:298] mockgcp request: POST https://compute.googleapis.com/compute/v1/projects/mock-project/global/routes
2026-08-22T01:32:32.8969213Z I0822 01:32:25.012622    4375 operations.go:125] "storing operation" fqn="projects/mock-project/global/operations/operation-1787362345012-6b86dceb-823b-4434-8742-a72ba495b23e"
2026-08-22T01:32:32.8971426Z I0822 01:32:25.012752    4375 mockgcp_http.go:327] mockgcp response: POST https://compute.googleapis.com/compute/v1/projects/mock-project/global/routes => 200
2026-08-22T01:32:32.8974185Z I0822 01:32:25.012827    4375 mockgcp_http.go:298] mockgcp request: GET https://compute.googleapis.com/compute/v1/projects/mock-project/global/operations/operation-1787362345012-6b86dceb-823b-4434-8742-a72ba495b23e
2026-08-22T01:32:32.8977850Z I0822 01:32:25.013092    4375 mockgcp_http.go:327] mockgcp response: GET https://compute.googleapis.com/compute/v1/projects/mock-project/global/operations/operation-1787362345012-6b86dceb-823b-4434-8742-a72ba495b23e => 200
2026-08-22T01:32:32.8980798Z I0822 01:32:25.013150    4375 mockgcp_http.go:298] mockgcp request: POST https://compute.googleapis.com/compute/v1/projects/mock-project/global/routes
2026-08-22T01:32:32.8982835Z I0822 01:32:25.013453    4375 operations.go:125] "storing operation" fqn="projects/mock-project/global/operations/operation-1787362345013-264f773e-5bab-426c-8cdc-5c40fb3d07cc"
2026-08-22T01:32:32.8985110Z I0822 01:32:25.013561    4375 mockgcp_http.go:327] mockgcp response: POST https://compute.googleapis.com/compute/v1/projects/mock-project/global/routes => 200
2026-08-22T01:32:32.8987434Z I0822 01:32:25.013617    4375 mockgcp_http.go:298] mockgcp request: GET https://compute.googleapis.com/compute/v1/projects/mock-project/global/operations/operation-1787362345013-264f773e-5bab-426c-8cdc-5c40fb3d07cc
2026-08-22T01:32:32.8990352Z I0822 01:32:25.013896    4375 mockgcp_http.go:327] mockgcp response: GET https://compute.googleapis.com/compute/v1/projects/mock-project/global/operations/operation-1787362345013-264f773e-5bab-426c-8cdc-5c40fb3d07cc => 200
2026-08-22T01:32:32.8992505Z I0822 01:32:25.013957    4375 mockgcp_http.go:298] mockgcp request: POST https://compute.googleapis.com/compute/v1/projects/mock-project/global/routes
2026-08-22T01:32:32.8994594Z I0822 01:32:25.014265    4375 operations.go:125] "storing operation" fqn="projects/mock-project/global/operations/operation-1787362345014-1f075ec0-124f-4bef-8547-4330dd62ab04"
2026-08-22T01:32:32.8996678Z I0822 01:32:25.014358    4375 mockgcp_http.go:327] mockgcp response: POST https://compute.googleapis.com/compute/v1/projects/mock-project/global/routes => 200
2026-08-22T01:32:32.8998963Z I0822 01:32:25.014403    4375 mockgcp_http.go:298] mockgcp request: GET https://compute.googleapis.com/compute/v1/projects/mock-project/global/operations/operation-1787362345014-1f075ec0-124f-4bef-8547-4330dd62ab04
2026-08-22T01:32:32.9002122Z I0822 01:32:25.014700    4375 mockgcp_http.go:327] mockgcp response: GET https://compute.googleapis.com/compute/v1/projects/mock-project/global/operations/operation-1787362345014-1f075ec0-124f-4bef-8547-4330dd62ab04 => 200
2026-08-22T01:32:32.9004568Z I0822 01:32:25.014757    4375 mockgcp_http.go:298] mockgcp request: POST https://compute.googleapis.com/compute/v1/projects/mock-project/global/routes
2026-08-22T01:32:32.9006520Z I0822 01:32:25.015062    4375 operations.go:125] "storing operation" fqn="projects/mock-project/global/operations/operation-1787362345015-08b10548-7deb-4ef7-ab8e-6bb5d1e259ac"
2026-08-22T01:32:32.9008614Z I0822 01:32:25.015183    4375 mockgcp_http.go:327] mockgcp response: POST https://compute.googleapis.com/compute/v1/projects/mock-project/global/routes => 200
2026-08-22T01:32:32.9010884Z I0822 01:32:25.015235    4375 mockgcp_http.go:298] mockgcp request: GET https://compute.googleapis.com/compute/v1/projects/mock-project/global/operations/operation-1787362345015-08b10548-7deb-4ef7-ab8e-6bb5d1e259ac
2026-08-22T01:32:32.9013939Z I0822 01:32:25.015523    4375 mockgcp_http.go:327] mockgcp response: GET https://compute.googleapis.com/compute/v1/projects/mock-project/global/operations/operation-1787362345015-08b10548-7deb-4ef7-ab8e-6bb5d1e259ac => 200
2026-08-22T01:32:32.9016594Z I0822 01:32:25.361955    4375 mockgcp_http.go:298] mockgcp request: GET https://compute.googleapis.com/compute/v1/projects/mock-project/global/operations/operation-1787362344944-e2d7af4a-8b03-4f78-8396-6202fdced31e
2026-08-22T01:32:32.9019651Z I0822 01:32:25.362384    4375 mockgcp_http.go:327] mockgcp response: GET https://compute.googleapis.com/compute/v1/projects/mock-project/global/operations/operation-1787362344944-e2d7af4a-8b03-4f78-8396-6202fdced31e => 200
2026-08-22T01:32:32.9022082Z I0822 01:32:25.362601    4375 mockgcp_http.go:327] mockgcp response: POST https://cloudresourcemanager.googleapis.com/v1/projects?alt=json&prettyPrint=false => 200
2026-08-22T01:32:32.9025030Z I0822 01:32:25.462941    4375 mockgcp_http.go:298] mockgcp request: GET https://cloudresourcemanager.googleapis.com/v1/operations/operation-1787362345362-3e0bc91d-9004-40a1-9495-3036b2c0faf6?alt=json&prettyPrint=false
2026-08-22T01:32:32.9027774Z I0822 01:32:25.463074    4375 mockgcp_http.go:327] mockgcp response: GET https://cloudresourcemanager.googleapis.com/v1/operations/operation-1787362345362-3e0bc91d-9004-40a1-9495-3036b2c0faf6?alt=json&prettyPrint=false => 200
2026-08-22T01:32:32.9030422Z I0822 01:32:25.463124    4375 mockgcp_http.go:298] mockgcp request: GET https://cloudresourcemanager.googleapis.com/v1/projects/mock-project?alt=json&prettyPrint=false
2026-08-22T01:32:32.9032366Z I0822 01:32:25.463427    4375 mockgcp_http.go:327] mockgcp response: GET https://cloudresourcemanager.googleapis.com/v1/projects/mock-project?alt=json&prettyPrint=false => 200
2026-08-22T01:32:32.9033542Z 2026/08/22 01:32:25 [INFO] Authenticating using configured Google JSON 'access_token'...
2026-08-22T01:32:32.9034931Z 2026/08/22 01:32:25 [INFO]   -- Scopes: [https://www.googleapis.com/auth/cloud-platform https://www.googleapis.com/auth/userinfo.email https://www.googleapis.com/auth/drive.readonly]
2026-08-22T01:32:32.9036474Z 2026/08/22 01:32:25 [INFO] Authenticating using configured Google JSON 'access_token'...
2026-08-22T01:32:32.9037999Z 2026/08/22 01:32:25 [INFO]   -- Scopes: [https://www.googleapis.com/auth/cloud-platform https://www.googleapis.com/auth/userinfo.email https://www.googleapis.com/auth/drive.readonly]
2026-08-22T01:32:32.9039349Z 2026/08/22 01:32:25 [DEBUG] Waiting for state to become: [success]
2026-08-22T01:32:32.9040427Z I0822 01:32:25.478829    4375 mockgcp_http.go:298] mockgcp request: GET https://openidconnect.googleapis.com/v1/userinfo?alt=json
2026-08-22T01:32:32.9041430Z 2026/08/22 01:32:25 response: 200 {"email":"test@example.com"}
2026-08-22T01:32:32.9042250Z 2026/08/22 01:32:25 [INFO] Terraform is using this identity: test@example.com
2026-08-22T01:32:32.9043211Z scopedNamespace is empty
2026-08-22T01:32:32.9044526Z {"severity":"info","timestamp":"2026-08-22T01:32:25.752Z","logger":"controller-runtime.webhook","msg":"Registering webhook","path":"/deny-unknown-fields"}
2026-08-22T01:32:32.9054205Z {"severity":"info","timestamp":"2026-08-22T01:32:25.752Z","logger":"controller-runtime.webhook","msg":"Registering webhook","path":"/iam-validation"}
2026-08-22T01:32:32.9056245Z {"severity":"info","timestamp":"2026-08-22T01:32:25.752Z","logger":"controller-runtime.webhook","msg":"Registering webhook","path":"/iam-defaulter"}
2026-08-22T01:32:32.9058118Z {"severity":"info","timestamp":"2026-08-22T01:32:25.752Z","logger":"controller-runtime.webhook","msg":"Registering webhook","path":"/container-annotation-handler"}
2026-08-22T01:32:32.9060359Z {"severity":"info","timestamp":"2026-08-22T01:32:25.756Z","logger":"controller-runtime.webhook","msg":"Registering webhook","path":"/management-conflict-annotation-defaulter"}
2026-08-22T01:32:32.9061212Z {"severity":"info","timestamp":"2026-08-22T01:32:25.756Z","logger":"controller-runtime.webhook","msg":"Registering webhook","path":"/generic-defaulter"}
2026-08-22T01:32:32.9062101Z {"severity":"info","timestamp":"2026-08-22T01:32:25.756Z","logger":"controller-runtime.webhook","msg":"Registering webhook","path":"/resource-validation"}
2026-08-22T01:32:32.9062970Z {"severity":"info","timestamp":"2026-08-22T01:32:25.756Z","logger":"controller-runtime.webhook","msg":"Registering webhook","path":"/state-into-spec-validation"}
2026-08-22T01:32:32.9063832Z     harness.go:820: waiting for webhook to start (webhook server has not been started yet)
2026-08-22T01:32:32.9064499Z {"severity":"info","timestamp":"2026-08-22T01:32:25.756Z","logger":"controller-runtime.webhook","msg":"Starting webhook server"}
2026-08-22T01:32:32.9065264Z {"severity":"info","timestamp":"2026-08-22T01:32:25.756Z","logger":"controller-runtime.certwatcher","msg":"Updated current TLS certificate"}
2026-08-22T01:32:32.9066080Z {"severity":"info","timestamp":"2026-08-22T01:32:25.757Z","logger":"controller-runtime.webhook","msg":"Serving webhook server","host":"127.0.0.1","port":42239}
2026-08-22T01:32:32.9066896Z {"severity":"info","timestamp":"2026-08-22T01:32:25.757Z","logger":"controller-runtime.certwatcher","msg":"Starting certificate poll+watcher","interval":"10s"}
2026-08-22T01:32:32.9067358Z     harness.go:826: waiting for controllers to register and cache to sync
2026-08-22T01:32:32.9069299Z     harness.go:1755: all expected controllers registered: [certificatemanagertrustconfig-deletion-defender-controller certificatemanagertrustconfig-parent-controller deletion-defender-registration-controller registration-controller]
2026-08-22T01:32:32.9069805Z     harness.go:832: controllers are registered and cache is synced
2026-08-22T01:32:32.9070237Z     unified_test.go:613: running with controller overrides: map[]
2026-08-22T01:32:32.9072162Z     harness.go:1755: all expected controllers registered: [certificatemanagertrustconfig-deletion-defender-controller certificatemanagertrustconfig-parent-controller deletion-defender-registration-controller registration-controller]
2026-08-22T01:32:32.9083070Z     samples.go:162: using server-side apply to create object GVK certificatemanager.cnrm.cloud.google.com/v1alpha1, Kind=CertificateManagerTrustConfig name trustconfig-min-q735z4ovu5ju7gy
2026-08-22T01:32:32.9085187Z {"severity":"info","timestamp":"2026-08-22T01:32:25.988Z","msg":"processing request","operation":"CREATE","handler":"unknown fields validation","kind":"CertificateManagerTrustConfig","resource":{"name":"trustconfig-min-q735z4ovu5ju7gy","namespace":"q735z4ovu5ju7gy"}}
2026-08-22T01:32:32.9086782Z {"severity":"info","timestamp":"2026-08-22T01:32:25.989Z","msg":"processing request","operation":"CREATE","handler":"state-into-spec validation","kind":"CertificateManagerTrustConfig","resource":{"name":"trustconfig-min-q735z4ovu5ju7gy","namespace":"q735z4ovu5ju7gy"}}
2026-08-22T01:32:32.9088639Z {"severity":"info","timestamp":"2026-08-22T01:32:25.989Z","msg":"done processing request","operation":"CREATE","handler":"unknown fields validation","kind":"CertificateManagerTrustConfig","resource":{"name":"trustconfig-min-q735z4ovu5ju7gy","namespace":"q735z4ovu5ju7gy"},"result-code":200,"result-reason":""}
2026-08-22T01:32:32.9091123Z {"severity":"info","timestamp":"2026-08-22T01:32:25.989Z","msg":"done processing request","operation":"CREATE","handler":"state-into-spec validation","kind":"CertificateManagerTrustConfig","resource":{"name":"trustconfig-min-q735z4ovu5ju7gy","namespace":"q735z4ovu5ju7gy"},"result-code":200,"result-reason":""}
2026-08-22T01:32:32.9092142Z {"severity":"info","timestamp":"2026-08-22T01:32:26.000Z","msg":"resource does not yet have status","kind":"CertificateManagerTrustConfig","name":"trustconfig-min-q735z4ovu5ju7gy"}
2026-08-22T01:32:32.9096596Z {"severity":"info","timestamp":"2026-08-22T01:32:26.203Z","msg":"structuredreporting OnReconcileStart","controller":"certificatemanagertrustconfig-parent-controller","controllerGroup":"certificatemanager.cnrm.cloud.google.com","controllerKind":"CertificateManagerTrustConfig","CertificateManagerTrustConfig":{"name":"trustconfig-min-q735z4ovu5ju7gy","namespace":"q735z4ovu5ju7gy"},"namespace":"q735z4ovu5ju7gy","name":"trustconfig-min-q735z4ovu5ju7gy","reconcileID":"300074dc-27e3-4d1f-93de-0a1d230132b1","object.kind":"CertificateManagerTrustConfig","object.name":"trustconfig-min-q735z4ovu5ju7gy"}
2026-08-22T01:32:32.9114491Z I0822 01:32:26.204442    4375 mockgcp_http.go:298] mockgcp request: GET https://certificatemanager.googleapis.com/v1/projects/mock-project/locations/global/trustConfigs/trustconfig-min-q735z4ovu5ju7gy?%24alt=json%3Benum-encoding%3Dint
2026-08-22T01:32:32.9115994Z W0822 01:32:26.204851    4375 methodcall.go:40] sending error response for *status.Error rpc error: code = NotFound desc = trustConfig "projects/mock-project/locations/global/trustConfigs/trustconfig-min-q735z4ovu5ju7gy" not found
2026-08-22T01:32:32.9117456Z I0822 01:32:26.204950    4375 methodcall.go:81] sent response 404 with body {"error":{"code":404,"message":"trustConfig \"projects/mock-project/locations/global/trustConfigs/trustconfig-min-q735z4ovu5ju7gy\" not found","status":"NOT_FOUND"}}
2026-08-22T01:32:32.9119030Z I0822 01:32:26.204966    4375 mockgcp_http.go:327] mockgcp response: GET https://certificatemanager.googleapis.com/v1/projects/mock-project/locations/global/trustConfigs/trustconfig-min-q735z4ovu5ju7gy?%24alt=json%3Benum-encoding%3Dint => 404
2026-08-22T01:32:32.9120983Z {"severity":"info","timestamp":"2026-08-22T01:32:26.208Z","msg":"processing request","operation":"UPDATE","handler":"unknown fields validation","kind":"CertificateManagerTrustConfig","resource":{"name":"trustconfig-min-q735z4ovu5ju7gy","namespace":"q735z4ovu5ju7gy"}}
2026-08-22T01:32:32.9122884Z {"severity":"info","timestamp":"2026-08-22T01:32:26.208Z","msg":"done processing request","operation":"UPDATE","handler":"unknown fields validation","kind":"CertificateManagerTrustConfig","resource":{"name":"trustconfig-min-q735z4ovu5ju7gy","namespace":"q735z4ovu5ju7gy"},"result-code":200,"result-reason":""}
2026-08-22T01:32:32.9125102Z {"severity":"info","timestamp":"2026-08-22T01:32:26.209Z","msg":"processing request","operation":"UPDATE","handler":"state-into-spec validation","kind":"CertificateManagerTrustConfig","resource":{"name":"trustconfig-min-q735z4ovu5ju7gy","namespace":"q735z4ovu5ju7gy"}}
2026-08-22T01:32:32.9127012Z {"severity":"info","timestamp":"2026-08-22T01:32:26.210Z","msg":"done processing request","operation":"UPDATE","handler":"state-into-spec validation","kind":"CertificateManagerTrustConfig","resource":{"name":"trustconfig-min-q735z4ovu5ju7gy","namespace":"q735z4ovu5ju7gy"},"result-code":200,"result-reason":""}
2026-08-22T01:32:32.9131428Z {"severity":"info","timestamp":"2026-08-22T01:32:26.213Z","msg":"structuredreporting OnDiff","controller":"certificatemanagertrustconfig-parent-controller","controllerGroup":"certificatemanager.cnrm.cloud.google.com","controllerKind":"CertificateManagerTrustConfig","CertificateManagerTrustConfig":{"name":"trustconfig-min-q735z4ovu5ju7gy","namespace":"q735z4ovu5ju7gy"},"namespace":"q735z4ovu5ju7gy","name":"trustconfig-min-q735z4ovu5ju7gy","reconcileID":"300074dc-27e3-4d1f-93de-0a1d230132b1","diff.controller":"direct","diff.fields":[],"diff.isNewObject":true}
2026-08-22T01:32:32.9133307Z I0822 01:32:26.213308    4375 mockgcp_http.go:298] mockgcp request: POST https://certificatemanager.googleapis.com/v1/projects/mock-project/locations/global/trustConfigs?%24alt=json%3Benum-encoding%3Dint&trustConfigId=trustconfig-min-q735z4ovu5ju7gy
2026-08-22T01:32:32.9136793Z I0822 01:32:26.213929    4375 methodcall.go:142] sent response 200 with body {"name":"projects/mock-project/locations/global/operations/operation-1787362346213-15daaf07-da9c-4e98-b786-4f9eb96b78a4","metadata":{"@type":"type.googleapis.com/google.cloud.certificatemanager.v1.OperationMetadata","createTime":"2026-08-22T01:32:26.213737784Z","target":"projects/mock-project/locations/global/trustConfigs/trustconfig-min-q735z4ovu5ju7gy","verb":"create","apiVersion":"v1"}}
2026-08-22T01:32:32.9138486Z I0822 01:32:26.213943    4375 mockgcp_http.go:327] mockgcp response: POST https://certificatemanager.googleapis.com/v1/projects/mock-project/locations/global/trustConfigs?%24alt=json%3Benum-encoding%3Dint&trustConfigId=trustconfig-min-q735z4ovu5ju7gy => 200
2026-08-22T01:32:32.9140106Z I0822 01:32:26.214448    4375 mockgcp_http.go:298] mockgcp request: GET https://certificatemanager.googleapis.com/v1/projects/mock-project/locations/global/operations/operation-1787362346213-15daaf07-da9c-4e98-b786-4f9eb96b78a4
2026-08-22T01:32:32.9155921Z I0822 01:32:26.214986    4375 methodcall.go:142] sent response 200 with body {"name":"projects/mock-project/locations/global/operations/operation-1787362346213-15daaf07-da9c-4e98-b786-4f9eb96b78a4","metadata":{"@type":"type.googleapis.com/google.cloud.certificatemanager.v1.OperationMetadata","createTime":"2026-08-22T01:32:26.213737784Z","target":"projects/mock-project/locations/global/trustConfigs/trustconfig-min-q735z4ovu5ju7gy","verb":"create","apiVersion":"v1"},"done":true,"response":{"@type":"type.googleapis.com/google.cloud.certificatemanager.v1.TrustConfig","name":"projects/mock-project/locations/global/trustConfigs/trustconfig-min-q735z4ovu5ju7gy","createTime":"2026-08-22T01:32:26.213737784Z","updateTime":"2026-08-22T01:32:26.213737784Z","labels":{"cnrm-test":"true","managed-by-cnrm":"true"},"trustStores":[{"trustAnchors":[{"pemCertificate":"-----BEGIN CERTIFICATE-----\nMIIDDzCCAfegAwIBAgIUDOiCLH9QNMMYnjPZVf4VwO9blsEwDQYJKoZIhvcNAQEL\nBQAwFjEUMBIGA1UEAwwLZXhhbXBsZS5jb20wIBcNMjIwODI0MDg0MDUxWhgPMzAy\nMTEyMjUwODQwNTFaMBYxFDASBgNVBAMMC2V4YW1wbGUuY29tMIIBIjANBgkqhkiG\n9w0BAQEFAAOCAQ8AMIIBCgKCAQEAvOT925GG4lKV9HvAHsbecMhGPAqjhVRC26iZ\nUJC8oSWOu95lWJSX5ZhbiF6Nz192wDGV/VAh3Lxj8RYtcn75eDxQKTcKouDld+To\nCGIStPFWbR6rbysLuZqFVEXVOTvp2QIegInfrvnGC4j7Qpic7zrFB9HzJx+0HpeE\nyO4gkdzJfEK/gMmolUgJrKX59o+0+Rj+Jq3EtcQxL1fVBVJSx0NvpoR1eYpnHMr/\nrJKZkUUZ2xE86hrtpiP6OEYQTi00rmf4GnZF5QfGGD0xuoQXtR7Tu+XhKibXIhxc\nD4RzPLX1QS040PXvmMPLDb4YlUQ6V3Rs42JDvkkDwIMXZvn8awIDAQABo1MwUTAd\nBgNVHQ4EFgQURuo1CCZZAUv7xi02f2nC5tRbf18wHwYDVR0jBBgwFoAURuo1CCZZ\nAUv7xi02f2nC5tRbf18wDwYDVR0TAQH/BAUwAwEB/zANBgkqhkiG9w0BAQsFAAOC\nAQEAqx3tDxurnYr9EUPhF5/LlDPYM+VI7EgrKdRnuIqUlZI0tm3vOGME0te6dBTC\nYLNaHLW3m/4Tm4M2eg0Kpz6CxJfn3109G31dCi0xwzSDHf5TPUWvqIVhq5WRgMIf\nn8KYBlQSmqdJBRztUIQH/UPFnSbxymlS4s5qwDgTH5ag9EEBcnWsQ2LZjKi0eqve\nMaqAvvB+j8RGZzYY4re94bSJI42zIZ6nMWPtXwRuDc30xl/u+E0jWIgWbPwSd6Km\n3wnJnGiU2ezPGq3zEU+Rc39VVIFKQpciNeYuF3neHPJvYOf58qW2Z8s0VH0MR1x3\n3DoO/e30FIr9j+PRD+s5BPKF2A==\n-----END CERTIFICATE-----"}]}]}}
2026-08-22T01:32:32.9157501Z I0822 01:32:26.215036    4375 mockgcp_http.go:327] mockgcp response: GET https://certificatemanager.googleapis.com/v1/projects/mock-project/locations/global/operations/operation-1787362346213-15daaf07-da9c-4e98-b786-4f9eb96b78a4 => 200
2026-08-22T01:32:32.9159192Z {"severity":"info","timestamp":"2026-08-22T01:32:26.222Z","msg":"processing request","operation":"UPDATE","handler":"unknown fields validation","kind":"CertificateManagerTrustConfig","resource":{"name":"trustconfig-min-q735z4ovu5ju7gy","namespace":"q735z4ovu5ju7gy"}}
2026-08-22T01:32:32.9161055Z {"severity":"info","timestamp":"2026-08-22T01:32:26.222Z","msg":"processing request","operation":"UPDATE","handler":"state-into-spec validation","kind":"CertificateManagerTrustConfig","resource":{"name":"trustconfig-min-q735z4ovu5ju7gy","namespace":"q735z4ovu5ju7gy"}}
2026-08-22T01:32:32.9162980Z {"severity":"info","timestamp":"2026-08-22T01:32:26.222Z","msg":"done processing request","operation":"UPDATE","handler":"state-into-spec validation","kind":"CertificateManagerTrustConfig","resource":{"name":"trustconfig-min-q735z4ovu5ju7gy","namespace":"q735z4ovu5ju7gy"},"result-code":200,"result-reason":""}
2026-08-22T01:32:32.9165307Z {"severity":"info","timestamp":"2026-08-22T01:32:26.222Z","msg":"done processing request","operation":"UPDATE","handler":"unknown fields validation","kind":"CertificateManagerTrustConfig","resource":{"name":"trustconfig-min-q735z4ovu5ju7gy","namespace":"q735z4ovu5ju7gy"},"result-code":200,"result-reason":""}
2026-08-22T01:32:32.9169855Z {"severity":"info","timestamp":"2026-08-22T01:32:26.228Z","msg":"structuredreporting OnReconcileEnd","controller":"certificatemanagertrustconfig-parent-controller","controllerGroup":"certificatemanager.cnrm.cloud.google.com","controllerKind":"CertificateManagerTrustConfig","CertificateManagerTrustConfig":{"name":"trustconfig-min-q735z4ovu5ju7gy","namespace":"q735z4ovu5ju7gy"},"namespace":"q735z4ovu5ju7gy","name":"trustconfig-min-q735z4ovu5ju7gy","reconcileID":"300074dc-27e3-4d1f-93de-0a1d230132b1","object.kind":"CertificateManagerTrustConfig","object.name":"trustconfig-min-q735z4ovu5ju7gy","result":{"Requeue":false,"RequeueAfter":0},"error":null}
2026-08-22T01:32:32.9170809Z {"severity":"info","timestamp":"2026-08-22T01:32:27.003Z","msg":"resource is ready","kind":"CertificateManagerTrustConfig","name":"trustconfig-min-q735z4ovu5ju7gy"}
2026-08-22T01:32:32.9172450Z     unified_test.go:737: Testing re-reconciliation... test name certificatemanagertrustconfig-minimal primary GVK certificatemanager.cnrm.cloud.google.com/v1alpha1, Kind=CertificateManagerTrustConfig
2026-08-22T01:32:32.9174257Z {"severity":"info","timestamp":"2026-08-22T01:32:27.019Z","msg":"processing request","operation":"UPDATE","handler":"state-into-spec validation","kind":"CertificateManagerTrustConfig","resource":{"name":"trustconfig-min-q735z4ovu5ju7gy","namespace":"q735z4ovu5ju7gy"}}
2026-08-22T01:32:32.9176162Z {"severity":"info","timestamp":"2026-08-22T01:32:27.019Z","msg":"done processing request","operation":"UPDATE","handler":"state-into-spec validation","kind":"CertificateManagerTrustConfig","resource":{"name":"trustconfig-min-q735z4ovu5ju7gy","namespace":"q735z4ovu5ju7gy"},"result-code":200,"result-reason":""}
2026-08-22T01:32:32.9177753Z {"severity":"info","timestamp":"2026-08-22T01:32:27.019Z","msg":"processing request","operation":"UPDATE","handler":"unknown fields validation","kind":"CertificateManagerTrustConfig","resource":{"name":"trustconfig-min-q735z4ovu5ju7gy","namespace":"q735z4ovu5ju7gy"}}
2026-08-22T01:32:32.9179674Z {"severity":"info","timestamp":"2026-08-22T01:32:27.019Z","msg":"done processing request","operation":"UPDATE","handler":"unknown fields validation","kind":"CertificateManagerTrustConfig","resource":{"name":"trustconfig-min-q735z4ovu5ju7gy","namespace":"q735z4ovu5ju7gy"},"result-code":200,"result-reason":""}
2026-08-22T01:32:32.9184403Z {"severity":"info","timestamp":"2026-08-22T01:32:27.026Z","msg":"structuredreporting OnReconcileStart","controller":"certificatemanagertrustconfig-parent-controller","controllerGroup":"certificatemanager.cnrm.cloud.google.com","controllerKind":"CertificateManagerTrustConfig","CertificateManagerTrustConfig":{"name":"trustconfig-min-q735z4ovu5ju7gy","namespace":"q735z4ovu5ju7gy"},"namespace":"q735z4ovu5ju7gy","name":"trustconfig-min-q735z4ovu5ju7gy","reconcileID":"b48b7313-3d1e-459f-8289-5eb7fe6b23be","object.kind":"CertificateManagerTrustConfig","object.name":"trustconfig-min-q735z4ovu5ju7gy"}
2026-08-22T01:32:32.9186625Z I0822 01:32:27.026849    4375 mockgcp_http.go:298] mockgcp request: GET https://certificatemanager.googleapis.com/v1/projects/mock-project/locations/global/trustConfigs/trustconfig-min-q735z4ovu5ju7gy?%24alt=json%3Benum-encoding%3Dint
2026-08-22T01:32:32.9201077Z I0822 01:32:27.027255    4375 methodcall.go:142] sent response 200 with body {"name":"projects/mock-project/locations/global/trustConfigs/trustconfig-min-q735z4ovu5ju7gy","createTime":"2026-08-22T01:32:26.213737784Z","updateTime":"2026-08-22T01:32:26.213737784Z","labels":{"cnrm-test":"true","managed-by-cnrm":"true"},"trustStores":[{"trustAnchors":[{"pemCertificate":"-----BEGIN CERTIFICATE-----\nMIIDDzCCAfegAwIBAgIUDOiCLH9QNMMYnjPZVf4VwO9blsEwDQYJKoZIhvcNAQEL\nBQAwFjEUMBIGA1UEAwwLZXhhbXBsZS5jb20wIBcNMjIwODI0MDg0MDUxWhgPMzAy\nMTEyMjUwODQwNTFaMBYxFDASBgNVBAMMC2V4YW1wbGUuY29tMIIBIjANBgkqhkiG\n9w0BAQEFAAOCAQ8AMIIBCgKCAQEAvOT925GG4lKV9HvAHsbecMhGPAqjhVRC26iZ\nUJC8oSWOu95lWJSX5ZhbiF6Nz192wDGV/VAh3Lxj8RYtcn75eDxQKTcKouDld+To\nCGIStPFWbR6rbysLuZqFVEXVOTvp2QIegInfrvnGC4j7Qpic7zrFB9HzJx+0HpeE\nyO4gkdzJfEK/gMmolUgJrKX59o+0+Rj+Jq3EtcQxL1fVBVJSx0NvpoR1eYpnHMr/\nrJKZkUUZ2xE86hrtpiP6OEYQTi00rmf4GnZF5QfGGD0xuoQXtR7Tu+XhKibXIhxc\nD4RzPLX1QS040PXvmMPLDb4YlUQ6V3Rs42JDvkkDwIMXZvn8awIDAQABo1MwUTAd\nBgNVHQ4EFgQURuo1CCZZAUv7xi02f2nC5tRbf18wHwYDVR0jBBgwFoAURuo1CCZZ\nAUv7xi02f2nC5tRbf18wDwYDVR0TAQH/BAUwAwEB/zANBgkqhkiG9w0BAQsFAAOC\nAQEAqx3tDxurnYr9EUPhF5/LlDPYM+VI7EgrKdRnuIqUlZI0tm3vOGME0te6dBTC\nYLNaHLW3m/4Tm4M2eg0Kpz6CxJfn3109G31dCi0xwzSDHf5TPUWvqIVhq5WRgMIf\nn8KYBlQSmqdJBRztUIQH/UPFnSbxymlS4s5qwDgTH5ag9EEBcnWsQ2LZjKi0eqve\nMaqAvvB+j8RGZzYY4re94bSJI42zIZ6nMWPtXwRuDc30xl/u+E0jWIgWbPwSd6Km\n3wnJnGiU2ezPGq3zEU+Rc39VVIFKQpciNeYuF3neHPJvYOf58qW2Z8s0VH0MR1x3\n3DoO/e30FIr9j+PRD+s5BPKF2A==\n-----END CERTIFICATE-----"}]}]}
2026-08-22T01:32:32.9202780Z I0822 01:32:27.027275    4375 mockgcp_http.go:327] mockgcp response: GET https://certificatemanager.googleapis.com/v1/projects/mock-project/locations/global/trustConfigs/trustconfig-min-q735z4ovu5ju7gy?%24alt=json%3Benum-encoding%3Dint => 200
2026-08-22T01:32:32.9204799Z {"severity":"info","timestamp":"2026-08-22T01:32:27.035Z","msg":"processing request","operation":"UPDATE","handler":"unknown fields validation","kind":"CertificateManagerTrustConfig","resource":{"name":"trustconfig-min-q735z4ovu5ju7gy","namespace":"q735z4ovu5ju7gy"}}
2026-08-22T01:32:32.9206714Z {"severity":"info","timestamp":"2026-08-22T01:32:27.035Z","msg":"done processing request","operation":"UPDATE","handler":"unknown fields validation","kind":"CertificateManagerTrustConfig","resource":{"name":"trustconfig-min-q735z4ovu5ju7gy","namespace":"q735z4ovu5ju7gy"},"result-code":200,"result-reason":""}
2026-08-22T01:32:32.9208348Z {"severity":"info","timestamp":"2026-08-22T01:32:27.035Z","msg":"processing request","operation":"UPDATE","handler":"state-into-spec validation","kind":"CertificateManagerTrustConfig","resource":{"name":"trustconfig-min-q735z4ovu5ju7gy","namespace":"q735z4ovu5ju7gy"}}
2026-08-22T01:32:32.9210247Z {"severity":"info","timestamp":"2026-08-22T01:32:27.035Z","msg":"done processing request","operation":"UPDATE","handler":"state-into-spec validation","kind":"CertificateManagerTrustConfig","resource":{"name":"trustconfig-min-q735z4ovu5ju7gy","namespace":"q735z4ovu5ju7gy"},"result-code":200,"result-reason":""}
2026-08-22T01:32:32.9215109Z {"severity":"info","timestamp":"2026-08-22T01:32:27.043Z","msg":"structuredreporting OnReconcileEnd","controller":"certificatemanagertrustconfig-parent-controller","controllerGroup":"certificatemanager.cnrm.cloud.google.com","controllerKind":"CertificateManagerTrustConfig","CertificateManagerTrustConfig":{"name":"trustconfig-min-q735z4ovu5ju7gy","namespace":"q735z4ovu5ju7gy"},"namespace":"q735z4ovu5ju7gy","name":"trustconfig-min-q735z4ovu5ju7gy","reconcileID":"b48b7313-3d1e-459f-8289-5eb7fe6b23be","object.kind":"CertificateManagerTrustConfig","object.name":"trustconfig-min-q735z4ovu5ju7gy","result":{"Requeue":false,"RequeueAfter":0},"error":null}
2026-08-22T01:32:32.9216294Z {"severity":"info","timestamp":"2026-08-22T01:32:29.030Z","msg":"Deleting resource","kind":"CertificateManagerTrustConfig","name":"trustconfig-min-q735z4ovu5ju7gy"}
2026-08-22T01:32:32.9217943Z {"severity":"info","timestamp":"2026-08-22T01:32:29.035Z","logger":"certificatemanagertrustconfig-deletion-defender-controller","msg":"starting deletion defender finalization","resource":{"name":"trustconfig-min-q735z4ovu5ju7gy","namespace":"q735z4ovu5ju7gy"}}
2026-08-22T01:32:32.9222170Z {"severity":"info","timestamp":"2026-08-22T01:32:29.037Z","msg":"structuredreporting OnReconcileStart","controller":"certificatemanagertrustconfig-parent-controller","controllerGroup":"certificatemanager.cnrm.cloud.google.com","controllerKind":"CertificateManagerTrustConfig","CertificateManagerTrustConfig":{"name":"trustconfig-min-q735z4ovu5ju7gy","namespace":"q735z4ovu5ju7gy"},"namespace":"q735z4ovu5ju7gy","name":"trustconfig-min-q735z4ovu5ju7gy","reconcileID":"6379b91f-cf84-4f6b-bd3d-a0cfa6d61537","object.kind":"CertificateManagerTrustConfig","object.name":"trustconfig-min-q735z4ovu5ju7gy"}
2026-08-22T01:32:32.9223952Z I0822 01:32:29.038081    4375 mockgcp_http.go:298] mockgcp request: GET https://certificatemanager.googleapis.com/v1/projects/mock-project/locations/global/trustConfigs/trustconfig-min-q735z4ovu5ju7gy?%24alt=json%3Benum-encoding%3Dint
2026-08-22T01:32:32.9236181Z I0822 01:32:29.038523    4375 methodcall.go:142] sent response 200 with body {"name":"projects/mock-project/locations/global/trustConfigs/trustconfig-min-q735z4ovu5ju7gy","createTime":"2026-08-22T01:32:26.213737784Z","updateTime":"2026-08-22T01:32:26.213737784Z","labels":{"cnrm-test":"true","managed-by-cnrm":"true"},"trustStores":[{"trustAnchors":[{"pemCertificate":"-----BEGIN CERTIFICATE-----\nMIIDDzCCAfegAwIBAgIUDOiCLH9QNMMYnjPZVf4VwO9blsEwDQYJKoZIhvcNAQEL\nBQAwFjEUMBIGA1UEAwwLZXhhbXBsZS5jb20wIBcNMjIwODI0MDg0MDUxWhgPMzAy\nMTEyMjUwODQwNTFaMBYxFDASBgNVBAMMC2V4YW1wbGUuY29tMIIBIjANBgkqhkiG\n9w0BAQEFAAOCAQ8AMIIBCgKCAQEAvOT925GG4lKV9HvAHsbecMhGPAqjhVRC26iZ\nUJC8oSWOu95lWJSX5ZhbiF6Nz192wDGV/VAh3Lxj8RYtcn75eDxQKTcKouDld+To\nCGIStPFWbR6rbysLuZqFVEXVOTvp2QIegInfrvnGC4j7Qpic7zrFB9HzJx+0HpeE\nyO4gkdzJfEK/gMmolUgJrKX59o+0+Rj+Jq3EtcQxL1fVBVJSx0NvpoR1eYpnHMr/\nrJKZkUUZ2xE86hrtpiP6OEYQTi00rmf4GnZF5QfGGD0xuoQXtR7Tu+XhKibXIhxc\nD4RzPLX1QS040PXvmMPLDb4YlUQ6V3Rs42JDvkkDwIMXZvn8awIDAQABo1MwUTAd\nBgNVHQ4EFgQURuo1CCZZAUv7xi02f2nC5tRbf18wHwYDVR0jBBgwFoAURuo1CCZZ\nAUv7xi02f2nC5tRbf18wDwYDVR0TAQH/BAUwAwEB/zANBgkqhkiG9w0BAQsFAAOC\nAQEAqx3tDxurnYr9EUPhF5/LlDPYM+VI7EgrKdRnuIqUlZI0tm3vOGME0te6dBTC\nYLNaHLW3m/4Tm4M2eg0Kpz6CxJfn3109G31dCi0xwzSDHf5TPUWvqIVhq5WRgMIf\nn8KYBlQSmqdJBRztUIQH/UPFnSbxymlS4s5qwDgTH5ag9EEBcnWsQ2LZjKi0eqve\nMaqAvvB+j8RGZzYY4re94bSJI42zIZ6nMWPtXwRuDc30xl/u+E0jWIgWbPwSd6Km\n3wnJnGiU2ezPGq3zEU+Rc39VVIFKQpciNeYuF3neHPJvYOf58qW2Z8s0VH0MR1x3\n3DoO/e30FIr9j+PRD+s5BPKF2A==\n-----END CERTIFICATE-----"}]}]}
2026-08-22T01:32:32.9237812Z I0822 01:32:29.038545    4375 mockgcp_http.go:327] mockgcp response: GET https://certificatemanager.googleapis.com/v1/projects/mock-project/locations/global/trustConfigs/trustconfig-min-q735z4ovu5ju7gy?%24alt=json%3Benum-encoding%3Dint => 200
2026-08-22T01:32:32.9241700Z {"severity":"info","timestamp":"2026-08-22T01:32:29.038Z","msg":"finalizing resource deletion","controller":"certificatemanagertrustconfig-parent-controller","controllerGroup":"certificatemanager.cnrm.cloud.google.com","controllerKind":"CertificateManagerTrustConfig","CertificateManagerTrustConfig":{"name":"trustconfig-min-q735z4ovu5ju7gy","namespace":"q735z4ovu5ju7gy"},"namespace":"q735z4ovu5ju7gy","name":"trustconfig-min-q735z4ovu5ju7gy","reconcileID":"6379b91f-cf84-4f6b-bd3d-a0cfa6d61537","resource":{"name":"trustconfig-min-q735z4ovu5ju7gy","namespace":"q735z4ovu5ju7gy"}}
2026-08-22T01:32:32.9246190Z {"severity":"info","timestamp":"2026-08-22T01:32:29.038Z","msg":"deletion defender has not yet finalized; cannot delete yet","controller":"certificatemanagertrustconfig-parent-controller","controllerGroup":"certificatemanager.cnrm.cloud.google.com","controllerKind":"CertificateManagerTrustConfig","CertificateManagerTrustConfig":{"name":"trustconfig-min-q735z4ovu5ju7gy","namespace":"q735z4ovu5ju7gy"},"namespace":"q735z4ovu5ju7gy","name":"trustconfig-min-q735z4ovu5ju7gy","reconcileID":"6379b91f-cf84-4f6b-bd3d-a0cfa6d61537","resource":{"name":"trustconfig-min-q735z4ovu5ju7gy","namespace":"q735z4ovu5ju7gy"}}
2026-08-22T01:32:32.9251038Z {"severity":"info","timestamp":"2026-08-22T01:32:29.038Z","msg":"structuredreporting OnReconcileEnd","controller":"certificatemanagertrustconfig-parent-controller","controllerGroup":"certificatemanager.cnrm.cloud.google.com","controllerKind":"CertificateManagerTrustConfig","CertificateManagerTrustConfig":{"name":"trustconfig-min-q735z4ovu5ju7gy","namespace":"q735z4ovu5ju7gy"},"namespace":"q735z4ovu5ju7gy","name":"trustconfig-min-q735z4ovu5ju7gy","reconcileID":"6379b91f-cf84-4f6b-bd3d-a0cfa6d61537","object.kind":"CertificateManagerTrustConfig","object.name":"trustconfig-min-q735z4ovu5ju7gy","result":{"Requeue":false,"RequeueAfter":0},"error":null}
2026-08-22T01:32:32.9252770Z {"severity":"info","timestamp":"2026-08-22T01:32:29.040Z","msg":"processing request","operation":"UPDATE","handler":"unknown fields validation","kind":"CertificateManagerTrustConfig","resource":{"name":"trustconfig-min-q735z4ovu5ju7gy","namespace":"q735z4ovu5ju7gy"}}
2026-08-22T01:32:32.9254601Z {"severity":"info","timestamp":"2026-08-22T01:32:29.041Z","msg":"processing request","operation":"UPDATE","handler":"state-into-spec validation","kind":"CertificateManagerTrustConfig","resource":{"name":"trustconfig-min-q735z4ovu5ju7gy","namespace":"q735z4ovu5ju7gy"}}
2026-08-22T01:32:32.9256491Z {"severity":"info","timestamp":"2026-08-22T01:32:29.041Z","msg":"done processing request","operation":"UPDATE","handler":"unknown fields validation","kind":"CertificateManagerTrustConfig","resource":{"name":"trustconfig-min-q735z4ovu5ju7gy","namespace":"q735z4ovu5ju7gy"},"result-code":200,"result-reason":""}
2026-08-22T01:32:32.9258299Z {"severity":"info","timestamp":"2026-08-22T01:32:29.041Z","msg":"done processing request","operation":"UPDATE","handler":"state-into-spec validation","kind":"CertificateManagerTrustConfig","resource":{"name":"trustconfig-min-q735z4ovu5ju7gy","namespace":"q735z4ovu5ju7gy"},"result-code":200,"result-reason":""}
2026-08-22T01:32:32.9259970Z {"severity":"info","timestamp":"2026-08-22T01:32:29.043Z","logger":"certificatemanagertrustconfig-deletion-defender-controller","msg":"successfully finalized deletion defense","resource":{"name":"trustconfig-min-q735z4ovu5ju7gy","namespace":"q735z4ovu5ju7gy"}}
2026-08-22T01:32:32.9264320Z {"severity":"info","timestamp":"2026-08-22T01:32:29.046Z","msg":"structuredreporting OnReconcileStart","controller":"certificatemanagertrustconfig-parent-controller","controllerGroup":"certificatemanager.cnrm.cloud.google.com","controllerKind":"CertificateManagerTrustConfig","CertificateManagerTrustConfig":{"name":"trustconfig-min-q735z4ovu5ju7gy","namespace":"q735z4ovu5ju7gy"},"namespace":"q735z4ovu5ju7gy","name":"trustconfig-min-q735z4ovu5ju7gy","reconcileID":"d028261d-8af9-4e47-971a-043fa0cb497b","object.kind":"CertificateManagerTrustConfig","object.name":"trustconfig-min-q735z4ovu5ju7gy"}
2026-08-22T01:32:32.9265871Z I0822 01:32:29.047183    4375 mockgcp_http.go:298] mockgcp request: GET https://certificatemanager.googleapis.com/v1/projects/mock-project/locations/global/trustConfigs/trustconfig-min-q735z4ovu5ju7gy?%24alt=json%3Benum-encoding%3Dint
2026-08-22T01:32:32.9277965Z I0822 01:32:29.047594    4375 methodcall.go:142] sent response 200 with body {"name":"projects/mock-project/locations/global/trustConfigs/trustconfig-min-q735z4ovu5ju7gy","createTime":"2026-08-22T01:32:26.213737784Z","updateTime":"2026-08-22T01:32:26.213737784Z","labels":{"cnrm-test":"true","managed-by-cnrm":"true"},"trustStores":[{"trustAnchors":[{"pemCertificate":"-----BEGIN CERTIFICATE-----\nMIIDDzCCAfegAwIBAgIUDOiCLH9QNMMYnjPZVf4VwO9blsEwDQYJKoZIhvcNAQEL\nBQAwFjEUMBIGA1UEAwwLZXhhbXBsZS5jb20wIBcNMjIwODI0MDg0MDUxWhgPMzAy\nMTEyMjUwODQwNTFaMBYxFDASBgNVBAMMC2V4YW1wbGUuY29tMIIBIjANBgkqhkiG\n9w0BAQEFAAOCAQ8AMIIBCgKCAQEAvOT925GG4lKV9HvAHsbecMhGPAqjhVRC26iZ\nUJC8oSWOu95lWJSX5ZhbiF6Nz192wDGV/VAh3Lxj8RYtcn75eDxQKTcKouDld+To\nCGIStPFWbR6rbysLuZqFVEXVOTvp2QIegInfrvnGC4j7Qpic7zrFB9HzJx+0HpeE\nyO4gkdzJfEK/gMmolUgJrKX59o+0+Rj+Jq3EtcQxL1fVBVJSx0NvpoR1eYpnHMr/\nrJKZkUUZ2xE86hrtpiP6OEYQTi00rmf4GnZF5QfGGD0xuoQXtR7Tu+XhKibXIhxc\nD4RzPLX1QS040PXvmMPLDb4YlUQ6V3Rs42JDvkkDwIMXZvn8awIDAQABo1MwUTAd\nBgNVHQ4EFgQURuo1CCZZAUv7xi02f2nC5tRbf18wHwYDVR0jBBgwFoAURuo1CCZZ\nAUv7xi02f2nC5tRbf18wDwYDVR0TAQH/BAUwAwEB/zANBgkqhkiG9w0BAQsFAAOC\nAQEAqx3tDxurnYr9EUPhF5/LlDPYM+VI7EgrKdRnuIqUlZI0tm3vOGME0te6dBTC\nYLNaHLW3m/4Tm4M2eg0Kpz6CxJfn3109G31dCi0xwzSDHf5TPUWvqIVhq5WRgMIf\nn8KYBlQSmqdJBRztUIQH/UPFnSbxymlS4s5qwDgTH5ag9EEBcnWsQ2LZjKi0eqve\nMaqAvvB+j8RGZzYY4re94bSJI42zIZ6nMWPtXwRuDc30xl/u+E0jWIgWbPwSd6Km\n3wnJnGiU2ezPGq3zEU+Rc39VVIFKQpciNeYuF3neHPJvYOf58qW2Z8s0VH0MR1x3\n3DoO/e30FIr9j+PRD+s5BPKF2A==\n-----END CERTIFICATE-----"}]}]}
2026-08-22T01:32:32.9280033Z I0822 01:32:29.047614    4375 mockgcp_http.go:327] mockgcp response: GET https://certificatemanager.googleapis.com/v1/projects/mock-project/locations/global/trustConfigs/trustconfig-min-q735z4ovu5ju7gy?%24alt=json%3Benum-encoding%3Dint => 200
2026-08-22T01:32:32.9284659Z {"severity":"info","timestamp":"2026-08-22T01:32:29.047Z","msg":"finalizing resource deletion","controller":"certificatemanagertrustconfig-parent-controller","controllerGroup":"certificatemanager.cnrm.cloud.google.com","controllerKind":"CertificateManagerTrustConfig","CertificateManagerTrustConfig":{"name":"trustconfig-min-q735z4ovu5ju7gy","namespace":"q735z4ovu5ju7gy"},"namespace":"q735z4ovu5ju7gy","name":"trustconfig-min-q735z4ovu5ju7gy","reconcileID":"d028261d-8af9-4e47-971a-043fa0cb497b","resource":{"name":"trustconfig-min-q735z4ovu5ju7gy","namespace":"q735z4ovu5ju7gy"}}
2026-08-22T01:32:32.9288508Z {"severity":"info","timestamp":"2026-08-22T01:32:29.047Z","msg":"deleting underlying resource","controller":"certificatemanagertrustconfig-parent-controller","controllerGroup":"certificatemanager.cnrm.cloud.google.com","controllerKind":"CertificateManagerTrustConfig","CertificateManagerTrustConfig":{"name":"trustconfig-min-q735z4ovu5ju7gy","namespace":"q735z4ovu5ju7gy"},"namespace":"q735z4ovu5ju7gy","name":"trustconfig-min-q735z4ovu5ju7gy","reconcileID":"d028261d-8af9-4e47-971a-043fa0cb497b","resource":{"name":"trustconfig-min-q735z4ovu5ju7gy","namespace":"q735z4ovu5ju7gy"}}
2026-08-22T01:32:32.9290109Z I0822 01:32:29.047921    4375 mockgcp_http.go:298] mockgcp request: DELETE https://certificatemanager.googleapis.com/v1/projects/mock-project/locations/global/trustConfigs/trustconfig-min-q735z4ovu5ju7gy?%24alt=json%3Benum-encoding%3Dint
2026-08-22T01:32:32.9293753Z I0822 01:32:29.048293    4375 methodcall.go:142] sent response 200 with body {"name":"projects/mock-project/locations/global/operations/operation-1787362349048-0828d3bd-f724-4ef9-97be-75d187090422","metadata":{"@type":"type.googleapis.com/google.cloud.certificatemanager.v1.OperationMetadata","createTime":"2026-08-22T01:32:29.048108316Z","target":"projects/mock-project/locations/global/trustConfigs/trustconfig-min-q735z4ovu5ju7gy","verb":"delete","apiVersion":"v1"}}
2026-08-22T01:32:32.9295372Z I0822 01:32:29.048310    4375 mockgcp_http.go:327] mockgcp response: DELETE https://certificatemanager.googleapis.com/v1/projects/mock-project/locations/global/trustConfigs/trustconfig-min-q735z4ovu5ju7gy?%24alt=json%3Benum-encoding%3Dint => 200
2026-08-22T01:32:32.9296884Z I0822 01:32:29.048563    4375 mockgcp_http.go:298] mockgcp request: GET https://certificatemanager.googleapis.com/v1/projects/mock-project/locations/global/operations/operation-1787362349048-0828d3bd-f724-4ef9-97be-75d187090422
2026-08-22T01:32:32.9310506Z I0822 01:32:29.048834    4375 methodcall.go:142] sent response 200 with body {"name":"projects/mock-project/locations/global/operations/operation-1787362349048-0828d3bd-f724-4ef9-97be-75d187090422","metadata":{"@type":"type.googleapis.com/google.cloud.certificatemanager.v1.OperationMetadata","createTime":"2026-08-22T01:32:29.048108316Z","target":"projects/mock-project/locations/global/trustConfigs/trustconfig-min-q735z4ovu5ju7gy","verb":"delete","apiVersion":"v1"},"done":true,"response":{"@type":"type.googleapis.com/google.protobuf.Empty","value":{}}}
2026-08-22T01:32:32.9312240Z I0822 01:32:29.048853    4375 mockgcp_http.go:327] mockgcp response: GET https://certificatemanager.googleapis.com/v1/projects/mock-project/locations/global/operations/operation-1787362349048-0828d3bd-f724-4ef9-97be-75d187090422 => 200
2026-08-22T01:32:32.9313965Z {"severity":"info","timestamp":"2026-08-22T01:32:29.056Z","msg":"processing request","operation":"UPDATE","handler":"state-into-spec validation","kind":"CertificateManagerTrustConfig","resource":{"name":"trustconfig-min-q735z4ovu5ju7gy","namespace":"q735z4ovu5ju7gy"}}
2026-08-22T01:32:32.9315741Z {"severity":"info","timestamp":"2026-08-22T01:32:29.056Z","msg":"processing request","operation":"UPDATE","handler":"unknown fields validation","kind":"CertificateManagerTrustConfig","resource":{"name":"trustconfig-min-q735z4ovu5ju7gy","namespace":"q735z4ovu5ju7gy"}}
2026-08-22T01:32:32.9317669Z {"severity":"info","timestamp":"2026-08-22T01:32:29.056Z","msg":"done processing request","operation":"UPDATE","handler":"state-into-spec validation","kind":"CertificateManagerTrustConfig","resource":{"name":"trustconfig-min-q735z4ovu5ju7gy","namespace":"q735z4ovu5ju7gy"},"result-code":200,"result-reason":""}
2026-08-22T01:32:32.9319556Z {"severity":"info","timestamp":"2026-08-22T01:32:29.057Z","msg":"done processing request","operation":"UPDATE","handler":"unknown fields validation","kind":"CertificateManagerTrustConfig","resource":{"name":"trustconfig-min-q735z4ovu5ju7gy","namespace":"q735z4ovu5ju7gy"},"result-code":200,"result-reason":""}
2026-08-22T01:32:32.9324073Z {"severity":"info","timestamp":"2026-08-22T01:32:29.060Z","msg":"structuredreporting OnReconcileEnd","controller":"certificatemanagertrustconfig-parent-controller","controllerGroup":"certificatemanager.cnrm.cloud.google.com","controllerKind":"CertificateManagerTrustConfig","CertificateManagerTrustConfig":{"name":"trustconfig-min-q735z4ovu5ju7gy","namespace":"q735z4ovu5ju7gy"},"namespace":"q735z4ovu5ju7gy","name":"trustconfig-min-q735z4ovu5ju7gy","reconcileID":"d028261d-8af9-4e47-971a-043fa0cb497b","object.kind":"CertificateManagerTrustConfig","object.name":"trustconfig-min-q735z4ovu5ju7gy","result":{"Requeue":false,"RequeueAfter":0},"error":null}
2026-08-22T01:32:32.9325834Z {"severity":"info","timestamp":"2026-08-22T01:32:29.060Z","logger":"certificatemanagertrustconfig-deletion-defender-controller","msg":"resource not found in API server; finishing reconcile","resource":{"name":"trustconfig-min-q735z4ovu5ju7gy","namespace":"q735z4ovu5ju7gy"}}
2026-08-22T01:32:32.9326895Z {"severity":"info","timestamp":"2026-08-22T01:32:30.039Z","msg":"Done waiting for resource to delete","kind":"CertificateManagerTrustConfig","name":"trustconfig-min-q735z4ovu5ju7gy"}
2026-08-22T01:32:32.9329180Z     utils.go:165: FAIL: unexpected diff in /home/runner/work/k8s-config-connector/k8s-config-connector/pkg/test/resourcefixture/testdata/basic/certificatemanager/v1alpha1/certificatemanagertrustconfig/certificatemanagertrustconfig-minimal/_http_mock.log:   string(
2026-08-22T01:32:32.9329399Z         - 	"",
2026-08-22T01:32:32.9332115Z         + 	"GET https://certificatemanager.googleapis.com/v1/projects/${projectId}/locations/global/trustConfigs/trustconfig-min-${uniqueId}?%24alt=json%3Benum-encoding%3Dint\nContent-Type: application/json\nUser-Agent: kcc/${kccVersion} (+https://github.com/GoogleCloud"...,
2026-08-22T01:32:32.9332309Z           )
2026-08-22T01:32:32.9334751Z     utils.go:175: wrote updated golden output to /home/runner/work/k8s-config-connector/k8s-config-connector/pkg/test/resourcefixture/testdata/basic/certificatemanager/v1alpha1/certificatemanagertrustconfig/certificatemanagertrustconfig-minimal/_http_mock.log
2026-08-22T01:32:32.9335237Z     harness.go:768: waiting for controller-runtime manager shutdown
2026-08-22T01:32:32.9335885Z {"severity":"info","timestamp":"2026-08-22T01:32:30.045Z","msg":"Stopping and waiting for non leader election runnables"}
2026-08-22T01:32:32.9336519Z 2026/08/22 01:32:30 [DEBUG] parent context canceled, cleaning up batcher batches
2026-08-22T01:32:32.9336754Z 2026/08/22 01:32:30 [DEBUG] Stopping batcher "IAM"
2026-08-22T01:32:32.9337120Z 2026/08/22 01:32:30 [DEBUG] parent context canceled, cleaning up batcher batches
2026-08-22T01:32:32.9337394Z 2026/08/22 01:32:30 [DEBUG] Stopping batcher "Service Usage"
2026-08-22T01:32:32.9338004Z {"severity":"info","timestamp":"2026-08-22T01:32:30.045Z","msg":"Stopping and waiting for leader election runnables"}
2026-08-22T01:32:32.9338482Z {"severity":"info","timestamp":"2026-08-22T01:32:30.046Z","msg":"Stopping and waiting for caches"}
2026-08-22T01:32:32.9338972Z {"severity":"info","timestamp":"2026-08-22T01:32:30.046Z","msg":"Stopping and waiting for webhooks"}
2026-08-22T01:32:32.9339969Z {"severity":"info","timestamp":"2026-08-22T01:32:30.045Z","logger":"controller-runtime.webhook","msg":"Shutting down webhook server with timeout of 1 minute"}
2026-08-22T01:32:32.9340521Z {"severity":"info","timestamp":"2026-08-22T01:32:31.148Z","msg":"Stopping and waiting for HTTP servers"}
2026-08-22T01:32:32.9341106Z {"severity":"info","timestamp":"2026-08-22T01:32:31.148Z","msg":"Wait completed, proceeding to shutdown the manager"}
2026-08-22T01:32:32.9341497Z     harness.go:770: controller-runtime manager is shutdown
2026-08-22T01:32:32.9341668Z === NAME  TestAllInSeries
2026-08-22T01:32:32.9341983Z     unified_test.go:198: shutting down manager
2026-08-22T01:32:32.9342176Z --- FAIL: TestAllInSeries (20.38s)
2026-08-22T01:32:32.9342477Z     --- FAIL: TestAllInSeries/fixtures (20.38s)
2026-08-22T01:32:32.9344613Z         --- FAIL: TestAllInSeries/fixtures/pkg/test/resourcefixture/testdata/basic/certificatemanager/v1alpha1/certificatemanagertrustconfig/certificatemanagertrustconfig-minimal (20.10s)
2026-08-22T01:32:32.9344754Z FAIL
2026-08-22T01:32:32.9345936Z --- END LOGS FOR FAILING TEST pkg/test/resourcefixture/testdata/basic/certificatemanager/v1alpha1/certificatemanagertrustconfig/certificatemanagertrustconfig-minimal ---
2026-08-22T01:32:32.9347017Z PASS: pkg/test/resourcefixture/testdata/basic/certificatemanager/v1beta1/certificatemanagerdnsauthorization/certificatemanagerdnsauthorization (21.31s)
2026-08-22T01:32:33.3166859Z FAIL: pkg/test/resourcefixture/testdata/basic/certificatemanager/v1alpha1/certificatemanagertrustconfig/certificatemanagertrustconfig-maximal (log: /tmp/artifacts/test-output/pkg/test/resourcefixture/testdata/basic/certificatemanager/v1alpha1/certificatemanagertrustconfig/certificatemanagertrustconfig-maximal/test.log)
2026-08-22T01:32:33.3170229Z --- LOGS FOR FAILING TEST pkg/test/resourcefixture/testdata/basic/certificatemanager/v1alpha1/certificatemanagertrustconfig/certificatemanagertrustconfig-maximal ---
2026-08-22T01:32:33.3266163Z Running tests matching: ^TestAllInSeries$/^fixtures$/^pkg$/^test$/^resourcefixture$/^testdata$/^basic$/^certificatemanager$/^v1alpha1$/^certificatemanagertrustconfig$/^certificatemanagertrustconfig-maximal$
2026-08-22T01:32:33.3285648Z Using E2E_GCP_TARGET: mock
2026-08-22T01:32:33.3407236Z Using E2E_KUBE_TARGET: envtest
2026-08-22T01:32:33.3434331Z Using ARTIFACTS: /tmp/artifacts
2026-08-22T01:32:33.3507149Z Using TEST_TIMEOUT=15m
2026-08-22T01:32:33.3566024Z Running tests with ONLY_TEST_APIGROUPS=certificatemanager.cnrm.cloud.google.com
2026-08-22T01:32:33.3585111Z === RUN   TestAllInSeries
2026-08-22T01:32:33.3585611Z === RUN   TestAllInSeries/fixtures
2026-08-22T01:32:33.3587053Z === RUN   TestAllInSeries/fixtures/pkg/test/resourcefixture/testdata/basic/certificatemanager/v1alpha1/certificatemanagertrustconfig/certificatemanagertrustconfig-maximal
2026-08-22T01:32:33.3588648Z     harness.go:276: starting envtest apiserver
2026-08-22T01:32:33.3589622Z     harness.go:1486: CRD configconnectors.core.cnrm.cloud.google.com ready in 2.016s
2026-08-22T01:32:33.3591174Z     harness.go:1486: CRD certificatemanagertrustconfigs.certificatemanager.cnrm.cloud.google.com ready in 2.014s
2026-08-22T01:32:33.3593151Z     harness.go:1486: CRD configconnectorcontexts.core.cnrm.cloud.google.com ready in 2.011s
2026-08-22T01:32:33.3594326Z     harness.go:476: Installed 3 CRDs in 2.066s
2026-08-22T01:32:33.3595215Z {"severity":"info","timestamp":"2026-08-22T01:32:23.816Z","msg":"Installed CRDs","count":3,"duration":"2.066283743s"}
2026-08-22T01:32:33.3596160Z     harness.go:486: creating mock gcp
2026-08-22T01:32:33.3597042Z I0822 01:32:23.818138    4368 mock_http_roundtrip.go:180] "serving mock gcp grpc server" address="127.0.0.2:42939"
2026-08-22T01:32:33.3598232Z W0822 01:32:23.862666    4368 service.go:327] grpc method did not have http rule: MethodDescriptor{
2026-08-22T01:32:33.3599028Z 	Syntax:            proto3
2026-08-22T01:32:33.3599606Z 	FullName:          google.pubsub.v1.Subscriber.StreamingPull
2026-08-22T01:32:33.3600338Z 	Input:             google.pubsub.v1.StreamingPullRequest
2026-08-22T01:32:33.3601265Z 	Output:            google.pubsub.v1.StreamingPullResponse
2026-08-22T01:32:33.3601851Z 	IsStreamingClient: true
2026-08-22T01:32:33.3602259Z 	IsStreamingServer: true
2026-08-22T01:32:33.3602666Z }
2026-08-22T01:32:33.3603328Z W0822 01:32:23.880238    4368 service.go:327] grpc method did not have http rule: MethodDescriptor{
2026-08-22T01:32:33.3604395Z 	Syntax:            proto3
2026-08-22T01:32:33.3605014Z 	FullName:          google.cloud.speech.v2.Speech.StreamingRecognize
2026-08-22T01:32:33.3605847Z 	Input:             google.cloud.speech.v2.StreamingRecognizeRequest
2026-08-22T01:32:33.3606675Z 	Output:            google.cloud.speech.v2.StreamingRecognizeResponse
2026-08-22T01:32:33.3607326Z 	IsStreamingClient: true
2026-08-22T01:32:33.3607752Z 	IsStreamingServer: true
2026-08-22T01:32:33.3608171Z }
2026-08-22T01:32:33.3609306Z I0822 01:32:23.880949    4368 mockgcp_http.go:298] mockgcp request: POST https://cloudresourcemanager.googleapis.com/v1/projects?alt=json&prettyPrint=false
2026-08-22T01:32:33.3611313Z I0822 01:32:23.886721    4368 mockgcp_http.go:298] mockgcp request: POST https://compute.googleapis.com/compute/v1/projects/shared-reservations-project/global/networks
2026-08-22T01:32:33.3732860Z I0822 01:32:23.891766    4368 operations.go:125] "storing operation" fqn="projects/shared-reservations-project/global/operations/operation-1787362343891-6f5c11de-28a9-4507-9f72-1d8d02b31cbd"
2026-08-22T01:32:33.3742453Z I0822 01:32:23.892110    4368 mockgcp_http.go:327] mockgcp response: POST https://compute.googleapis.com/compute/v1/projects/shared-reservations-project/global/networks => 200
2026-08-22T01:32:33.3759990Z I0822 01:32:23.892253    4368 mockgcp_http.go:298] mockgcp request: POST https://compute.googleapis.com/compute/v1/projects/shared-reservations-project/regions/us-central1/subnetworks
2026-08-22T01:32:33.3770630Z I0822 01:32:23.892385    4368 mockgcp_http.go:298] mockgcp request: GET https://compute.googleapis.com/compute/v1/projects/shared-reservations-project/global/operations/operation-1787362343891-6f5c11de-28a9-4507-9f72-1d8d02b31cbd
2026-08-22T01:32:33.3774094Z I0822 01:32:23.892732    4368 mockgcp_http.go:327] mockgcp response: GET https://compute.googleapis.com/compute/v1/projects/shared-reservations-project/global/operations/operation-1787362343891-6f5c11de-28a9-4507-9f72-1d8d02b31cbd => 200
2026-08-22T01:32:33.3797499Z I0822 01:32:23.892862    4368 operations.go:125] "storing operation" fqn="projects/shared-reservations-project/regions/us-central1/operations/operation-1787362343892-9d316c12-5485-4b2c-9d1e-b8539c07674c"
2026-08-22T01:32:33.3800017Z I0822 01:32:23.892996    4368 mockgcp_http.go:327] mockgcp response: POST https://compute.googleapis.com/compute/v1/projects/shared-reservations-project/regions/us-central1/subnetworks => 200
2026-08-22T01:32:33.3802796Z I0822 01:32:23.893057    4368 mockgcp_http.go:298] mockgcp request: GET https://compute.googleapis.com/compute/v1/projects/shared-reservations-project/regions/us-central1/operations/operation-1787362343892-9d316c12-5485-4b2c-9d1e-b8539c07674c
2026-08-22T01:32:33.3847003Z I0822 01:32:23.893344    4368 mockgcp_http.go:327] mockgcp response: GET https://compute.googleapis.com/compute/v1/projects/shared-reservations-project/regions/us-central1/operations/operation-1787362343892-9d316c12-5485-4b2c-9d1e-b8539c07674c => 200
2026-08-22T01:32:33.3850386Z I0822 01:32:23.893414    4368 mockgcp_http.go:298] mockgcp request: POST https://compute.googleapis.com/compute/v1/projects/shared-reservations-project/regions/europe-west1/subnetworks
2026-08-22T01:32:33.3852837Z I0822 01:32:23.893653    4368 operations.go:125] "storing operation" fqn="projects/shared-reservations-project/regions/europe-west1/operations/operation-1787362343893-8288d8af-6bed-4c8c-aa66-8b46b92a8a54"
2026-08-22T01:32:33.3855551Z I0822 01:32:23.893764    4368 mockgcp_http.go:327] mockgcp response: POST https://compute.googleapis.com/compute/v1/projects/shared-reservations-project/regions/europe-west1/subnetworks => 200
2026-08-22T01:32:33.3858580Z I0822 01:32:23.893831    4368 mockgcp_http.go:298] mockgcp request: GET https://compute.googleapis.com/compute/v1/projects/shared-reservations-project/regions/europe-west1/operations/operation-1787362343893-8288d8af-6bed-4c8c-aa66-8b46b92a8a54
2026-08-22T01:32:33.3861780Z I0822 01:32:23.894127    4368 mockgcp_http.go:327] mockgcp response: GET https://compute.googleapis.com/compute/v1/projects/shared-reservations-project/regions/europe-west1/operations/operation-1787362343893-8288d8af-6bed-4c8c-aa66-8b46b92a8a54 => 200
2026-08-22T01:32:33.3864610Z I0822 01:32:23.894189    4368 mockgcp_http.go:298] mockgcp request: POST https://compute.googleapis.com/compute/v1/projects/shared-reservations-project/regions/us-west1/subnetworks
2026-08-22T01:32:33.3866968Z I0822 01:32:23.894483    4368 operations.go:125] "storing operation" fqn="projects/shared-reservations-project/regions/us-west1/operations/operation-1787362343894-0461d728-dd20-44b6-aa9a-5ace15420586"
2026-08-22T01:32:33.3869431Z I0822 01:32:23.894738    4368 mockgcp_http.go:327] mockgcp response: POST https://compute.googleapis.com/compute/v1/projects/shared-reservations-project/regions/us-west1/subnetworks => 200
2026-08-22T01:32:33.3872219Z I0822 01:32:23.894791    4368 mockgcp_http.go:298] mockgcp request: GET https://compute.googleapis.com/compute/v1/projects/shared-reservations-project/regions/us-west1/operations/operation-1787362343894-0461d728-dd20-44b6-aa9a-5ace15420586
2026-08-22T01:32:33.3916176Z I0822 01:32:23.895096    4368 mockgcp_http.go:327] mockgcp response: GET https://compute.googleapis.com/compute/v1/projects/shared-reservations-project/regions/us-west1/operations/operation-1787362343894-0461d728-dd20-44b6-aa9a-5ace15420586 => 200
2026-08-22T01:32:33.3918966Z I0822 01:32:23.895150    4368 mockgcp_http.go:298] mockgcp request: POST https://compute.googleapis.com/compute/v1/projects/shared-reservations-project/regions/asia-east1/subnetworks
2026-08-22T01:32:33.3921418Z I0822 01:32:23.895483    4368 operations.go:125] "storing operation" fqn="projects/shared-reservations-project/regions/asia-east1/operations/operation-1787362343895-dae3d3b4-4577-4a60-b852-91d850ccc3a7"
2026-08-22T01:32:33.3924150Z I0822 01:32:23.895589    4368 mockgcp_http.go:327] mockgcp response: POST https://compute.googleapis.com/compute/v1/projects/shared-reservations-project/regions/asia-east1/subnetworks => 200
2026-08-22T01:32:33.3926738Z I0822 01:32:23.895652    4368 mockgcp_http.go:298] mockgcp request: GET https://compute.googleapis.com/compute/v1/projects/shared-reservations-project/regions/asia-east1/operations/operation-1787362343895-dae3d3b4-4577-4a60-b852-91d850ccc3a7
2026-08-22T01:32:33.3929830Z I0822 01:32:23.895917    4368 mockgcp_http.go:327] mockgcp response: GET https://compute.googleapis.com/compute/v1/projects/shared-reservations-project/regions/asia-east1/operations/operation-1787362343895-dae3d3b4-4577-4a60-b852-91d850ccc3a7 => 200
2026-08-22T01:32:33.3932531Z I0822 01:32:23.895979    4368 mockgcp_http.go:298] mockgcp request: POST https://compute.googleapis.com/compute/v1/projects/shared-reservations-project/regions/us-east1/subnetworks
2026-08-22T01:32:33.3935139Z I0822 01:32:23.896259    4368 operations.go:125] "storing operation" fqn="projects/shared-reservations-project/regions/us-east1/operations/operation-1787362343896-b1311e68-a194-4766-9fc4-156b70f74f21"
2026-08-22T01:32:33.3938084Z I0822 01:32:23.896393    4368 mockgcp_http.go:327] mockgcp response: POST https://compute.googleapis.com/compute/v1/projects/shared-reservations-project/regions/us-east1/subnetworks => 200
2026-08-22T01:32:33.3940710Z I0822 01:32:23.896451    4368 mockgcp_http.go:298] mockgcp request: GET https://compute.googleapis.com/compute/v1/projects/shared-reservations-project/regions/us-east1/operations/operation-1787362343896-b1311e68-a194-4766-9fc4-156b70f74f21
2026-08-22T01:32:33.3992021Z I0822 01:32:23.896737    4368 mockgcp_http.go:327] mockgcp response: GET https://compute.googleapis.com/compute/v1/projects/shared-reservations-project/regions/us-east1/operations/operation-1787362343896-b1311e68-a194-4766-9fc4-156b70f74f21 => 200
2026-08-22T01:32:33.3995213Z I0822 01:32:23.896798    4368 mockgcp_http.go:298] mockgcp request: POST https://compute.googleapis.com/compute/v1/projects/shared-reservations-project/regions/asia-northeast1/subnetworks
2026-08-22T01:32:33.3997698Z I0822 01:32:23.897075    4368 operations.go:125] "storing operation" fqn="projects/shared-reservations-project/regions/asia-northeast1/operations/operation-1787362343897-b6133d8d-067f-4956-8011-5d13c7c623f7"
2026-08-22T01:32:33.4000175Z I0822 01:32:23.897197    4368 mockgcp_http.go:327] mockgcp response: POST https://compute.googleapis.com/compute/v1/projects/shared-reservations-project/regions/asia-northeast1/subnetworks => 200
2026-08-22T01:32:33.4002955Z I0822 01:32:23.897253    4368 mockgcp_http.go:298] mockgcp request: GET https://compute.googleapis.com/compute/v1/projects/shared-reservations-project/regions/asia-northeast1/operations/operation-1787362343897-b6133d8d-067f-4956-8011-5d13c7c623f7
2026-08-22T01:32:33.4034475Z I0822 01:32:23.897579    4368 mockgcp_http.go:327] mockgcp response: GET https://compute.googleapis.com/compute/v1/projects/shared-reservations-project/regions/asia-northeast1/operations/operation-1787362343897-b6133d8d-067f-4956-8011-5d13c7c623f7 => 200
2026-08-22T01:32:33.4037369Z I0822 01:32:23.897638    4368 mockgcp_http.go:298] mockgcp request: POST https://compute.googleapis.com/compute/v1/projects/shared-reservations-project/regions/asia-southeast1/subnetworks
2026-08-22T01:32:33.4039912Z I0822 01:32:23.897920    4368 operations.go:125] "storing operation" fqn="projects/shared-reservations-project/regions/asia-southeast1/operations/operation-1787362343897-1fb537a8-2d47-49f3-95fd-bd145a3634b2"
2026-08-22T01:32:33.4042478Z I0822 01:32:23.898029    4368 mockgcp_http.go:327] mockgcp response: POST https://compute.googleapis.com/compute/v1/projects/shared-reservations-project/regions/asia-southeast1/subnetworks => 200
2026-08-22T01:32:33.4051047Z I0822 01:32:23.898085    4368 mockgcp_http.go:298] mockgcp request: GET https://compute.googleapis.com/compute/v1/projects/shared-reservations-project/regions/asia-southeast1/operations/operation-1787362343897-1fb537a8-2d47-49f3-95fd-bd145a3634b2
2026-08-22T01:32:33.4054583Z I0822 01:32:23.898371    4368 mockgcp_http.go:327] mockgcp response: GET https://compute.googleapis.com/compute/v1/projects/shared-reservations-project/regions/asia-southeast1/operations/operation-1787362343897-1fb537a8-2d47-49f3-95fd-bd145a3634b2 => 200
2026-08-22T01:32:33.4057357Z I0822 01:32:23.898430    4368 mockgcp_http.go:298] mockgcp request: POST https://compute.googleapis.com/compute/v1/projects/shared-reservations-project/regions/us-east4/subnetworks
2026-08-22T01:32:33.4059766Z I0822 01:32:23.898719    4368 operations.go:125] "storing operation" fqn="projects/shared-reservations-project/regions/us-east4/operations/operation-1787362343898-57ef2c78-2b53-48f3-b1a6-4105300f6a58"
2026-08-22T01:32:33.4062175Z I0822 01:32:23.898832    4368 mockgcp_http.go:327] mockgcp response: POST https://compute.googleapis.com/compute/v1/projects/shared-reservations-project/regions/us-east4/subnetworks => 200
2026-08-22T01:32:33.4065542Z I0822 01:32:23.898898    4368 mockgcp_http.go:298] mockgcp request: GET https://compute.googleapis.com/compute/v1/projects/shared-reservations-project/regions/us-east4/operations/operation-1787362343898-57ef2c78-2b53-48f3-b1a6-4105300f6a58
2026-08-22T01:32:33.4068587Z I0822 01:32:23.899146    4368 mockgcp_http.go:327] mockgcp response: GET https://compute.googleapis.com/compute/v1/projects/shared-reservations-project/regions/us-east4/operations/operation-1787362343898-57ef2c78-2b53-48f3-b1a6-4105300f6a58 => 200
2026-08-22T01:32:33.4071674Z I0822 01:32:23.899205    4368 mockgcp_http.go:298] mockgcp request: POST https://compute.googleapis.com/compute/v1/projects/shared-reservations-project/regions/australia-southeast1/subnetworks
2026-08-22T01:32:33.4104915Z I0822 01:32:23.899503    4368 operations.go:125] "storing operation" fqn="projects/shared-reservations-project/regions/australia-southeast1/operations/operation-1787362343899-6c5c6585-25be-41a0-be2b-90e597f496a6"
2026-08-22T01:32:33.4107735Z I0822 01:32:23.899624    4368 mockgcp_http.go:327] mockgcp response: POST https://compute.googleapis.com/compute/v1/projects/shared-reservations-project/regions/australia-southeast1/subnetworks => 200
2026-08-22T01:32:33.4110672Z I0822 01:32:23.899677    4368 mockgcp_http.go:298] mockgcp request: GET https://compute.googleapis.com/compute/v1/projects/shared-reservations-project/regions/australia-southeast1/operations/operation-1787362343899-6c5c6585-25be-41a0-be2b-90e597f496a6
2026-08-22T01:32:33.4114175Z I0822 01:32:23.899921    4368 mockgcp_http.go:327] mockgcp response: GET https://compute.googleapis.com/compute/v1/projects/shared-reservations-project/regions/australia-southeast1/operations/operation-1787362343899-6c5c6585-25be-41a0-be2b-90e597f496a6 => 200
2026-08-22T01:32:33.4117013Z I0822 01:32:23.899988    4368 mockgcp_http.go:298] mockgcp request: POST https://compute.googleapis.com/compute/v1/projects/shared-reservations-project/regions/europe-west2/subnetworks
2026-08-22T01:32:33.4119544Z I0822 01:32:23.900251    4368 operations.go:125] "storing operation" fqn="projects/shared-reservations-project/regions/europe-west2/operations/operation-1787362343900-3e78889a-596c-4fa3-b0eb-bc3f008f2885"
2026-08-22T01:32:33.4122061Z I0822 01:32:23.900372    4368 mockgcp_http.go:327] mockgcp response: POST https://compute.googleapis.com/compute/v1/projects/shared-reservations-project/regions/europe-west2/subnetworks => 200
2026-08-22T01:32:33.4125002Z I0822 01:32:23.900447    4368 mockgcp_http.go:298] mockgcp request: GET https://compute.googleapis.com/compute/v1/projects/shared-reservations-project/regions/europe-west2/operations/operation-1787362343900-3e78889a-596c-4fa3-b0eb-bc3f008f2885
2026-08-22T01:32:33.4128224Z I0822 01:32:23.900719    4368 mockgcp_http.go:327] mockgcp response: GET https://compute.googleapis.com/compute/v1/projects/shared-reservations-project/regions/europe-west2/operations/operation-1787362343900-3e78889a-596c-4fa3-b0eb-bc3f008f2885 => 200
2026-08-22T01:32:33.4131005Z I0822 01:32:23.900767    4368 mockgcp_http.go:298] mockgcp request: POST https://compute.googleapis.com/compute/v1/projects/shared-reservations-project/regions/europe-west3/subnetworks
2026-08-22T01:32:33.4137344Z I0822 01:32:23.901033    4368 operations.go:125] "storing operation" fqn="projects/shared-reservations-project/regions/europe-west3/operations/operation-1787362343901-236c2d6d-c250-4400-a43d-bf493b4301d0"
2026-08-22T01:32:33.4140054Z I0822 01:32:23.901128    4368 mockgcp_http.go:327] mockgcp response: POST https://compute.googleapis.com/compute/v1/projects/shared-reservations-project/regions/europe-west3/subnetworks => 200
2026-08-22T01:32:33.4142957Z I0822 01:32:23.901176    4368 mockgcp_http.go:298] mockgcp request: GET https://compute.googleapis.com/compute/v1/projects/shared-reservations-project/regions/europe-west3/operations/operation-1787362343901-236c2d6d-c250-4400-a43d-bf493b4301d0
2026-08-22T01:32:33.4146441Z I0822 01:32:23.901464    4368 mockgcp_http.go:327] mockgcp response: GET https://compute.googleapis.com/compute/v1/projects/shared-reservations-project/regions/europe-west3/operations/operation-1787362343901-236c2d6d-c250-4400-a43d-bf493b4301d0 => 200
2026-08-22T01:32:33.4149651Z I0822 01:32:23.901523    4368 mockgcp_http.go:298] mockgcp request: POST https://compute.googleapis.com/compute/v1/projects/shared-reservations-project/regions/southamerica-east1/subnetworks
2026-08-22T01:32:33.4152033Z I0822 01:32:23.901782    4368 operations.go:125] "storing operation" fqn="projects/shared-reservations-project/regions/southamerica-east1/operations/operation-1787362343901-78230371-b0af-4102-b502-9b122f98b003"
2026-08-22T01:32:33.4155028Z I0822 01:32:23.901885    4368 mockgcp_http.go:327] mockgcp response: POST https://compute.googleapis.com/compute/v1/projects/shared-reservations-project/regions/southamerica-east1/subnetworks => 200
2026-08-22T01:32:33.4158138Z I0822 01:32:23.901937    4368 mockgcp_http.go:298] mockgcp request: GET https://compute.googleapis.com/compute/v1/projects/shared-reservations-project/regions/southamerica-east1/operations/operation-1787362343901-78230371-b0af-4102-b502-9b122f98b003
2026-08-22T01:32:33.4161521Z I0822 01:32:23.902187    4368 mockgcp_http.go:327] mockgcp response: GET https://compute.googleapis.com/compute/v1/projects/shared-reservations-project/regions/southamerica-east1/operations/operation-1787362343901-78230371-b0af-4102-b502-9b122f98b003 => 200
2026-08-22T01:32:33.4224858Z I0822 01:32:23.902247    4368 mockgcp_http.go:298] mockgcp request: POST https://compute.googleapis.com/compute/v1/projects/shared-reservations-project/regions/asia-south1/subnetworks
2026-08-22T01:32:33.4227560Z I0822 01:32:23.902555    4368 operations.go:125] "storing operation" fqn="projects/shared-reservations-project/regions/asia-south1/operations/operation-1787362343902-2f864419-7eb9-40fe-b55c-525d7ef88e6e"
2026-08-22T01:32:33.4230120Z I0822 01:32:23.902675    4368 mockgcp_http.go:327] mockgcp response: POST https://compute.googleapis.com/compute/v1/projects/shared-reservations-project/regions/asia-south1/subnetworks => 200
2026-08-22T01:32:33.4232918Z I0822 01:32:23.902732    4368 mockgcp_http.go:298] mockgcp request: GET https://compute.googleapis.com/compute/v1/projects/shared-reservations-project/regions/asia-south1/operations/operation-1787362343902-2f864419-7eb9-40fe-b55c-525d7ef88e6e
2026-08-22T01:32:33.4266458Z I0822 01:32:23.902985    4368 mockgcp_http.go:327] mockgcp response: GET https://compute.googleapis.com/compute/v1/projects/shared-reservations-project/regions/asia-south1/operations/operation-1787362343902-2f864419-7eb9-40fe-b55c-525d7ef88e6e => 200
2026-08-22T01:32:33.4269246Z I0822 01:32:23.903045    4368 mockgcp_http.go:298] mockgcp request: POST https://compute.googleapis.com/compute/v1/projects/shared-reservations-project/regions/northamerica-northeast1/subnetworks
2026-08-22T01:32:33.4272544Z I0822 01:32:23.903271    4368 operations.go:125] "storing operation" fqn="projects/shared-reservations-project/regions/northamerica-northeast1/operations/operation-1787362343903-37aa4a06-10c6-4741-80b7-e3231af23465"
2026-08-22T01:32:33.4275321Z I0822 01:32:23.903434    4368 mockgcp_http.go:327] mockgcp response: POST https://compute.googleapis.com/compute/v1/projects/shared-reservations-project/regions/northamerica-northeast1/subnetworks => 200
2026-08-22T01:32:33.4278153Z I0822 01:32:23.903485    4368 mockgcp_http.go:298] mockgcp request: GET https://compute.googleapis.com/compute/v1/projects/shared-reservations-project/regions/northamerica-northeast1/operations/operation-1787362343903-37aa4a06-10c6-4741-80b7-e3231af23465
2026-08-22T01:32:33.4281341Z I0822 01:32:23.903756    4368 mockgcp_http.go:327] mockgcp response: GET https://compute.googleapis.com/compute/v1/projects/shared-reservations-project/regions/northamerica-northeast1/operations/operation-1787362343903-37aa4a06-10c6-4741-80b7-e3231af23465 => 200
2026-08-22T01:32:33.4314434Z I0822 01:32:23.903814    4368 mockgcp_http.go:298] mockgcp request: POST https://compute.googleapis.com/compute/v1/projects/shared-reservations-project/regions/europe-west4/subnetworks
2026-08-22T01:32:33.4317234Z I0822 01:32:23.904091    4368 operations.go:125] "storing operation" fqn="projects/shared-reservations-project/regions/europe-west4/operations/operation-1787362343904-b1c5f5ec-3534-4267-8f7e-5b16c7b91a4f"
2026-08-22T01:32:33.4319629Z I0822 01:32:23.904201    4368 mockgcp_http.go:327] mockgcp response: POST https://compute.googleapis.com/compute/v1/projects/shared-reservations-project/regions/europe-west4/subnetworks => 200
2026-08-22T01:32:33.4322320Z I0822 01:32:23.904264    4368 mockgcp_http.go:298] mockgcp request: GET https://compute.googleapis.com/compute/v1/projects/shared-reservations-project/regions/europe-west4/operations/operation-1787362343904-b1c5f5ec-3534-4267-8f7e-5b16c7b91a4f
2026-08-22T01:32:33.4325768Z I0822 01:32:23.904603    4368 mockgcp_http.go:327] mockgcp response: GET https://compute.googleapis.com/compute/v1/projects/shared-reservations-project/regions/europe-west4/operations/operation-1787362343904-b1c5f5ec-3534-4267-8f7e-5b16c7b91a4f => 200
2026-08-22T01:32:33.4328417Z I0822 01:32:23.904660    4368 mockgcp_http.go:298] mockgcp request: POST https://compute.googleapis.com/compute/v1/projects/shared-reservations-project/regions/europe-north1/subnetworks
2026-08-22T01:32:33.4330753Z I0822 01:32:23.904930    4368 operations.go:125] "storing operation" fqn="projects/shared-reservations-project/regions/europe-north1/operations/operation-1787362343904-89ef4827-c23e-4b0c-94b2-ac6fe18ade6e"
2026-08-22T01:32:33.4333245Z I0822 01:32:23.905053    4368 mockgcp_http.go:327] mockgcp response: POST https://compute.googleapis.com/compute/v1/projects/shared-reservations-project/regions/europe-north1/subnetworks => 200
2026-08-22T01:32:33.4336260Z I0822 01:32:23.905110    4368 mockgcp_http.go:298] mockgcp request: GET https://compute.googleapis.com/compute/v1/projects/shared-reservations-project/regions/europe-north1/operations/operation-1787362343904-89ef4827-c23e-4b0c-94b2-ac6fe18ade6e
2026-08-22T01:32:33.4339506Z I0822 01:32:23.905409    4368 mockgcp_http.go:327] mockgcp response: GET https://compute.googleapis.com/compute/v1/projects/shared-reservations-project/regions/europe-north1/operations/operation-1787362343904-89ef4827-c23e-4b0c-94b2-ac6fe18ade6e => 200
2026-08-22T01:32:33.4342277Z I0822 01:32:23.905499    4368 mockgcp_http.go:298] mockgcp request: POST https://compute.googleapis.com/compute/v1/projects/shared-reservations-project/regions/us-west2/subnetworks
2026-08-22T01:32:33.4435301Z I0822 01:32:23.905764    4368 operations.go:125] "storing operation" fqn="projects/shared-reservations-project/regions/us-west2/operations/operation-1787362343905-c445568a-2749-497e-9433-7846093b9b95"
2026-08-22T01:32:33.4437804Z I0822 01:32:23.905886    4368 mockgcp_http.go:327] mockgcp response: POST https://compute.googleapis.com/compute/v1/projects/shared-reservations-project/regions/us-west2/subnetworks => 200
2026-08-22T01:32:33.4440566Z I0822 01:32:23.905948    4368 mockgcp_http.go:298] mockgcp request: GET https://compute.googleapis.com/compute/v1/projects/shared-reservations-project/regions/us-west2/operations/operation-1787362343905-c445568a-2749-497e-9433-7846093b9b95
2026-08-22T01:32:33.4443904Z I0822 01:32:23.906194    4368 mockgcp_http.go:327] mockgcp response: GET https://compute.googleapis.com/compute/v1/projects/shared-reservations-project/regions/us-west2/operations/operation-1787362343905-c445568a-2749-497e-9433-7846093b9b95 => 200
2026-08-22T01:32:33.4446588Z I0822 01:32:23.906255    4368 mockgcp_http.go:298] mockgcp request: POST https://compute.googleapis.com/compute/v1/projects/shared-reservations-project/regions/asia-east2/subnetworks
2026-08-22T01:32:33.4449022Z I0822 01:32:23.906556    4368 operations.go:125] "storing operation" fqn="projects/shared-reservations-project/regions/asia-east2/operations/operation-1787362343906-37dcf717-f5b2-4145-96a0-f05426ac607e"
2026-08-22T01:32:33.4451541Z I0822 01:32:23.906662    4368 mockgcp_http.go:327] mockgcp response: POST https://compute.googleapis.com/compute/v1/projects/shared-reservations-project/regions/asia-east2/subnetworks => 200
2026-08-22T01:32:33.4454801Z I0822 01:32:23.906712    4368 mockgcp_http.go:298] mockgcp request: GET https://compute.googleapis.com/compute/v1/projects/shared-reservations-project/regions/asia-east2/operations/operation-1787362343906-37dcf717-f5b2-4145-96a0-f05426ac607e
2026-08-22T01:32:33.4457882Z I0822 01:32:23.906964    4368 mockgcp_http.go:327] mockgcp response: GET https://compute.googleapis.com/compute/v1/projects/shared-reservations-project/regions/asia-east2/operations/operation-1787362343906-37dcf717-f5b2-4145-96a0-f05426ac607e => 200
2026-08-22T01:32:33.4460544Z I0822 01:32:23.907021    4368 mockgcp_http.go:298] mockgcp request: POST https://compute.googleapis.com/compute/v1/projects/shared-reservations-project/regions/europe-west6/subnetworks
2026-08-22T01:32:33.4463156Z I0822 01:32:23.907260    4368 operations.go:125] "storing operation" fqn="projects/shared-reservations-project/regions/europe-west6/operations/operation-1787362343907-53bcf6c6-bce9-4370-9a4b-edf777b21dcd"
2026-08-22T01:32:33.4496035Z I0822 01:32:23.907399    4368 mockgcp_http.go:327] mockgcp response: POST https://compute.googleapis.com/compute/v1/projects/shared-reservations-project/regions/europe-west6/subnetworks => 200
2026-08-22T01:32:33.4498747Z I0822 01:32:23.907447    4368 mockgcp_http.go:298] mockgcp request: GET https://compute.googleapis.com/compute/v1/projects/shared-reservations-project/regions/europe-west6/operations/operation-1787362343907-53bcf6c6-bce9-4370-9a4b-edf777b21dcd
2026-08-22T01:32:33.4501839Z I0822 01:32:23.907709    4368 mockgcp_http.go:327] mockgcp response: GET https://compute.googleapis.com/compute/v1/projects/shared-reservations-project/regions/europe-west6/operations/operation-1787362343907-53bcf6c6-bce9-4370-9a4b-edf777b21dcd => 200
2026-08-22T01:32:33.4504678Z I0822 01:32:23.907767    4368 mockgcp_http.go:298] mockgcp request: POST https://compute.googleapis.com/compute/v1/projects/shared-reservations-project/regions/asia-northeast2/subnetworks
2026-08-22T01:32:33.4507111Z I0822 01:32:23.908062    4368 operations.go:125] "storing operation" fqn="projects/shared-reservations-project/regions/asia-northeast2/operations/operation-1787362343908-aff20948-2b40-471a-a212-1b50c0dbc24c"
2026-08-22T01:32:33.4509593Z I0822 01:32:23.908179    4368 mockgcp_http.go:327] mockgcp response: POST https://compute.googleapis.com/compute/v1/projects/shared-reservations-project/regions/asia-northeast2/subnetworks => 200
2026-08-22T01:32:33.4512357Z I0822 01:32:23.908234    4368 mockgcp_http.go:298] mockgcp request: GET https://compute.googleapis.com/compute/v1/projects/shared-reservations-project/regions/asia-northeast2/operations/operation-1787362343908-aff20948-2b40-471a-a212-1b50c0dbc24c
2026-08-22T01:32:33.4515909Z I0822 01:32:23.908547    4368 mockgcp_http.go:327] mockgcp response: GET https://compute.googleapis.com/compute/v1/projects/shared-reservations-project/regions/asia-northeast2/operations/operation-1787362343908-aff20948-2b40-471a-a212-1b50c0dbc24c => 200
2026-08-22T01:32:33.4518752Z I0822 01:32:23.908606    4368 mockgcp_http.go:298] mockgcp request: POST https://compute.googleapis.com/compute/v1/projects/shared-reservations-project/regions/asia-northeast3/subnetworks
2026-08-22T01:32:33.4521270Z I0822 01:32:23.908863    4368 operations.go:125] "storing operation" fqn="projects/shared-reservations-project/regions/asia-northeast3/operations/operation-1787362343908-bc000eb4-ead1-4d0a-a91c-b3902619743d"
2026-08-22T01:32:33.4532224Z I0822 01:32:23.908995    4368 mockgcp_http.go:327] mockgcp response: POST https://compute.googleapis.com/compute/v1/projects/shared-reservations-project/regions/asia-northeast3/subnetworks => 200
2026-08-22T01:32:33.4535400Z I0822 01:32:23.909046    4368 mockgcp_http.go:298] mockgcp request: GET https://compute.googleapis.com/compute/v1/projects/shared-reservations-project/regions/asia-northeast3/operations/operation-1787362343908-bc000eb4-ead1-4d0a-a91c-b3902619743d
2026-08-22T01:32:33.4538595Z I0822 01:32:23.909341    4368 mockgcp_http.go:327] mockgcp response: GET https://compute.googleapis.com/compute/v1/projects/shared-reservations-project/regions/asia-northeast3/operations/operation-1787362343908-bc000eb4-ead1-4d0a-a91c-b3902619743d => 200
2026-08-22T01:32:33.4565151Z I0822 01:32:23.909527    4368 mockgcp_http.go:298] mockgcp request: POST https://compute.googleapis.com/compute/v1/projects/shared-reservations-project/regions/us-west3/subnetworks
2026-08-22T01:32:33.4567627Z I0822 01:32:23.909767    4368 operations.go:125] "storing operation" fqn="projects/shared-reservations-project/regions/us-west3/operations/operation-1787362343909-c7d705ad-9640-4c61-a8e5-e33fb681462b"
2026-08-22T01:32:33.4570013Z I0822 01:32:23.909853    4368 mockgcp_http.go:327] mockgcp response: POST https://compute.googleapis.com/compute/v1/projects/shared-reservations-project/regions/us-west3/subnetworks => 200
2026-08-22T01:32:33.4572935Z I0822 01:32:23.909906    4368 mockgcp_http.go:298] mockgcp request: GET https://compute.googleapis.com/compute/v1/projects/shared-reservations-project/regions/us-west3/operations/operation-1787362343909-c7d705ad-9640-4c61-a8e5-e33fb681462b
2026-08-22T01:32:33.4576224Z I0822 01:32:23.910133    4368 mockgcp_http.go:327] mockgcp response: GET https://compute.googleapis.com/compute/v1/projects/shared-reservations-project/regions/us-west3/operations/operation-1787362343909-c7d705ad-9640-4c61-a8e5-e33fb681462b => 200
2026-08-22T01:32:33.4578832Z I0822 01:32:23.910209    4368 mockgcp_http.go:298] mockgcp request: POST https://compute.googleapis.com/compute/v1/projects/shared-reservations-project/regions/us-west4/subnetworks
2026-08-22T01:32:33.4581165Z I0822 01:32:23.910496    4368 operations.go:125] "storing operation" fqn="projects/shared-reservations-project/regions/us-west4/operations/operation-1787362343910-1e4ebfaa-0bfa-4edd-987a-e44320905793"
2026-08-22T01:32:33.4592532Z I0822 01:32:23.910635    4368 mockgcp_http.go:327] mockgcp response: POST https://compute.googleapis.com/compute/v1/projects/shared-reservations-project/regions/us-west4/subnetworks => 200
2026-08-22T01:32:33.4595445Z I0822 01:32:23.910686    4368 mockgcp_http.go:298] mockgcp request: GET https://compute.googleapis.com/compute/v1/projects/shared-reservations-project/regions/us-west4/operations/operation-1787362343910-1e4ebfaa-0bfa-4edd-987a-e44320905793
2026-08-22T01:32:33.4598510Z I0822 01:32:23.910974    4368 mockgcp_http.go:327] mockgcp response: GET https://compute.googleapis.com/compute/v1/projects/shared-reservations-project/regions/us-west4/operations/operation-1787362343910-1e4ebfaa-0bfa-4edd-987a-e44320905793 => 200
2026-08-22T01:32:33.4601285Z I0822 01:32:23.911039    4368 mockgcp_http.go:298] mockgcp request: POST https://compute.googleapis.com/compute/v1/projects/shared-reservations-project/regions/asia-southeast2/subnetworks
2026-08-22T01:32:33.4604051Z I0822 01:32:23.911285    4368 operations.go:125] "storing operation" fqn="projects/shared-reservations-project/regions/asia-southeast2/operations/operation-1787362343911-f4315fa3-6e96-420c-b058-1780530c3711"
2026-08-22T01:32:33.4606596Z I0822 01:32:23.911398    4368 mockgcp_http.go:327] mockgcp response: POST https://compute.googleapis.com/compute/v1/projects/shared-reservations-project/regions/asia-southeast2/subnetworks => 200
2026-08-22T01:32:33.4609458Z I0822 01:32:23.911447    4368 mockgcp_http.go:298] mockgcp request: GET https://compute.googleapis.com/compute/v1/projects/shared-reservations-project/regions/asia-southeast2/operations/operation-1787362343911-f4315fa3-6e96-420c-b058-1780530c3711
2026-08-22T01:32:33.4612699Z I0822 01:32:23.911710    4368 mockgcp_http.go:327] mockgcp response: GET https://compute.googleapis.com/compute/v1/projects/shared-reservations-project/regions/asia-southeast2/operations/operation-1787362343911-f4315fa3-6e96-420c-b058-1780530c3711 => 200
2026-08-22T01:32:33.4636128Z I0822 01:32:23.911770    4368 mockgcp_http.go:298] mockgcp request: POST https://compute.googleapis.com/compute/v1/projects/shared-reservations-project/regions/europe-central2/subnetworks
2026-08-22T01:32:33.4638671Z I0822 01:32:23.912049    4368 operations.go:125] "storing operation" fqn="projects/shared-reservations-project/regions/europe-central2/operations/operation-1787362343912-57a979ae-7be9-48cf-9dba-6bb52cd3fdad"
2026-08-22T01:32:33.4641544Z I0822 01:32:23.912186    4368 mockgcp_http.go:327] mockgcp response: POST https://compute.googleapis.com/compute/v1/projects/shared-reservations-project/regions/europe-central2/subnetworks => 200
2026-08-22T01:32:33.4644754Z I0822 01:32:23.912251    4368 mockgcp_http.go:298] mockgcp request: GET https://compute.googleapis.com/compute/v1/projects/shared-reservations-project/regions/europe-central2/operations/operation-1787362343912-57a979ae-7be9-48cf-9dba-6bb52cd3fdad
2026-08-22T01:32:33.4648282Z I0822 01:32:23.912575    4368 mockgcp_http.go:327] mockgcp response: GET https://compute.googleapis.com/compute/v1/projects/shared-reservations-project/regions/europe-central2/operations/operation-1787362343912-57a979ae-7be9-48cf-9dba-6bb52cd3fdad => 200
2026-08-22T01:32:33.4651214Z I0822 01:32:23.912651    4368 mockgcp_http.go:298] mockgcp request: POST https://compute.googleapis.com/compute/v1/projects/shared-reservations-project/regions/northamerica-northeast2/subnetworks
2026-08-22T01:32:33.4654149Z I0822 01:32:23.912914    4368 operations.go:125] "storing operation" fqn="projects/shared-reservations-project/regions/northamerica-northeast2/operations/operation-1787362343912-78ef5ccb-a704-4e79-8550-c9cd651e3f3d"
2026-08-22T01:32:33.4656730Z I0822 01:32:23.913025    4368 mockgcp_http.go:327] mockgcp response: POST https://compute.googleapis.com/compute/v1/projects/shared-reservations-project/regions/northamerica-northeast2/subnetworks => 200
2026-08-22T01:32:33.4659573Z I0822 01:32:23.913082    4368 mockgcp_http.go:298] mockgcp request: GET https://compute.googleapis.com/compute/v1/projects/shared-reservations-project/regions/northamerica-northeast2/operations/operation-1787362343912-78ef5ccb-a704-4e79-8550-c9cd651e3f3d
2026-08-22T01:32:33.4662787Z I0822 01:32:23.913371    4368 mockgcp_http.go:327] mockgcp response: GET https://compute.googleapis.com/compute/v1/projects/shared-reservations-project/regions/northamerica-northeast2/operations/operation-1787362343912-78ef5ccb-a704-4e79-8550-c9cd651e3f3d => 200
2026-08-22T01:32:33.4696041Z I0822 01:32:23.913455    4368 mockgcp_http.go:298] mockgcp request: POST https://compute.googleapis.com/compute/v1/projects/shared-reservations-project/regions/asia-south2/subnetworks
2026-08-22T01:32:33.4698524Z I0822 01:32:23.913728    4368 operations.go:125] "storing operation" fqn="projects/shared-reservations-project/regions/asia-south2/operations/operation-1787362343913-cabc91cc-eba2-4fc4-a3ee-29ea3f8a203a"
2026-08-22T01:32:33.4701021Z I0822 01:32:23.913855    4368 mockgcp_http.go:327] mockgcp response: POST https://compute.googleapis.com/compute/v1/projects/shared-reservations-project/regions/asia-south2/subnetworks => 200
2026-08-22T01:32:33.4704010Z I0822 01:32:23.913912    4368 mockgcp_http.go:298] mockgcp request: GET https://compute.googleapis.com/compute/v1/projects/shared-reservations-project/regions/asia-south2/operations/operation-1787362343913-cabc91cc-eba2-4fc4-a3ee-29ea3f8a203a
2026-08-22T01:32:33.4707216Z I0822 01:32:23.914186    4368 mockgcp_http.go:327] mockgcp response: GET https://compute.googleapis.com/compute/v1/projects/shared-reservations-project/regions/asia-south2/operations/operation-1787362343913-cabc91cc-eba2-4fc4-a3ee-29ea3f8a203a => 200
2026-08-22T01:32:33.4710036Z I0822 01:32:23.914247    4368 mockgcp_http.go:298] mockgcp request: POST https://compute.googleapis.com/compute/v1/projects/shared-reservations-project/regions/australia-southeast2/subnetworks
2026-08-22T01:32:33.4712629Z I0822 01:32:23.914532    4368 operations.go:125] "storing operation" fqn="projects/shared-reservations-project/regions/australia-southeast2/operations/operation-1787362343914-c7db0e28-8f30-4381-921c-439bf5c37a5f"
2026-08-22T01:32:33.4715427Z I0822 01:32:23.914635    4368 mockgcp_http.go:327] mockgcp response: POST https://compute.googleapis.com/compute/v1/projects/shared-reservations-project/regions/australia-southeast2/subnetworks => 200
2026-08-22T01:32:33.4718591Z I0822 01:32:23.914679    4368 mockgcp_http.go:298] mockgcp request: GET https://compute.googleapis.com/compute/v1/projects/shared-reservations-project/regions/australia-southeast2/operations/operation-1787362343914-c7db0e28-8f30-4381-921c-439bf5c37a5f
2026-08-22T01:32:33.4721884Z I0822 01:32:23.914940    4368 mockgcp_http.go:327] mockgcp response: GET https://compute.googleapis.com/compute/v1/projects/shared-reservations-project/regions/australia-southeast2/operations/operation-1787362343914-c7db0e28-8f30-4381-921c-439bf5c37a5f => 200
2026-08-22T01:32:33.4725174Z I0822 01:32:23.915009    4368 mockgcp_http.go:298] mockgcp request: POST https://compute.googleapis.com/compute/v1/projects/shared-reservations-project/regions/southamerica-west1/subnetworks
2026-08-22T01:32:33.4727995Z I0822 01:32:23.915249    4368 operations.go:125] "storing operation" fqn="projects/shared-reservations-project/regions/southamerica-west1/operations/operation-1787362343915-5cb70776-5596-46ec-93ea-fee364fdc896"
2026-08-22T01:32:33.4730637Z I0822 01:32:23.915367    4368 mockgcp_http.go:327] mockgcp response: POST https://compute.googleapis.com/compute/v1/projects/shared-reservations-project/regions/southamerica-west1/subnetworks => 200
2026-08-22T01:32:33.4733789Z I0822 01:32:23.915448    4368 mockgcp_http.go:298] mockgcp request: GET https://compute.googleapis.com/compute/v1/projects/shared-reservations-project/regions/southamerica-west1/operations/operation-1787362343915-5cb70776-5596-46ec-93ea-fee364fdc896
2026-08-22T01:32:33.4737152Z I0822 01:32:23.915736    4368 mockgcp_http.go:327] mockgcp response: GET https://compute.googleapis.com/compute/v1/projects/shared-reservations-project/regions/southamerica-west1/operations/operation-1787362343915-5cb70776-5596-46ec-93ea-fee364fdc896 => 200
2026-08-22T01:32:33.4739967Z I0822 01:32:23.915799    4368 mockgcp_http.go:298] mockgcp request: POST https://compute.googleapis.com/compute/v1/projects/shared-reservations-project/regions/europe-west8/subnetworks
2026-08-22T01:32:33.4742405Z I0822 01:32:23.916111    4368 operations.go:125] "storing operation" fqn="projects/shared-reservations-project/regions/europe-west8/operations/operation-1787362343916-e9eb4594-a6dc-40d8-bac8-7c770a3e40bb"
2026-08-22T01:32:33.4745043Z I0822 01:32:23.916227    4368 mockgcp_http.go:327] mockgcp response: POST https://compute.googleapis.com/compute/v1/projects/shared-reservations-project/regions/europe-west8/subnetworks => 200
2026-08-22T01:32:33.4747790Z I0822 01:32:23.916286    4368 mockgcp_http.go:298] mockgcp request: GET https://compute.googleapis.com/compute/v1/projects/shared-reservations-project/regions/europe-west8/operations/operation-1787362343916-e9eb4594-a6dc-40d8-bac8-7c770a3e40bb
2026-08-22T01:32:33.4750955Z I0822 01:32:23.916604    4368 mockgcp_http.go:327] mockgcp response: GET https://compute.googleapis.com/compute/v1/projects/shared-reservations-project/regions/europe-west8/operations/operation-1787362343916-e9eb4594-a6dc-40d8-bac8-7c770a3e40bb => 200
2026-08-22T01:32:33.4754400Z I0822 01:32:23.916663    4368 mockgcp_http.go:298] mockgcp request: POST https://compute.googleapis.com/compute/v1/projects/shared-reservations-project/regions/europe-west9/subnetworks
2026-08-22T01:32:33.4756840Z I0822 01:32:23.916939    4368 operations.go:125] "storing operation" fqn="projects/shared-reservations-project/regions/europe-west9/operations/operation-1787362343916-9e2b5a08-c303-4c83-8058-e071c7fdd159"
2026-08-22T01:32:33.4759231Z I0822 01:32:23.917055    4368 mockgcp_http.go:327] mockgcp response: POST https://compute.googleapis.com/compute/v1/projects/shared-reservations-project/regions/europe-west9/subnetworks => 200
2026-08-22T01:32:33.4762172Z I0822 01:32:23.917105    4368 mockgcp_http.go:298] mockgcp request: GET https://compute.googleapis.com/compute/v1/projects/shared-reservations-project/regions/europe-west9/operations/operation-1787362343916-9e2b5a08-c303-4c83-8058-e071c7fdd159
2026-08-22T01:32:33.4765809Z I0822 01:32:23.917397    4368 mockgcp_http.go:327] mockgcp response: GET https://compute.googleapis.com/compute/v1/projects/shared-reservations-project/regions/europe-west9/operations/operation-1787362343916-9e2b5a08-c303-4c83-8058-e071c7fdd159 => 200
2026-08-22T01:32:33.4768528Z I0822 01:32:23.917455    4368 mockgcp_http.go:298] mockgcp request: POST https://compute.googleapis.com/compute/v1/projects/shared-reservations-project/regions/us-east5/subnetworks
2026-08-22T01:32:33.4770965Z I0822 01:32:23.917712    4368 operations.go:125] "storing operation" fqn="projects/shared-reservations-project/regions/us-east5/operations/operation-1787362343917-adb532b3-f931-43ca-bdee-d794490df741"
2026-08-22T01:32:33.4773742Z I0822 01:32:23.917812    4368 mockgcp_http.go:327] mockgcp response: POST https://compute.googleapis.com/compute/v1/projects/shared-reservations-project/regions/us-east5/subnetworks => 200
2026-08-22T01:32:33.4776819Z I0822 01:32:23.917879    4368 mockgcp_http.go:298] mockgcp request: GET https://compute.googleapis.com/compute/v1/projects/shared-reservations-project/regions/us-east5/operations/operation-1787362343917-adb532b3-f931-43ca-bdee-d794490df741
2026-08-22T01:32:33.4780069Z I0822 01:32:23.918168    4368 mockgcp_http.go:327] mockgcp response: GET https://compute.googleapis.com/compute/v1/projects/shared-reservations-project/regions/us-east5/operations/operation-1787362343917-adb532b3-f931-43ca-bdee-d794490df741 => 200
2026-08-22T01:32:33.4782843Z I0822 01:32:23.918230    4368 mockgcp_http.go:298] mockgcp request: POST https://compute.googleapis.com/compute/v1/projects/shared-reservations-project/regions/europe-southwest1/subnetworks
2026-08-22T01:32:33.4786483Z I0822 01:32:23.918639    4368 operations.go:125] "storing operation" fqn="projects/shared-reservations-project/regions/europe-southwest1/operations/operation-1787362343918-8de4401d-9e5e-4ecd-9570-d0a447aeba06"
2026-08-22T01:32:33.4789149Z I0822 01:32:23.918777    4368 mockgcp_http.go:327] mockgcp response: POST https://compute.googleapis.com/compute/v1/projects/shared-reservations-project/regions/europe-southwest1/subnetworks => 200
2026-08-22T01:32:33.4792081Z I0822 01:32:23.918834    4368 mockgcp_http.go:298] mockgcp request: GET https://compute.googleapis.com/compute/v1/projects/shared-reservations-project/regions/europe-southwest1/operations/operation-1787362343918-8de4401d-9e5e-4ecd-9570-d0a447aeba06
2026-08-22T01:32:33.4795685Z I0822 01:32:23.919091    4368 mockgcp_http.go:327] mockgcp response: GET https://compute.googleapis.com/compute/v1/projects/shared-reservations-project/regions/europe-southwest1/operations/operation-1787362343918-8de4401d-9e5e-4ecd-9570-d0a447aeba06 => 200
2026-08-22T01:32:33.4798480Z I0822 01:32:23.919159    4368 mockgcp_http.go:298] mockgcp request: POST https://compute.googleapis.com/compute/v1/projects/shared-reservations-project/regions/us-south1/subnetworks
2026-08-22T01:32:33.4800916Z I0822 01:32:23.919459    4368 operations.go:125] "storing operation" fqn="projects/shared-reservations-project/regions/us-south1/operations/operation-1787362343919-8da66044-f626-4e9d-8340-8af4aef76185"
2026-08-22T01:32:33.4803683Z I0822 01:32:23.919553    4368 mockgcp_http.go:327] mockgcp response: POST https://compute.googleapis.com/compute/v1/projects/shared-reservations-project/regions/us-south1/subnetworks => 200
2026-08-22T01:32:33.4806457Z I0822 01:32:23.919606    4368 mockgcp_http.go:298] mockgcp request: GET https://compute.googleapis.com/compute/v1/projects/shared-reservations-project/regions/us-south1/operations/operation-1787362343919-8da66044-f626-4e9d-8340-8af4aef76185
2026-08-22T01:32:33.4809594Z I0822 01:32:23.919919    4368 mockgcp_http.go:327] mockgcp response: GET https://compute.googleapis.com/compute/v1/projects/shared-reservations-project/regions/us-south1/operations/operation-1787362343919-8da66044-f626-4e9d-8340-8af4aef76185 => 200
2026-08-22T01:32:33.4812346Z I0822 01:32:23.919973    4368 mockgcp_http.go:298] mockgcp request: POST https://compute.googleapis.com/compute/v1/projects/shared-reservations-project/regions/me-west1/subnetworks
2026-08-22T01:32:33.4815403Z I0822 01:32:23.920222    4368 operations.go:125] "storing operation" fqn="projects/shared-reservations-project/regions/me-west1/operations/operation-1787362343920-5320b1c5-9a24-4188-b4dd-53fe00bc5bc5"
2026-08-22T01:32:33.4817852Z I0822 01:32:23.920342    4368 mockgcp_http.go:327] mockgcp response: POST https://compute.googleapis.com/compute/v1/projects/shared-reservations-project/regions/me-west1/subnetworks => 200
2026-08-22T01:32:33.4820493Z I0822 01:32:23.920419    4368 mockgcp_http.go:298] mockgcp request: GET https://compute.googleapis.com/compute/v1/projects/shared-reservations-project/regions/me-west1/operations/operation-1787362343920-5320b1c5-9a24-4188-b4dd-53fe00bc5bc5
2026-08-22T01:32:33.4824059Z I0822 01:32:23.920683    4368 mockgcp_http.go:327] mockgcp response: GET https://compute.googleapis.com/compute/v1/projects/shared-reservations-project/regions/me-west1/operations/operation-1787362343920-5320b1c5-9a24-4188-b4dd-53fe00bc5bc5 => 200
2026-08-22T01:32:33.4826780Z I0822 01:32:23.920744    4368 mockgcp_http.go:298] mockgcp request: POST https://compute.googleapis.com/compute/v1/projects/shared-reservations-project/regions/europe-west12/subnetworks
2026-08-22T01:32:33.4829218Z I0822 01:32:23.921012    4368 operations.go:125] "storing operation" fqn="projects/shared-reservations-project/regions/europe-west12/operations/operation-1787362343920-a5bff33c-7582-4052-811c-d73c3e4f573d"
2026-08-22T01:32:33.4831697Z I0822 01:32:23.921135    4368 mockgcp_http.go:327] mockgcp response: POST https://compute.googleapis.com/compute/v1/projects/shared-reservations-project/regions/europe-west12/subnetworks => 200
2026-08-22T01:32:33.4834638Z I0822 01:32:23.921242    4368 mockgcp_http.go:298] mockgcp request: GET https://compute.googleapis.com/compute/v1/projects/shared-reservations-project/regions/europe-west12/operations/operation-1787362343920-a5bff33c-7582-4052-811c-d73c3e4f573d
2026-08-22T01:32:33.4838105Z I0822 01:32:23.921546    4368 mockgcp_http.go:327] mockgcp response: GET https://compute.googleapis.com/compute/v1/projects/shared-reservations-project/regions/europe-west12/operations/operation-1787362343920-a5bff33c-7582-4052-811c-d73c3e4f573d => 200
2026-08-22T01:32:33.4840828Z I0822 01:32:23.921604    4368 mockgcp_http.go:298] mockgcp request: POST https://compute.googleapis.com/compute/v1/projects/shared-reservations-project/regions/me-central1/subnetworks
2026-08-22T01:32:33.4843208Z I0822 01:32:23.921867    4368 operations.go:125] "storing operation" fqn="projects/shared-reservations-project/regions/me-central1/operations/operation-1787362343921-a48b3e3d-f73d-4935-97dc-5068b6232cad"
2026-08-22T01:32:33.4845954Z I0822 01:32:23.921987    4368 mockgcp_http.go:327] mockgcp response: POST https://compute.googleapis.com/compute/v1/projects/shared-reservations-project/regions/me-central1/subnetworks => 200
2026-08-22T01:32:33.4848623Z I0822 01:32:23.922048    4368 mockgcp_http.go:298] mockgcp request: GET https://compute.googleapis.com/compute/v1/projects/shared-reservations-project/regions/me-central1/operations/operation-1787362343921-a48b3e3d-f73d-4935-97dc-5068b6232cad
2026-08-22T01:32:33.4852882Z I0822 01:32:23.922312    4368 mockgcp_http.go:327] mockgcp response: GET https://compute.googleapis.com/compute/v1/projects/shared-reservations-project/regions/me-central1/operations/operation-1787362343921-a48b3e3d-f73d-4935-97dc-5068b6232cad => 200
2026-08-22T01:32:33.4855958Z I0822 01:32:23.922409    4368 mockgcp_http.go:298] mockgcp request: POST https://compute.googleapis.com/compute/v1/projects/shared-reservations-project/regions/europe-west10/subnetworks
2026-08-22T01:32:33.4858479Z I0822 01:32:23.922678    4368 operations.go:125] "storing operation" fqn="projects/shared-reservations-project/regions/europe-west10/operations/operation-1787362343922-04417483-be88-45a4-ab96-10a050e39cc3"
2026-08-22T01:32:33.4861149Z I0822 01:32:23.922797    4368 mockgcp_http.go:327] mockgcp response: POST https://compute.googleapis.com/compute/v1/projects/shared-reservations-project/regions/europe-west10/subnetworks => 200
2026-08-22T01:32:33.4864353Z I0822 01:32:23.922840    4368 mockgcp_http.go:298] mockgcp request: GET https://compute.googleapis.com/compute/v1/projects/shared-reservations-project/regions/europe-west10/operations/operation-1787362343922-04417483-be88-45a4-ab96-10a050e39cc3
2026-08-22T01:32:33.4867623Z I0822 01:32:23.923114    4368 mockgcp_http.go:327] mockgcp response: GET https://compute.googleapis.com/compute/v1/projects/shared-reservations-project/regions/europe-west10/operations/operation-1787362343922-04417483-be88-45a4-ab96-10a050e39cc3 => 200
2026-08-22T01:32:33.4870427Z I0822 01:32:23.923172    4368 mockgcp_http.go:298] mockgcp request: POST https://compute.googleapis.com/compute/v1/projects/shared-reservations-project/regions/africa-south1/subnetworks
2026-08-22T01:32:33.4873189Z I0822 01:32:23.923453    4368 operations.go:125] "storing operation" fqn="projects/shared-reservations-project/regions/africa-south1/operations/operation-1787362343923-18dad0f3-6335-4186-a3ed-c017ead67865"
2026-08-22T01:32:33.4875976Z I0822 01:32:23.923558    4368 mockgcp_http.go:327] mockgcp response: POST https://compute.googleapis.com/compute/v1/projects/shared-reservations-project/regions/africa-south1/subnetworks => 200
2026-08-22T01:32:33.4878785Z I0822 01:32:23.923628    4368 mockgcp_http.go:298] mockgcp request: GET https://compute.googleapis.com/compute/v1/projects/shared-reservations-project/regions/africa-south1/operations/operation-1787362343923-18dad0f3-6335-4186-a3ed-c017ead67865
2026-08-22T01:32:33.4881509Z I0822 01:32:23.923907    4368 mockgcp_http.go:327] mockgcp response: GET https://compute.googleapis.com/compute/v1/projects/shared-reservations-project/regions/africa-south1/operations/operation-1787362343923-18dad0f3-6335-4186-a3ed-c017ead67865 => 200
2026-08-22T01:32:33.4883338Z I0822 01:32:23.923975    4368 mockgcp_http.go:298] mockgcp request: POST https://compute.googleapis.com/compute/v1/projects/shared-reservations-project/regions/northamerica-south1/subnetworks
2026-08-22T01:32:33.5004976Z I0822 01:32:23.924424    4368 operations.go:125] "storing operation" fqn="projects/shared-reservations-project/regions/northamerica-south1/operations/operation-1787362343924-f8ac2e75-172f-4452-a790-836c3076982c"
2026-08-22T01:32:33.5007702Z I0822 01:32:23.924545    4368 mockgcp_http.go:327] mockgcp response: POST https://compute.googleapis.com/compute/v1/projects/shared-reservations-project/regions/northamerica-south1/subnetworks => 200
2026-08-22T01:32:33.5010535Z I0822 01:32:23.924600    4368 mockgcp_http.go:298] mockgcp request: GET https://compute.googleapis.com/compute/v1/projects/shared-reservations-project/regions/northamerica-south1/operations/operation-1787362343924-f8ac2e75-172f-4452-a790-836c3076982c
2026-08-22T01:32:33.5014100Z I0822 01:32:23.924879    4368 mockgcp_http.go:327] mockgcp response: GET https://compute.googleapis.com/compute/v1/projects/shared-reservations-project/regions/northamerica-south1/operations/operation-1787362343924-f8ac2e75-172f-4452-a790-836c3076982c => 200
2026-08-22T01:32:33.5016854Z I0822 01:32:23.924941    4368 mockgcp_http.go:298] mockgcp request: POST https://compute.googleapis.com/compute/v1/projects/shared-reservations-project/regions/europe-north2/subnetworks
2026-08-22T01:32:33.5019314Z I0822 01:32:23.925203    4368 operations.go:125] "storing operation" fqn="projects/shared-reservations-project/regions/europe-north2/operations/operation-1787362343925-51751f6d-741b-4b8a-931c-7fb87628d3b0"
2026-08-22T01:32:33.5021850Z I0822 01:32:23.925316    4368 mockgcp_http.go:327] mockgcp response: POST https://compute.googleapis.com/compute/v1/projects/shared-reservations-project/regions/europe-north2/subnetworks => 200
2026-08-22T01:32:33.5085362Z I0822 01:32:23.925386    4368 mockgcp_http.go:298] mockgcp request: GET https://compute.googleapis.com/compute/v1/projects/shared-reservations-project/regions/europe-north2/operations/operation-1787362343925-51751f6d-741b-4b8a-931c-7fb87628d3b0
2026-08-22T01:32:33.5088735Z I0822 01:32:23.925629    4368 mockgcp_http.go:327] mockgcp response: GET https://compute.googleapis.com/compute/v1/projects/shared-reservations-project/regions/europe-north2/operations/operation-1787362343925-51751f6d-741b-4b8a-931c-7fb87628d3b0 => 200
2026-08-22T01:32:33.5091899Z I0822 01:32:23.925850    4368 mockgcp_http.go:298] mockgcp request: POST https://compute.googleapis.com/compute/v1/projects/shared-reservations-project/global/routes
2026-08-22T01:32:33.5094421Z I0822 01:32:23.926267    4368 operations.go:125] "storing operation" fqn="projects/shared-reservations-project/global/operations/operation-1787362343926-bb8f86a9-4206-4560-b16a-2350500eab8b"
2026-08-22T01:32:33.5096740Z I0822 01:32:23.926411    4368 mockgcp_http.go:327] mockgcp response: POST https://compute.googleapis.com/compute/v1/projects/shared-reservations-project/global/routes => 200
2026-08-22T01:32:33.5099506Z I0822 01:32:23.926469    4368 mockgcp_http.go:298] mockgcp request: GET https://compute.googleapis.com/compute/v1/projects/shared-reservations-project/global/operations/operation-1787362343926-bb8f86a9-4206-4560-b16a-2350500eab8b
2026-08-22T01:32:33.5102512Z I0822 01:32:23.926754    4368 mockgcp_http.go:327] mockgcp response: GET https://compute.googleapis.com/compute/v1/projects/shared-reservations-project/global/operations/operation-1787362343926-bb8f86a9-4206-4560-b16a-2350500eab8b => 200
2026-08-22T01:32:33.5105269Z I0822 01:32:23.926867    4368 mockgcp_http.go:298] mockgcp request: GET https://compute.googleapis.com/compute/v1/projects/shared-reservations-project/aggregated/subnetworks
2026-08-22T01:32:33.5107434Z I0822 01:32:23.929022    4368 mockgcp_http.go:327] mockgcp response: GET https://compute.googleapis.com/compute/v1/projects/shared-reservations-project/aggregated/subnetworks => 200
2026-08-22T01:32:33.5109530Z I0822 01:32:23.930613    4368 mockgcp_http.go:298] mockgcp request: POST https://compute.googleapis.com/compute/v1/projects/shared-reservations-project/global/routes
2026-08-22T01:32:33.5111736Z I0822 01:32:23.931078    4368 operations.go:125] "storing operation" fqn="projects/shared-reservations-project/global/operations/operation-1787362343931-a4ab0dcc-1643-417e-9708-415ea41457e8"
2026-08-22T01:32:33.5194747Z I0822 01:32:23.931223    4368 mockgcp_http.go:327] mockgcp response: POST https://compute.googleapis.com/compute/v1/projects/shared-reservations-project/global/routes => 200
2026-08-22T01:32:33.5197542Z I0822 01:32:23.931288    4368 mockgcp_http.go:298] mockgcp request: GET https://compute.googleapis.com/compute/v1/projects/shared-reservations-project/global/operations/operation-1787362343931-a4ab0dcc-1643-417e-9708-415ea41457e8
2026-08-22T01:32:33.5200430Z I0822 01:32:23.931609    4368 mockgcp_http.go:327] mockgcp response: GET https://compute.googleapis.com/compute/v1/projects/shared-reservations-project/global/operations/operation-1787362343931-a4ab0dcc-1643-417e-9708-415ea41457e8 => 200
2026-08-22T01:32:33.5202779Z I0822 01:32:23.931697    4368 mockgcp_http.go:298] mockgcp request: POST https://compute.googleapis.com/compute/v1/projects/shared-reservations-project/global/routes
2026-08-22T01:32:33.5215268Z I0822 01:32:23.932057    4368 operations.go:125] "storing operation" fqn="projects/shared-reservations-project/global/operations/operation-1787362343932-4ebbdeb4-6ba5-4532-85b1-345939411e89"
2026-08-22T01:32:33.5217622Z I0822 01:32:23.932241    4368 mockgcp_http.go:327] mockgcp response: POST https://compute.googleapis.com/compute/v1/projects/shared-reservations-project/global/routes => 200
2026-08-22T01:32:33.5220237Z I0822 01:32:23.932294    4368 mockgcp_http.go:298] mockgcp request: GET https://compute.googleapis.com/compute/v1/projects/shared-reservations-project/global/operations/operation-1787362343932-4ebbdeb4-6ba5-4532-85b1-345939411e89
2026-08-22T01:32:33.5223346Z I0822 01:32:23.932644    4368 mockgcp_http.go:327] mockgcp response: GET https://compute.googleapis.com/compute/v1/projects/shared-reservations-project/global/operations/operation-1787362343932-4ebbdeb4-6ba5-4532-85b1-345939411e89 => 200
2026-08-22T01:32:33.5226581Z I0822 01:32:23.932723    4368 mockgcp_http.go:298] mockgcp request: POST https://compute.googleapis.com/compute/v1/projects/shared-reservations-project/global/routes
2026-08-22T01:32:33.5228708Z I0822 01:32:23.935532    4368 operations.go:125] "storing operation" fqn="projects/shared-reservations-project/global/operations/operation-1787362343935-3ea84eeb-2369-4990-a37a-ae88a1272dd5"
2026-08-22T01:32:33.5230953Z I0822 01:32:23.935667    4368 mockgcp_http.go:327] mockgcp response: POST https://compute.googleapis.com/compute/v1/projects/shared-reservations-project/global/routes => 200
2026-08-22T01:32:33.5315152Z I0822 01:32:23.935732    4368 mockgcp_http.go:298] mockgcp request: GET https://compute.googleapis.com/compute/v1/projects/shared-reservations-project/global/operations/operation-1787362343935-3ea84eeb-2369-4990-a37a-ae88a1272dd5
2026-08-22T01:32:33.5318724Z I0822 01:32:23.936013    4368 mockgcp_http.go:327] mockgcp response: GET https://compute.googleapis.com/compute/v1/projects/shared-reservations-project/global/operations/operation-1787362343935-3ea84eeb-2369-4990-a37a-ae88a1272dd5 => 200
2026-08-22T01:32:33.5321313Z I0822 01:32:23.936088    4368 mockgcp_http.go:298] mockgcp request: POST https://compute.googleapis.com/compute/v1/projects/shared-reservations-project/global/routes
2026-08-22T01:32:33.5323737Z I0822 01:32:23.936579    4368 operations.go:125] "storing operation" fqn="projects/shared-reservations-project/global/operations/operation-1787362343936-80af16e2-1ee1-49ed-8353-815e2f90b72b"
2026-08-22T01:32:33.5344318Z I0822 01:32:23.936702    4368 mockgcp_http.go:327] mockgcp response: POST https://compute.googleapis.com/compute/v1/projects/shared-reservations-project/global/routes => 200
2026-08-22T01:32:33.5346864Z I0822 01:32:23.936758    4368 mockgcp_http.go:298] mockgcp request: GET https://compute.googleapis.com/compute/v1/projects/shared-reservations-project/global/operations/operation-1787362343936-80af16e2-1ee1-49ed-8353-815e2f90b72b
2026-08-22T01:32:33.5349876Z I0822 01:32:23.937033    4368 mockgcp_http.go:327] mockgcp response: GET https://compute.googleapis.com/compute/v1/projects/shared-reservations-project/global/operations/operation-1787362343936-80af16e2-1ee1-49ed-8353-815e2f90b72b => 200
2026-08-22T01:32:33.5352435Z I0822 01:32:23.937102    4368 mockgcp_http.go:298] mockgcp request: POST https://compute.googleapis.com/compute/v1/projects/shared-reservations-project/global/routes
2026-08-22T01:32:33.5354837Z I0822 01:32:23.937569    4368 operations.go:125] "storing operation" fqn="projects/shared-reservations-project/global/operations/operation-1787362343937-a7f51b36-0a22-4341-9a4f-83ccce6af072"
2026-08-22T01:32:33.5356943Z I0822 01:32:23.937687    4368 mockgcp_http.go:327] mockgcp response: POST https://compute.googleapis.com/compute/v1/projects/shared-reservations-project/global/routes => 200
2026-08-22T01:32:33.5359346Z I0822 01:32:23.937746    4368 mockgcp_http.go:298] mockgcp request: GET https://compute.googleapis.com/compute/v1/projects/shared-reservations-project/global/operations/operation-1787362343937-a7f51b36-0a22-4341-9a4f-83ccce6af072
2026-08-22T01:32:33.5362348Z I0822 01:32:23.938010    4368 mockgcp_http.go:327] mockgcp response: GET https://compute.googleapis.com/compute/v1/projects/shared-reservations-project/global/operations/operation-1787362343937-a7f51b36-0a22-4341-9a4f-83ccce6af072 => 200
2026-08-22T01:32:33.5485975Z I0822 01:32:23.938086    4368 mockgcp_http.go:298] mockgcp request: POST https://compute.googleapis.com/compute/v1/projects/shared-reservations-project/global/routes
2026-08-22T01:32:33.5488313Z I0822 01:32:23.938543    4368 operations.go:125] "storing operation" fqn="projects/shared-reservations-project/global/operations/operation-1787362343938-28f2ee73-de7a-4c6f-94cc-54e5e73cef84"
2026-08-22T01:32:33.5490700Z I0822 01:32:23.938664    4368 mockgcp_http.go:327] mockgcp response: POST https://compute.googleapis.com/compute/v1/projects/shared-reservations-project/global/routes => 200
2026-08-22T01:32:33.5493294Z I0822 01:32:23.938722    4368 mockgcp_http.go:298] mockgcp request: GET https://compute.googleapis.com/compute/v1/projects/shared-reservations-project/global/operations/operation-1787362343938-28f2ee73-de7a-4c6f-94cc-54e5e73cef84
2026-08-22T01:32:33.5497252Z I0822 01:32:23.938987    4368 mockgcp_http.go:327] mockgcp response: GET https://compute.googleapis.com/compute/v1/projects/shared-reservations-project/global/operations/operation-1787362343938-28f2ee73-de7a-4c6f-94cc-54e5e73cef84 => 200
2026-08-22T01:32:33.5499770Z I0822 01:32:23.939059    4368 mockgcp_http.go:298] mockgcp request: POST https://compute.googleapis.com/compute/v1/projects/shared-reservations-project/global/routes
2026-08-22T01:32:33.5501941Z I0822 01:32:23.939556    4368 operations.go:125] "storing operation" fqn="projects/shared-reservations-project/global/operations/operation-1787362343939-11d48698-9863-41ea-89d1-b87a3c4717e6"
2026-08-22T01:32:33.5504552Z I0822 01:32:23.939675    4368 mockgcp_http.go:327] mockgcp response: POST https://compute.googleapis.com/compute/v1/projects/shared-reservations-project/global/routes => 200
2026-08-22T01:32:33.5507044Z I0822 01:32:23.939739    4368 mockgcp_http.go:298] mockgcp request: GET https://compute.googleapis.com/compute/v1/projects/shared-reservations-project/global/operations/operation-1787362343939-11d48698-9863-41ea-89d1-b87a3c4717e6
2026-08-22T01:32:33.5509889Z I0822 01:32:23.940007    4368 mockgcp_http.go:327] mockgcp response: GET https://compute.googleapis.com/compute/v1/projects/shared-reservations-project/global/operations/operation-1787362343939-11d48698-9863-41ea-89d1-b87a3c4717e6 => 200
2026-08-22T01:32:33.5512292Z I0822 01:32:23.940069    4368 mockgcp_http.go:298] mockgcp request: POST https://compute.googleapis.com/compute/v1/projects/shared-reservations-project/global/routes
2026-08-22T01:32:33.5804162Z I0822 01:32:23.940570    4368 operations.go:125] "storing operation" fqn="projects/shared-reservations-project/global/operations/operation-1787362343940-b1c18e40-cf60-4ebc-93e7-f006d8733c2c"
2026-08-22T01:32:33.5806801Z I0822 01:32:23.940674    4368 mockgcp_http.go:327] mockgcp response: POST https://compute.googleapis.com/compute/v1/projects/shared-reservations-project/global/routes => 200
2026-08-22T01:32:33.5809696Z I0822 01:32:23.940729    4368 mockgcp_http.go:298] mockgcp request: GET https://compute.googleapis.com/compute/v1/projects/shared-reservations-project/global/operations/operation-1787362343940-b1c18e40-cf60-4ebc-93e7-f006d8733c2c
2026-08-22T01:32:33.5812828Z I0822 01:32:23.940990    4368 mockgcp_http.go:327] mockgcp response: GET https://compute.googleapis.com/compute/v1/projects/shared-reservations-project/global/operations/operation-1787362343940-b1c18e40-cf60-4ebc-93e7-f006d8733c2c => 200
2026-08-22T01:32:33.5815757Z I0822 01:32:23.941051    4368 mockgcp_http.go:298] mockgcp request: POST https://compute.googleapis.com/compute/v1/projects/shared-reservations-project/global/routes
2026-08-22T01:32:33.5818324Z I0822 01:32:23.941524    4368 operations.go:125] "storing operation" fqn="projects/shared-reservations-project/global/operations/operation-1787362343941-3d6d7c9f-15f6-42ea-9b03-145637abe477"
2026-08-22T01:32:33.5820635Z I0822 01:32:23.941639    4368 mockgcp_http.go:327] mockgcp response: POST https://compute.googleapis.com/compute/v1/projects/shared-reservations-project/global/routes => 200
2026-08-22T01:32:33.5823268Z I0822 01:32:23.941703    4368 mockgcp_http.go:298] mockgcp request: GET https://compute.googleapis.com/compute/v1/projects/shared-reservations-project/global/operations/operation-1787362343941-3d6d7c9f-15f6-42ea-9b03-145637abe477
2026-08-22T01:32:33.5867295Z I0822 01:32:23.941980    4368 mockgcp_http.go:327] mockgcp response: GET https://compute.googleapis.com/compute/v1/projects/shared-reservations-project/global/operations/operation-1787362343941-3d6d7c9f-15f6-42ea-9b03-145637abe477 => 200
2026-08-22T01:32:33.5870112Z I0822 01:32:23.942056    4368 mockgcp_http.go:298] mockgcp request: POST https://compute.googleapis.com/compute/v1/projects/shared-reservations-project/global/routes
2026-08-22T01:32:33.5873308Z I0822 01:32:23.942530    4368 operations.go:125] "storing operation" fqn="projects/shared-reservations-project/global/operations/operation-1787362343942-cca5a70a-7915-4a5d-a425-98ff861b5597"
2026-08-22T01:32:33.5875991Z I0822 01:32:23.942642    4368 mockgcp_http.go:327] mockgcp response: POST https://compute.googleapis.com/compute/v1/projects/shared-reservations-project/global/routes => 200
2026-08-22T01:32:33.5936253Z I0822 01:32:23.942691    4368 mockgcp_http.go:298] mockgcp request: GET https://compute.googleapis.com/compute/v1/projects/shared-reservations-project/global/operations/operation-1787362343942-cca5a70a-7915-4a5d-a425-98ff861b5597
2026-08-22T01:32:33.5939898Z I0822 01:32:23.942958    4368 mockgcp_http.go:327] mockgcp response: GET https://compute.googleapis.com/compute/v1/projects/shared-reservations-project/global/operations/operation-1787362343942-cca5a70a-7915-4a5d-a425-98ff861b5597 => 200
2026-08-22T01:32:33.5942824Z I0822 01:32:23.943022    4368 mockgcp_http.go:298] mockgcp request: POST https://compute.googleapis.com/compute/v1/projects/shared-reservations-project/global/routes
2026-08-22T01:32:33.6010799Z I0822 01:32:23.943606    4368 operations.go:125] "storing operation" fqn="projects/shared-reservations-project/global/operations/operation-1787362343943-d71f2656-0a12-4545-a267-d4dab3a4f29b"
2026-08-22T01:32:33.6013237Z I0822 01:32:23.943709    4368 mockgcp_http.go:327] mockgcp response: POST https://compute.googleapis.com/compute/v1/projects/shared-reservations-project/global/routes => 200
2026-08-22T01:32:33.6016311Z I0822 01:32:23.943762    4368 mockgcp_http.go:298] mockgcp request: GET https://compute.googleapis.com/compute/v1/projects/shared-reservations-project/global/operations/operation-1787362343943-d71f2656-0a12-4545-a267-d4dab3a4f29b
2026-08-22T01:32:33.6019580Z I0822 01:32:23.944015    4368 mockgcp_http.go:327] mockgcp response: GET https://compute.googleapis.com/compute/v1/projects/shared-reservations-project/global/operations/operation-1787362343943-d71f2656-0a12-4545-a267-d4dab3a4f29b => 200
2026-08-22T01:32:33.6022334Z I0822 01:32:23.944078    4368 mockgcp_http.go:298] mockgcp request: POST https://compute.googleapis.com/compute/v1/projects/shared-reservations-project/global/routes
2026-08-22T01:32:33.6024926Z I0822 01:32:23.944538    4368 operations.go:125] "storing operation" fqn="projects/shared-reservations-project/global/operations/operation-1787362343944-057e9852-3459-4160-8e69-63baa9e77e86"
2026-08-22T01:32:33.6027319Z I0822 01:32:23.944657    4368 mockgcp_http.go:327] mockgcp response: POST https://compute.googleapis.com/compute/v1/projects/shared-reservations-project/global/routes => 200
2026-08-22T01:32:33.6030124Z I0822 01:32:23.944718    4368 mockgcp_http.go:298] mockgcp request: GET https://compute.googleapis.com/compute/v1/projects/shared-reservations-project/global/operations/operation-1787362343944-057e9852-3459-4160-8e69-63baa9e77e86
2026-08-22T01:32:33.6191485Z I0822 01:32:23.944975    4368 mockgcp_http.go:327] mockgcp response: GET https://compute.googleapis.com/compute/v1/projects/shared-reservations-project/global/operations/operation-1787362343944-057e9852-3459-4160-8e69-63baa9e77e86 => 200
2026-08-22T01:32:33.6195308Z I0822 01:32:23.945049    4368 mockgcp_http.go:298] mockgcp request: POST https://compute.googleapis.com/compute/v1/projects/shared-reservations-project/global/routes
2026-08-22T01:32:33.6197898Z I0822 01:32:23.945507    4368 operations.go:125] "storing operation" fqn="projects/shared-reservations-project/global/operations/operation-1787362343945-df234b46-f39c-4e37-893c-62c94c7bf940"
2026-08-22T01:32:33.6200414Z I0822 01:32:23.945621    4368 mockgcp_http.go:327] mockgcp response: POST https://compute.googleapis.com/compute/v1/projects/shared-reservations-project/global/routes => 200
2026-08-22T01:32:33.6203621Z I0822 01:32:23.945683    4368 mockgcp_http.go:298] mockgcp request: GET https://compute.googleapis.com/compute/v1/projects/shared-reservations-project/global/operations/operation-1787362343945-df234b46-f39c-4e37-893c-62c94c7bf940
2026-08-22T01:32:33.6207293Z I0822 01:32:23.945936    4368 mockgcp_http.go:327] mockgcp response: GET https://compute.googleapis.com/compute/v1/projects/shared-reservations-project/global/operations/operation-1787362343945-df234b46-f39c-4e37-893c-62c94c7bf940 => 200
2026-08-22T01:32:33.6210161Z I0822 01:32:23.946007    4368 mockgcp_http.go:298] mockgcp request: POST https://compute.googleapis.com/compute/v1/projects/shared-reservations-project/global/routes
2026-08-22T01:32:33.6212606Z I0822 01:32:23.946466    4368 operations.go:125] "storing operation" fqn="projects/shared-reservations-project/global/operations/operation-1787362343946-479256cb-8ad0-41b6-94ad-37466708efd4"
2026-08-22T01:32:33.6346146Z I0822 01:32:23.946592    4368 mockgcp_http.go:327] mockgcp response: POST https://compute.googleapis.com/compute/v1/projects/shared-reservations-project/global/routes => 200
2026-08-22T01:32:33.6349288Z I0822 01:32:23.946647    4368 mockgcp_http.go:298] mockgcp request: GET https://compute.googleapis.com/compute/v1/projects/shared-reservations-project/global/operations/operation-1787362343946-479256cb-8ad0-41b6-94ad-37466708efd4
2026-08-22T01:32:33.6352343Z I0822 01:32:23.946914    4368 mockgcp_http.go:327] mockgcp response: GET https://compute.googleapis.com/compute/v1/projects/shared-reservations-project/global/operations/operation-1787362343946-479256cb-8ad0-41b6-94ad-37466708efd4 => 200
2026-08-22T01:32:33.6355063Z I0822 01:32:23.946976    4368 mockgcp_http.go:298] mockgcp request: POST https://compute.googleapis.com/compute/v1/projects/shared-reservations-project/global/routes
2026-08-22T01:32:33.6357307Z I0822 01:32:23.947488    4368 operations.go:125] "storing operation" fqn="projects/shared-reservations-project/global/operations/operation-1787362343947-dfe0043a-40fb-4d20-90ab-23e43f70e45b"
2026-08-22T01:32:33.6359489Z I0822 01:32:23.947608    4368 mockgcp_http.go:327] mockgcp response: POST https://compute.googleapis.com/compute/v1/projects/shared-reservations-project/global/routes => 200
2026-08-22T01:32:33.6362030Z I0822 01:32:23.947674    4368 mockgcp_http.go:298] mockgcp request: GET https://compute.googleapis.com/compute/v1/projects/shared-reservations-project/global/operations/operation-1787362343947-dfe0043a-40fb-4d20-90ab-23e43f70e45b
2026-08-22T01:32:33.6365081Z I0822 01:32:23.947970    4368 mockgcp_http.go:327] mockgcp response: GET https://compute.googleapis.com/compute/v1/projects/shared-reservations-project/global/operations/operation-1787362343947-dfe0043a-40fb-4d20-90ab-23e43f70e45b => 200
2026-08-22T01:32:33.6367855Z I0822 01:32:23.948047    4368 mockgcp_http.go:298] mockgcp request: POST https://compute.googleapis.com/compute/v1/projects/shared-reservations-project/global/routes
2026-08-22T01:32:33.6370252Z I0822 01:32:23.948592    4368 operations.go:125] "storing operation" fqn="projects/shared-reservations-project/global/operations/operation-1787362343948-b2b30200-0af6-40df-98fa-6c38e2dba0ab"
2026-08-22T01:32:33.6372626Z I0822 01:32:23.948734    4368 mockgcp_http.go:327] mockgcp response: POST https://compute.googleapis.com/compute/v1/projects/shared-reservations-project/global/routes => 200
2026-08-22T01:32:33.6506585Z I0822 01:32:23.948803    4368 mockgcp_http.go:298] mockgcp request: GET https://compute.googleapis.com/compute/v1/projects/shared-reservations-project/global/operations/operation-1787362343948-b2b30200-0af6-40df-98fa-6c38e2dba0ab
2026-08-22T01:32:33.6509764Z I0822 01:32:23.949152    4368 mockgcp_http.go:327] mockgcp response: GET https://compute.googleapis.com/compute/v1/projects/shared-reservations-project/global/operations/operation-1787362343948-b2b30200-0af6-40df-98fa-6c38e2dba0ab => 200
2026-08-22T01:32:33.6512470Z I0822 01:32:23.949227    4368 mockgcp_http.go:298] mockgcp request: POST https://compute.googleapis.com/compute/v1/projects/shared-reservations-project/global/routes
2026-08-22T01:32:33.6539017Z I0822 01:32:23.949698    4368 operations.go:125] "storing operation" fqn="projects/shared-reservations-project/global/operations/operation-1787362343949-80ee56fb-225a-41eb-b5d1-927fa53d842b"
2026-08-22T01:32:33.6541711Z I0822 01:32:23.949820    4368 mockgcp_http.go:327] mockgcp response: POST https://compute.googleapis.com/compute/v1/projects/shared-reservations-project/global/routes => 200
2026-08-22T01:32:33.6586320Z I0822 01:32:23.949882    4368 mockgcp_http.go:298] mockgcp request: GET https://compute.googleapis.com/compute/v1/projects/shared-reservations-project/global/operations/operation-1787362343949-80ee56fb-225a-41eb-b5d1-927fa53d842b
2026-08-22T01:32:33.6589650Z I0822 01:32:23.950158    4368 mockgcp_http.go:327] mockgcp response: GET https://compute.googleapis.com/compute/v1/projects/shared-reservations-project/global/operations/operation-1787362343949-80ee56fb-225a-41eb-b5d1-927fa53d842b => 200
2026-08-22T01:32:33.6593116Z I0822 01:32:23.950227    4368 mockgcp_http.go:298] mockgcp request: POST https://compute.googleapis.com/compute/v1/projects/shared-reservations-project/global/routes
2026-08-22T01:32:33.6674338Z I0822 01:32:23.950694    4368 operations.go:125] "storing operation" fqn="projects/shared-reservations-project/global/operations/operation-1787362343950-4d746ba3-2cde-4741-88b1-853270dbc4e8"
2026-08-22T01:32:33.6676702Z I0822 01:32:23.950807    4368 mockgcp_http.go:327] mockgcp response: POST https://compute.googleapis.com/compute/v1/projects/shared-reservations-project/global/routes => 200
2026-08-22T01:32:33.6679450Z I0822 01:32:23.950864    4368 mockgcp_http.go:298] mockgcp request: GET https://compute.googleapis.com/compute/v1/projects/shared-reservations-project/global/operations/operation-1787362343950-4d746ba3-2cde-4741-88b1-853270dbc4e8
2026-08-22T01:32:33.6682560Z I0822 01:32:23.951145    4368 mockgcp_http.go:327] mockgcp response: GET https://compute.googleapis.com/compute/v1/projects/shared-reservations-project/global/operations/operation-1787362343950-4d746ba3-2cde-4741-88b1-853270dbc4e8 => 200
2026-08-22T01:32:33.6685623Z I0822 01:32:23.951212    4368 mockgcp_http.go:298] mockgcp request: POST https://compute.googleapis.com/compute/v1/projects/shared-reservations-project/global/routes
2026-08-22T01:32:33.6688132Z I0822 01:32:23.951728    4368 operations.go:125] "storing operation" fqn="projects/shared-reservations-project/global/operations/operation-1787362343951-22494b6b-c025-48a9-8267-5d0db4930889"
2026-08-22T01:32:33.6690587Z I0822 01:32:23.951842    4368 mockgcp_http.go:327] mockgcp response: POST https://compute.googleapis.com/compute/v1/projects/shared-reservations-project/global/routes => 200
2026-08-22T01:32:33.6732283Z I0822 01:32:23.951894    4368 mockgcp_http.go:298] mockgcp request: GET https://compute.googleapis.com/compute/v1/projects/shared-reservations-project/global/operations/operation-1787362343951-22494b6b-c025-48a9-8267-5d0db4930889
2026-08-22T01:32:33.6736272Z I0822 01:32:23.952170    4368 mockgcp_http.go:327] mockgcp response: GET https://compute.googleapis.com/compute/v1/projects/shared-reservations-project/global/operations/operation-1787362343951-22494b6b-c025-48a9-8267-5d0db4930889 => 200
2026-08-22T01:32:33.6739181Z I0822 01:32:23.952235    4368 mockgcp_http.go:298] mockgcp request: POST https://compute.googleapis.com/compute/v1/projects/shared-reservations-project/global/routes
2026-08-22T01:32:33.6741531Z I0822 01:32:23.952694    4368 operations.go:125] "storing operation" fqn="projects/shared-reservations-project/global/operations/operation-1787362343952-48a78e14-79db-44ce-a8bb-73a000a3fe71"
2026-08-22T01:32:33.6831923Z I0822 01:32:23.952825    4368 mockgcp_http.go:327] mockgcp response: POST https://compute.googleapis.com/compute/v1/projects/shared-reservations-project/global/routes => 200
2026-08-22T01:32:33.6835957Z I0822 01:32:23.952890    4368 mockgcp_http.go:298] mockgcp request: GET https://compute.googleapis.com/compute/v1/projects/shared-reservations-project/global/operations/operation-1787362343952-48a78e14-79db-44ce-a8bb-73a000a3fe71
2026-08-22T01:32:33.6839264Z I0822 01:32:23.953165    4368 mockgcp_http.go:327] mockgcp response: GET https://compute.googleapis.com/compute/v1/projects/shared-reservations-project/global/operations/operation-1787362343952-48a78e14-79db-44ce-a8bb-73a000a3fe71 => 200
2026-08-22T01:32:33.6842261Z I0822 01:32:23.953272    4368 mockgcp_http.go:298] mockgcp request: POST https://compute.googleapis.com/compute/v1/projects/shared-reservations-project/global/routes
2026-08-22T01:32:33.6861540Z I0822 01:32:23.953765    4368 operations.go:125] "storing operation" fqn="projects/shared-reservations-project/global/operations/operation-1787362343953-795a7290-d822-4c6e-860f-7e53e7fa1223"
2026-08-22T01:32:33.6864391Z I0822 01:32:23.953894    4368 mockgcp_http.go:327] mockgcp response: POST https://compute.googleapis.com/compute/v1/projects/shared-reservations-project/global/routes => 200
2026-08-22T01:32:33.6867451Z I0822 01:32:23.953953    4368 mockgcp_http.go:298] mockgcp request: GET https://compute.googleapis.com/compute/v1/projects/shared-reservations-project/global/operations/operation-1787362343953-795a7290-d822-4c6e-860f-7e53e7fa1223
2026-08-22T01:32:33.6870631Z I0822 01:32:23.954232    4368 mockgcp_http.go:327] mockgcp response: GET https://compute.googleapis.com/compute/v1/projects/shared-reservations-project/global/operations/operation-1787362343953-795a7290-d822-4c6e-860f-7e53e7fa1223 => 200
2026-08-22T01:32:33.6873601Z I0822 01:32:23.954307    4368 mockgcp_http.go:298] mockgcp request: POST https://compute.googleapis.com/compute/v1/projects/shared-reservations-project/global/routes
2026-08-22T01:32:33.6876031Z I0822 01:32:23.954840    4368 operations.go:125] "storing operation" fqn="projects/shared-reservations-project/global/operations/operation-1787362343954-d053c75b-72f6-4a51-b33b-e0ec3f0603b0"
2026-08-22T01:32:33.6878574Z I0822 01:32:23.954950    4368 mockgcp_http.go:327] mockgcp response: POST https://compute.googleapis.com/compute/v1/projects/shared-reservations-project/global/routes => 200
2026-08-22T01:32:33.6881273Z I0822 01:32:23.955006    4368 mockgcp_http.go:298] mockgcp request: GET https://compute.googleapis.com/compute/v1/projects/shared-reservations-project/global/operations/operation-1787362343954-d053c75b-72f6-4a51-b33b-e0ec3f0603b0
2026-08-22T01:32:33.6886541Z I0822 01:32:23.955265    4368 mockgcp_http.go:327] mockgcp response: GET https://compute.googleapis.com/compute/v1/projects/shared-reservations-project/global/operations/operation-1787362343954-d053c75b-72f6-4a51-b33b-e0ec3f0603b0 => 200
2026-08-22T01:32:33.6889424Z I0822 01:32:23.955331    4368 mockgcp_http.go:298] mockgcp request: POST https://compute.googleapis.com/compute/v1/projects/shared-reservations-project/global/routes
2026-08-22T01:32:33.6891854Z I0822 01:32:23.955900    4368 operations.go:125] "storing operation" fqn="projects/shared-reservations-project/global/operations/operation-1787362343955-95c663cb-a703-48a9-8cf0-4c1c88ca6534"
2026-08-22T01:32:33.6894633Z I0822 01:32:23.956022    4368 mockgcp_http.go:327] mockgcp response: POST https://compute.googleapis.com/compute/v1/projects/shared-reservations-project/global/routes => 200
2026-08-22T01:32:33.6897378Z I0822 01:32:23.956088    4368 mockgcp_http.go:298] mockgcp request: GET https://compute.googleapis.com/compute/v1/projects/shared-reservations-project/global/operations/operation-1787362343955-95c663cb-a703-48a9-8cf0-4c1c88ca6534
2026-08-22T01:32:33.6900580Z I0822 01:32:23.956385    4368 mockgcp_http.go:327] mockgcp response: GET https://compute.googleapis.com/compute/v1/projects/shared-reservations-project/global/operations/operation-1787362343955-95c663cb-a703-48a9-8cf0-4c1c88ca6534 => 200
2026-08-22T01:32:33.6903652Z I0822 01:32:23.956461    4368 mockgcp_http.go:298] mockgcp request: POST https://compute.googleapis.com/compute/v1/projects/shared-reservations-project/global/routes
2026-08-22T01:32:33.6905856Z I0822 01:32:23.956917    4368 operations.go:125] "storing operation" fqn="projects/shared-reservations-project/global/operations/operation-1787362343956-fd24319a-f869-470a-a69e-f0616520729c"
2026-08-22T01:32:33.6908347Z I0822 01:32:23.957037    4368 mockgcp_http.go:327] mockgcp response: POST https://compute.googleapis.com/compute/v1/projects/shared-reservations-project/global/routes => 200
2026-08-22T01:32:33.6954354Z I0822 01:32:23.957110    4368 mockgcp_http.go:298] mockgcp request: GET https://compute.googleapis.com/compute/v1/projects/shared-reservations-project/global/operations/operation-1787362343956-fd24319a-f869-470a-a69e-f0616520729c
2026-08-22T01:32:33.6957537Z I0822 01:32:23.957599    4368 mockgcp_http.go:327] mockgcp response: GET https://compute.googleapis.com/compute/v1/projects/shared-reservations-project/global/operations/operation-1787362343956-fd24319a-f869-470a-a69e-f0616520729c => 200
2026-08-22T01:32:33.6960165Z I0822 01:32:23.957678    4368 mockgcp_http.go:298] mockgcp request: POST https://compute.googleapis.com/compute/v1/projects/shared-reservations-project/global/routes
2026-08-22T01:32:33.6962995Z I0822 01:32:23.958129    4368 operations.go:125] "storing operation" fqn="projects/shared-reservations-project/global/operations/operation-1787362343958-644eb75b-d1c3-4ee0-9690-3e0554c52570"
2026-08-22T01:32:33.6965839Z I0822 01:32:23.958236    4368 mockgcp_http.go:327] mockgcp response: POST https://compute.googleapis.com/compute/v1/projects/shared-reservations-project/global/routes => 200
2026-08-22T01:32:33.6968683Z I0822 01:32:23.958291    4368 mockgcp_http.go:298] mockgcp request: GET https://compute.googleapis.com/compute/v1/projects/shared-reservations-project/global/operations/operation-1787362343958-644eb75b-d1c3-4ee0-9690-3e0554c52570
2026-08-22T01:32:33.6971990Z I0822 01:32:23.958583    4368 mockgcp_http.go:327] mockgcp response: GET https://compute.googleapis.com/compute/v1/projects/shared-reservations-project/global/operations/operation-1787362343958-644eb75b-d1c3-4ee0-9690-3e0554c52570 => 200
2026-08-22T01:32:33.7035085Z I0822 01:32:23.958663    4368 mockgcp_http.go:298] mockgcp request: POST https://compute.googleapis.com/compute/v1/projects/shared-reservations-project/global/routes
2026-08-22T01:32:33.7037736Z I0822 01:32:23.959126    4368 operations.go:125] "storing operation" fqn="projects/shared-reservations-project/global/operations/operation-1787362343959-3a8246dd-e519-4582-bb06-78406c6d1de4"
2026-08-22T01:32:33.7040163Z I0822 01:32:23.959243    4368 mockgcp_http.go:327] mockgcp response: POST https://compute.googleapis.com/compute/v1/projects/shared-reservations-project/global/routes => 200
2026-08-22T01:32:33.7042888Z I0822 01:32:23.959329    4368 mockgcp_http.go:298] mockgcp request: GET https://compute.googleapis.com/compute/v1/projects/shared-reservations-project/global/operations/operation-1787362343959-3a8246dd-e519-4582-bb06-78406c6d1de4
2026-08-22T01:32:33.7046232Z I0822 01:32:23.959661    4368 mockgcp_http.go:327] mockgcp response: GET https://compute.googleapis.com/compute/v1/projects/shared-reservations-project/global/operations/operation-1787362343959-3a8246dd-e519-4582-bb06-78406c6d1de4 => 200
2026-08-22T01:32:33.7048870Z I0822 01:32:23.959740    4368 mockgcp_http.go:298] mockgcp request: POST https://compute.googleapis.com/compute/v1/projects/shared-reservations-project/global/routes
2026-08-22T01:32:33.7051218Z I0822 01:32:23.960181    4368 operations.go:125] "storing operation" fqn="projects/shared-reservations-project/global/operations/operation-1787362343960-937d34b1-3ce9-4bc6-bd44-b07955ef53b5"
2026-08-22T01:32:33.7053863Z I0822 01:32:23.960289    4368 mockgcp_http.go:327] mockgcp response: POST https://compute.googleapis.com/compute/v1/projects/shared-reservations-project/global/routes => 200
2026-08-22T01:32:33.7056607Z I0822 01:32:23.960378    4368 mockgcp_http.go:298] mockgcp request: GET https://compute.googleapis.com/compute/v1/projects/shared-reservations-project/global/operations/operation-1787362343960-937d34b1-3ce9-4bc6-bd44-b07955ef53b5
2026-08-22T01:32:33.7059629Z I0822 01:32:23.960741    4368 mockgcp_http.go:327] mockgcp response: GET https://compute.googleapis.com/compute/v1/projects/shared-reservations-project/global/operations/operation-1787362343960-937d34b1-3ce9-4bc6-bd44-b07955ef53b5 => 200
2026-08-22T01:32:33.7062270Z I0822 01:32:23.960840    4368 mockgcp_http.go:298] mockgcp request: POST https://compute.googleapis.com/compute/v1/projects/shared-reservations-project/global/routes
2026-08-22T01:32:33.7216140Z I0822 01:32:23.961298    4368 operations.go:125] "storing operation" fqn="projects/shared-reservations-project/global/operations/operation-1787362343961-8a83f4d9-f0ac-4bf4-b849-a30ae7d2d7f6"
2026-08-22T01:32:33.7218620Z I0822 01:32:23.961527    4368 mockgcp_http.go:327] mockgcp response: POST https://compute.googleapis.com/compute/v1/projects/shared-reservations-project/global/routes => 200
2026-08-22T01:32:33.7221367Z I0822 01:32:23.961630    4368 mockgcp_http.go:298] mockgcp request: GET https://compute.googleapis.com/compute/v1/projects/shared-reservations-project/global/operations/operation-1787362343961-8a83f4d9-f0ac-4bf4-b849-a30ae7d2d7f6
2026-08-22T01:32:33.7225744Z I0822 01:32:23.962161    4368 mockgcp_http.go:327] mockgcp response: GET https://compute.googleapis.com/compute/v1/projects/shared-reservations-project/global/operations/operation-1787362343961-8a83f4d9-f0ac-4bf4-b849-a30ae7d2d7f6 => 200
2026-08-22T01:32:33.7228465Z I0822 01:32:23.962228    4368 mockgcp_http.go:298] mockgcp request: POST https://compute.googleapis.com/compute/v1/projects/shared-reservations-project/global/routes
2026-08-22T01:32:33.7230957Z I0822 01:32:23.962556    4368 operations.go:125] "storing operation" fqn="projects/shared-reservations-project/global/operations/operation-1787362343962-414418eb-310b-40a9-8fea-e8160c87f73c"
2026-08-22T01:32:33.7233721Z I0822 01:32:23.962712    4368 mockgcp_http.go:327] mockgcp response: POST https://compute.googleapis.com/compute/v1/projects/shared-reservations-project/global/routes => 200
2026-08-22T01:32:33.7236724Z I0822 01:32:23.962786    4368 mockgcp_http.go:298] mockgcp request: GET https://compute.googleapis.com/compute/v1/projects/shared-reservations-project/global/operations/operation-1787362343962-414418eb-310b-40a9-8fea-e8160c87f73c
2026-08-22T01:32:33.7239858Z I0822 01:32:23.963012    4368 mockgcp_http.go:327] mockgcp response: GET https://compute.googleapis.com/compute/v1/projects/shared-reservations-project/global/operations/operation-1787362343962-414418eb-310b-40a9-8fea-e8160c87f73c => 200
2026-08-22T01:32:33.7242411Z I0822 01:32:23.963079    4368 mockgcp_http.go:298] mockgcp request: POST https://compute.googleapis.com/compute/v1/projects/shared-reservations-project/global/routes
2026-08-22T01:32:33.7415683Z I0822 01:32:23.963323    4368 operations.go:125] "storing operation" fqn="projects/shared-reservations-project/global/operations/operation-1787362343963-18f81582-8360-4c49-ad12-4cacc456a2db"
2026-08-22T01:32:33.7418049Z I0822 01:32:23.963497    4368 mockgcp_http.go:327] mockgcp response: POST https://compute.googleapis.com/compute/v1/projects/shared-reservations-project/global/routes => 200
2026-08-22T01:32:33.7420942Z I0822 01:32:23.963556    4368 mockgcp_http.go:298] mockgcp request: GET https://compute.googleapis.com/compute/v1/projects/shared-reservations-project/global/operations/operation-1787362343963-18f81582-8360-4c49-ad12-4cacc456a2db
2026-08-22T01:32:33.7424351Z I0822 01:32:23.963855    4368 mockgcp_http.go:327] mockgcp response: GET https://compute.googleapis.com/compute/v1/projects/shared-reservations-project/global/operations/operation-1787362343963-18f81582-8360-4c49-ad12-4cacc456a2db => 200
2026-08-22T01:32:33.7427045Z I0822 01:32:23.963915    4368 mockgcp_http.go:298] mockgcp request: POST https://compute.googleapis.com/compute/v1/projects/shared-reservations-project/global/routes
2026-08-22T01:32:33.7429597Z I0822 01:32:23.964271    4368 operations.go:125] "storing operation" fqn="projects/shared-reservations-project/global/operations/operation-1787362343964-bb582004-2281-480d-a700-77c85c652d31"
2026-08-22T01:32:33.7432191Z I0822 01:32:23.964417    4368 mockgcp_http.go:327] mockgcp response: POST https://compute.googleapis.com/compute/v1/projects/shared-reservations-project/global/routes => 200
2026-08-22T01:32:33.7525668Z I0822 01:32:23.964472    4368 mockgcp_http.go:298] mockgcp request: GET https://compute.googleapis.com/compute/v1/projects/shared-reservations-project/global/operations/operation-1787362343964-bb582004-2281-480d-a700-77c85c652d31
2026-08-22T01:32:33.7529526Z I0822 01:32:23.964769    4368 mockgcp_http.go:327] mockgcp response: GET https://compute.googleapis.com/compute/v1/projects/shared-reservations-project/global/operations/operation-1787362343964-bb582004-2281-480d-a700-77c85c652d31 => 200
2026-08-22T01:32:33.7532302Z I0822 01:32:23.964842    4368 mockgcp_http.go:298] mockgcp request: POST https://compute.googleapis.com/compute/v1/projects/shared-reservations-project/global/routes
2026-08-22T01:32:33.7535320Z I0822 01:32:23.965146    4368 operations.go:125] "storing operation" fqn="projects/shared-reservations-project/global/operations/operation-1787362343965-cc06054d-c732-4fba-992e-007ad5665ca0"
2026-08-22T01:32:33.7538038Z I0822 01:32:23.965237    4368 mockgcp_http.go:327] mockgcp response: POST https://compute.googleapis.com/compute/v1/projects/shared-reservations-project/global/routes => 200
2026-08-22T01:32:33.7711386Z I0822 01:32:23.965274    4368 mockgcp_http.go:298] mockgcp request: GET https://compute.googleapis.com/compute/v1/projects/shared-reservations-project/global/operations/operation-1787362343965-cc06054d-c732-4fba-992e-007ad5665ca0
2026-08-22T01:32:33.7714868Z I0822 01:32:23.965611    4368 mockgcp_http.go:327] mockgcp response: GET https://compute.googleapis.com/compute/v1/projects/shared-reservations-project/global/operations/operation-1787362343965-cc06054d-c732-4fba-992e-007ad5665ca0 => 200
2026-08-22T01:32:33.7717358Z I0822 01:32:23.965688    4368 mockgcp_http.go:298] mockgcp request: POST https://compute.googleapis.com/compute/v1/projects/shared-reservations-project/global/routes
2026-08-22T01:32:33.7719485Z I0822 01:32:23.966416    4368 operations.go:125] "storing operation" fqn="projects/shared-reservations-project/global/operations/operation-1787362343966-cdf94ab3-fc2b-460d-9707-d0cd25711917"
2026-08-22T01:32:33.7721718Z I0822 01:32:23.966539    4368 mockgcp_http.go:327] mockgcp response: POST https://compute.googleapis.com/compute/v1/projects/shared-reservations-project/global/routes => 200
2026-08-22T01:32:33.7805615Z I0822 01:32:23.967039    4368 mockgcp_http.go:298] mockgcp request: GET https://compute.googleapis.com/compute/v1/projects/shared-reservations-project/global/operations/operation-1787362343966-cdf94ab3-fc2b-460d-9707-d0cd25711917
2026-08-22T01:32:33.7808892Z I0822 01:32:23.967291    4368 mockgcp_http.go:327] mockgcp response: GET https://compute.googleapis.com/compute/v1/projects/shared-reservations-project/global/operations/operation-1787362343966-cdf94ab3-fc2b-460d-9707-d0cd25711917 => 200
2026-08-22T01:32:33.7811442Z I0822 01:32:23.967375    4368 mockgcp_http.go:298] mockgcp request: POST https://compute.googleapis.com/compute/v1/projects/shared-reservations-project/global/routes
2026-08-22T01:32:33.7813853Z I0822 01:32:23.967719    4368 operations.go:125] "storing operation" fqn="projects/shared-reservations-project/global/operations/operation-1787362343967-e43f1181-352c-45bc-9064-82c21b336861"
2026-08-22T01:32:33.7816210Z I0822 01:32:23.967830    4368 mockgcp_http.go:327] mockgcp response: POST https://compute.googleapis.com/compute/v1/projects/shared-reservations-project/global/routes => 200
2026-08-22T01:32:33.7818830Z I0822 01:32:23.967883    4368 mockgcp_http.go:298] mockgcp request: GET https://compute.googleapis.com/compute/v1/projects/shared-reservations-project/global/operations/operation-1787362343967-e43f1181-352c-45bc-9064-82c21b336861
2026-08-22T01:32:33.7821861Z I0822 01:32:23.968122    4368 mockgcp_http.go:327] mockgcp response: GET https://compute.googleapis.com/compute/v1/projects/shared-reservations-project/global/operations/operation-1787362343967-e43f1181-352c-45bc-9064-82c21b336861 => 200
2026-08-22T01:32:33.7824621Z I0822 01:32:23.968182    4368 mockgcp_http.go:298] mockgcp request: POST https://compute.googleapis.com/compute/v1/projects/shared-reservations-project/global/routes
2026-08-22T01:32:33.7826886Z I0822 01:32:23.968549    4368 operations.go:125] "storing operation" fqn="projects/shared-reservations-project/global/operations/operation-1787362343968-12a87c9f-6c43-4fb1-a436-fa925c084144"
2026-08-22T01:32:33.7829506Z I0822 01:32:23.968648    4368 mockgcp_http.go:327] mockgcp response: POST https://compute.googleapis.com/compute/v1/projects/shared-reservations-project/global/routes => 200
2026-08-22T01:32:33.7832077Z I0822 01:32:23.968702    4368 mockgcp_http.go:298] mockgcp request: GET https://compute.googleapis.com/compute/v1/projects/shared-reservations-project/global/operations/operation-1787362343968-12a87c9f-6c43-4fb1-a436-fa925c084144
2026-08-22T01:32:33.7945540Z I0822 01:32:23.968929    4368 mockgcp_http.go:327] mockgcp response: GET https://compute.googleapis.com/compute/v1/projects/shared-reservations-project/global/operations/operation-1787362343968-12a87c9f-6c43-4fb1-a436-fa925c084144 => 200
2026-08-22T01:32:33.7948751Z I0822 01:32:23.969014    4368 mockgcp_http.go:298] mockgcp request: POST https://compute.googleapis.com/compute/v1/projects/shared-reservations-project/global/routes
2026-08-22T01:32:33.7950932Z I0822 01:32:23.969290    4368 operations.go:125] "storing operation" fqn="projects/shared-reservations-project/global/operations/operation-1787362343969-dfd3d56c-d1f6-4c08-8918-c448a03eb03b"
2026-08-22T01:32:33.7953984Z I0822 01:32:23.969408    4368 mockgcp_http.go:327] mockgcp response: POST https://compute.googleapis.com/compute/v1/projects/shared-reservations-project/global/routes => 200
2026-08-22T01:32:33.7956721Z I0822 01:32:23.969458    4368 mockgcp_http.go:298] mockgcp request: GET https://compute.googleapis.com/compute/v1/projects/shared-reservations-project/global/operations/operation-1787362343969-dfd3d56c-d1f6-4c08-8918-c448a03eb03b
2026-08-22T01:32:33.7959523Z I0822 01:32:23.969710    4368 mockgcp_http.go:327] mockgcp response: GET https://compute.googleapis.com/compute/v1/projects/shared-reservations-project/global/operations/operation-1787362343969-dfd3d56c-d1f6-4c08-8918-c448a03eb03b => 200
2026-08-22T01:32:33.7961893Z I0822 01:32:23.969763    4368 mockgcp_http.go:298] mockgcp request: POST https://compute.googleapis.com/compute/v1/projects/shared-reservations-project/global/routes
2026-08-22T01:32:33.7964115Z I0822 01:32:23.970145    4368 operations.go:125] "storing operation" fqn="projects/shared-reservations-project/global/operations/operation-1787362343970-2872dbc0-06e4-45a5-9918-abe4334666a6"
2026-08-22T01:32:33.8024731Z I0822 01:32:23.970293    4368 mockgcp_http.go:327] mockgcp response: POST https://compute.googleapis.com/compute/v1/projects/shared-reservations-project/global/routes => 200
2026-08-22T01:32:33.8027332Z I0822 01:32:23.970373    4368 mockgcp_http.go:298] mockgcp request: GET https://compute.googleapis.com/compute/v1/projects/shared-reservations-project/global/operations/operation-1787362343970-2872dbc0-06e4-45a5-9918-abe4334666a6
2026-08-22T01:32:33.8030244Z I0822 01:32:23.970684    4368 mockgcp_http.go:327] mockgcp response: GET https://compute.googleapis.com/compute/v1/projects/shared-reservations-project/global/operations/operation-1787362343970-2872dbc0-06e4-45a5-9918-abe4334666a6 => 200
2026-08-22T01:32:33.8032668Z I0822 01:32:23.970751    4368 mockgcp_http.go:298] mockgcp request: POST https://compute.googleapis.com/compute/v1/projects/shared-reservations-project/global/routes
2026-08-22T01:32:33.8035214Z I0822 01:32:23.971081    4368 mockgcp_http.go:298] mockgcp request: GET https://compute.googleapis.com/compute/v1/projects/shared-reservations-project/global/operations/operation-1787362343891-6f5c11de-28a9-4507-9f72-1d8d02b31cbd
2026-08-22T01:32:33.8037683Z I0822 01:32:23.971086    4368 operations.go:125] "storing operation" fqn="projects/shared-reservations-project/global/operations/operation-1787362343971-508ad901-90b9-425c-8aa8-ff3be19475f2"
2026-08-22T01:32:33.8039773Z I0822 01:32:23.971460    4368 mockgcp_http.go:327] mockgcp response: POST https://compute.googleapis.com/compute/v1/projects/shared-reservations-project/global/routes => 200
2026-08-22T01:32:33.8042143Z I0822 01:32:23.971546    4368 mockgcp_http.go:327] mockgcp response: GET https://compute.googleapis.com/compute/v1/projects/shared-reservations-project/global/operations/operation-1787362343891-6f5c11de-28a9-4507-9f72-1d8d02b31cbd => 200
2026-08-22T01:32:33.8045512Z I0822 01:32:23.971599    4368 mockgcp_http.go:298] mockgcp request: GET https://compute.googleapis.com/compute/v1/projects/shared-reservations-project/global/operations/operation-1787362343971-508ad901-90b9-425c-8aa8-ff3be19475f2
2026-08-22T01:32:33.8048327Z I0822 01:32:23.971884    4368 mockgcp_http.go:327] mockgcp response: GET https://compute.googleapis.com/compute/v1/projects/shared-reservations-project/global/operations/operation-1787362343971-508ad901-90b9-425c-8aa8-ff3be19475f2 => 200
2026-08-22T01:32:33.8050670Z I0822 01:32:23.971939    4368 mockgcp_http.go:298] mockgcp request: POST https://compute.googleapis.com/compute/v1/projects/shared-reservations-project/global/routes
2026-08-22T01:32:33.8052926Z I0822 01:32:23.972311    4368 operations.go:125] "storing operation" fqn="projects/shared-reservations-project/global/operations/operation-1787362343972-cdbed9a1-653e-498d-bdf3-ccb3ba764f4f"
2026-08-22T01:32:33.8147690Z I0822 01:32:23.972462    4368 mockgcp_http.go:327] mockgcp response: POST https://compute.googleapis.com/compute/v1/projects/shared-reservations-project/global/routes => 200
2026-08-22T01:32:33.8150220Z I0822 01:32:23.972532    4368 mockgcp_http.go:298] mockgcp request: GET https://compute.googleapis.com/compute/v1/projects/shared-reservations-project/global/operations/operation-1787362343972-cdbed9a1-653e-498d-bdf3-ccb3ba764f4f
2026-08-22T01:32:33.8153135Z I0822 01:32:23.972891    4368 mockgcp_http.go:327] mockgcp response: GET https://compute.googleapis.com/compute/v1/projects/shared-reservations-project/global/operations/operation-1787362343972-cdbed9a1-653e-498d-bdf3-ccb3ba764f4f => 200
2026-08-22T01:32:33.8155883Z I0822 01:32:23.972954    4368 mockgcp_http.go:298] mockgcp request: POST https://compute.googleapis.com/compute/v1/projects/shared-reservations-project/global/routes
2026-08-22T01:32:33.8158068Z I0822 01:32:23.973251    4368 operations.go:125] "storing operation" fqn="projects/shared-reservations-project/global/operations/operation-1787362343973-1b33cf6d-c4e0-4569-825a-01ba96866407"
2026-08-22T01:32:33.8160259Z I0822 01:32:23.973406    4368 mockgcp_http.go:327] mockgcp response: POST https://compute.googleapis.com/compute/v1/projects/shared-reservations-project/global/routes => 200
2026-08-22T01:32:33.8162837Z I0822 01:32:23.973459    4368 mockgcp_http.go:298] mockgcp request: GET https://compute.googleapis.com/compute/v1/projects/shared-reservations-project/global/operations/operation-1787362343973-1b33cf6d-c4e0-4569-825a-01ba96866407
2026-08-22T01:32:33.8165903Z I0822 01:32:23.973717    4368 mockgcp_http.go:327] mockgcp response: GET https://compute.googleapis.com/compute/v1/projects/shared-reservations-project/global/operations/operation-1787362343973-1b33cf6d-c4e0-4569-825a-01ba96866407 => 200
2026-08-22T01:32:33.8168304Z I0822 01:32:23.973774    4368 mockgcp_http.go:298] mockgcp request: POST https://compute.googleapis.com/compute/v1/projects/shared-reservations-project/global/routes
2026-08-22T01:32:33.8170417Z I0822 01:32:23.974107    4368 operations.go:125] "storing operation" fqn="projects/shared-reservations-project/global/operations/operation-1787362343974-89cdea33-0ec3-4bca-85f7-9848cbd648ee"
2026-08-22T01:32:33.8172599Z I0822 01:32:23.974279    4368 mockgcp_http.go:327] mockgcp response: POST https://compute.googleapis.com/compute/v1/projects/shared-reservations-project/global/routes => 200
2026-08-22T01:32:33.8219473Z I0822 01:32:23.974333    4368 mockgcp_http.go:298] mockgcp request: GET https://compute.googleapis.com/compute/v1/projects/shared-reservations-project/global/operations/operation-1787362343974-89cdea33-0ec3-4bca-85f7-9848cbd648ee
2026-08-22T01:32:33.8222525Z I0822 01:32:23.974702    4368 mockgcp_http.go:327] mockgcp response: GET https://compute.googleapis.com/compute/v1/projects/shared-reservations-project/global/operations/operation-1787362343974-89cdea33-0ec3-4bca-85f7-9848cbd648ee => 200
2026-08-22T01:32:33.8284637Z I0822 01:32:24.035901    4368 mockgcp_http.go:298] mockgcp request: GET https://compute.googleapis.com/compute/v1/projects/shared-reservations-project/global/operations/operation-1787362343891-6f5c11de-28a9-4507-9f72-1d8d02b31cbd
2026-08-22T01:32:33.8287719Z I0822 01:32:24.036331    4368 mockgcp_http.go:327] mockgcp response: GET https://compute.googleapis.com/compute/v1/projects/shared-reservations-project/global/operations/operation-1787362343891-6f5c11de-28a9-4507-9f72-1d8d02b31cbd => 200
2026-08-22T01:32:33.8290217Z I0822 01:32:24.036630    4368 mockgcp_http.go:327] mockgcp response: POST https://cloudresourcemanager.googleapis.com/v1/projects?alt=json&prettyPrint=false => 200
2026-08-22T01:32:33.8292818Z I0822 01:32:24.137127    4368 mockgcp_http.go:298] mockgcp request: GET https://cloudresourcemanager.googleapis.com/v1/operations/operation-1787362344036-58294a76-c387-48d4-8801-581614ecd0a8?alt=json&prettyPrint=false
2026-08-22T01:32:33.8295827Z I0822 01:32:24.137274    4368 mockgcp_http.go:327] mockgcp response: GET https://cloudresourcemanager.googleapis.com/v1/operations/operation-1787362344036-58294a76-c387-48d4-8801-581614ecd0a8?alt=json&prettyPrint=false => 200
2026-08-22T01:32:33.8298333Z I0822 01:32:24.137332    4368 mockgcp_http.go:298] mockgcp request: GET https://cloudresourcemanager.googleapis.com/v1/projects/shared-reservations-project?alt=json&prettyPrint=false
2026-08-22T01:32:33.8300620Z I0822 01:32:24.137744    4368 mockgcp_http.go:327] mockgcp response: GET https://cloudresourcemanager.googleapis.com/v1/projects/shared-reservations-project?alt=json&prettyPrint=false => 200
2026-08-22T01:32:33.8302718Z I0822 01:32:24.137826    4368 mockgcp_http.go:298] mockgcp request: POST https://cloudresourcemanager.googleapis.com/v1/projects?alt=json&prettyPrint=false
2026-08-22T01:32:33.8355282Z I0822 01:32:24.138093    4368 mockgcp_http.go:298] mockgcp request: POST https://compute.googleapis.com/compute/v1/projects/kcc-identity-platform/global/networks
2026-08-22T01:32:33.8357393Z I0822 01:32:24.138443    4368 operations.go:125] "storing operation" fqn="projects/kcc-identity-platform/global/operations/operation-1787362344138-4668d129-1694-468a-a629-ae49ed188b70"
2026-08-22T01:32:33.8359520Z I0822 01:32:24.138552    4368 mockgcp_http.go:298] mockgcp request: POST https://compute.googleapis.com/compute/v1/projects/kcc-identity-platform/regions/us-central1/subnetworks
2026-08-22T01:32:33.8361539Z I0822 01:32:24.138574    4368 mockgcp_http.go:327] mockgcp response: POST https://compute.googleapis.com/compute/v1/projects/kcc-identity-platform/global/networks => 200
2026-08-22T01:32:33.8364097Z I0822 01:32:24.138642    4368 mockgcp_http.go:298] mockgcp request: GET https://compute.googleapis.com/compute/v1/projects/kcc-identity-platform/global/operations/operation-1787362344138-4668d129-1694-468a-a629-ae49ed188b70
2026-08-22T01:32:33.8366685Z I0822 01:32:24.138918    4368 operations.go:125] "storing operation" fqn="projects/kcc-identity-platform/regions/us-central1/operations/operation-1787362344138-90e08fc9-bd5a-470b-8a1c-7a37ca966cd8"
2026-08-22T01:32:33.8369340Z I0822 01:32:24.138927    4368 mockgcp_http.go:327] mockgcp response: GET https://compute.googleapis.com/compute/v1/projects/kcc-identity-platform/global/operations/operation-1787362344138-4668d129-1694-468a-a629-ae49ed188b70 => 200
2026-08-22T01:32:33.8371877Z I0822 01:32:24.139084    4368 mockgcp_http.go:327] mockgcp response: POST https://compute.googleapis.com/compute/v1/projects/kcc-identity-platform/regions/us-central1/subnetworks => 200
2026-08-22T01:32:33.8424110Z I0822 01:32:24.139128    4368 mockgcp_http.go:298] mockgcp request: GET https://compute.googleapis.com/compute/v1/projects/kcc-identity-platform/regions/us-central1/operations/operation-1787362344138-90e08fc9-bd5a-470b-8a1c-7a37ca966cd8
2026-08-22T01:32:33.8427252Z I0822 01:32:24.139407    4368 mockgcp_http.go:327] mockgcp response: GET https://compute.googleapis.com/compute/v1/projects/kcc-identity-platform/regions/us-central1/operations/operation-1787362344138-90e08fc9-bd5a-470b-8a1c-7a37ca966cd8 => 200
2026-08-22T01:32:33.8430171Z I0822 01:32:24.139468    4368 mockgcp_http.go:298] mockgcp request: POST https://compute.googleapis.com/compute/v1/projects/kcc-identity-platform/regions/europe-west1/subnetworks
2026-08-22T01:32:33.8432412Z I0822 01:32:24.139761    4368 operations.go:125] "storing operation" fqn="projects/kcc-identity-platform/regions/europe-west1/operations/operation-1787362344139-9afe284b-6f5d-44fd-b0da-41322ef0dd4b"
2026-08-22T01:32:33.8486378Z I0822 01:32:24.139870    4368 mockgcp_http.go:327] mockgcp response: POST https://compute.googleapis.com/compute/v1/projects/kcc-identity-platform/regions/europe-west1/subnetworks => 200
2026-08-22T01:32:33.8489326Z I0822 01:32:24.139924    4368 mockgcp_http.go:298] mockgcp request: GET https://compute.googleapis.com/compute/v1/projects/kcc-identity-platform/regions/europe-west1/operations/operation-1787362344139-9afe284b-6f5d-44fd-b0da-41322ef0dd4b
2026-08-22T01:32:33.8492377Z I0822 01:32:24.140170    4368 mockgcp_http.go:327] mockgcp response: GET https://compute.googleapis.com/compute/v1/projects/kcc-identity-platform/regions/europe-west1/operations/operation-1787362344139-9afe284b-6f5d-44fd-b0da-41322ef0dd4b => 200
2026-08-22T01:32:33.8495080Z I0822 01:32:24.140227    4368 mockgcp_http.go:298] mockgcp request: POST https://compute.googleapis.com/compute/v1/projects/kcc-identity-platform/regions/us-west1/subnetworks
2026-08-22T01:32:33.8497768Z I0822 01:32:24.140511    4368 operations.go:125] "storing operation" fqn="projects/kcc-identity-platform/regions/us-west1/operations/operation-1787362344140-a1339cda-d3ae-4d6a-bfa6-bfe3c2252ca3"
2026-08-22T01:32:33.8500052Z I0822 01:32:24.140610    4368 mockgcp_http.go:327] mockgcp response: POST https://compute.googleapis.com/compute/v1/projects/kcc-identity-platform/regions/us-west1/subnetworks => 200
2026-08-22T01:32:33.8502593Z I0822 01:32:24.140664    4368 mockgcp_http.go:298] mockgcp request: GET https://compute.googleapis.com/compute/v1/projects/kcc-identity-platform/regions/us-west1/operations/operation-1787362344140-a1339cda-d3ae-4d6a-bfa6-bfe3c2252ca3
2026-08-22T01:32:33.8505682Z I0822 01:32:24.140972    4368 mockgcp_http.go:327] mockgcp response: GET https://compute.googleapis.com/compute/v1/projects/kcc-identity-platform/regions/us-west1/operations/operation-1787362344140-a1339cda-d3ae-4d6a-bfa6-bfe3c2252ca3 => 200
2026-08-22T01:32:33.8528502Z I0822 01:32:24.141038    4368 mockgcp_http.go:298] mockgcp request: POST https://compute.googleapis.com/compute/v1/projects/kcc-identity-platform/regions/asia-east1/subnetworks
2026-08-22T01:32:33.8531224Z I0822 01:32:24.141311    4368 operations.go:125] "storing operation" fqn="projects/kcc-identity-platform/regions/asia-east1/operations/operation-1787362344141-86297834-4afb-4eb6-8242-8113b6b36cb4"
2026-08-22T01:32:33.8533836Z I0822 01:32:24.141447    4368 mockgcp_http.go:327] mockgcp response: POST https://compute.googleapis.com/compute/v1/projects/kcc-identity-platform/regions/asia-east1/subnetworks => 200
2026-08-22T01:32:33.8536929Z I0822 01:32:24.141502    4368 mockgcp_http.go:298] mockgcp request: GET https://compute.googleapis.com/compute/v1/projects/kcc-identity-platform/regions/asia-east1/operations/operation-1787362344141-86297834-4afb-4eb6-8242-8113b6b36cb4
2026-08-22T01:32:33.8540638Z I0822 01:32:24.141783    4368 mockgcp_http.go:327] mockgcp response: GET https://compute.googleapis.com/compute/v1/projects/kcc-identity-platform/regions/asia-east1/operations/operation-1787362344141-86297834-4afb-4eb6-8242-8113b6b36cb4 => 200
2026-08-22T01:32:33.8543693Z I0822 01:32:24.141856    4368 mockgcp_http.go:298] mockgcp request: POST https://compute.googleapis.com/compute/v1/projects/kcc-identity-platform/regions/us-east1/subnetworks
2026-08-22T01:32:33.8546618Z I0822 01:32:24.142123    4368 operations.go:125] "storing operation" fqn="projects/kcc-identity-platform/regions/us-east1/operations/operation-1787362344142-244e3e8c-3ca3-425c-8c23-03a04732b4e7"
2026-08-22T01:32:33.8550039Z I0822 01:32:24.142246    4368 mockgcp_http.go:327] mockgcp response: POST https://compute.googleapis.com/compute/v1/projects/kcc-identity-platform/regions/us-east1/subnetworks => 200
2026-08-22T01:32:33.8553302Z I0822 01:32:24.142295    4368 mockgcp_http.go:298] mockgcp request: GET https://compute.googleapis.com/compute/v1/projects/kcc-identity-platform/regions/us-east1/operations/operation-1787362344142-244e3e8c-3ca3-425c-8c23-03a04732b4e7
2026-08-22T01:32:33.8557414Z I0822 01:32:24.142592    4368 mockgcp_http.go:327] mockgcp response: GET https://compute.googleapis.com/compute/v1/projects/kcc-identity-platform/regions/us-east1/operations/operation-1787362344142-244e3e8c-3ca3-425c-8c23-03a04732b4e7 => 200
2026-08-22T01:32:33.8560585Z I0822 01:32:24.142656    4368 mockgcp_http.go:298] mockgcp request: POST https://compute.googleapis.com/compute/v1/projects/kcc-identity-platform/regions/asia-northeast1/subnetworks
2026-08-22T01:32:33.8563319Z I0822 01:32:24.142927    4368 operations.go:125] "storing operation" fqn="projects/kcc-identity-platform/regions/asia-northeast1/operations/operation-1787362344142-598957e4-f2d3-4443-8340-4f315ecfd255"
2026-08-22T01:32:33.8566702Z I0822 01:32:24.143050    4368 mockgcp_http.go:327] mockgcp response: POST https://compute.googleapis.com/compute/v1/projects/kcc-identity-platform/regions/asia-northeast1/subnetworks => 200
2026-08-22T01:32:33.8570327Z I0822 01:32:24.143105    4368 mockgcp_http.go:298] mockgcp request: GET https://compute.googleapis.com/compute/v1/projects/kcc-identity-platform/regions/asia-northeast1/operations/operation-1787362344142-598957e4-f2d3-4443-8340-4f315ecfd255
2026-08-22T01:32:33.8573769Z I0822 01:32:24.143397    4368 mockgcp_http.go:327] mockgcp response: GET https://compute.googleapis.com/compute/v1/projects/kcc-identity-platform/regions/asia-northeast1/operations/operation-1787362344142-598957e4-f2d3-4443-8340-4f315ecfd255 => 200
2026-08-22T01:32:33.8577295Z I0822 01:32:24.143438    4368 mockgcp_http.go:298] mockgcp request: POST https://compute.googleapis.com/compute/v1/projects/kcc-identity-platform/regions/asia-southeast1/subnetworks
2026-08-22T01:32:33.8580096Z I0822 01:32:24.143725    4368 operations.go:125] "storing operation" fqn="projects/kcc-identity-platform/regions/asia-southeast1/operations/operation-1787362344143-f9c73c90-be3d-4bab-ab74-f49ebf1e5714"
2026-08-22T01:32:33.8582964Z I0822 01:32:24.143819    4368 mockgcp_http.go:327] mockgcp response: POST https://compute.googleapis.com/compute/v1/projects/kcc-identity-platform/regions/asia-southeast1/subnetworks => 200
2026-08-22T01:32:33.8586331Z I0822 01:32:24.143874    4368 mockgcp_http.go:298] mockgcp request: GET https://compute.googleapis.com/compute/v1/projects/kcc-identity-platform/regions/asia-southeast1/operations/operation-1787362344143-f9c73c90-be3d-4bab-ab74-f49ebf1e5714
2026-08-22T01:32:33.8589802Z I0822 01:32:24.144137    4368 mockgcp_http.go:327] mockgcp response: GET https://compute.googleapis.com/compute/v1/projects/kcc-identity-platform/regions/asia-southeast1/operations/operation-1787362344143-f9c73c90-be3d-4bab-ab74-f49ebf1e5714 => 200
2026-08-22T01:32:33.8593156Z I0822 01:32:24.144201    4368 mockgcp_http.go:298] mockgcp request: POST https://compute.googleapis.com/compute/v1/projects/kcc-identity-platform/regions/us-east4/subnetworks
2026-08-22T01:32:33.8595909Z I0822 01:32:24.144525    4368 operations.go:125] "storing operation" fqn="projects/kcc-identity-platform/regions/us-east4/operations/operation-1787362344144-f3230c23-2890-4fe8-b27a-6390084b1a62"
2026-08-22T01:32:33.8598917Z I0822 01:32:24.144639    4368 mockgcp_http.go:327] mockgcp response: POST https://compute.googleapis.com/compute/v1/projects/kcc-identity-platform/regions/us-east4/subnetworks => 200
2026-08-22T01:32:33.8602220Z I0822 01:32:24.144690    4368 mockgcp_http.go:298] mockgcp request: GET https://compute.googleapis.com/compute/v1/projects/kcc-identity-platform/regions/us-east4/operations/operation-1787362344144-f3230c23-2890-4fe8-b27a-6390084b1a62
2026-08-22T01:32:33.8606671Z I0822 01:32:24.144947    4368 mockgcp_http.go:327] mockgcp response: GET https://compute.googleapis.com/compute/v1/projects/kcc-identity-platform/regions/us-east4/operations/operation-1787362344144-f3230c23-2890-4fe8-b27a-6390084b1a62 => 200
2026-08-22T01:32:33.8610415Z I0822 01:32:24.145011    4368 mockgcp_http.go:298] mockgcp request: POST https://compute.googleapis.com/compute/v1/projects/kcc-identity-platform/regions/australia-southeast1/subnetworks
2026-08-22T01:32:33.8613952Z I0822 01:32:24.145296    4368 operations.go:125] "storing operation" fqn="projects/kcc-identity-platform/regions/australia-southeast1/operations/operation-1787362344145-69a62c99-ad79-4da6-a482-a93b992e2517"
2026-08-22T01:32:33.8617190Z I0822 01:32:24.145413    4368 mockgcp_http.go:327] mockgcp response: POST https://compute.googleapis.com/compute/v1/projects/kcc-identity-platform/regions/australia-southeast1/subnetworks => 200
2026-08-22T01:32:33.8621021Z I0822 01:32:24.145481    4368 mockgcp_http.go:298] mockgcp request: GET https://compute.googleapis.com/compute/v1/projects/kcc-identity-platform/regions/australia-southeast1/operations/operation-1787362344145-69a62c99-ad79-4da6-a482-a93b992e2517
2026-08-22T01:32:33.8633939Z I0822 01:32:24.145750    4368 mockgcp_http.go:327] mockgcp response: GET https://compute.googleapis.com/compute/v1/projects/kcc-identity-platform/regions/australia-southeast1/operations/operation-1787362344145-69a62c99-ad79-4da6-a482-a93b992e2517 => 200
2026-08-22T01:32:33.8638513Z I0822 01:32:24.145817    4368 mockgcp_http.go:298] mockgcp request: POST https://compute.googleapis.com/compute/v1/projects/kcc-identity-platform/regions/europe-west2/subnetworks
2026-08-22T01:32:33.8642616Z I0822 01:32:24.146109    4368 operations.go:125] "storing operation" fqn="projects/kcc-identity-platform/regions/europe-west2/operations/operation-1787362344146-6b128b6f-73a0-4a3a-9169-94f3cc0efecc"
2026-08-22T01:32:33.8645200Z I0822 01:32:24.146249    4368 mockgcp_http.go:327] mockgcp response: POST https://compute.googleapis.com/compute/v1/projects/kcc-identity-platform/regions/europe-west2/subnetworks => 200
2026-08-22T01:32:33.8650483Z I0822 01:32:24.146307    4368 mockgcp_http.go:298] mockgcp request: GET https://compute.googleapis.com/compute/v1/projects/kcc-identity-platform/regions/europe-west2/operations/operation-1787362344146-6b128b6f-73a0-4a3a-9169-94f3cc0efecc
2026-08-22T01:32:33.8657442Z I0822 01:32:24.146596    4368 mockgcp_http.go:327] mockgcp response: GET https://compute.googleapis.com/compute/v1/projects/kcc-identity-platform/regions/europe-west2/operations/operation-1787362344146-6b128b6f-73a0-4a3a-9169-94f3cc0efecc => 200
2026-08-22T01:32:33.8676689Z I0822 01:32:24.146654    4368 mockgcp_http.go:298] mockgcp request: POST https://compute.googleapis.com/compute/v1/projects/kcc-identity-platform/regions/europe-west3/subnetworks
2026-08-22T01:32:33.8680897Z I0822 01:32:24.146937    4368 operations.go:125] "storing operation" fqn="projects/kcc-identity-platform/regions/europe-west3/operations/operation-1787362344146-20fd9db3-7ad2-4e3b-9789-10311cefe18e"
2026-08-22T01:32:33.8683769Z I0822 01:32:24.147064    4368 mockgcp_http.go:327] mockgcp response: POST https://compute.googleapis.com/compute/v1/projects/kcc-identity-platform/regions/europe-west3/subnetworks => 200
2026-08-22T01:32:33.8742525Z I0822 01:32:24.147118    4368 mockgcp_http.go:298] mockgcp request: GET https://compute.googleapis.com/compute/v1/projects/kcc-identity-platform/regions/europe-west3/operations/operation-1787362344146-20fd9db3-7ad2-4e3b-9789-10311cefe18e
2026-08-22T01:32:33.8746486Z I0822 01:32:24.147404    4368 mockgcp_http.go:327] mockgcp response: GET https://compute.googleapis.com/compute/v1/projects/kcc-identity-platform/regions/europe-west3/operations/operation-1787362344146-20fd9db3-7ad2-4e3b-9789-10311cefe18e => 200
2026-08-22T01:32:33.8749334Z I0822 01:32:24.147457    4368 mockgcp_http.go:298] mockgcp request: POST https://compute.googleapis.com/compute/v1/projects/kcc-identity-platform/regions/southamerica-east1/subnetworks
2026-08-22T01:32:33.8752207Z I0822 01:32:24.147708    4368 operations.go:125] "storing operation" fqn="projects/kcc-identity-platform/regions/southamerica-east1/operations/operation-1787362344147-d487d183-c60e-404d-abf9-caa12031b8bd"
2026-08-22T01:32:33.8755055Z I0822 01:32:24.147837    4368 mockgcp_http.go:327] mockgcp response: POST https://compute.googleapis.com/compute/v1/projects/kcc-identity-platform/regions/southamerica-east1/subnetworks => 200
2026-08-22T01:32:33.8757932Z I0822 01:32:24.147891    4368 mockgcp_http.go:298] mockgcp request: GET https://compute.googleapis.com/compute/v1/projects/kcc-identity-platform/regions/southamerica-east1/operations/operation-1787362344147-d487d183-c60e-404d-abf9-caa12031b8bd
2026-08-22T01:32:33.8794525Z I0822 01:32:24.148149    4368 mockgcp_http.go:327] mockgcp response: GET https://compute.googleapis.com/compute/v1/projects/kcc-identity-platform/regions/southamerica-east1/operations/operation-1787362344147-d487d183-c60e-404d-abf9-caa12031b8bd => 200
2026-08-22T01:32:33.8797406Z I0822 01:32:24.148223    4368 mockgcp_http.go:298] mockgcp request: POST https://compute.googleapis.com/compute/v1/projects/kcc-identity-platform/regions/asia-south1/subnetworks
2026-08-22T01:32:33.8799735Z I0822 01:32:24.148517    4368 operations.go:125] "storing operation" fqn="projects/kcc-identity-platform/regions/asia-south1/operations/operation-1787362344148-58860337-d7b5-4496-adbf-c9bdc12ea513"
2026-08-22T01:32:33.8802058Z I0822 01:32:24.148639    4368 mockgcp_http.go:327] mockgcp response: POST https://compute.googleapis.com/compute/v1/projects/kcc-identity-platform/regions/asia-south1/subnetworks => 200
2026-08-22T01:32:33.8804850Z I0822 01:32:24.148678    4368 mockgcp_http.go:298] mockgcp request: GET https://compute.googleapis.com/compute/v1/projects/kcc-identity-platform/regions/asia-south1/operations/operation-1787362344148-58860337-d7b5-4496-adbf-c9bdc12ea513
2026-08-22T01:32:33.8807824Z I0822 01:32:24.148960    4368 mockgcp_http.go:327] mockgcp response: GET https://compute.googleapis.com/compute/v1/projects/kcc-identity-platform/regions/asia-south1/operations/operation-1787362344148-58860337-d7b5-4496-adbf-c9bdc12ea513 => 200
2026-08-22T01:32:33.8810489Z I0822 01:32:24.149018    4368 mockgcp_http.go:298] mockgcp request: POST https://compute.googleapis.com/compute/v1/projects/kcc-identity-platform/regions/northamerica-northeast1/subnetworks
2026-08-22T01:32:33.8812926Z I0822 01:32:24.149288    4368 operations.go:125] "storing operation" fqn="projects/kcc-identity-platform/regions/northamerica-northeast1/operations/operation-1787362344149-594dadd1-7a98-46cc-ac23-527dc39f93fe"
2026-08-22T01:32:33.8815630Z I0822 01:32:24.149402    4368 mockgcp_http.go:327] mockgcp response: POST https://compute.googleapis.com/compute/v1/projects/kcc-identity-platform/regions/northamerica-northeast1/subnetworks => 200
2026-08-22T01:32:33.8818409Z I0822 01:32:24.149457    4368 mockgcp_http.go:298] mockgcp request: GET https://compute.googleapis.com/compute/v1/projects/kcc-identity-platform/regions/northamerica-northeast1/operations/operation-1787362344149-594dadd1-7a98-46cc-ac23-527dc39f93fe
2026-08-22T01:32:33.8821611Z I0822 01:32:24.149708    4368 mockgcp_http.go:327] mockgcp response: GET https://compute.googleapis.com/compute/v1/projects/kcc-identity-platform/regions/northamerica-northeast1/operations/operation-1787362344149-594dadd1-7a98-46cc-ac23-527dc39f93fe => 200
2026-08-22T01:32:33.8842241Z I0822 01:32:24.149771    4368 mockgcp_http.go:298] mockgcp request: POST https://compute.googleapis.com/compute/v1/projects/kcc-identity-platform/regions/europe-west4/subnetworks
2026-08-22T01:32:33.8845050Z I0822 01:32:24.150060    4368 operations.go:125] "storing operation" fqn="projects/kcc-identity-platform/regions/europe-west4/operations/operation-1787362344150-8629b139-34e6-44c2-b8d1-e616ed2ed9e4"
2026-08-22T01:32:33.8847405Z I0822 01:32:24.150156    4368 mockgcp_http.go:327] mockgcp response: POST https://compute.googleapis.com/compute/v1/projects/kcc-identity-platform/regions/europe-west4/subnetworks => 200
2026-08-22T01:32:33.8850483Z I0822 01:32:24.150216    4368 mockgcp_http.go:298] mockgcp request: GET https://compute.googleapis.com/compute/v1/projects/kcc-identity-platform/regions/europe-west4/operations/operation-1787362344150-8629b139-34e6-44c2-b8d1-e616ed2ed9e4
2026-08-22T01:32:33.8854270Z I0822 01:32:24.150551    4368 mockgcp_http.go:327] mockgcp response: GET https://compute.googleapis.com/compute/v1/projects/kcc-identity-platform/regions/europe-west4/operations/operation-1787362344150-8629b139-34e6-44c2-b8d1-e616ed2ed9e4 => 200
2026-08-22T01:32:33.8856961Z I0822 01:32:24.150608    4368 mockgcp_http.go:298] mockgcp request: POST https://compute.googleapis.com/compute/v1/projects/kcc-identity-platform/regions/europe-north1/subnetworks
2026-08-22T01:32:33.8859475Z I0822 01:32:24.150860    4368 operations.go:125] "storing operation" fqn="projects/kcc-identity-platform/regions/europe-north1/operations/operation-1787362344150-e10a6451-bef0-4cc0-a55f-e97363ebb77b"
2026-08-22T01:32:33.8861862Z I0822 01:32:24.150976    4368 mockgcp_http.go:327] mockgcp response: POST https://compute.googleapis.com/compute/v1/projects/kcc-identity-platform/regions/europe-north1/subnetworks => 200
2026-08-22T01:32:33.8864671Z I0822 01:32:24.151025    4368 mockgcp_http.go:298] mockgcp request: GET https://compute.googleapis.com/compute/v1/projects/kcc-identity-platform/regions/europe-north1/operations/operation-1787362344150-e10a6451-bef0-4cc0-a55f-e97363ebb77b
2026-08-22T01:32:33.8867705Z I0822 01:32:24.151310    4368 mockgcp_http.go:327] mockgcp response: GET https://compute.googleapis.com/compute/v1/projects/kcc-identity-platform/regions/europe-north1/operations/operation-1787362344150-e10a6451-bef0-4cc0-a55f-e97363ebb77b => 200
2026-08-22T01:32:33.8870266Z I0822 01:32:24.151404    4368 mockgcp_http.go:298] mockgcp request: POST https://compute.googleapis.com/compute/v1/projects/kcc-identity-platform/regions/us-west2/subnetworks
2026-08-22T01:32:33.8872534Z I0822 01:32:24.151666    4368 operations.go:125] "storing operation" fqn="projects/kcc-identity-platform/regions/us-west2/operations/operation-1787362344151-116cde8b-91a5-479a-b45b-b27941958187"
2026-08-22T01:32:33.8875003Z I0822 01:32:24.151768    4368 mockgcp_http.go:327] mockgcp response: POST https://compute.googleapis.com/compute/v1/projects/kcc-identity-platform/regions/us-west2/subnetworks => 200
2026-08-22T01:32:33.8877547Z I0822 01:32:24.151810    4368 mockgcp_http.go:298] mockgcp request: GET https://compute.googleapis.com/compute/v1/projects/kcc-identity-platform/regions/us-west2/operations/operation-1787362344151-116cde8b-91a5-479a-b45b-b27941958187
2026-08-22T01:32:33.8880474Z I0822 01:32:24.152090    4368 mockgcp_http.go:327] mockgcp response: GET https://compute.googleapis.com/compute/v1/projects/kcc-identity-platform/regions/us-west2/operations/operation-1787362344151-116cde8b-91a5-479a-b45b-b27941958187 => 200
2026-08-22T01:32:33.8883000Z I0822 01:32:24.152167    4368 mockgcp_http.go:298] mockgcp request: POST https://compute.googleapis.com/compute/v1/projects/kcc-identity-platform/regions/asia-east2/subnetworks
2026-08-22T01:32:33.8885545Z I0822 01:32:24.152483    4368 operations.go:125] "storing operation" fqn="projects/kcc-identity-platform/regions/asia-east2/operations/operation-1787362344152-40125827-56d8-407f-92f4-24fbf49a3745"
2026-08-22T01:32:33.8887873Z I0822 01:32:24.152610    4368 mockgcp_http.go:327] mockgcp response: POST https://compute.googleapis.com/compute/v1/projects/kcc-identity-platform/regions/asia-east2/subnetworks => 200
2026-08-22T01:32:33.8890267Z I0822 01:32:24.152661    4368 mockgcp_http.go:298] mockgcp request: GET https://compute.googleapis.com/compute/v1/projects/kcc-identity-platform/regions/asia-east2/operations/operation-1787362344152-40125827-56d8-407f-92f4-24fbf49a3745
2026-08-22T01:32:33.8893058Z I0822 01:32:24.152947    4368 mockgcp_http.go:327] mockgcp response: GET https://compute.googleapis.com/compute/v1/projects/kcc-identity-platform/regions/asia-east2/operations/operation-1787362344152-40125827-56d8-407f-92f4-24fbf49a3745 => 200
2026-08-22T01:32:33.8897646Z I0822 01:32:24.153009    4368 mockgcp_http.go:298] mockgcp request: POST https://compute.googleapis.com/compute/v1/projects/kcc-identity-platform/regions/europe-west6/subnetworks
2026-08-22T01:32:33.8899988Z I0822 01:32:24.153283    4368 operations.go:125] "storing operation" fqn="projects/kcc-identity-platform/regions/europe-west6/operations/operation-1787362344153-acae8e06-2284-4d5b-847d-5845026fe409"
2026-08-22T01:32:33.8902379Z I0822 01:32:24.153426    4368 mockgcp_http.go:327] mockgcp response: POST https://compute.googleapis.com/compute/v1/projects/kcc-identity-platform/regions/europe-west6/subnetworks => 200
2026-08-22T01:32:33.8905277Z I0822 01:32:24.153483    4368 mockgcp_http.go:298] mockgcp request: GET https://compute.googleapis.com/compute/v1/projects/kcc-identity-platform/regions/europe-west6/operations/operation-1787362344153-acae8e06-2284-4d5b-847d-5845026fe409
2026-08-22T01:32:33.8908599Z I0822 01:32:24.153778    4368 mockgcp_http.go:327] mockgcp response: GET https://compute.googleapis.com/compute/v1/projects/kcc-identity-platform/regions/europe-west6/operations/operation-1787362344153-acae8e06-2284-4d5b-847d-5845026fe409 => 200
2026-08-22T01:32:33.8911286Z I0822 01:32:24.153839    4368 mockgcp_http.go:298] mockgcp request: POST https://compute.googleapis.com/compute/v1/projects/kcc-identity-platform/regions/asia-northeast2/subnetworks
2026-08-22T01:32:33.8913934Z I0822 01:32:24.154129    4368 operations.go:125] "storing operation" fqn="projects/kcc-identity-platform/regions/asia-northeast2/operations/operation-1787362344154-1e22d54f-7ebb-41ba-9adb-23fca3a1f48f"
2026-08-22T01:32:33.8916242Z I0822 01:32:24.154253    4368 mockgcp_http.go:327] mockgcp response: POST https://compute.googleapis.com/compute/v1/projects/kcc-identity-platform/regions/asia-northeast2/subnetworks => 200
2026-08-22T01:32:33.8918695Z I0822 01:32:24.154319    4368 mockgcp_http.go:298] mockgcp request: GET https://compute.googleapis.com/compute/v1/projects/kcc-identity-platform/regions/asia-northeast2/operations/operation-1787362344154-1e22d54f-7ebb-41ba-9adb-23fca3a1f48f
2026-08-22T01:32:33.8921424Z I0822 01:32:24.154844    4368 mockgcp_http.go:327] mockgcp response: GET https://compute.googleapis.com/compute/v1/projects/kcc-identity-platform/regions/asia-northeast2/operations/operation-1787362344154-1e22d54f-7ebb-41ba-9adb-23fca3a1f48f => 200
2026-08-22T01:32:33.8923894Z I0822 01:32:24.154913    4368 mockgcp_http.go:298] mockgcp request: POST https://compute.googleapis.com/compute/v1/projects/kcc-identity-platform/regions/asia-northeast3/subnetworks
2026-08-22T01:32:33.8925891Z I0822 01:32:24.155204    4368 operations.go:125] "storing operation" fqn="projects/kcc-identity-platform/regions/asia-northeast3/operations/operation-1787362344155-541815c6-3be3-45df-a99d-737f11a0e0f2"
2026-08-22T01:32:33.8928035Z I0822 01:32:24.155361    4368 mockgcp_http.go:327] mockgcp response: POST https://compute.googleapis.com/compute/v1/projects/kcc-identity-platform/regions/asia-northeast3/subnetworks => 200
2026-08-22T01:32:33.8930354Z I0822 01:32:24.155430    4368 mockgcp_http.go:298] mockgcp request: GET https://compute.googleapis.com/compute/v1/projects/kcc-identity-platform/regions/asia-northeast3/operations/operation-1787362344155-541815c6-3be3-45df-a99d-737f11a0e0f2
2026-08-22T01:32:33.8932986Z I0822 01:32:24.155730    4368 mockgcp_http.go:327] mockgcp response: GET https://compute.googleapis.com/compute/v1/projects/kcc-identity-platform/regions/asia-northeast3/operations/operation-1787362344155-541815c6-3be3-45df-a99d-737f11a0e0f2 => 200
2026-08-22T01:32:33.8936408Z I0822 01:32:24.155795    4368 mockgcp_http.go:298] mockgcp request: POST https://compute.googleapis.com/compute/v1/projects/kcc-identity-platform/regions/us-west3/subnetworks
2026-08-22T01:32:33.8938777Z I0822 01:32:24.156066    4368 operations.go:125] "storing operation" fqn="projects/kcc-identity-platform/regions/us-west3/operations/operation-1787362344156-b780ec2a-64b2-4706-9fb6-c6d6dad9b629"
2026-08-22T01:32:33.8941007Z I0822 01:32:24.156156    4368 mockgcp_http.go:327] mockgcp response: POST https://compute.googleapis.com/compute/v1/projects/kcc-identity-platform/regions/us-west3/subnetworks => 200
2026-08-22T01:32:33.8944026Z I0822 01:32:24.156206    4368 mockgcp_http.go:298] mockgcp request: GET https://compute.googleapis.com/compute/v1/projects/kcc-identity-platform/regions/us-west3/operations/operation-1787362344156-b780ec2a-64b2-4706-9fb6-c6d6dad9b629
2026-08-22T01:32:33.8947008Z I0822 01:32:24.156558    4368 mockgcp_http.go:327] mockgcp response: GET https://compute.googleapis.com/compute/v1/projects/kcc-identity-platform/regions/us-west3/operations/operation-1787362344156-b780ec2a-64b2-4706-9fb6-c6d6dad9b629 => 200
2026-08-22T01:32:33.8949498Z I0822 01:32:24.156619    4368 mockgcp_http.go:298] mockgcp request: POST https://compute.googleapis.com/compute/v1/projects/kcc-identity-platform/regions/us-west4/subnetworks
2026-08-22T01:32:33.8951903Z I0822 01:32:24.156915    4368 operations.go:125] "storing operation" fqn="projects/kcc-identity-platform/regions/us-west4/operations/operation-1787362344156-f53614a7-fbc4-46ee-b8ee-02e5f6e219d4"
2026-08-22T01:32:33.8954304Z I0822 01:32:24.157053    4368 mockgcp_http.go:327] mockgcp response: POST https://compute.googleapis.com/compute/v1/projects/kcc-identity-platform/regions/us-west4/subnetworks => 200
2026-08-22T01:32:33.8956738Z I0822 01:32:24.157106    4368 mockgcp_http.go:298] mockgcp request: GET https://compute.googleapis.com/compute/v1/projects/kcc-identity-platform/regions/us-west4/operations/operation-1787362344156-f53614a7-fbc4-46ee-b8ee-02e5f6e219d4
2026-08-22T01:32:33.8959767Z I0822 01:32:24.157372    4368 mockgcp_http.go:327] mockgcp response: GET https://compute.googleapis.com/compute/v1/projects/kcc-identity-platform/regions/us-west4/operations/operation-1787362344156-f53614a7-fbc4-46ee-b8ee-02e5f6e219d4 => 200
2026-08-22T01:32:33.8962407Z I0822 01:32:24.157416    4368 mockgcp_http.go:298] mockgcp request: POST https://compute.googleapis.com/compute/v1/projects/kcc-identity-platform/regions/asia-southeast2/subnetworks
2026-08-22T01:32:33.8966220Z I0822 01:32:24.157678    4368 operations.go:125] "storing operation" fqn="projects/kcc-identity-platform/regions/asia-southeast2/operations/operation-1787362344157-d257c425-5a67-479d-b279-fcbdc2f6b992"
2026-08-22T01:32:33.8969364Z I0822 01:32:24.157776    4368 mockgcp_http.go:327] mockgcp response: POST https://compute.googleapis.com/compute/v1/projects/kcc-identity-platform/regions/asia-southeast2/subnetworks => 200
2026-08-22T01:32:33.8972929Z I0822 01:32:24.157833    4368 mockgcp_http.go:298] mockgcp request: GET https://compute.googleapis.com/compute/v1/projects/kcc-identity-platform/regions/asia-southeast2/operations/operation-1787362344157-d257c425-5a67-479d-b279-fcbdc2f6b992
2026-08-22T01:32:33.8977315Z I0822 01:32:24.158076    4368 mockgcp_http.go:327] mockgcp response: GET https://compute.googleapis.com/compute/v1/projects/kcc-identity-platform/regions/asia-southeast2/operations/operation-1787362344157-d257c425-5a67-479d-b279-fcbdc2f6b992 => 200
2026-08-22T01:32:33.8980688Z I0822 01:32:24.158124    4368 mockgcp_http.go:298] mockgcp request: POST https://compute.googleapis.com/compute/v1/projects/kcc-identity-platform/regions/europe-central2/subnetworks
2026-08-22T01:32:33.8983271Z I0822 01:32:24.158376    4368 operations.go:125] "storing operation" fqn="projects/kcc-identity-platform/regions/europe-central2/operations/operation-1787362344158-97b58d4d-38e5-4c25-90ab-79d4abc46314"
2026-08-22T01:32:33.8985941Z I0822 01:32:24.158528    4368 mockgcp_http.go:327] mockgcp response: POST https://compute.googleapis.com/compute/v1/projects/kcc-identity-platform/regions/europe-central2/subnetworks => 200
2026-08-22T01:32:33.8988744Z I0822 01:32:24.158594    4368 mockgcp_http.go:298] mockgcp request: GET https://compute.googleapis.com/compute/v1/projects/kcc-identity-platform/regions/europe-central2/operations/operation-1787362344158-97b58d4d-38e5-4c25-90ab-79d4abc46314
2026-08-22T01:32:33.8991970Z I0822 01:32:24.158890    4368 mockgcp_http.go:327] mockgcp response: GET https://compute.googleapis.com/compute/v1/projects/kcc-identity-platform/regions/europe-central2/operations/operation-1787362344158-97b58d4d-38e5-4c25-90ab-79d4abc46314 => 200
2026-08-22T01:32:33.8995493Z I0822 01:32:24.158952    4368 mockgcp_http.go:298] mockgcp request: POST https://compute.googleapis.com/compute/v1/projects/kcc-identity-platform/regions/northamerica-northeast2/subnetworks
2026-08-22T01:32:33.8998075Z I0822 01:32:24.159311    4368 operations.go:125] "storing operation" fqn="projects/kcc-identity-platform/regions/northamerica-northeast2/operations/operation-1787362344159-6cd5bd6c-254e-4714-8133-b31571191a91"
2026-08-22T01:32:33.9000600Z I0822 01:32:24.159468    4368 mockgcp_http.go:327] mockgcp response: POST https://compute.googleapis.com/compute/v1/projects/kcc-identity-platform/regions/northamerica-northeast2/subnetworks => 200
2026-08-22T01:32:33.9003817Z I0822 01:32:24.159531    4368 mockgcp_http.go:298] mockgcp request: GET https://compute.googleapis.com/compute/v1/projects/kcc-identity-platform/regions/northamerica-northeast2/operations/operation-1787362344159-6cd5bd6c-254e-4714-8133-b31571191a91
2026-08-22T01:32:33.9007350Z I0822 01:32:24.159868    4368 mockgcp_http.go:327] mockgcp response: GET https://compute.googleapis.com/compute/v1/projects/kcc-identity-platform/regions/northamerica-northeast2/operations/operation-1787362344159-6cd5bd6c-254e-4714-8133-b31571191a91 => 200
2026-08-22T01:32:33.9010007Z I0822 01:32:24.159932    4368 mockgcp_http.go:298] mockgcp request: POST https://compute.googleapis.com/compute/v1/projects/kcc-identity-platform/regions/asia-south2/subnetworks
2026-08-22T01:32:33.9012238Z I0822 01:32:24.160251    4368 operations.go:125] "storing operation" fqn="projects/kcc-identity-platform/regions/asia-south2/operations/operation-1787362344160-5d323d51-c470-4338-9349-885d79021fea"
2026-08-22T01:32:33.9014720Z I0822 01:32:24.160411    4368 mockgcp_http.go:327] mockgcp response: POST https://compute.googleapis.com/compute/v1/projects/kcc-identity-platform/regions/asia-south2/subnetworks => 200
2026-08-22T01:32:33.9017686Z I0822 01:32:24.160464    4368 mockgcp_http.go:298] mockgcp request: GET https://compute.googleapis.com/compute/v1/projects/kcc-identity-platform/regions/asia-south2/operations/operation-1787362344160-5d323d51-c470-4338-9349-885d79021fea
2026-08-22T01:32:33.9020613Z I0822 01:32:24.160787    4368 mockgcp_http.go:327] mockgcp response: GET https://compute.googleapis.com/compute/v1/projects/kcc-identity-platform/regions/asia-south2/operations/operation-1787362344160-5d323d51-c470-4338-9349-885d79021fea => 200
2026-08-22T01:32:33.9023181Z I0822 01:32:24.160847    4368 mockgcp_http.go:298] mockgcp request: POST https://compute.googleapis.com/compute/v1/projects/kcc-identity-platform/regions/australia-southeast2/subnetworks
2026-08-22T01:32:33.9026941Z I0822 01:32:24.161147    4368 operations.go:125] "storing operation" fqn="projects/kcc-identity-platform/regions/australia-southeast2/operations/operation-1787362344161-d11fed66-0d3a-4b86-a30f-182f3a3513a7"
2026-08-22T01:32:33.9029633Z I0822 01:32:24.161345    4368 mockgcp_http.go:327] mockgcp response: POST https://compute.googleapis.com/compute/v1/projects/kcc-identity-platform/regions/australia-southeast2/subnetworks => 200
2026-08-22T01:32:33.9095059Z I0822 01:32:24.161398    4368 mockgcp_http.go:298] mockgcp request: GET https://compute.googleapis.com/compute/v1/projects/kcc-identity-platform/regions/australia-southeast2/operations/operation-1787362344161-d11fed66-0d3a-4b86-a30f-182f3a3513a7
2026-08-22T01:32:33.9098414Z I0822 01:32:24.161700    4368 mockgcp_http.go:327] mockgcp response: GET https://compute.googleapis.com/compute/v1/projects/kcc-identity-platform/regions/australia-southeast2/operations/operation-1787362344161-d11fed66-0d3a-4b86-a30f-182f3a3513a7 => 200
2026-08-22T01:32:33.9101239Z I0822 01:32:24.161759    4368 mockgcp_http.go:298] mockgcp request: POST https://compute.googleapis.com/compute/v1/projects/kcc-identity-platform/regions/southamerica-west1/subnetworks
2026-08-22T01:32:33.9135570Z I0822 01:32:24.162105    4368 operations.go:125] "storing operation" fqn="projects/kcc-identity-platform/regions/southamerica-west1/operations/operation-1787362344162-772b5f98-eed9-4403-81cc-60f925d61bb6"
2026-08-22T01:32:33.9138666Z I0822 01:32:24.162239    4368 mockgcp_http.go:327] mockgcp response: POST https://compute.googleapis.com/compute/v1/projects/kcc-identity-platform/regions/southamerica-west1/subnetworks => 200
2026-08-22T01:32:33.9141458Z I0822 01:32:24.162303    4368 mockgcp_http.go:298] mockgcp request: GET https://compute.googleapis.com/compute/v1/projects/kcc-identity-platform/regions/southamerica-west1/operations/operation-1787362344162-772b5f98-eed9-4403-81cc-60f925d61bb6
2026-08-22T01:32:33.9145106Z I0822 01:32:24.162612    4368 mockgcp_http.go:327] mockgcp response: GET https://compute.googleapis.com/compute/v1/projects/kcc-identity-platform/regions/southamerica-west1/operations/operation-1787362344162-772b5f98-eed9-4403-81cc-60f925d61bb6 => 200
2026-08-22T01:32:33.9147820Z I0822 01:32:24.162664    4368 mockgcp_http.go:298] mockgcp request: POST https://compute.googleapis.com/compute/v1/projects/kcc-identity-platform/regions/europe-west8/subnetworks
2026-08-22T01:32:33.9150136Z I0822 01:32:24.162925    4368 operations.go:125] "storing operation" fqn="projects/kcc-identity-platform/regions/europe-west8/operations/operation-1787362344162-8dfcfd05-70f7-4a40-858f-e0a25c127ef9"
2026-08-22T01:32:33.9151499Z I0822 01:32:24.163031    4368 mockgcp_http.go:327] mockgcp response: POST https://compute.googleapis.com/compute/v1/projects/kcc-identity-platform/regions/europe-west8/subnetworks => 200
2026-08-22T01:32:33.9152980Z I0822 01:32:24.163089    4368 mockgcp_http.go:298] mockgcp request: GET https://compute.googleapis.com/compute/v1/projects/kcc-identity-platform/regions/europe-west8/operations/operation-1787362344162-8dfcfd05-70f7-4a40-858f-e0a25c127ef9
2026-08-22T01:32:33.9155012Z I0822 01:32:24.163363    4368 mockgcp_http.go:327] mockgcp response: GET https://compute.googleapis.com/compute/v1/projects/kcc-identity-platform/regions/europe-west8/operations/operation-1787362344162-8dfcfd05-70f7-4a40-858f-e0a25c127ef9 => 200
2026-08-22T01:32:33.9156480Z I0822 01:32:24.163450    4368 mockgcp_http.go:298] mockgcp request: POST https://compute.googleapis.com/compute/v1/projects/kcc-identity-platform/regions/europe-west9/subnetworks
2026-08-22T01:32:33.9157746Z I0822 01:32:24.163708    4368 operations.go:125] "storing operation" fqn="projects/kcc-identity-platform/regions/europe-west9/operations/operation-1787362344163-d771de4c-9665-4e39-b6fa-f59d530bb8cb"
2026-08-22T01:32:33.9159043Z I0822 01:32:24.163853    4368 mockgcp_http.go:327] mockgcp response: POST https://compute.googleapis.com/compute/v1/projects/kcc-identity-platform/regions/europe-west9/subnetworks => 200
2026-08-22T01:32:33.9160492Z I0822 01:32:24.163914    4368 mockgcp_http.go:298] mockgcp request: GET https://compute.googleapis.com/compute/v1/projects/kcc-identity-platform/regions/europe-west9/operations/operation-1787362344163-d771de4c-9665-4e39-b6fa-f59d530bb8cb
2026-08-22T01:32:33.9162198Z I0822 01:32:24.164214    4368 mockgcp_http.go:327] mockgcp response: GET https://compute.googleapis.com/compute/v1/projects/kcc-identity-platform/regions/europe-west9/operations/operation-1787362344163-d771de4c-9665-4e39-b6fa-f59d530bb8cb => 200
2026-08-22T01:32:33.9224231Z I0822 01:32:24.164262    4368 mockgcp_http.go:298] mockgcp request: POST https://compute.googleapis.com/compute/v1/projects/kcc-identity-platform/regions/us-east5/subnetworks
2026-08-22T01:32:33.9226690Z I0822 01:32:24.164576    4368 operations.go:125] "storing operation" fqn="projects/kcc-identity-platform/regions/us-east5/operations/operation-1787362344164-f1a86030-bde0-4a2e-ae08-c35959e685f9"
2026-08-22T01:32:33.9229764Z I0822 01:32:24.164678    4368 mockgcp_http.go:327] mockgcp response: POST https://compute.googleapis.com/compute/v1/projects/kcc-identity-platform/regions/us-east5/subnetworks => 200
2026-08-22T01:32:33.9232352Z I0822 01:32:24.164730    4368 mockgcp_http.go:298] mockgcp request: GET https://compute.googleapis.com/compute/v1/projects/kcc-identity-platform/regions/us-east5/operations/operation-1787362344164-f1a86030-bde0-4a2e-ae08-c35959e685f9
2026-08-22T01:32:33.9235848Z I0822 01:32:24.165020    4368 mockgcp_http.go:327] mockgcp response: GET https://compute.googleapis.com/compute/v1/projects/kcc-identity-platform/regions/us-east5/operations/operation-1787362344164-f1a86030-bde0-4a2e-ae08-c35959e685f9 => 200
2026-08-22T01:32:33.9274024Z I0822 01:32:24.165076    4368 mockgcp_http.go:298] mockgcp request: POST https://compute.googleapis.com/compute/v1/projects/kcc-identity-platform/regions/europe-southwest1/subnetworks
2026-08-22T01:32:33.9276566Z I0822 01:32:24.165360    4368 operations.go:125] "storing operation" fqn="projects/kcc-identity-platform/regions/europe-southwest1/operations/operation-1787362344165-0f1bbaa3-c40f-4663-a2f4-21f6a1f5c3d5"
2026-08-22T01:32:33.9279473Z I0822 01:32:24.165474    4368 mockgcp_http.go:327] mockgcp response: POST https://compute.googleapis.com/compute/v1/projects/kcc-identity-platform/regions/europe-southwest1/subnetworks => 200
2026-08-22T01:32:33.9282253Z I0822 01:32:24.165542    4368 mockgcp_http.go:298] mockgcp request: GET https://compute.googleapis.com/compute/v1/projects/kcc-identity-platform/regions/europe-southwest1/operations/operation-1787362344165-0f1bbaa3-c40f-4663-a2f4-21f6a1f5c3d5
2026-08-22T01:32:33.9327635Z I0822 01:32:24.165816    4368 mockgcp_http.go:327] mockgcp response: GET https://compute.googleapis.com/compute/v1/projects/kcc-identity-platform/regions/europe-southwest1/operations/operation-1787362344165-0f1bbaa3-c40f-4663-a2f4-21f6a1f5c3d5 => 200
2026-08-22T01:32:33.9330320Z I0822 01:32:24.165897    4368 mockgcp_http.go:298] mockgcp request: POST https://compute.googleapis.com/compute/v1/projects/kcc-identity-platform/regions/us-south1/subnetworks
2026-08-22T01:32:33.9332617Z I0822 01:32:24.166204    4368 operations.go:125] "storing operation" fqn="projects/kcc-identity-platform/regions/us-south1/operations/operation-1787362344166-e585903a-6969-4d00-945b-fb108f092228"
2026-08-22T01:32:33.9335156Z I0822 01:32:24.166377    4368 mockgcp_http.go:327] mockgcp response: POST https://compute.googleapis.com/compute/v1/projects/kcc-identity-platform/regions/us-south1/subnetworks => 200
2026-08-22T01:32:33.9337738Z I0822 01:32:24.166461    4368 mockgcp_http.go:298] mockgcp request: GET https://compute.googleapis.com/compute/v1/projects/kcc-identity-platform/regions/us-south1/operations/operation-1787362344166-e585903a-6969-4d00-945b-fb108f092228
2026-08-22T01:32:33.9340770Z I0822 01:32:24.166759    4368 mockgcp_http.go:327] mockgcp response: GET https://compute.googleapis.com/compute/v1/projects/kcc-identity-platform/regions/us-south1/operations/operation-1787362344166-e585903a-6969-4d00-945b-fb108f092228 => 200
2026-08-22T01:32:33.9343361Z I0822 01:32:24.166807    4368 mockgcp_http.go:298] mockgcp request: POST https://compute.googleapis.com/compute/v1/projects/kcc-identity-platform/regions/me-west1/subnetworks
2026-08-22T01:32:33.9345843Z I0822 01:32:24.167072    4368 operations.go:125] "storing operation" fqn="projects/kcc-identity-platform/regions/me-west1/operations/operation-1787362344167-80e1098e-9aa6-4284-b7ca-86936435b19c"
2026-08-22T01:32:33.9348128Z I0822 01:32:24.167214    4368 mockgcp_http.go:327] mockgcp response: POST https://compute.googleapis.com/compute/v1/projects/kcc-identity-platform/regions/me-west1/subnetworks => 200
2026-08-22T01:32:33.9350669Z I0822 01:32:24.167269    4368 mockgcp_http.go:298] mockgcp request: GET https://compute.googleapis.com/compute/v1/projects/kcc-identity-platform/regions/me-west1/operations/operation-1787362344167-80e1098e-9aa6-4284-b7ca-86936435b19c
2026-08-22T01:32:33.9406477Z I0822 01:32:24.167561    4368 mockgcp_http.go:327] mockgcp response: GET https://compute.googleapis.com/compute/v1/projects/kcc-identity-platform/regions/me-west1/operations/operation-1787362344167-80e1098e-9aa6-4284-b7ca-86936435b19c => 200
2026-08-22T01:32:33.9409395Z I0822 01:32:24.167624    4368 mockgcp_http.go:298] mockgcp request: POST https://compute.googleapis.com/compute/v1/projects/kcc-identity-platform/regions/europe-west12/subnetworks
2026-08-22T01:32:33.9412719Z I0822 01:32:24.167879    4368 operations.go:125] "storing operation" fqn="projects/kcc-identity-platform/regions/europe-west12/operations/operation-1787362344167-889d5198-76ea-4675-938c-d5a6e4cec7ee"
2026-08-22T01:32:33.9416232Z I0822 01:32:24.167998    4368 mockgcp_http.go:327] mockgcp response: POST https://compute.googleapis.com/compute/v1/projects/kcc-identity-platform/regions/europe-west12/subnetworks => 200
2026-08-22T01:32:33.9430585Z I0822 01:32:24.168052    4368 mockgcp_http.go:298] mockgcp request: GET https://compute.googleapis.com/compute/v1/projects/kcc-identity-platform/regions/europe-west12/operations/operation-1787362344167-889d5198-76ea-4675-938c-d5a6e4cec7ee
2026-08-22T01:32:33.9434154Z I0822 01:32:24.168347    4368 mockgcp_http.go:327] mockgcp response: GET https://compute.googleapis.com/compute/v1/projects/kcc-identity-platform/regions/europe-west12/operations/operation-1787362344167-889d5198-76ea-4675-938c-d5a6e4cec7ee => 200
2026-08-22T01:32:33.9436856Z I0822 01:32:24.168390    4368 mockgcp_http.go:298] mockgcp request: POST https://compute.googleapis.com/compute/v1/projects/kcc-identity-platform/regions/me-central1/subnetworks
2026-08-22T01:32:33.9439240Z I0822 01:32:24.168654    4368 operations.go:125] "storing operation" fqn="projects/kcc-identity-platform/regions/me-central1/operations/operation-1787362344168-c0ca9cff-92b2-4645-9c1f-f171fb4e13df"
2026-08-22T01:32:33.9441659Z I0822 01:32:24.168766    4368 mockgcp_http.go:327] mockgcp response: POST https://compute.googleapis.com/compute/v1/projects/kcc-identity-platform/regions/me-central1/subnetworks => 200
2026-08-22T01:32:33.9475362Z I0822 01:32:24.168835    4368 mockgcp_http.go:298] mockgcp request: GET https://compute.googleapis.com/compute/v1/projects/kcc-identity-platform/regions/me-central1/operations/operation-1787362344168-c0ca9cff-92b2-4645-9c1f-f171fb4e13df
2026-08-22T01:32:33.9494194Z I0822 01:32:24.169106    4368 mockgcp_http.go:327] mockgcp response: GET https://compute.googleapis.com/compute/v1/projects/kcc-identity-platform/regions/me-central1/operations/operation-1787362344168-c0ca9cff-92b2-4645-9c1f-f171fb4e13df => 200
2026-08-22T01:32:33.9497017Z I0822 01:32:24.169167    4368 mockgcp_http.go:298] mockgcp request: POST https://compute.googleapis.com/compute/v1/projects/kcc-identity-platform/regions/europe-west10/subnetworks
2026-08-22T01:32:33.9499404Z I0822 01:32:24.169446    4368 operations.go:125] "storing operation" fqn="projects/kcc-identity-platform/regions/europe-west10/operations/operation-1787362344169-8a5ce465-4485-409c-a228-8feca944f5d2"
2026-08-22T01:32:33.9501859Z I0822 01:32:24.169547    4368 mockgcp_http.go:327] mockgcp response: POST https://compute.googleapis.com/compute/v1/projects/kcc-identity-platform/regions/europe-west10/subnetworks => 200
2026-08-22T01:32:33.9504825Z I0822 01:32:24.169609    4368 mockgcp_http.go:298] mockgcp request: GET https://compute.googleapis.com/compute/v1/projects/kcc-identity-platform/regions/europe-west10/operations/operation-1787362344169-8a5ce465-4485-409c-a228-8feca944f5d2
2026-08-22T01:32:33.9507908Z I0822 01:32:24.169863    4368 mockgcp_http.go:327] mockgcp response: GET https://compute.googleapis.com/compute/v1/projects/kcc-identity-platform/regions/europe-west10/operations/operation-1787362344169-8a5ce465-4485-409c-a228-8feca944f5d2 => 200
2026-08-22T01:32:33.9510642Z I0822 01:32:24.169928    4368 mockgcp_http.go:298] mockgcp request: POST https://compute.googleapis.com/compute/v1/projects/kcc-identity-platform/regions/africa-south1/subnetworks
2026-08-22T01:32:33.9513023Z I0822 01:32:24.170216    4368 operations.go:125] "storing operation" fqn="projects/kcc-identity-platform/regions/africa-south1/operations/operation-1787362344170-5cc588d8-e860-412b-9a12-3ea80ca68081"
2026-08-22T01:32:33.9561169Z I0822 01:32:24.170347    4368 mockgcp_http.go:327] mockgcp response: POST https://compute.googleapis.com/compute/v1/projects/kcc-identity-platform/regions/africa-south1/subnetworks => 200
2026-08-22T01:32:33.9564612Z I0822 01:32:24.170421    4368 mockgcp_http.go:298] mockgcp request: GET https://compute.googleapis.com/compute/v1/projects/kcc-identity-platform/regions/africa-south1/operations/operation-1787362344170-5cc588d8-e860-412b-9a12-3ea80ca68081
2026-08-22T01:32:33.9569082Z I0822 01:32:24.170697    4368 mockgcp_http.go:327] mockgcp response: GET https://compute.googleapis.com/compute/v1/projects/kcc-identity-platform/regions/africa-south1/operations/operation-1787362344170-5cc588d8-e860-412b-9a12-3ea80ca68081 => 200
2026-08-22T01:32:33.9570890Z I0822 01:32:24.170759    4368 mockgcp_http.go:298] mockgcp request: POST https://compute.googleapis.com/compute/v1/projects/kcc-identity-platform/regions/northamerica-south1/subnetworks
2026-08-22T01:32:33.9572536Z I0822 01:32:24.171047    4368 operations.go:125] "storing operation" fqn="projects/kcc-identity-platform/regions/northamerica-south1/operations/operation-1787362344171-7361f8d1-071d-40d4-8ce8-c1630e4d1fe8"
2026-08-22T01:32:33.9574386Z I0822 01:32:24.171153    4368 mockgcp_http.go:327] mockgcp response: POST https://compute.googleapis.com/compute/v1/projects/kcc-identity-platform/regions/northamerica-south1/subnetworks => 200
2026-08-22T01:32:33.9575935Z I0822 01:32:24.171210    4368 mockgcp_http.go:298] mockgcp request: GET https://compute.googleapis.com/compute/v1/projects/kcc-identity-platform/regions/northamerica-south1/operations/operation-1787362344171-7361f8d1-071d-40d4-8ce8-c1630e4d1fe8
2026-08-22T01:32:33.9577654Z I0822 01:32:24.171460    4368 mockgcp_http.go:327] mockgcp response: GET https://compute.googleapis.com/compute/v1/projects/kcc-identity-platform/regions/northamerica-south1/operations/operation-1787362344171-7361f8d1-071d-40d4-8ce8-c1630e4d1fe8 => 200
2026-08-22T01:32:33.9579150Z I0822 01:32:24.171517    4368 mockgcp_http.go:298] mockgcp request: POST https://compute.googleapis.com/compute/v1/projects/kcc-identity-platform/regions/europe-north2/subnetworks
2026-08-22T01:32:33.9580739Z I0822 01:32:24.171795    4368 operations.go:125] "storing operation" fqn="projects/kcc-identity-platform/regions/europe-north2/operations/operation-1787362344171-5caacce2-ebc4-471b-a14b-1b66c4a7ee3a"
2026-08-22T01:32:33.9582081Z I0822 01:32:24.171911    4368 mockgcp_http.go:327] mockgcp response: POST https://compute.googleapis.com/compute/v1/projects/kcc-identity-platform/regions/europe-north2/subnetworks => 200
2026-08-22T01:32:33.9583879Z I0822 01:32:24.171985    4368 mockgcp_http.go:298] mockgcp request: GET https://compute.googleapis.com/compute/v1/projects/kcc-identity-platform/regions/europe-north2/operations/operation-1787362344171-5caacce2-ebc4-471b-a14b-1b66c4a7ee3a
2026-08-22T01:32:33.9586905Z I0822 01:32:24.172268    4368 mockgcp_http.go:327] mockgcp response: GET https://compute.googleapis.com/compute/v1/projects/kcc-identity-platform/regions/europe-north2/operations/operation-1787362344171-5caacce2-ebc4-471b-a14b-1b66c4a7ee3a => 200
2026-08-22T01:32:33.9588545Z I0822 01:32:24.172384    4368 mockgcp_http.go:298] mockgcp request: POST https://compute.googleapis.com/compute/v1/projects/kcc-identity-platform/global/routes
2026-08-22T01:32:33.9590206Z I0822 01:32:24.172724    4368 operations.go:125] "storing operation" fqn="projects/kcc-identity-platform/global/operations/operation-1787362344172-34a74589-fe32-47c3-b444-3b5c9c194966"
2026-08-22T01:32:33.9592290Z I0822 01:32:24.172857    4368 mockgcp_http.go:327] mockgcp response: POST https://compute.googleapis.com/compute/v1/projects/kcc-identity-platform/global/routes => 200
2026-08-22T01:32:33.9594232Z I0822 01:32:24.172912    4368 mockgcp_http.go:298] mockgcp request: GET https://compute.googleapis.com/compute/v1/projects/kcc-identity-platform/global/operations/operation-1787362344172-34a74589-fe32-47c3-b444-3b5c9c194966
2026-08-22T01:32:33.9596025Z I0822 01:32:24.173200    4368 mockgcp_http.go:327] mockgcp response: GET https://compute.googleapis.com/compute/v1/projects/kcc-identity-platform/global/operations/operation-1787362344172-34a74589-fe32-47c3-b444-3b5c9c194966 => 200
2026-08-22T01:32:33.9597813Z I0822 01:32:24.173260    4368 mockgcp_http.go:298] mockgcp request: GET https://compute.googleapis.com/compute/v1/projects/kcc-identity-platform/aggregated/subnetworks
2026-08-22T01:32:33.9599165Z I0822 01:32:24.174971    4368 mockgcp_http.go:327] mockgcp response: GET https://compute.googleapis.com/compute/v1/projects/kcc-identity-platform/aggregated/subnetworks => 200
2026-08-22T01:32:33.9600795Z I0822 01:32:24.176461    4368 mockgcp_http.go:298] mockgcp request: POST https://compute.googleapis.com/compute/v1/projects/kcc-identity-platform/global/routes
2026-08-22T01:32:33.9602401Z I0822 01:32:24.176833    4368 operations.go:125] "storing operation" fqn="projects/kcc-identity-platform/global/operations/operation-1787362344176-81d4a372-c8e4-4048-aa7f-84616bd9a85b"
2026-08-22T01:32:33.9604130Z I0822 01:32:24.176994    4368 mockgcp_http.go:327] mockgcp response: POST https://compute.googleapis.com/compute/v1/projects/kcc-identity-platform/global/routes => 200
2026-08-22T01:32:33.9605835Z I0822 01:32:24.177075    4368 mockgcp_http.go:298] mockgcp request: GET https://compute.googleapis.com/compute/v1/projects/kcc-identity-platform/global/operations/operation-1787362344176-81d4a372-c8e4-4048-aa7f-84616bd9a85b
2026-08-22T01:32:33.9608739Z I0822 01:32:24.177412    4368 mockgcp_http.go:327] mockgcp response: GET https://compute.googleapis.com/compute/v1/projects/kcc-identity-platform/global/operations/operation-1787362344176-81d4a372-c8e4-4048-aa7f-84616bd9a85b => 200
2026-08-22T01:32:33.9611235Z I0822 01:32:24.177479    4368 mockgcp_http.go:298] mockgcp request: POST https://compute.googleapis.com/compute/v1/projects/kcc-identity-platform/global/routes
2026-08-22T01:32:33.9613807Z I0822 01:32:24.177800    4368 operations.go:125] "storing operation" fqn="projects/kcc-identity-platform/global/operations/operation-1787362344177-c739a1db-28ac-46c8-9d6f-98cb468bdbf9"
2026-08-22T01:32:33.9616030Z I0822 01:32:24.177901    4368 mockgcp_http.go:327] mockgcp response: POST https://compute.googleapis.com/compute/v1/projects/kcc-identity-platform/global/routes => 200
2026-08-22T01:32:33.9618476Z I0822 01:32:24.177975    4368 mockgcp_http.go:298] mockgcp request: GET https://compute.googleapis.com/compute/v1/projects/kcc-identity-platform/global/operations/operation-1787362344177-c739a1db-28ac-46c8-9d6f-98cb468bdbf9
2026-08-22T01:32:33.9621357Z I0822 01:32:24.178224    4368 mockgcp_http.go:327] mockgcp response: GET https://compute.googleapis.com/compute/v1/projects/kcc-identity-platform/global/operations/operation-1787362344177-c739a1db-28ac-46c8-9d6f-98cb468bdbf9 => 200
2026-08-22T01:32:33.9623919Z I0822 01:32:24.178279    4368 mockgcp_http.go:298] mockgcp request: POST https://compute.googleapis.com/compute/v1/projects/kcc-identity-platform/global/routes
2026-08-22T01:32:33.9626128Z I0822 01:32:24.178581    4368 operations.go:125] "storing operation" fqn="projects/kcc-identity-platform/global/operations/operation-1787362344178-3f2d936e-c12b-4c71-914d-a8866fc71bea"
2026-08-22T01:32:33.9628318Z I0822 01:32:24.178729    4368 mockgcp_http.go:327] mockgcp response: POST https://compute.googleapis.com/compute/v1/projects/kcc-identity-platform/global/routes => 200
2026-08-22T01:32:33.9630785Z I0822 01:32:24.178783    4368 mockgcp_http.go:298] mockgcp request: GET https://compute.googleapis.com/compute/v1/projects/kcc-identity-platform/global/operations/operation-1787362344178-3f2d936e-c12b-4c71-914d-a8866fc71bea
2026-08-22T01:32:33.9633931Z I0822 01:32:24.179058    4368 mockgcp_http.go:327] mockgcp response: GET https://compute.googleapis.com/compute/v1/projects/kcc-identity-platform/global/operations/operation-1787362344178-3f2d936e-c12b-4c71-914d-a8866fc71bea => 200
2026-08-22T01:32:33.9636434Z I0822 01:32:24.179136    4368 mockgcp_http.go:298] mockgcp request: POST https://compute.googleapis.com/compute/v1/projects/kcc-identity-platform/global/routes
2026-08-22T01:32:33.9638627Z I0822 01:32:24.179460    4368 operations.go:125] "storing operation" fqn="projects/kcc-identity-platform/global/operations/operation-1787362344179-7cc793c3-837f-4004-a388-45c9c1824a1e"
2026-08-22T01:32:33.9641059Z I0822 01:32:24.179560    4368 mockgcp_http.go:327] mockgcp response: POST https://compute.googleapis.com/compute/v1/projects/kcc-identity-platform/global/routes => 200
2026-08-22T01:32:33.9643748Z I0822 01:32:24.179611    4368 mockgcp_http.go:298] mockgcp request: GET https://compute.googleapis.com/compute/v1/projects/kcc-identity-platform/global/operations/operation-1787362344179-7cc793c3-837f-4004-a388-45c9c1824a1e
2026-08-22T01:32:33.9646689Z I0822 01:32:24.179892    4368 mockgcp_http.go:327] mockgcp response: GET https://compute.googleapis.com/compute/v1/projects/kcc-identity-platform/global/operations/operation-1787362344179-7cc793c3-837f-4004-a388-45c9c1824a1e => 200
2026-08-22T01:32:33.9649369Z I0822 01:32:24.179955    4368 mockgcp_http.go:298] mockgcp request: POST https://compute.googleapis.com/compute/v1/projects/kcc-identity-platform/global/routes
2026-08-22T01:32:33.9651596Z I0822 01:32:24.180233    4368 operations.go:125] "storing operation" fqn="projects/kcc-identity-platform/global/operations/operation-1787362344180-0b1d4bd9-1cae-48b0-a17c-187f8194384b"
2026-08-22T01:32:33.9654022Z I0822 01:32:24.180336    4368 mockgcp_http.go:327] mockgcp response: POST https://compute.googleapis.com/compute/v1/projects/kcc-identity-platform/global/routes => 200
2026-08-22T01:32:33.9656468Z I0822 01:32:24.180389    4368 mockgcp_http.go:298] mockgcp request: GET https://compute.googleapis.com/compute/v1/projects/kcc-identity-platform/global/operations/operation-1787362344180-0b1d4bd9-1cae-48b0-a17c-187f8194384b
2026-08-22T01:32:33.9659408Z I0822 01:32:24.180721    4368 mockgcp_http.go:327] mockgcp response: GET https://compute.googleapis.com/compute/v1/projects/kcc-identity-platform/global/operations/operation-1787362344180-0b1d4bd9-1cae-48b0-a17c-187f8194384b => 200
2026-08-22T01:32:33.9661866Z I0822 01:32:24.180778    4368 mockgcp_http.go:298] mockgcp request: POST https://compute.googleapis.com/compute/v1/projects/kcc-identity-platform/global/routes
2026-08-22T01:32:33.9664289Z I0822 01:32:24.181059    4368 operations.go:125] "storing operation" fqn="projects/kcc-identity-platform/global/operations/operation-1787362344181-6c96c94c-1320-4b89-ab01-f839ba1390e1"
2026-08-22T01:32:33.9666483Z I0822 01:32:24.181171    4368 mockgcp_http.go:327] mockgcp response: POST https://compute.googleapis.com/compute/v1/projects/kcc-identity-platform/global/routes => 200
2026-08-22T01:32:33.9668931Z I0822 01:32:24.181215    4368 mockgcp_http.go:298] mockgcp request: GET https://compute.googleapis.com/compute/v1/projects/kcc-identity-platform/global/operations/operation-1787362344181-6c96c94c-1320-4b89-ab01-f839ba1390e1
2026-08-22T01:32:33.9671887Z I0822 01:32:24.181478    4368 mockgcp_http.go:327] mockgcp response: GET https://compute.googleapis.com/compute/v1/projects/kcc-identity-platform/global/operations/operation-1787362344181-6c96c94c-1320-4b89-ab01-f839ba1390e1 => 200
2026-08-22T01:32:33.9673617Z I0822 01:32:24.181543    4368 mockgcp_http.go:298] mockgcp request: POST https://compute.googleapis.com/compute/v1/projects/kcc-identity-platform/global/routes
2026-08-22T01:32:33.9674937Z I0822 01:32:24.181813    4368 operations.go:125] "storing operation" fqn="projects/kcc-identity-platform/global/operations/operation-1787362344181-37d7d4ac-c2bc-48df-8405-9a1f19053ffd"
2026-08-22T01:32:33.9676150Z I0822 01:32:24.181913    4368 mockgcp_http.go:327] mockgcp response: POST https://compute.googleapis.com/compute/v1/projects/kcc-identity-platform/global/routes => 200
2026-08-22T01:32:33.9677489Z I0822 01:32:24.181969    4368 mockgcp_http.go:298] mockgcp request: GET https://compute.googleapis.com/compute/v1/projects/kcc-identity-platform/global/operations/operation-1787362344181-37d7d4ac-c2bc-48df-8405-9a1f19053ffd
2026-08-22T01:32:33.9679047Z I0822 01:32:24.182282    4368 mockgcp_http.go:327] mockgcp response: GET https://compute.googleapis.com/compute/v1/projects/kcc-identity-platform/global/operations/operation-1787362344181-37d7d4ac-c2bc-48df-8405-9a1f19053ffd => 200
2026-08-22T01:32:33.9680578Z I0822 01:32:24.182343    4368 mockgcp_http.go:298] mockgcp request: POST https://compute.googleapis.com/compute/v1/projects/kcc-identity-platform/global/routes
2026-08-22T01:32:33.9681738Z I0822 01:32:24.182644    4368 operations.go:125] "storing operation" fqn="projects/kcc-identity-platform/global/operations/operation-1787362344182-91ef5a15-4eb8-44bc-8506-05cea208fc0d"
2026-08-22T01:32:33.9682907Z I0822 01:32:24.182768    4368 mockgcp_http.go:327] mockgcp response: POST https://compute.googleapis.com/compute/v1/projects/kcc-identity-platform/global/routes => 200
2026-08-22T01:32:33.9684468Z I0822 01:32:24.182836    4368 mockgcp_http.go:298] mockgcp request: GET https://compute.googleapis.com/compute/v1/projects/kcc-identity-platform/global/operations/operation-1787362344182-91ef5a15-4eb8-44bc-8506-05cea208fc0d
2026-08-22T01:32:33.9686180Z I0822 01:32:24.183100    4368 mockgcp_http.go:327] mockgcp response: GET https://compute.googleapis.com/compute/v1/projects/kcc-identity-platform/global/operations/operation-1787362344182-91ef5a15-4eb8-44bc-8506-05cea208fc0d => 200
2026-08-22T01:32:33.9687543Z I0822 01:32:24.183160    4368 mockgcp_http.go:298] mockgcp request: POST https://compute.googleapis.com/compute/v1/projects/kcc-identity-platform/global/routes
2026-08-22T01:32:33.9688688Z I0822 01:32:24.183508    4368 operations.go:125] "storing operation" fqn="projects/kcc-identity-platform/global/operations/operation-1787362344183-4f0a3beb-837e-41ef-87ee-62f97be638b2"
2026-08-22T01:32:33.9689889Z I0822 01:32:24.183612    4368 mockgcp_http.go:327] mockgcp response: POST https://compute.googleapis.com/compute/v1/projects/kcc-identity-platform/global/routes => 200
2026-08-22T01:32:33.9691374Z I0822 01:32:24.183667    4368 mockgcp_http.go:298] mockgcp request: GET https://compute.googleapis.com/compute/v1/projects/kcc-identity-platform/global/operations/operation-1787362344183-4f0a3beb-837e-41ef-87ee-62f97be638b2
2026-08-22T01:32:33.9692945Z I0822 01:32:24.183947    4368 mockgcp_http.go:327] mockgcp response: GET https://compute.googleapis.com/compute/v1/projects/kcc-identity-platform/global/operations/operation-1787362344183-4f0a3beb-837e-41ef-87ee-62f97be638b2 => 200
2026-08-22T01:32:33.9694457Z I0822 01:32:24.184006    4368 mockgcp_http.go:298] mockgcp request: POST https://compute.googleapis.com/compute/v1/projects/kcc-identity-platform/global/routes
2026-08-22T01:32:33.9695607Z I0822 01:32:24.184284    4368 operations.go:125] "storing operation" fqn="projects/kcc-identity-platform/global/operations/operation-1787362344184-83c12b66-472b-45e1-8588-b712de5cb946"
2026-08-22T01:32:33.9696768Z I0822 01:32:24.184416    4368 mockgcp_http.go:327] mockgcp response: POST https://compute.googleapis.com/compute/v1/projects/kcc-identity-platform/global/routes => 200
2026-08-22T01:32:33.9698266Z I0822 01:32:24.184469    4368 mockgcp_http.go:298] mockgcp request: GET https://compute.googleapis.com/compute/v1/projects/kcc-identity-platform/global/operations/operation-1787362344184-83c12b66-472b-45e1-8588-b712de5cb946
2026-08-22T01:32:33.9699980Z I0822 01:32:24.184737    4368 mockgcp_http.go:327] mockgcp response: GET https://compute.googleapis.com/compute/v1/projects/kcc-identity-platform/global/operations/operation-1787362344184-83c12b66-472b-45e1-8588-b712de5cb946 => 200
2026-08-22T01:32:33.9701542Z I0822 01:32:24.184791    4368 mockgcp_http.go:298] mockgcp request: POST https://compute.googleapis.com/compute/v1/projects/kcc-identity-platform/global/routes
2026-08-22T01:32:33.9702810Z I0822 01:32:24.185088    4368 operations.go:125] "storing operation" fqn="projects/kcc-identity-platform/global/operations/operation-1787362344185-b95525b3-2349-4fe9-8e72-15a7ba2175b9"
2026-08-22T01:32:33.9704334Z I0822 01:32:24.185202    4368 mockgcp_http.go:327] mockgcp response: POST https://compute.googleapis.com/compute/v1/projects/kcc-identity-platform/global/routes => 200
2026-08-22T01:32:33.9706525Z I0822 01:32:24.185239    4368 mockgcp_http.go:298] mockgcp request: GET https://compute.googleapis.com/compute/v1/projects/kcc-identity-platform/global/operations/operation-1787362344185-b95525b3-2349-4fe9-8e72-15a7ba2175b9
2026-08-22T01:32:33.9709936Z I0822 01:32:24.185559    4368 mockgcp_http.go:327] mockgcp response: GET https://compute.googleapis.com/compute/v1/projects/kcc-identity-platform/global/operations/operation-1787362344185-b95525b3-2349-4fe9-8e72-15a7ba2175b9 => 200
2026-08-22T01:32:33.9712326Z I0822 01:32:24.185620    4368 mockgcp_http.go:298] mockgcp request: POST https://compute.googleapis.com/compute/v1/projects/kcc-identity-platform/global/routes
2026-08-22T01:32:33.9714580Z I0822 01:32:24.185913    4368 operations.go:125] "storing operation" fqn="projects/kcc-identity-platform/global/operations/operation-1787362344185-32b53285-e296-48b3-bb0e-e1d475fb70cb"
2026-08-22T01:32:33.9716939Z I0822 01:32:24.186036    4368 mockgcp_http.go:327] mockgcp response: POST https://compute.googleapis.com/compute/v1/projects/kcc-identity-platform/global/routes => 200
2026-08-22T01:32:33.9720040Z I0822 01:32:24.186087    4368 mockgcp_http.go:298] mockgcp request: GET https://compute.googleapis.com/compute/v1/projects/kcc-identity-platform/global/operations/operation-1787362344185-32b53285-e296-48b3-bb0e-e1d475fb70cb
2026-08-22T01:32:33.9722858Z I0822 01:32:24.186345    4368 mockgcp_http.go:327] mockgcp response: GET https://compute.googleapis.com/compute/v1/projects/kcc-identity-platform/global/operations/operation-1787362344185-32b53285-e296-48b3-bb0e-e1d475fb70cb => 200
2026-08-22T01:32:33.9726276Z I0822 01:32:24.186427    4368 mockgcp_http.go:298] mockgcp request: POST https://compute.googleapis.com/compute/v1/projects/kcc-identity-platform/global/routes
2026-08-22T01:32:33.9728309Z I0822 01:32:24.186698    4368 operations.go:125] "storing operation" fqn="projects/kcc-identity-platform/global/operations/operation-1787362344186-8dc9119d-24b7-4ef7-b5e2-714c80e20cc8"
2026-08-22T01:32:33.9730420Z I0822 01:32:24.186816    4368 mockgcp_http.go:327] mockgcp response: POST https://compute.googleapis.com/compute/v1/projects/kcc-identity-platform/global/routes => 200
2026-08-22T01:32:33.9732775Z I0822 01:32:24.186853    4368 mockgcp_http.go:298] mockgcp request: GET https://compute.googleapis.com/compute/v1/projects/kcc-identity-platform/global/operations/operation-1787362344186-8dc9119d-24b7-4ef7-b5e2-714c80e20cc8
2026-08-22T01:32:33.9735760Z I0822 01:32:24.187112    4368 mockgcp_http.go:327] mockgcp response: GET https://compute.googleapis.com/compute/v1/projects/kcc-identity-platform/global/operations/operation-1787362344186-8dc9119d-24b7-4ef7-b5e2-714c80e20cc8 => 200
2026-08-22T01:32:33.9738083Z I0822 01:32:24.187175    4368 mockgcp_http.go:298] mockgcp request: POST https://compute.googleapis.com/compute/v1/projects/kcc-identity-platform/global/routes
2026-08-22T01:32:33.9740375Z I0822 01:32:24.187492    4368 operations.go:125] "storing operation" fqn="projects/kcc-identity-platform/global/operations/operation-1787362344187-8d656cb8-fa92-4c20-a67d-056171b36c92"
2026-08-22T01:32:33.9742440Z I0822 01:32:24.187597    4368 mockgcp_http.go:327] mockgcp response: POST https://compute.googleapis.com/compute/v1/projects/kcc-identity-platform/global/routes => 200
2026-08-22T01:32:33.9745051Z I0822 01:32:24.187647    4368 mockgcp_http.go:298] mockgcp request: GET https://compute.googleapis.com/compute/v1/projects/kcc-identity-platform/global/operations/operation-1787362344187-8d656cb8-fa92-4c20-a67d-056171b36c92
2026-08-22T01:32:33.9747852Z I0822 01:32:24.187918    4368 mockgcp_http.go:327] mockgcp response: GET https://compute.googleapis.com/compute/v1/projects/kcc-identity-platform/global/operations/operation-1787362344187-8d656cb8-fa92-4c20-a67d-056171b36c92 => 200
2026-08-22T01:32:33.9750660Z I0822 01:32:24.187969    4368 mockgcp_http.go:298] mockgcp request: POST https://compute.googleapis.com/compute/v1/projects/kcc-identity-platform/global/routes
2026-08-22T01:32:33.9752744Z I0822 01:32:24.188335    4368 operations.go:125] "storing operation" fqn="projects/kcc-identity-platform/global/operations/operation-1787362344188-e4f0eacf-62ee-4d6c-9340-3689c57f5c0a"
2026-08-22T01:32:33.9755296Z I0822 01:32:24.188485    4368 mockgcp_http.go:327] mockgcp response: POST https://compute.googleapis.com/compute/v1/projects/kcc-identity-platform/global/routes => 200
2026-08-22T01:32:33.9757678Z I0822 01:32:24.188536    4368 mockgcp_http.go:298] mockgcp request: GET https://compute.googleapis.com/compute/v1/projects/kcc-identity-platform/global/operations/operation-1787362344188-e4f0eacf-62ee-4d6c-9340-3689c57f5c0a
2026-08-22T01:32:33.9760684Z I0822 01:32:24.188962    4368 mockgcp_http.go:327] mockgcp response: GET https://compute.googleapis.com/compute/v1/projects/kcc-identity-platform/global/operations/operation-1787362344188-e4f0eacf-62ee-4d6c-9340-3689c57f5c0a => 200
2026-08-22T01:32:33.9763193Z I0822 01:32:24.189024    4368 mockgcp_http.go:298] mockgcp request: POST https://compute.googleapis.com/compute/v1/projects/kcc-identity-platform/global/routes
2026-08-22T01:32:33.9765509Z I0822 01:32:24.189398    4368 operations.go:125] "storing operation" fqn="projects/kcc-identity-platform/global/operations/operation-1787362344189-bf00903c-ad1c-4199-b93e-f8aa71098178"
2026-08-22T01:32:33.9767752Z I0822 01:32:24.189522    4368 mockgcp_http.go:327] mockgcp response: POST https://compute.googleapis.com/compute/v1/projects/kcc-identity-platform/global/routes => 200
2026-08-22T01:32:33.9770090Z I0822 01:32:24.189568    4368 mockgcp_http.go:298] mockgcp request: GET https://compute.googleapis.com/compute/v1/projects/kcc-identity-platform/global/operations/operation-1787362344189-bf00903c-ad1c-4199-b93e-f8aa71098178
2026-08-22T01:32:33.9773576Z I0822 01:32:24.189837    4368 mockgcp_http.go:327] mockgcp response: GET https://compute.googleapis.com/compute/v1/projects/kcc-identity-platform/global/operations/operation-1787362344189-bf00903c-ad1c-4199-b93e-f8aa71098178 => 200
2026-08-22T01:32:33.9776025Z I0822 01:32:24.189946    4368 mockgcp_http.go:298] mockgcp request: POST https://compute.googleapis.com/compute/v1/projects/kcc-identity-platform/global/routes
2026-08-22T01:32:33.9778032Z I0822 01:32:24.190273    4368 operations.go:125] "storing operation" fqn="projects/kcc-identity-platform/global/operations/operation-1787362344190-a71a8007-c8e5-407a-a8c0-294c260153f8"
2026-08-22T01:32:33.9780081Z I0822 01:32:24.190412    4368 mockgcp_http.go:327] mockgcp response: POST https://compute.googleapis.com/compute/v1/projects/kcc-identity-platform/global/routes => 200
2026-08-22T01:32:33.9782972Z I0822 01:32:24.190468    4368 mockgcp_http.go:298] mockgcp request: GET https://compute.googleapis.com/compute/v1/projects/kcc-identity-platform/global/operations/operation-1787362344190-a71a8007-c8e5-407a-a8c0-294c260153f8
2026-08-22T01:32:33.9785939Z I0822 01:32:24.190677    4368 mockgcp_http.go:327] mockgcp response: GET https://compute.googleapis.com/compute/v1/projects/kcc-identity-platform/global/operations/operation-1787362344190-a71a8007-c8e5-407a-a8c0-294c260153f8 => 200
2026-08-22T01:32:33.9788269Z I0822 01:32:24.190744    4368 mockgcp_http.go:298] mockgcp request: POST https://compute.googleapis.com/compute/v1/projects/kcc-identity-platform/global/routes
2026-08-22T01:32:33.9790296Z I0822 01:32:24.191045    4368 operations.go:125] "storing operation" fqn="projects/kcc-identity-platform/global/operations/operation-1787362344191-e4521de4-f5a4-4d43-bda6-3cb5696d12d9"
2026-08-22T01:32:33.9792361Z I0822 01:32:24.191155    4368 mockgcp_http.go:327] mockgcp response: POST https://compute.googleapis.com/compute/v1/projects/kcc-identity-platform/global/routes => 200
2026-08-22T01:32:33.9794951Z I0822 01:32:24.191206    4368 mockgcp_http.go:298] mockgcp request: GET https://compute.googleapis.com/compute/v1/projects/kcc-identity-platform/global/operations/operation-1787362344191-e4521de4-f5a4-4d43-bda6-3cb5696d12d9
2026-08-22T01:32:33.9797702Z I0822 01:32:24.191497    4368 mockgcp_http.go:327] mockgcp response: GET https://compute.googleapis.com/compute/v1/projects/kcc-identity-platform/global/operations/operation-1787362344191-e4521de4-f5a4-4d43-bda6-3cb5696d12d9 => 200
2026-08-22T01:32:33.9800198Z I0822 01:32:24.191594    4368 mockgcp_http.go:298] mockgcp request: POST https://compute.googleapis.com/compute/v1/projects/kcc-identity-platform/global/routes
2026-08-22T01:32:33.9802208Z I0822 01:32:24.192101    4368 operations.go:125] "storing operation" fqn="projects/kcc-identity-platform/global/operations/operation-1787362344192-396b996d-c0fe-47c9-b7db-fbf4fcf9dc6d"
2026-08-22T01:32:33.9804389Z I0822 01:32:24.192294    4368 mockgcp_http.go:327] mockgcp response: POST https://compute.googleapis.com/compute/v1/projects/kcc-identity-platform/global/routes => 200
2026-08-22T01:32:33.9806767Z I0822 01:32:24.192397    4368 mockgcp_http.go:298] mockgcp request: GET https://compute.googleapis.com/compute/v1/projects/kcc-identity-platform/global/operations/operation-1787362344192-396b996d-c0fe-47c9-b7db-fbf4fcf9dc6d
2026-08-22T01:32:33.9809711Z I0822 01:32:24.192721    4368 mockgcp_http.go:327] mockgcp response: GET https://compute.googleapis.com/compute/v1/projects/kcc-identity-platform/global/operations/operation-1787362344192-396b996d-c0fe-47c9-b7db-fbf4fcf9dc6d => 200
2026-08-22T01:32:33.9812065Z I0822 01:32:24.192780    4368 mockgcp_http.go:298] mockgcp request: POST https://compute.googleapis.com/compute/v1/projects/kcc-identity-platform/global/routes
2026-08-22T01:32:33.9814293Z I0822 01:32:24.193169    4368 operations.go:125] "storing operation" fqn="projects/kcc-identity-platform/global/operations/operation-1787362344193-37c7bfa5-bbfe-4b04-988c-df4b8840764b"
2026-08-22T01:32:33.9816378Z I0822 01:32:24.193280    4368 mockgcp_http.go:327] mockgcp response: POST https://compute.googleapis.com/compute/v1/projects/kcc-identity-platform/global/routes => 200
2026-08-22T01:32:33.9818734Z I0822 01:32:24.193332    4368 mockgcp_http.go:298] mockgcp request: GET https://compute.googleapis.com/compute/v1/projects/kcc-identity-platform/global/operations/operation-1787362344193-37c7bfa5-bbfe-4b04-988c-df4b8840764b
2026-08-22T01:32:33.9821502Z I0822 01:32:24.193589    4368 mockgcp_http.go:327] mockgcp response: GET https://compute.googleapis.com/compute/v1/projects/kcc-identity-platform/global/operations/operation-1787362344193-37c7bfa5-bbfe-4b04-988c-df4b8840764b => 200
2026-08-22T01:32:33.9824191Z I0822 01:32:24.193648    4368 mockgcp_http.go:298] mockgcp request: POST https://compute.googleapis.com/compute/v1/projects/kcc-identity-platform/global/routes
2026-08-22T01:32:33.9826226Z I0822 01:32:24.193997    4368 operations.go:125] "storing operation" fqn="projects/kcc-identity-platform/global/operations/operation-1787362344193-7c91a98d-a20d-45f3-8516-7a8507ed95cc"
2026-08-22T01:32:33.9828287Z I0822 01:32:24.194174    4368 mockgcp_http.go:327] mockgcp response: POST https://compute.googleapis.com/compute/v1/projects/kcc-identity-platform/global/routes => 200
2026-08-22T01:32:33.9830644Z I0822 01:32:24.194237    4368 mockgcp_http.go:298] mockgcp request: GET https://compute.googleapis.com/compute/v1/projects/kcc-identity-platform/global/operations/operation-1787362344193-7c91a98d-a20d-45f3-8516-7a8507ed95cc
2026-08-22T01:32:33.9833863Z I0822 01:32:24.194500    4368 mockgcp_http.go:327] mockgcp response: GET https://compute.googleapis.com/compute/v1/projects/kcc-identity-platform/global/operations/operation-1787362344193-7c91a98d-a20d-45f3-8516-7a8507ed95cc => 200
2026-08-22T01:32:33.9836270Z I0822 01:32:24.194561    4368 mockgcp_http.go:298] mockgcp request: POST https://compute.googleapis.com/compute/v1/projects/kcc-identity-platform/global/routes
2026-08-22T01:32:33.9838331Z I0822 01:32:24.194924    4368 operations.go:125] "storing operation" fqn="projects/kcc-identity-platform/global/operations/operation-1787362344194-33de6160-aad1-44ce-ab3a-9ce46745993f"
2026-08-22T01:32:33.9840404Z I0822 01:32:24.195024    4368 mockgcp_http.go:327] mockgcp response: POST https://compute.googleapis.com/compute/v1/projects/kcc-identity-platform/global/routes => 200
2026-08-22T01:32:33.9843665Z I0822 01:32:24.195080    4368 mockgcp_http.go:298] mockgcp request: GET https://compute.googleapis.com/compute/v1/projects/kcc-identity-platform/global/operations/operation-1787362344194-33de6160-aad1-44ce-ab3a-9ce46745993f
2026-08-22T01:32:33.9846686Z I0822 01:32:24.195403    4368 mockgcp_http.go:327] mockgcp response: GET https://compute.googleapis.com/compute/v1/projects/kcc-identity-platform/global/operations/operation-1787362344194-33de6160-aad1-44ce-ab3a-9ce46745993f => 200
2026-08-22T01:32:33.9849026Z I0822 01:32:24.195469    4368 mockgcp_http.go:298] mockgcp request: POST https://compute.googleapis.com/compute/v1/projects/kcc-identity-platform/global/routes
2026-08-22T01:32:33.9851056Z I0822 01:32:24.195794    4368 operations.go:125] "storing operation" fqn="projects/kcc-identity-platform/global/operations/operation-1787362344195-9ae7d775-6905-45aa-95eb-8557ab8336a9"
2026-08-22T01:32:33.9853272Z I0822 01:32:24.195953    4368 mockgcp_http.go:327] mockgcp response: POST https://compute.googleapis.com/compute/v1/projects/kcc-identity-platform/global/routes => 200
2026-08-22T01:32:33.9855807Z I0822 01:32:24.196001    4368 mockgcp_http.go:298] mockgcp request: GET https://compute.googleapis.com/compute/v1/projects/kcc-identity-platform/global/operations/operation-1787362344195-9ae7d775-6905-45aa-95eb-8557ab8336a9
2026-08-22T01:32:33.9858645Z I0822 01:32:24.196290    4368 mockgcp_http.go:327] mockgcp response: GET https://compute.googleapis.com/compute/v1/projects/kcc-identity-platform/global/operations/operation-1787362344195-9ae7d775-6905-45aa-95eb-8557ab8336a9 => 200
2026-08-22T01:32:33.9861007Z I0822 01:32:24.196364    4368 mockgcp_http.go:298] mockgcp request: POST https://compute.googleapis.com/compute/v1/projects/kcc-identity-platform/global/routes
2026-08-22T01:32:33.9863071Z I0822 01:32:24.196841    4368 operations.go:125] "storing operation" fqn="projects/kcc-identity-platform/global/operations/operation-1787362344196-a851d15f-db4f-4a2c-b261-b599b7273a30"
2026-08-22T01:32:33.9865352Z I0822 01:32:24.196972    4368 mockgcp_http.go:327] mockgcp response: POST https://compute.googleapis.com/compute/v1/projects/kcc-identity-platform/global/routes => 200
2026-08-22T01:32:33.9867750Z I0822 01:32:24.197043    4368 mockgcp_http.go:298] mockgcp request: GET https://compute.googleapis.com/compute/v1/projects/kcc-identity-platform/global/operations/operation-1787362344196-a851d15f-db4f-4a2c-b261-b599b7273a30
2026-08-22T01:32:33.9870541Z I0822 01:32:24.197321    4368 mockgcp_http.go:327] mockgcp response: GET https://compute.googleapis.com/compute/v1/projects/kcc-identity-platform/global/operations/operation-1787362344196-a851d15f-db4f-4a2c-b261-b599b7273a30 => 200
2026-08-22T01:32:33.9872930Z I0822 01:32:24.197396    4368 mockgcp_http.go:298] mockgcp request: POST https://compute.googleapis.com/compute/v1/projects/kcc-identity-platform/global/routes
2026-08-22T01:32:33.9875455Z I0822 01:32:24.197743    4368 operations.go:125] "storing operation" fqn="projects/kcc-identity-platform/global/operations/operation-1787362344197-166e134e-32b0-41dd-9524-1a6a5df1f0ae"
2026-08-22T01:32:33.9877553Z I0822 01:32:24.197857    4368 mockgcp_http.go:327] mockgcp response: POST https://compute.googleapis.com/compute/v1/projects/kcc-identity-platform/global/routes => 200
2026-08-22T01:32:33.9879955Z I0822 01:32:24.197904    4368 mockgcp_http.go:298] mockgcp request: GET https://compute.googleapis.com/compute/v1/projects/kcc-identity-platform/global/operations/operation-1787362344197-166e134e-32b0-41dd-9524-1a6a5df1f0ae
2026-08-22T01:32:33.9882765Z I0822 01:32:24.198185    4368 mockgcp_http.go:327] mockgcp response: GET https://compute.googleapis.com/compute/v1/projects/kcc-identity-platform/global/operations/operation-1787362344197-166e134e-32b0-41dd-9524-1a6a5df1f0ae => 200
2026-08-22T01:32:33.9885281Z I0822 01:32:24.198241    4368 mockgcp_http.go:298] mockgcp request: POST https://compute.googleapis.com/compute/v1/projects/kcc-identity-platform/global/routes
2026-08-22T01:32:33.9887371Z I0822 01:32:24.198601    4368 operations.go:125] "storing operation" fqn="projects/kcc-identity-platform/global/operations/operation-1787362344198-9a51e9ad-3944-447f-8093-37a368d83edc"
2026-08-22T01:32:33.9889696Z I0822 01:32:24.198707    4368 mockgcp_http.go:327] mockgcp response: POST https://compute.googleapis.com/compute/v1/projects/kcc-identity-platform/global/routes => 200
2026-08-22T01:32:33.9892120Z I0822 01:32:24.198763    4368 mockgcp_http.go:298] mockgcp request: GET https://compute.googleapis.com/compute/v1/projects/kcc-identity-platform/global/operations/operation-1787362344198-9a51e9ad-3944-447f-8093-37a368d83edc
2026-08-22T01:32:33.9895278Z I0822 01:32:24.199143    4368 mockgcp_http.go:327] mockgcp response: GET https://compute.googleapis.com/compute/v1/projects/kcc-identity-platform/global/operations/operation-1787362344198-9a51e9ad-3944-447f-8093-37a368d83edc => 200
2026-08-22T01:32:33.9897860Z I0822 01:32:24.199231    4368 mockgcp_http.go:298] mockgcp request: POST https://compute.googleapis.com/compute/v1/projects/kcc-identity-platform/global/routes
2026-08-22T01:32:33.9899917Z I0822 01:32:24.199700    4368 operations.go:125] "storing operation" fqn="projects/kcc-identity-platform/global/operations/operation-1787362344199-b7d30d0e-8f3e-4c2d-8fbd-884b992b6822"
2026-08-22T01:32:33.9902044Z I0822 01:32:24.199880    4368 mockgcp_http.go:327] mockgcp response: POST https://compute.googleapis.com/compute/v1/projects/kcc-identity-platform/global/routes => 200
2026-08-22T01:32:33.9904607Z I0822 01:32:24.199923    4368 mockgcp_http.go:298] mockgcp request: GET https://compute.googleapis.com/compute/v1/projects/kcc-identity-platform/global/operations/operation-1787362344199-b7d30d0e-8f3e-4c2d-8fbd-884b992b6822
2026-08-22T01:32:33.9907393Z I0822 01:32:24.200183    4368 mockgcp_http.go:327] mockgcp response: GET https://compute.googleapis.com/compute/v1/projects/kcc-identity-platform/global/operations/operation-1787362344199-b7d30d0e-8f3e-4c2d-8fbd-884b992b6822 => 200
2026-08-22T01:32:33.9909748Z I0822 01:32:24.200267    4368 mockgcp_http.go:298] mockgcp request: POST https://compute.googleapis.com/compute/v1/projects/kcc-identity-platform/global/routes
2026-08-22T01:32:33.9911825Z I0822 01:32:24.201618    4368 operations.go:125] "storing operation" fqn="projects/kcc-identity-platform/global/operations/operation-1787362344201-fc8302bb-293a-4254-addf-b392d84a13bb"
2026-08-22T01:32:33.9914088Z I0822 01:32:24.201725    4368 mockgcp_http.go:327] mockgcp response: POST https://compute.googleapis.com/compute/v1/projects/kcc-identity-platform/global/routes => 200
2026-08-22T01:32:33.9916485Z I0822 01:32:24.201768    4368 mockgcp_http.go:298] mockgcp request: GET https://compute.googleapis.com/compute/v1/projects/kcc-identity-platform/global/operations/operation-1787362344201-fc8302bb-293a-4254-addf-b392d84a13bb
2026-08-22T01:32:33.9919312Z I0822 01:32:24.201997    4368 mockgcp_http.go:327] mockgcp response: GET https://compute.googleapis.com/compute/v1/projects/kcc-identity-platform/global/operations/operation-1787362344201-fc8302bb-293a-4254-addf-b392d84a13bb => 200
2026-08-22T01:32:33.9921703Z I0822 01:32:24.202071    4368 mockgcp_http.go:298] mockgcp request: POST https://compute.googleapis.com/compute/v1/projects/kcc-identity-platform/global/routes
2026-08-22T01:32:33.9923904Z I0822 01:32:24.202453    4368 operations.go:125] "storing operation" fqn="projects/kcc-identity-platform/global/operations/operation-1787362344202-263ecbcc-36e8-48c1-8b46-4d799d22b6fd"
2026-08-22T01:32:33.9925968Z I0822 01:32:24.202624    4368 mockgcp_http.go:327] mockgcp response: POST https://compute.googleapis.com/compute/v1/projects/kcc-identity-platform/global/routes => 200
2026-08-22T01:32:33.9928325Z I0822 01:32:24.202676    4368 mockgcp_http.go:298] mockgcp request: GET https://compute.googleapis.com/compute/v1/projects/kcc-identity-platform/global/operations/operation-1787362344202-263ecbcc-36e8-48c1-8b46-4d799d22b6fd
2026-08-22T01:32:33.9931084Z I0822 01:32:24.203001    4368 mockgcp_http.go:327] mockgcp response: GET https://compute.googleapis.com/compute/v1/projects/kcc-identity-platform/global/operations/operation-1787362344202-263ecbcc-36e8-48c1-8b46-4d799d22b6fd => 200
2026-08-22T01:32:33.9934068Z I0822 01:32:24.203058    4368 mockgcp_http.go:298] mockgcp request: POST https://compute.googleapis.com/compute/v1/projects/kcc-identity-platform/global/routes
2026-08-22T01:32:33.9936375Z I0822 01:32:24.203563    4368 operations.go:125] "storing operation" fqn="projects/kcc-identity-platform/global/operations/operation-1787362344203-06f408bc-d29e-44fc-86bb-dbb1a87fd2ec"
2026-08-22T01:32:33.9938495Z I0822 01:32:24.203718    4368 mockgcp_http.go:327] mockgcp response: POST https://compute.googleapis.com/compute/v1/projects/kcc-identity-platform/global/routes => 200
2026-08-22T01:32:33.9940870Z I0822 01:32:24.203780    4368 mockgcp_http.go:298] mockgcp request: GET https://compute.googleapis.com/compute/v1/projects/kcc-identity-platform/global/operations/operation-1787362344203-06f408bc-d29e-44fc-86bb-dbb1a87fd2ec
2026-08-22T01:32:33.9944018Z I0822 01:32:24.204133    4368 mockgcp_http.go:327] mockgcp response: GET https://compute.googleapis.com/compute/v1/projects/kcc-identity-platform/global/operations/operation-1787362344203-06f408bc-d29e-44fc-86bb-dbb1a87fd2ec => 200
2026-08-22T01:32:33.9946904Z I0822 01:32:24.204197    4368 mockgcp_http.go:298] mockgcp request: POST https://compute.googleapis.com/compute/v1/projects/kcc-identity-platform/global/routes
2026-08-22T01:32:33.9949220Z I0822 01:32:24.204671    4368 operations.go:125] "storing operation" fqn="projects/kcc-identity-platform/global/operations/operation-1787362344204-32527ae8-aaf9-476a-8985-d6fc8614e0b0"
2026-08-22T01:32:33.9951316Z I0822 01:32:24.204788    4368 mockgcp_http.go:327] mockgcp response: POST https://compute.googleapis.com/compute/v1/projects/kcc-identity-platform/global/routes => 200
2026-08-22T01:32:33.9954760Z I0822 01:32:24.204869    4368 mockgcp_http.go:298] mockgcp request: GET https://compute.googleapis.com/compute/v1/projects/kcc-identity-platform/global/operations/operation-1787362344204-32527ae8-aaf9-476a-8985-d6fc8614e0b0
2026-08-22T01:32:33.9958120Z I0822 01:32:24.205167    4368 mockgcp_http.go:327] mockgcp response: GET https://compute.googleapis.com/compute/v1/projects/kcc-identity-platform/global/operations/operation-1787362344204-32527ae8-aaf9-476a-8985-d6fc8614e0b0 => 200
2026-08-22T01:32:33.9960996Z I0822 01:32:24.205220    4368 mockgcp_http.go:298] mockgcp request: POST https://compute.googleapis.com/compute/v1/projects/kcc-identity-platform/global/routes
2026-08-22T01:32:33.9963042Z I0822 01:32:24.205638    4368 operations.go:125] "storing operation" fqn="projects/kcc-identity-platform/global/operations/operation-1787362344205-fa7efbbf-0c8f-4f3b-8bb4-dba68a973832"
2026-08-22T01:32:33.9965290Z I0822 01:32:24.205735    4368 mockgcp_http.go:327] mockgcp response: POST https://compute.googleapis.com/compute/v1/projects/kcc-identity-platform/global/routes => 200
2026-08-22T01:32:33.9967800Z I0822 01:32:24.205793    4368 mockgcp_http.go:298] mockgcp request: GET https://compute.googleapis.com/compute/v1/projects/kcc-identity-platform/global/operations/operation-1787362344205-fa7efbbf-0c8f-4f3b-8bb4-dba68a973832
2026-08-22T01:32:33.9970609Z I0822 01:32:24.206005    4368 mockgcp_http.go:327] mockgcp response: GET https://compute.googleapis.com/compute/v1/projects/kcc-identity-platform/global/operations/operation-1787362344205-fa7efbbf-0c8f-4f3b-8bb4-dba68a973832 => 200
2026-08-22T01:32:33.9972986Z I0822 01:32:24.206063    4368 mockgcp_http.go:298] mockgcp request: POST https://compute.googleapis.com/compute/v1/projects/kcc-identity-platform/global/routes
2026-08-22T01:32:33.9975288Z I0822 01:32:24.206458    4368 operations.go:125] "storing operation" fqn="projects/kcc-identity-platform/global/operations/operation-1787362344206-1498fbc4-1567-4257-8648-fff2f14bf2a6"
2026-08-22T01:32:33.9977347Z I0822 01:32:24.206565    4368 mockgcp_http.go:327] mockgcp response: POST https://compute.googleapis.com/compute/v1/projects/kcc-identity-platform/global/routes => 200
2026-08-22T01:32:33.9979686Z I0822 01:32:24.206613    4368 mockgcp_http.go:298] mockgcp request: GET https://compute.googleapis.com/compute/v1/projects/kcc-identity-platform/global/operations/operation-1787362344206-1498fbc4-1567-4257-8648-fff2f14bf2a6
2026-08-22T01:32:33.9982643Z I0822 01:32:24.206862    4368 mockgcp_http.go:327] mockgcp response: GET https://compute.googleapis.com/compute/v1/projects/kcc-identity-platform/global/operations/operation-1787362344206-1498fbc4-1567-4257-8648-fff2f14bf2a6 => 200
2026-08-22T01:32:33.9985130Z I0822 01:32:24.206913    4368 mockgcp_http.go:298] mockgcp request: POST https://compute.googleapis.com/compute/v1/projects/kcc-identity-platform/global/routes
2026-08-22T01:32:33.9987134Z I0822 01:32:24.207270    4368 operations.go:125] "storing operation" fqn="projects/kcc-identity-platform/global/operations/operation-1787362344207-db0c2d2c-bd09-45e5-a032-d75535ee73a6"
2026-08-22T01:32:33.9989373Z I0822 01:32:24.207438    4368 mockgcp_http.go:327] mockgcp response: POST https://compute.googleapis.com/compute/v1/projects/kcc-identity-platform/global/routes => 200
2026-08-22T01:32:33.9991707Z I0822 01:32:24.207486    4368 mockgcp_http.go:298] mockgcp request: GET https://compute.googleapis.com/compute/v1/projects/kcc-identity-platform/global/operations/operation-1787362344207-db0c2d2c-bd09-45e5-a032-d75535ee73a6
2026-08-22T01:32:33.9994641Z I0822 01:32:24.207820    4368 mockgcp_http.go:327] mockgcp response: GET https://compute.googleapis.com/compute/v1/projects/kcc-identity-platform/global/operations/operation-1787362344207-db0c2d2c-bd09-45e5-a032-d75535ee73a6 => 200
2026-08-22T01:32:33.9996976Z I0822 01:32:24.207878    4368 mockgcp_http.go:298] mockgcp request: POST https://compute.googleapis.com/compute/v1/projects/kcc-identity-platform/global/routes
2026-08-22T01:32:33.9999009Z I0822 01:32:24.208509    4368 operations.go:125] "storing operation" fqn="projects/kcc-identity-platform/global/operations/operation-1787362344208-b4312bf7-0cbd-44df-acc6-87a2f76ba16c"
2026-08-22T01:32:34.0001132Z I0822 01:32:24.208623    4368 mockgcp_http.go:327] mockgcp response: POST https://compute.googleapis.com/compute/v1/projects/kcc-identity-platform/global/routes => 200
2026-08-22T01:32:34.0003636Z I0822 01:32:24.208672    4368 mockgcp_http.go:298] mockgcp request: GET https://compute.googleapis.com/compute/v1/projects/kcc-identity-platform/global/operations/operation-1787362344208-b4312bf7-0cbd-44df-acc6-87a2f76ba16c
2026-08-22T01:32:34.0006394Z I0822 01:32:24.209003    4368 mockgcp_http.go:327] mockgcp response: GET https://compute.googleapis.com/compute/v1/projects/kcc-identity-platform/global/operations/operation-1787362344208-b4312bf7-0cbd-44df-acc6-87a2f76ba16c => 200
2026-08-22T01:32:34.0008684Z I0822 01:32:24.209122    4368 mockgcp_http.go:298] mockgcp request: POST https://compute.googleapis.com/compute/v1/projects/kcc-identity-platform/global/routes
2026-08-22T01:32:34.0010696Z I0822 01:32:24.209550    4368 operations.go:125] "storing operation" fqn="projects/kcc-identity-platform/global/operations/operation-1787362344209-887700ef-cfdd-4b3e-887a-90859cc7892e"
2026-08-22T01:32:34.0012730Z I0822 01:32:24.209757    4368 mockgcp_http.go:327] mockgcp response: POST https://compute.googleapis.com/compute/v1/projects/kcc-identity-platform/global/routes => 200
2026-08-22T01:32:34.0015217Z I0822 01:32:24.209811    4368 mockgcp_http.go:298] mockgcp request: GET https://compute.googleapis.com/compute/v1/projects/kcc-identity-platform/global/operations/operation-1787362344209-887700ef-cfdd-4b3e-887a-90859cc7892e
2026-08-22T01:32:34.0017943Z I0822 01:32:24.210121    4368 mockgcp_http.go:327] mockgcp response: GET https://compute.googleapis.com/compute/v1/projects/kcc-identity-platform/global/operations/operation-1787362344209-887700ef-cfdd-4b3e-887a-90859cc7892e => 200
2026-08-22T01:32:34.0020232Z I0822 01:32:24.210176    4368 mockgcp_http.go:298] mockgcp request: POST https://compute.googleapis.com/compute/v1/projects/kcc-identity-platform/global/routes
2026-08-22T01:32:34.0022243Z I0822 01:32:24.210595    4368 operations.go:125] "storing operation" fqn="projects/kcc-identity-platform/global/operations/operation-1787362344210-19bb54bf-4538-4d54-b291-b7069f5a1930"
2026-08-22T01:32:34.0024618Z I0822 01:32:24.210786    4368 mockgcp_http.go:327] mockgcp response: POST https://compute.googleapis.com/compute/v1/projects/kcc-identity-platform/global/routes => 200
2026-08-22T01:32:34.0026928Z I0822 01:32:24.210878    4368 mockgcp_http.go:298] mockgcp request: GET https://compute.googleapis.com/compute/v1/projects/kcc-identity-platform/global/operations/operation-1787362344210-19bb54bf-4538-4d54-b291-b7069f5a1930
2026-08-22T01:32:34.0029636Z I0822 01:32:24.211179    4368 mockgcp_http.go:327] mockgcp response: GET https://compute.googleapis.com/compute/v1/projects/kcc-identity-platform/global/operations/operation-1787362344210-19bb54bf-4538-4d54-b291-b7069f5a1930 => 200
2026-08-22T01:32:34.0031946Z I0822 01:32:24.211263    4368 mockgcp_http.go:298] mockgcp request: POST https://compute.googleapis.com/compute/v1/projects/kcc-identity-platform/global/routes
2026-08-22T01:32:34.0034339Z I0822 01:32:24.211753    4368 operations.go:125] "storing operation" fqn="projects/kcc-identity-platform/global/operations/operation-1787362344211-f5cba880-b0dc-4d53-88b1-ab6c0c9430cd"
2026-08-22T01:32:34.0035683Z I0822 01:32:24.211947    4368 mockgcp_http.go:327] mockgcp response: POST https://compute.googleapis.com/compute/v1/projects/kcc-identity-platform/global/routes => 200
2026-08-22T01:32:34.0037330Z I0822 01:32:24.212013    4368 mockgcp_http.go:298] mockgcp request: GET https://compute.googleapis.com/compute/v1/projects/kcc-identity-platform/global/operations/operation-1787362344211-f5cba880-b0dc-4d53-88b1-ab6c0c9430cd
2026-08-22T01:32:34.0038914Z I0822 01:32:24.212364    4368 mockgcp_http.go:327] mockgcp response: GET https://compute.googleapis.com/compute/v1/projects/kcc-identity-platform/global/operations/operation-1787362344211-f5cba880-b0dc-4d53-88b1-ab6c0c9430cd => 200
2026-08-22T01:32:34.0040400Z I0822 01:32:24.212463    4368 mockgcp_http.go:298] mockgcp request: POST https://compute.googleapis.com/compute/v1/projects/kcc-identity-platform/global/routes
2026-08-22T01:32:34.0041577Z I0822 01:32:24.212987    4368 operations.go:125] "storing operation" fqn="projects/kcc-identity-platform/global/operations/operation-1787362344212-24c5479a-9cfe-4701-b0c0-a3a9e8d26677"
2026-08-22T01:32:34.0042954Z I0822 01:32:24.213243    4368 mockgcp_http.go:327] mockgcp response: POST https://compute.googleapis.com/compute/v1/projects/kcc-identity-platform/global/routes => 200
2026-08-22T01:32:34.0045193Z I0822 01:32:24.213357    4368 mockgcp_http.go:298] mockgcp request: GET https://compute.googleapis.com/compute/v1/projects/kcc-identity-platform/global/operations/operation-1787362344212-24c5479a-9cfe-4701-b0c0-a3a9e8d26677
2026-08-22T01:32:34.0047943Z I0822 01:32:24.213772    4368 mockgcp_http.go:327] mockgcp response: GET https://compute.googleapis.com/compute/v1/projects/kcc-identity-platform/global/operations/operation-1787362344212-24c5479a-9cfe-4701-b0c0-a3a9e8d26677 => 200
2026-08-22T01:32:34.0050453Z I0822 01:32:24.213894    4368 mockgcp_http.go:298] mockgcp request: POST https://compute.googleapis.com/compute/v1/projects/kcc-identity-platform/global/routes
2026-08-22T01:32:34.0052776Z I0822 01:32:24.214404    4368 operations.go:125] "storing operation" fqn="projects/kcc-identity-platform/global/operations/operation-1787362344214-f9dd1e32-8ef7-4ba7-8da4-22a4217241a2"
2026-08-22T01:32:34.0055001Z I0822 01:32:24.214520    4368 mockgcp_http.go:327] mockgcp response: POST https://compute.googleapis.com/compute/v1/projects/kcc-identity-platform/global/routes => 200
2026-08-22T01:32:34.0057354Z I0822 01:32:24.214583    4368 mockgcp_http.go:298] mockgcp request: GET https://compute.googleapis.com/compute/v1/projects/kcc-identity-platform/global/operations/operation-1787362344214-f9dd1e32-8ef7-4ba7-8da4-22a4217241a2
2026-08-22T01:32:34.0060118Z I0822 01:32:24.214876    4368 mockgcp_http.go:327] mockgcp response: GET https://compute.googleapis.com/compute/v1/projects/kcc-identity-platform/global/operations/operation-1787362344214-f9dd1e32-8ef7-4ba7-8da4-22a4217241a2 => 200
2026-08-22T01:32:34.0062421Z I0822 01:32:24.214969    4368 mockgcp_http.go:298] mockgcp request: POST https://compute.googleapis.com/compute/v1/projects/kcc-identity-platform/global/routes
2026-08-22T01:32:34.0065533Z I0822 01:32:24.215491    4368 operations.go:125] "storing operation" fqn="projects/kcc-identity-platform/global/operations/operation-1787362344215-5a83ed9f-e5d3-4bbe-9717-a8f21bdc3d06"
2026-08-22T01:32:34.0067627Z I0822 01:32:24.215707    4368 mockgcp_http.go:327] mockgcp response: POST https://compute.googleapis.com/compute/v1/projects/kcc-identity-platform/global/routes => 200
2026-08-22T01:32:34.0069790Z I0822 01:32:24.215762    4368 mockgcp_http.go:298] mockgcp request: GET https://compute.googleapis.com/compute/v1/projects/kcc-identity-platform/global/operations/operation-1787362344215-5a83ed9f-e5d3-4bbe-9717-a8f21bdc3d06
2026-08-22T01:32:34.0072771Z I0822 01:32:24.216058    4368 mockgcp_http.go:327] mockgcp response: GET https://compute.googleapis.com/compute/v1/projects/kcc-identity-platform/global/operations/operation-1787362344215-5a83ed9f-e5d3-4bbe-9717-a8f21bdc3d06 => 200
2026-08-22T01:32:34.0076245Z I0822 01:32:24.272526    4368 mockgcp_http.go:298] mockgcp request: GET https://compute.googleapis.com/compute/v1/projects/kcc-identity-platform/global/operations/operation-1787362344138-4668d129-1694-468a-a629-ae49ed188b70
2026-08-22T01:32:34.0079102Z I0822 01:32:24.272877    4368 mockgcp_http.go:327] mockgcp response: GET https://compute.googleapis.com/compute/v1/projects/kcc-identity-platform/global/operations/operation-1787362344138-4668d129-1694-468a-a629-ae49ed188b70 => 200
2026-08-22T01:32:34.0081462Z I0822 01:32:24.273090    4368 mockgcp_http.go:327] mockgcp response: POST https://cloudresourcemanager.googleapis.com/v1/projects?alt=json&prettyPrint=false => 200
2026-08-22T01:32:34.0083872Z I0822 01:32:24.373285    4368 mockgcp_http.go:298] mockgcp request: GET https://cloudresourcemanager.googleapis.com/v1/operations/operation-1787362344272-605cc21f-991b-4d94-a35e-7628c2cdfb96?alt=json&prettyPrint=false
2026-08-22T01:32:34.0086626Z I0822 01:32:24.373455    4368 mockgcp_http.go:327] mockgcp response: GET https://cloudresourcemanager.googleapis.com/v1/operations/operation-1787362344272-605cc21f-991b-4d94-a35e-7628c2cdfb96?alt=json&prettyPrint=false => 200
2026-08-22T01:32:34.0089014Z I0822 01:32:24.373502    4368 mockgcp_http.go:298] mockgcp request: GET https://cloudresourcemanager.googleapis.com/v1/projects/kcc-identity-platform?alt=json&prettyPrint=false
2026-08-22T01:32:34.0091275Z I0822 01:32:24.373778    4368 mockgcp_http.go:327] mockgcp response: GET https://cloudresourcemanager.googleapis.com/v1/projects/kcc-identity-platform?alt=json&prettyPrint=false => 200
2026-08-22T01:32:34.0129739Z I0822 01:32:24.373822    4368 mockgcp_http.go:298] mockgcp request: POST https://cloudresourcemanager.googleapis.com/v1/projects?alt=json&prettyPrint=false
2026-08-22T01:32:34.0149268Z I0822 01:32:24.374122    4368 mockgcp_http.go:298] mockgcp request: POST https://compute.googleapis.com/compute/v1/projects/kcc-recaptcha-enterprise/global/networks
2026-08-22T01:32:34.0151523Z I0822 01:32:24.374545    4368 operations.go:125] "storing operation" fqn="projects/kcc-recaptcha-enterprise/global/operations/operation-1787362344374-ae33763b-f771-43a8-9997-f041267ded8f"
2026-08-22T01:32:34.0154177Z I0822 01:32:24.374621    4368 mockgcp_http.go:298] mockgcp request: POST https://compute.googleapis.com/compute/v1/projects/kcc-recaptcha-enterprise/regions/us-central1/subnetworks
2026-08-22T01:32:34.0180407Z I0822 01:32:24.374980    4368 mockgcp_http.go:327] mockgcp response: POST https://compute.googleapis.com/compute/v1/projects/kcc-recaptcha-enterprise/global/networks => 200
2026-08-22T01:32:34.0182998Z I0822 01:32:24.375033    4368 mockgcp_http.go:298] mockgcp request: GET https://compute.googleapis.com/compute/v1/projects/kcc-recaptcha-enterprise/global/operations/operation-1787362344374-ae33763b-f771-43a8-9997-f041267ded8f
2026-08-22T01:32:34.0200730Z I0822 01:32:24.375069    4368 operations.go:125] "storing operation" fqn="projects/kcc-recaptcha-enterprise/regions/us-central1/operations/operation-1787362344375-32be0f33-8284-46fa-ab29-3a281875ec9f"
2026-08-22T01:32:34.0207858Z I0822 01:32:24.375186    4368 mockgcp_http.go:327] mockgcp response: POST https://compute.googleapis.com/compute/v1/projects/kcc-recaptcha-enterprise/regions/us-central1/subnetworks => 200
2026-08-22T01:32:34.0210647Z I0822 01:32:24.375231    4368 mockgcp_http.go:298] mockgcp request: GET https://compute.googleapis.com/compute/v1/projects/kcc-recaptcha-enterprise/regions/us-central1/operations/operation-1787362344375-32be0f33-8284-46fa-ab29-3a281875ec9f
2026-08-22T01:32:34.0217926Z I0822 01:32:24.375252    4368 mockgcp_http.go:327] mockgcp response: GET https://compute.googleapis.com/compute/v1/projects/kcc-recaptcha-enterprise/global/operations/operation-1787362344374-ae33763b-f771-43a8-9997-f041267ded8f => 200
2026-08-22T01:32:34.0221375Z I0822 01:32:24.376403    4368 mockgcp_http.go:327] mockgcp response: GET https://compute.googleapis.com/compute/v1/projects/kcc-recaptcha-enterprise/regions/us-central1/operations/operation-1787362344375-32be0f33-8284-46fa-ab29-3a281875ec9f => 200
2026-08-22T01:32:34.0224385Z I0822 01:32:24.376473    4368 mockgcp_http.go:298] mockgcp request: POST https://compute.googleapis.com/compute/v1/projects/kcc-recaptcha-enterprise/regions/europe-west1/subnetworks
2026-08-22T01:32:34.0226713Z I0822 01:32:24.376810    4368 operations.go:125] "storing operation" fqn="projects/kcc-recaptcha-enterprise/regions/europe-west1/operations/operation-1787362344376-ae349635-c156-44e3-bc30-ae817d57aedb"
2026-08-22T01:32:34.0229189Z I0822 01:32:24.376922    4368 mockgcp_http.go:327] mockgcp response: POST https://compute.googleapis.com/compute/v1/projects/kcc-recaptcha-enterprise/regions/europe-west1/subnetworks => 200
2026-08-22T01:32:34.0231903Z I0822 01:32:24.376978    4368 mockgcp_http.go:298] mockgcp request: GET https://compute.googleapis.com/compute/v1/projects/kcc-recaptcha-enterprise/regions/europe-west1/operations/operation-1787362344376-ae349635-c156-44e3-bc30-ae817d57aedb
2026-08-22T01:32:34.0235233Z I0822 01:32:24.377229    4368 mockgcp_http.go:327] mockgcp response: GET https://compute.googleapis.com/compute/v1/projects/kcc-recaptcha-enterprise/regions/europe-west1/operations/operation-1787362344376-ae349635-c156-44e3-bc30-ae817d57aedb => 200
2026-08-22T01:32:34.0237950Z I0822 01:32:24.377282    4368 mockgcp_http.go:298] mockgcp request: POST https://compute.googleapis.com/compute/v1/projects/kcc-recaptcha-enterprise/regions/us-west1/subnetworks
2026-08-22T01:32:34.0240255Z I0822 01:32:24.377681    4368 operations.go:125] "storing operation" fqn="projects/kcc-recaptcha-enterprise/regions/us-west1/operations/operation-1787362344377-4e9dc3d0-61d6-43cd-a91a-1eb9f4772531"
2026-08-22T01:32:34.0242634Z I0822 01:32:24.377773    4368 mockgcp_http.go:327] mockgcp response: POST https://compute.googleapis.com/compute/v1/projects/kcc-recaptcha-enterprise/regions/us-west1/subnetworks => 200
2026-08-22T01:32:34.0245636Z I0822 01:32:24.377820    4368 mockgcp_http.go:298] mockgcp request: GET https://compute.googleapis.com/compute/v1/projects/kcc-recaptcha-enterprise/regions/us-west1/operations/operation-1787362344377-4e9dc3d0-61d6-43cd-a91a-1eb9f4772531
2026-08-22T01:32:34.0249151Z I0822 01:32:24.378037    4368 mockgcp_http.go:327] mockgcp response: GET https://compute.googleapis.com/compute/v1/projects/kcc-recaptcha-enterprise/regions/us-west1/operations/operation-1787362344377-4e9dc3d0-61d6-43cd-a91a-1eb9f4772531 => 200
2026-08-22T01:32:34.0251898Z I0822 01:32:24.378086    4368 mockgcp_http.go:298] mockgcp request: POST https://compute.googleapis.com/compute/v1/projects/kcc-recaptcha-enterprise/regions/asia-east1/subnetworks
2026-08-22T01:32:34.0254405Z I0822 01:32:24.378385    4368 operations.go:125] "storing operation" fqn="projects/kcc-recaptcha-enterprise/regions/asia-east1/operations/operation-1787362344378-3a1d4347-2338-4cb3-8823-adaf496a9d64"
2026-08-22T01:32:34.0256898Z I0822 01:32:24.378478    4368 mockgcp_http.go:327] mockgcp response: POST https://compute.googleapis.com/compute/v1/projects/kcc-recaptcha-enterprise/regions/asia-east1/subnetworks => 200
2026-08-22T01:32:34.0261538Z I0822 01:32:24.378519    4368 mockgcp_http.go:298] mockgcp request: GET https://compute.googleapis.com/compute/v1/projects/kcc-recaptcha-enterprise/regions/asia-east1/operations/operation-1787362344378-3a1d4347-2338-4cb3-8823-adaf496a9d64
2026-08-22T01:32:34.0264908Z I0822 01:32:24.378720    4368 mockgcp_http.go:327] mockgcp response: GET https://compute.googleapis.com/compute/v1/projects/kcc-recaptcha-enterprise/regions/asia-east1/operations/operation-1787362344378-3a1d4347-2338-4cb3-8823-adaf496a9d64 => 200
2026-08-22T01:32:34.0267661Z I0822 01:32:24.378767    4368 mockgcp_http.go:298] mockgcp request: POST https://compute.googleapis.com/compute/v1/projects/kcc-recaptcha-enterprise/regions/us-east1/subnetworks
2026-08-22T01:32:34.0270186Z I0822 01:32:24.379030    4368 operations.go:125] "storing operation" fqn="projects/kcc-recaptcha-enterprise/regions/us-east1/operations/operation-1787362344379-e69874e0-93d4-4175-b3fa-ee3260a28dd3"
2026-08-22T01:32:34.0272574Z I0822 01:32:24.379117    4368 mockgcp_http.go:327] mockgcp response: POST https://compute.googleapis.com/compute/v1/projects/kcc-recaptcha-enterprise/regions/us-east1/subnetworks => 200
2026-08-22T01:32:34.0275498Z I0822 01:32:24.379158    4368 mockgcp_http.go:298] mockgcp request: GET https://compute.googleapis.com/compute/v1/projects/kcc-recaptcha-enterprise/regions/us-east1/operations/operation-1787362344379-e69874e0-93d4-4175-b3fa-ee3260a28dd3
2026-08-22T01:32:34.0278945Z I0822 01:32:24.379419    4368 mockgcp_http.go:327] mockgcp response: GET https://compute.googleapis.com/compute/v1/projects/kcc-recaptcha-enterprise/regions/us-east1/operations/operation-1787362344379-e69874e0-93d4-4175-b3fa-ee3260a28dd3 => 200
2026-08-22T01:32:34.0281773Z I0822 01:32:24.379476    4368 mockgcp_http.go:298] mockgcp request: POST https://compute.googleapis.com/compute/v1/projects/kcc-recaptcha-enterprise/regions/asia-northeast1/subnetworks
2026-08-22T01:32:34.0284570Z I0822 01:32:24.379785    4368 operations.go:125] "storing operation" fqn="projects/kcc-recaptcha-enterprise/regions/asia-northeast1/operations/operation-1787362344379-aada0f37-dad3-4314-bb94-e22168bd1392"
2026-08-22T01:32:34.0287126Z I0822 01:32:24.379888    4368 mockgcp_http.go:327] mockgcp response: POST https://compute.googleapis.com/compute/v1/projects/kcc-recaptcha-enterprise/regions/asia-northeast1/subnetworks => 200
2026-08-22T01:32:34.0289999Z I0822 01:32:24.379930    4368 mockgcp_http.go:298] mockgcp request: GET https://compute.googleapis.com/compute/v1/projects/kcc-recaptcha-enterprise/regions/asia-northeast1/operations/operation-1787362344379-aada0f37-dad3-4314-bb94-e22168bd1392
2026-08-22T01:32:34.0293332Z I0822 01:32:24.380133    4368 mockgcp_http.go:327] mockgcp response: GET https://compute.googleapis.com/compute/v1/projects/kcc-recaptcha-enterprise/regions/asia-northeast1/operations/operation-1787362344379-aada0f37-dad3-4314-bb94-e22168bd1392 => 200
2026-08-22T01:32:34.0296376Z I0822 01:32:24.380179    4368 mockgcp_http.go:298] mockgcp request: POST https://compute.googleapis.com/compute/v1/projects/kcc-recaptcha-enterprise/regions/asia-southeast1/subnetworks
2026-08-22T01:32:34.0299823Z I0822 01:32:24.380459    4368 operations.go:125] "storing operation" fqn="projects/kcc-recaptcha-enterprise/regions/asia-southeast1/operations/operation-1787362344380-de5f4dd2-b312-4839-8a82-7e3d60309010"
2026-08-22T01:32:34.0302294Z I0822 01:32:24.380546    4368 mockgcp_http.go:327] mockgcp response: POST https://compute.googleapis.com/compute/v1/projects/kcc-recaptcha-enterprise/regions/asia-southeast1/subnetworks => 200
2026-08-22T01:32:34.0305343Z I0822 01:32:24.380584    4368 mockgcp_http.go:298] mockgcp request: GET https://compute.googleapis.com/compute/v1/projects/kcc-recaptcha-enterprise/regions/asia-southeast1/operations/operation-1787362344380-de5f4dd2-b312-4839-8a82-7e3d60309010
2026-08-22T01:32:34.0309002Z I0822 01:32:24.380781    4368 mockgcp_http.go:327] mockgcp response: GET https://compute.googleapis.com/compute/v1/projects/kcc-recaptcha-enterprise/regions/asia-southeast1/operations/operation-1787362344380-de5f4dd2-b312-4839-8a82-7e3d60309010 => 200
2026-08-22T01:32:34.0312068Z I0822 01:32:24.380831    4368 mockgcp_http.go:298] mockgcp request: POST https://compute.googleapis.com/compute/v1/projects/kcc-recaptcha-enterprise/regions/us-east4/subnetworks
2026-08-22T01:32:34.0314677Z I0822 01:32:24.381091    4368 operations.go:125] "storing operation" fqn="projects/kcc-recaptcha-enterprise/regions/us-east4/operations/operation-1787362344381-cfca3370-f0b0-45b7-8bac-d6522e5b710b"
2026-08-22T01:32:34.0317177Z I0822 01:32:24.381218    4368 mockgcp_http.go:327] mockgcp response: POST https://compute.googleapis.com/compute/v1/projects/kcc-recaptcha-enterprise/regions/us-east4/subnetworks => 200
2026-08-22T01:32:34.0321172Z I0822 01:32:24.381260    4368 mockgcp_http.go:298] mockgcp request: GET https://compute.googleapis.com/compute/v1/projects/kcc-recaptcha-enterprise/regions/us-east4/operations/operation-1787362344381-cfca3370-f0b0-45b7-8bac-d6522e5b710b
2026-08-22T01:32:34.0324652Z I0822 01:32:24.381494    4368 mockgcp_http.go:327] mockgcp response: GET https://compute.googleapis.com/compute/v1/projects/kcc-recaptcha-enterprise/regions/us-east4/operations/operation-1787362344381-cfca3370-f0b0-45b7-8bac-d6522e5b710b => 200
2026-08-22T01:32:34.0327483Z I0822 01:32:24.381549    4368 mockgcp_http.go:298] mockgcp request: POST https://compute.googleapis.com/compute/v1/projects/kcc-recaptcha-enterprise/regions/australia-southeast1/subnetworks
2026-08-22T01:32:34.0330094Z I0822 01:32:24.381825    4368 operations.go:125] "storing operation" fqn="projects/kcc-recaptcha-enterprise/regions/australia-southeast1/operations/operation-1787362344381-2aa54fda-0ac3-4631-b8a8-5042e85571ed"
2026-08-22T01:32:34.0332593Z I0822 01:32:24.381907    4368 mockgcp_http.go:327] mockgcp response: POST https://compute.googleapis.com/compute/v1/projects/kcc-recaptcha-enterprise/regions/australia-southeast1/subnetworks => 200
2026-08-22T01:32:34.0335657Z I0822 01:32:24.381951    4368 mockgcp_http.go:298] mockgcp request: GET https://compute.googleapis.com/compute/v1/projects/kcc-recaptcha-enterprise/regions/australia-southeast1/operations/operation-1787362344381-2aa54fda-0ac3-4631-b8a8-5042e85571ed
2026-08-22T01:32:34.0338933Z I0822 01:32:24.382161    4368 mockgcp_http.go:327] mockgcp response: GET https://compute.googleapis.com/compute/v1/projects/kcc-recaptcha-enterprise/regions/australia-southeast1/operations/operation-1787362344381-2aa54fda-0ac3-4631-b8a8-5042e85571ed => 200
2026-08-22T01:32:34.0342322Z I0822 01:32:24.382207    4368 mockgcp_http.go:298] mockgcp request: POST https://compute.googleapis.com/compute/v1/projects/kcc-recaptcha-enterprise/regions/europe-west2/subnetworks
2026-08-22T01:32:34.0344966Z I0822 01:32:24.382706    4368 operations.go:125] "storing operation" fqn="projects/kcc-recaptcha-enterprise/regions/europe-west2/operations/operation-1787362344382-c2c4e4ec-ef94-4b48-8fdf-8fb0665ba9be"
2026-08-22T01:32:34.0347484Z I0822 01:32:24.382852    4368 mockgcp_http.go:327] mockgcp response: POST https://compute.googleapis.com/compute/v1/projects/kcc-recaptcha-enterprise/regions/europe-west2/subnetworks => 200
2026-08-22T01:32:34.0350303Z I0822 01:32:24.382918    4368 mockgcp_http.go:298] mockgcp request: GET https://compute.googleapis.com/compute/v1/projects/kcc-recaptcha-enterprise/regions/europe-west2/operations/operation-1787362344382-c2c4e4ec-ef94-4b48-8fdf-8fb0665ba9be
2026-08-22T01:32:34.0354796Z I0822 01:32:24.383205    4368 mockgcp_http.go:327] mockgcp response: GET https://compute.googleapis.com/compute/v1/projects/kcc-recaptcha-enterprise/regions/europe-west2/operations/operation-1787362344382-c2c4e4ec-ef94-4b48-8fdf-8fb0665ba9be => 200
2026-08-22T01:32:34.0357632Z I0822 01:32:24.383270    4368 mockgcp_http.go:298] mockgcp request: POST https://compute.googleapis.com/compute/v1/projects/kcc-recaptcha-enterprise/regions/europe-west3/subnetworks
2026-08-22T01:32:34.0360440Z I0822 01:32:24.383645    4368 operations.go:125] "storing operation" fqn="projects/kcc-recaptcha-enterprise/regions/europe-west3/operations/operation-1787362344383-61484eab-025e-4389-bfec-b46e01bd513e"
2026-08-22T01:32:34.0363184Z I0822 01:32:24.383775    4368 mockgcp_http.go:327] mockgcp response: POST https://compute.googleapis.com/compute/v1/projects/kcc-recaptcha-enterprise/regions/europe-west3/subnetworks => 200
2026-08-22T01:32:34.0366175Z I0822 01:32:24.383821    4368 mockgcp_http.go:298] mockgcp request: GET https://compute.googleapis.com/compute/v1/projects/kcc-recaptcha-enterprise/regions/europe-west3/operations/operation-1787362344383-61484eab-025e-4389-bfec-b46e01bd513e
2026-08-22T01:32:34.0369838Z I0822 01:32:24.384128    4368 mockgcp_http.go:327] mockgcp response: GET https://compute.googleapis.com/compute/v1/projects/kcc-recaptcha-enterprise/regions/europe-west3/operations/operation-1787362344383-61484eab-025e-4389-bfec-b46e01bd513e => 200
2026-08-22T01:32:34.0372956Z I0822 01:32:24.384183    4368 mockgcp_http.go:298] mockgcp request: POST https://compute.googleapis.com/compute/v1/projects/kcc-recaptcha-enterprise/regions/southamerica-east1/subnetworks
2026-08-22T01:32:34.0375818Z I0822 01:32:24.384498    4368 operations.go:125] "storing operation" fqn="projects/kcc-recaptcha-enterprise/regions/southamerica-east1/operations/operation-1787362344384-3f3fe5f8-cc4e-4434-a1c4-9712b68b0c15"
2026-08-22T01:32:34.0379381Z I0822 01:32:24.384620    4368 mockgcp_http.go:327] mockgcp response: POST https://compute.googleapis.com/compute/v1/projects/kcc-recaptcha-enterprise/regions/southamerica-east1/subnetworks => 200
2026-08-22T01:32:34.0382366Z I0822 01:32:24.384666    4368 mockgcp_http.go:298] mockgcp request: GET https://compute.googleapis.com/compute/v1/projects/kcc-recaptcha-enterprise/regions/southamerica-east1/operations/operation-1787362344384-3f3fe5f8-cc4e-4434-a1c4-9712b68b0c15
2026-08-22T01:32:34.0385934Z I0822 01:32:24.384908    4368 mockgcp_http.go:327] mockgcp response: GET https://compute.googleapis.com/compute/v1/projects/kcc-recaptcha-enterprise/regions/southamerica-east1/operations/operation-1787362344384-3f3fe5f8-cc4e-4434-a1c4-9712b68b0c15 => 200
2026-08-22T01:32:34.0388844Z I0822 01:32:24.384965    4368 mockgcp_http.go:298] mockgcp request: POST https://compute.googleapis.com/compute/v1/projects/kcc-recaptcha-enterprise/regions/asia-south1/subnetworks
2026-08-22T01:32:34.0391328Z I0822 01:32:24.385292    4368 operations.go:125] "storing operation" fqn="projects/kcc-recaptcha-enterprise/regions/asia-south1/operations/operation-1787362344385-381a4644-ff0d-47cf-bce1-63d10e9e79e1"
2026-08-22T01:32:34.0393985Z I0822 01:32:24.385411    4368 mockgcp_http.go:327] mockgcp response: POST https://compute.googleapis.com/compute/v1/projects/kcc-recaptcha-enterprise/regions/asia-south1/subnetworks => 200
2026-08-22T01:32:34.0396691Z I0822 01:32:24.385554    4368 mockgcp_http.go:298] mockgcp request: GET https://compute.googleapis.com/compute/v1/projects/kcc-recaptcha-enterprise/regions/asia-south1/operations/operation-1787362344385-381a4644-ff0d-47cf-bce1-63d10e9e79e1
2026-08-22T01:32:34.0399815Z I0822 01:32:24.385801    4368 mockgcp_http.go:327] mockgcp response: GET https://compute.googleapis.com/compute/v1/projects/kcc-recaptcha-enterprise/regions/asia-south1/operations/operation-1787362344385-381a4644-ff0d-47cf-bce1-63d10e9e79e1 => 200
2026-08-22T01:32:34.0402970Z I0822 01:32:24.385859    4368 mockgcp_http.go:298] mockgcp request: POST https://compute.googleapis.com/compute/v1/projects/kcc-recaptcha-enterprise/regions/northamerica-northeast1/subnetworks
2026-08-22T01:32:34.0405796Z I0822 01:32:24.386195    4368 operations.go:125] "storing operation" fqn="projects/kcc-recaptcha-enterprise/regions/northamerica-northeast1/operations/operation-1787362344386-66153c33-dc3c-4bdb-8635-3a2c106debd2"
2026-08-22T01:32:34.0408485Z I0822 01:32:24.386292    4368 mockgcp_http.go:327] mockgcp response: POST https://compute.googleapis.com/compute/v1/projects/kcc-recaptcha-enterprise/regions/northamerica-northeast1/subnetworks => 200
2026-08-22T01:32:34.0412454Z I0822 01:32:24.386336    4368 mockgcp_http.go:298] mockgcp request: GET https://compute.googleapis.com/compute/v1/projects/kcc-recaptcha-enterprise/regions/northamerica-northeast1/operations/operation-1787362344386-66153c33-dc3c-4bdb-8635-3a2c106debd2
2026-08-22T01:32:34.0416088Z I0822 01:32:24.386754    4368 mockgcp_http.go:327] mockgcp response: GET https://compute.googleapis.com/compute/v1/projects/kcc-recaptcha-enterprise/regions/northamerica-northeast1/operations/operation-1787362344386-66153c33-dc3c-4bdb-8635-3a2c106debd2 => 200
2026-08-22T01:32:34.0419111Z I0822 01:32:24.386813    4368 mockgcp_http.go:298] mockgcp request: POST https://compute.googleapis.com/compute/v1/projects/kcc-recaptcha-enterprise/regions/europe-west4/subnetworks
2026-08-22T01:32:34.0421666Z I0822 01:32:24.387166    4368 operations.go:125] "storing operation" fqn="projects/kcc-recaptcha-enterprise/regions/europe-west4/operations/operation-1787362344387-a6fd691d-73e6-4c67-b8c3-34fdc3965b22"
2026-08-22T01:32:34.0424287Z I0822 01:32:24.387262    4368 mockgcp_http.go:327] mockgcp response: POST https://compute.googleapis.com/compute/v1/projects/kcc-recaptcha-enterprise/regions/europe-west4/subnetworks => 200
2026-08-22T01:32:34.0427152Z I0822 01:32:24.387304    4368 mockgcp_http.go:298] mockgcp request: GET https://compute.googleapis.com/compute/v1/projects/kcc-recaptcha-enterprise/regions/europe-west4/operations/operation-1787362344387-a6fd691d-73e6-4c67-b8c3-34fdc3965b22
2026-08-22T01:32:34.0430715Z I0822 01:32:24.387555    4368 mockgcp_http.go:327] mockgcp response: GET https://compute.googleapis.com/compute/v1/projects/kcc-recaptcha-enterprise/regions/europe-west4/operations/operation-1787362344387-a6fd691d-73e6-4c67-b8c3-34fdc3965b22 => 200
2026-08-22T01:32:34.0433825Z I0822 01:32:24.387598    4368 mockgcp_http.go:298] mockgcp request: POST https://compute.googleapis.com/compute/v1/projects/kcc-recaptcha-enterprise/regions/europe-north1/subnetworks
2026-08-22T01:32:34.0436409Z I0822 01:32:24.387937    4368 operations.go:125] "storing operation" fqn="projects/kcc-recaptcha-enterprise/regions/europe-north1/operations/operation-1787362344387-309a3a90-a0ac-47c6-867b-1ae0a8fea52e"
2026-08-22T01:32:34.0439006Z I0822 01:32:24.388039    4368 mockgcp_http.go:327] mockgcp response: POST https://compute.googleapis.com/compute/v1/projects/kcc-recaptcha-enterprise/regions/europe-north1/subnetworks => 200
2026-08-22T01:32:34.0442647Z I0822 01:32:24.388095    4368 mockgcp_http.go:298] mockgcp request: GET https://compute.googleapis.com/compute/v1/projects/kcc-recaptcha-enterprise/regions/europe-north1/operations/operation-1787362344387-309a3a90-a0ac-47c6-867b-1ae0a8fea52e
2026-08-22T01:32:34.0446075Z I0822 01:32:24.388368    4368 mockgcp_http.go:327] mockgcp response: GET https://compute.googleapis.com/compute/v1/projects/kcc-recaptcha-enterprise/regions/europe-north1/operations/operation-1787362344387-309a3a90-a0ac-47c6-867b-1ae0a8fea52e => 200
2026-08-22T01:32:34.0448866Z I0822 01:32:24.388431    4368 mockgcp_http.go:298] mockgcp request: POST https://compute.googleapis.com/compute/v1/projects/kcc-recaptcha-enterprise/regions/us-west2/subnetworks
2026-08-22T01:32:34.0451247Z I0822 01:32:24.388733    4368 operations.go:125] "storing operation" fqn="projects/kcc-recaptcha-enterprise/regions/us-west2/operations/operation-1787362344388-b9e33f44-3687-40a0-9491-5e19ea005279"
2026-08-22T01:32:34.0454189Z I0822 01:32:24.389694    4368 mockgcp_http.go:327] mockgcp response: POST https://compute.googleapis.com/compute/v1/projects/kcc-recaptcha-enterprise/regions/us-west2/subnetworks => 200
2026-08-22T01:32:34.0457000Z I0822 01:32:24.389750    4368 mockgcp_http.go:298] mockgcp request: GET https://compute.googleapis.com/compute/v1/projects/kcc-recaptcha-enterprise/regions/us-west2/operations/operation-1787362344388-b9e33f44-3687-40a0-9491-5e19ea005279
2026-08-22T01:32:34.0460188Z I0822 01:32:24.389988    4368 mockgcp_http.go:327] mockgcp response: GET https://compute.googleapis.com/compute/v1/projects/kcc-recaptcha-enterprise/regions/us-west2/operations/operation-1787362344388-b9e33f44-3687-40a0-9491-5e19ea005279 => 200
2026-08-22T01:32:34.0463189Z I0822 01:32:24.390050    4368 mockgcp_http.go:298] mockgcp request: POST https://compute.googleapis.com/compute/v1/projects/kcc-recaptcha-enterprise/regions/asia-east2/subnetworks
2026-08-22T01:32:34.0466050Z I0822 01:32:24.390327    4368 operations.go:125] "storing operation" fqn="projects/kcc-recaptcha-enterprise/regions/asia-east2/operations/operation-1787362344390-aae879ea-ed59-40c6-b2bc-ea814f9a4583"
2026-08-22T01:32:34.0468670Z I0822 01:32:24.390426    4368 mockgcp_http.go:327] mockgcp response: POST https://compute.googleapis.com/compute/v1/projects/kcc-recaptcha-enterprise/regions/asia-east2/subnetworks => 200
2026-08-22T01:32:34.0471600Z I0822 01:32:24.390467    4368 mockgcp_http.go:298] mockgcp request: GET https://compute.googleapis.com/compute/v1/projects/kcc-recaptcha-enterprise/regions/asia-east2/operations/operation-1787362344390-aae879ea-ed59-40c6-b2bc-ea814f9a4583
2026-08-22T01:32:34.0475053Z I0822 01:32:24.390679    4368 mockgcp_http.go:327] mockgcp response: GET https://compute.googleapis.com/compute/v1/projects/kcc-recaptcha-enterprise/regions/asia-east2/operations/operation-1787362344390-aae879ea-ed59-40c6-b2bc-ea814f9a4583 => 200
2026-08-22T01:32:34.0477759Z I0822 01:32:24.390729    4368 mockgcp_http.go:298] mockgcp request: POST https://compute.googleapis.com/compute/v1/projects/kcc-recaptcha-enterprise/regions/europe-west6/subnetworks
2026-08-22T01:32:34.0480090Z I0822 01:32:24.391012    4368 operations.go:125] "storing operation" fqn="projects/kcc-recaptcha-enterprise/regions/europe-west6/operations/operation-1787362344390-97b00b55-11e4-42cc-95d4-264790a7992e"
2026-08-22T01:32:34.0482492Z I0822 01:32:24.391100    4368 mockgcp_http.go:327] mockgcp response: POST https://compute.googleapis.com/compute/v1/projects/kcc-recaptcha-enterprise/regions/europe-west6/subnetworks => 200
2026-08-22T01:32:34.0485433Z I0822 01:32:24.391143    4368 mockgcp_http.go:298] mockgcp request: GET https://compute.googleapis.com/compute/v1/projects/kcc-recaptcha-enterprise/regions/europe-west6/operations/operation-1787362344390-97b00b55-11e4-42cc-95d4-264790a7992e
2026-08-22T01:32:34.0488544Z I0822 01:32:24.391388    4368 mockgcp_http.go:327] mockgcp response: GET https://compute.googleapis.com/compute/v1/projects/kcc-recaptcha-enterprise/regions/europe-west6/operations/operation-1787362344390-97b00b55-11e4-42cc-95d4-264790a7992e => 200
2026-08-22T01:32:34.0491196Z I0822 01:32:24.391443    4368 mockgcp_http.go:298] mockgcp request: POST https://compute.googleapis.com/compute/v1/projects/kcc-recaptcha-enterprise/regions/asia-northeast2/subnetworks
2026-08-22T01:32:34.0494180Z I0822 01:32:24.391724    4368 operations.go:125] "storing operation" fqn="projects/kcc-recaptcha-enterprise/regions/asia-northeast2/operations/operation-1787362344391-eca18234-b00d-4b9b-b235-94b666789a93"
2026-08-22T01:32:34.0496906Z I0822 01:32:24.391833    4368 mockgcp_http.go:327] mockgcp response: POST https://compute.googleapis.com/compute/v1/projects/kcc-recaptcha-enterprise/regions/asia-northeast2/subnetworks => 200
2026-08-22T01:32:34.0499548Z I0822 01:32:24.391890    4368 mockgcp_http.go:298] mockgcp request: GET https://compute.googleapis.com/compute/v1/projects/kcc-recaptcha-enterprise/regions/asia-northeast2/operations/operation-1787362344391-eca18234-b00d-4b9b-b235-94b666789a93
2026-08-22T01:32:34.0502854Z I0822 01:32:24.392128    4368 mockgcp_http.go:327] mockgcp response: GET https://compute.googleapis.com/compute/v1/projects/kcc-recaptcha-enterprise/regions/asia-northeast2/operations/operation-1787362344391-eca18234-b00d-4b9b-b235-94b666789a93 => 200
2026-08-22T01:32:34.0504344Z I0822 01:32:24.392190    4368 mockgcp_http.go:298] mockgcp request: POST https://compute.googleapis.com/compute/v1/projects/kcc-recaptcha-enterprise/regions/asia-northeast3/subnetworks
2026-08-22T01:32:34.0505598Z I0822 01:32:24.392659    4368 operations.go:125] "storing operation" fqn="projects/kcc-recaptcha-enterprise/regions/asia-northeast3/operations/operation-1787362344392-942d535c-de11-45ff-9df8-6d2627745e6a"
2026-08-22T01:32:34.0506989Z I0822 01:32:24.392746    4368 mockgcp_http.go:327] mockgcp response: POST https://compute.googleapis.com/compute/v1/projects/kcc-recaptcha-enterprise/regions/asia-northeast3/subnetworks => 200
2026-08-22T01:32:34.0508421Z I0822 01:32:24.392792    4368 mockgcp_http.go:298] mockgcp request: GET https://compute.googleapis.com/compute/v1/projects/kcc-recaptcha-enterprise/regions/asia-northeast3/operations/operation-1787362344392-942d535c-de11-45ff-9df8-6d2627745e6a
2026-08-22T01:32:34.0510016Z I0822 01:32:24.392997    4368 mockgcp_http.go:327] mockgcp response: GET https://compute.googleapis.com/compute/v1/projects/kcc-recaptcha-enterprise/regions/asia-northeast3/operations/operation-1787362344392-942d535c-de11-45ff-9df8-6d2627745e6a => 200
2026-08-22T01:32:34.0511275Z I0822 01:32:24.393048    4368 mockgcp_http.go:298] mockgcp request: POST https://compute.googleapis.com/compute/v1/projects/kcc-recaptcha-enterprise/regions/us-west3/subnetworks
2026-08-22T01:32:34.0513673Z I0822 01:32:24.393391    4368 operations.go:125] "storing operation" fqn="projects/kcc-recaptcha-enterprise/regions/us-west3/operations/operation-1787362344393-82ec5048-902e-4e8a-a32b-19669325f107"
2026-08-22T01:32:34.0514831Z I0822 01:32:24.393498    4368 mockgcp_http.go:327] mockgcp response: POST https://compute.googleapis.com/compute/v1/projects/kcc-recaptcha-enterprise/regions/us-west3/subnetworks => 200
2026-08-22T01:32:34.0516286Z I0822 01:32:24.393539    4368 mockgcp_http.go:298] mockgcp request: GET https://compute.googleapis.com/compute/v1/projects/kcc-recaptcha-enterprise/regions/us-west3/operations/operation-1787362344393-82ec5048-902e-4e8a-a32b-19669325f107
2026-08-22T01:32:34.0517778Z I0822 01:32:24.393741    4368 mockgcp_http.go:327] mockgcp response: GET https://compute.googleapis.com/compute/v1/projects/kcc-recaptcha-enterprise/regions/us-west3/operations/operation-1787362344393-82ec5048-902e-4e8a-a32b-19669325f107 => 200
2026-08-22T01:32:34.0518837Z I0822 01:32:24.393785    4368 mockgcp_http.go:298] mockgcp request: POST https://compute.googleapis.com/compute/v1/projects/kcc-recaptcha-enterprise/regions/us-west4/subnetworks
2026-08-22T01:32:34.0520049Z I0822 01:32:24.394045    4368 operations.go:125] "storing operation" fqn="projects/kcc-recaptcha-enterprise/regions/us-west4/operations/operation-1787362344394-840301a6-2e66-40f0-aa7c-60af67a980f3"
2026-08-22T01:32:34.0521190Z I0822 01:32:24.396389    4368 mockgcp_http.go:327] mockgcp response: POST https://compute.googleapis.com/compute/v1/projects/kcc-recaptcha-enterprise/regions/us-west4/subnetworks => 200
2026-08-22T01:32:34.0522653Z I0822 01:32:24.396440    4368 mockgcp_http.go:298] mockgcp request: GET https://compute.googleapis.com/compute/v1/projects/kcc-recaptcha-enterprise/regions/us-west4/operations/operation-1787362344394-840301a6-2e66-40f0-aa7c-60af67a980f3
2026-08-22T01:32:34.0525034Z I0822 01:32:24.396652    4368 mockgcp_http.go:327] mockgcp response: GET https://compute.googleapis.com/compute/v1/projects/kcc-recaptcha-enterprise/regions/us-west4/operations/operation-1787362344394-840301a6-2e66-40f0-aa7c-60af67a980f3 => 200
2026-08-22T01:32:34.0526212Z I0822 01:32:24.396696    4368 mockgcp_http.go:298] mockgcp request: POST https://compute.googleapis.com/compute/v1/projects/kcc-recaptcha-enterprise/regions/asia-southeast2/subnetworks
2026-08-22T01:32:34.0527423Z I0822 01:32:24.396964    4368 operations.go:125] "storing operation" fqn="projects/kcc-recaptcha-enterprise/regions/asia-southeast2/operations/operation-1787362344396-120a457b-9e5e-41ed-94dc-5d7716eee021"
2026-08-22T01:32:34.0528552Z I0822 01:32:24.397054    4368 mockgcp_http.go:327] mockgcp response: POST https://compute.googleapis.com/compute/v1/projects/kcc-recaptcha-enterprise/regions/asia-southeast2/subnetworks => 200
2026-08-22T01:32:34.0530015Z I0822 01:32:24.397105    4368 mockgcp_http.go:298] mockgcp request: GET https://compute.googleapis.com/compute/v1/projects/kcc-recaptcha-enterprise/regions/asia-southeast2/operations/operation-1787362344396-120a457b-9e5e-41ed-94dc-5d7716eee021
2026-08-22T01:32:34.0531845Z I0822 01:32:24.400432    4368 mockgcp_http.go:327] mockgcp response: GET https://compute.googleapis.com/compute/v1/projects/kcc-recaptcha-enterprise/regions/asia-southeast2/operations/operation-1787362344396-120a457b-9e5e-41ed-94dc-5d7716eee021 => 200
2026-08-22T01:32:34.0532943Z I0822 01:32:24.400494    4368 mockgcp_http.go:298] mockgcp request: POST https://compute.googleapis.com/compute/v1/projects/kcc-recaptcha-enterprise/regions/europe-central2/subnetworks
2026-08-22T01:32:34.0534452Z I0822 01:32:24.400797    4368 operations.go:125] "storing operation" fqn="projects/kcc-recaptcha-enterprise/regions/europe-central2/operations/operation-1787362344400-d16a6f0e-bc75-4f8c-a6a2-2e7eedc581ec"
2026-08-22T01:32:34.0536156Z I0822 01:32:24.400884    4368 mockgcp_http.go:327] mockgcp response: POST https://compute.googleapis.com/compute/v1/projects/kcc-recaptcha-enterprise/regions/europe-central2/subnetworks => 200
2026-08-22T01:32:34.0537728Z I0822 01:32:24.400927    4368 mockgcp_http.go:298] mockgcp request: GET https://compute.googleapis.com/compute/v1/projects/kcc-recaptcha-enterprise/regions/europe-central2/operations/operation-1787362344400-d16a6f0e-bc75-4f8c-a6a2-2e7eedc581ec
2026-08-22T01:32:34.0539382Z I0822 01:32:24.401150    4368 mockgcp_http.go:327] mockgcp response: GET https://compute.googleapis.com/compute/v1/projects/kcc-recaptcha-enterprise/regions/europe-central2/operations/operation-1787362344400-d16a6f0e-bc75-4f8c-a6a2-2e7eedc581ec => 200
2026-08-22T01:32:34.0540502Z I0822 01:32:24.401201    4368 mockgcp_http.go:298] mockgcp request: POST https://compute.googleapis.com/compute/v1/projects/kcc-recaptcha-enterprise/regions/northamerica-northeast2/subnetworks
2026-08-22T01:32:34.0541795Z I0822 01:32:24.401507    4368 operations.go:125] "storing operation" fqn="projects/kcc-recaptcha-enterprise/regions/northamerica-northeast2/operations/operation-1787362344401-eac07e89-590a-4e6c-83a7-d9bd98a23fa1"
2026-08-22T01:32:34.0543032Z I0822 01:32:24.401590    4368 mockgcp_http.go:327] mockgcp response: POST https://compute.googleapis.com/compute/v1/projects/kcc-recaptcha-enterprise/regions/northamerica-northeast2/subnetworks => 200
2026-08-22T01:32:34.0544912Z I0822 01:32:24.401634    4368 mockgcp_http.go:298] mockgcp request: GET https://compute.googleapis.com/compute/v1/projects/kcc-recaptcha-enterprise/regions/northamerica-northeast2/operations/operation-1787362344401-eac07e89-590a-4e6c-83a7-d9bd98a23fa1
2026-08-22T01:32:34.0555402Z I0822 01:32:24.401843    4368 mockgcp_http.go:327] mockgcp response: GET https://compute.googleapis.com/compute/v1/projects/kcc-recaptcha-enterprise/regions/northamerica-northeast2/operations/operation-1787362344401-eac07e89-590a-4e6c-83a7-d9bd98a23fa1 => 200
2026-08-22T01:32:34.0556542Z I0822 01:32:24.401896    4368 mockgcp_http.go:298] mockgcp request: POST https://compute.googleapis.com/compute/v1/projects/kcc-recaptcha-enterprise/regions/asia-south2/subnetworks
2026-08-22T01:32:34.0557710Z I0822 01:32:24.402185    4368 operations.go:125] "storing operation" fqn="projects/kcc-recaptcha-enterprise/regions/asia-south2/operations/operation-1787362344402-73560988-a256-4c69-9d4f-a8e7dd19933b"
2026-08-22T01:32:34.0558882Z I0822 01:32:24.402280    4368 mockgcp_http.go:327] mockgcp response: POST https://compute.googleapis.com/compute/v1/projects/kcc-recaptcha-enterprise/regions/asia-south2/subnetworks => 200
2026-08-22T01:32:34.0560284Z I0822 01:32:24.402324    4368 mockgcp_http.go:298] mockgcp request: GET https://compute.googleapis.com/compute/v1/projects/kcc-recaptcha-enterprise/regions/asia-south2/operations/operation-1787362344402-73560988-a256-4c69-9d4f-a8e7dd19933b
2026-08-22T01:32:34.0561783Z I0822 01:32:24.402593    4368 mockgcp_http.go:327] mockgcp response: GET https://compute.googleapis.com/compute/v1/projects/kcc-recaptcha-enterprise/regions/asia-south2/operations/operation-1787362344402-73560988-a256-4c69-9d4f-a8e7dd19933b => 200
2026-08-22T01:32:34.0562942Z I0822 01:32:24.402648    4368 mockgcp_http.go:298] mockgcp request: POST https://compute.googleapis.com/compute/v1/projects/kcc-recaptcha-enterprise/regions/australia-southeast2/subnetworks
2026-08-22T01:32:34.0564714Z I0822 01:32:24.402911    4368 operations.go:125] "storing operation" fqn="projects/kcc-recaptcha-enterprise/regions/australia-southeast2/operations/operation-1787362344402-a9599dff-729a-4bbf-a12b-af06294f7a98"
2026-08-22T01:32:34.0565984Z I0822 01:32:24.402989    4368 mockgcp_http.go:327] mockgcp response: POST https://compute.googleapis.com/compute/v1/projects/kcc-recaptcha-enterprise/regions/australia-southeast2/subnetworks => 200
2026-08-22T01:32:34.0567603Z I0822 01:32:24.403026    4368 mockgcp_http.go:298] mockgcp request: GET https://compute.googleapis.com/compute/v1/projects/kcc-recaptcha-enterprise/regions/australia-southeast2/operations/operation-1787362344402-a9599dff-729a-4bbf-a12b-af06294f7a98
2026-08-22T01:32:34.0569513Z I0822 01:32:24.403240    4368 mockgcp_http.go:327] mockgcp response: GET https://compute.googleapis.com/compute/v1/projects/kcc-recaptcha-enterprise/regions/australia-southeast2/operations/operation-1787362344402-a9599dff-729a-4bbf-a12b-af06294f7a98 => 200
2026-08-22T01:32:34.0570717Z I0822 01:32:24.403292    4368 mockgcp_http.go:298] mockgcp request: POST https://compute.googleapis.com/compute/v1/projects/kcc-recaptcha-enterprise/regions/southamerica-west1/subnetworks
2026-08-22T01:32:34.0572005Z I0822 01:32:24.403727    4368 operations.go:125] "storing operation" fqn="projects/kcc-recaptcha-enterprise/regions/southamerica-west1/operations/operation-1787362344403-fba4ceba-37c4-4e1d-b2f9-b8d80c503a11"
2026-08-22T01:32:34.0573240Z I0822 01:32:24.403817    4368 mockgcp_http.go:327] mockgcp response: POST https://compute.googleapis.com/compute/v1/projects/kcc-recaptcha-enterprise/regions/southamerica-west1/subnetworks => 200
2026-08-22T01:32:34.0575302Z I0822 01:32:24.403858    4368 mockgcp_http.go:298] mockgcp request: GET https://compute.googleapis.com/compute/v1/projects/kcc-recaptcha-enterprise/regions/southamerica-west1/operations/operation-1787362344403-fba4ceba-37c4-4e1d-b2f9-b8d80c503a11
2026-08-22T01:32:34.0577015Z I0822 01:32:24.404059    4368 mockgcp_http.go:327] mockgcp response: GET https://compute.googleapis.com/compute/v1/projects/kcc-recaptcha-enterprise/regions/southamerica-west1/operations/operation-1787362344403-fba4ceba-37c4-4e1d-b2f9-b8d80c503a11 => 200
2026-08-22T01:32:34.0578140Z I0822 01:32:24.404114    4368 mockgcp_http.go:298] mockgcp request: POST https://compute.googleapis.com/compute/v1/projects/kcc-recaptcha-enterprise/regions/europe-west8/subnetworks
2026-08-22T01:32:34.0579326Z I0822 01:32:24.404433    4368 operations.go:125] "storing operation" fqn="projects/kcc-recaptcha-enterprise/regions/europe-west8/operations/operation-1787362344404-149aa9c3-9a66-4474-9e9f-a2d459e263a2"
2026-08-22T01:32:34.0580448Z I0822 01:32:24.404522    4368 mockgcp_http.go:327] mockgcp response: POST https://compute.googleapis.com/compute/v1/projects/kcc-recaptcha-enterprise/regions/europe-west8/subnetworks => 200
2026-08-22T01:32:34.0581837Z I0822 01:32:24.404561    4368 mockgcp_http.go:298] mockgcp request: GET https://compute.googleapis.com/compute/v1/projects/kcc-recaptcha-enterprise/regions/europe-west8/operations/operation-1787362344404-149aa9c3-9a66-4474-9e9f-a2d459e263a2
2026-08-22T01:32:34.0583286Z I0822 01:32:24.404767    4368 mockgcp_http.go:327] mockgcp response: GET https://compute.googleapis.com/compute/v1/projects/kcc-recaptcha-enterprise/regions/europe-west8/operations/operation-1787362344404-149aa9c3-9a66-4474-9e9f-a2d459e263a2 => 200
2026-08-22T01:32:34.0584475Z I0822 01:32:24.404826    4368 mockgcp_http.go:298] mockgcp request: POST https://compute.googleapis.com/compute/v1/projects/kcc-recaptcha-enterprise/regions/europe-west9/subnetworks
2026-08-22T01:32:34.0585865Z I0822 01:32:24.405102    4368 operations.go:125] "storing operation" fqn="projects/kcc-recaptcha-enterprise/regions/europe-west9/operations/operation-1787362344405-19d2dc01-135b-4bbb-a0f1-2174e41f781f"
2026-08-22T01:32:34.0587049Z I0822 01:32:24.405186    4368 mockgcp_http.go:327] mockgcp response: POST https://compute.googleapis.com/compute/v1/projects/kcc-recaptcha-enterprise/regions/europe-west9/subnetworks => 200
2026-08-22T01:32:34.0588816Z I0822 01:32:24.405227    4368 mockgcp_http.go:298] mockgcp request: GET https://compute.googleapis.com/compute/v1/projects/kcc-recaptcha-enterprise/regions/europe-west9/operations/operation-1787362344405-19d2dc01-135b-4bbb-a0f1-2174e41f781f
2026-08-22T01:32:34.0590402Z I0822 01:32:24.405469    4368 mockgcp_http.go:327] mockgcp response: GET https://compute.googleapis.com/compute/v1/projects/kcc-recaptcha-enterprise/regions/europe-west9/operations/operation-1787362344405-19d2dc01-135b-4bbb-a0f1-2174e41f781f => 200
2026-08-22T01:32:34.0591797Z I0822 01:32:24.405538    4368 mockgcp_http.go:298] mockgcp request: POST https://compute.googleapis.com/compute/v1/projects/kcc-recaptcha-enterprise/regions/us-east5/subnetworks
2026-08-22T01:32:34.0593042Z I0822 01:32:24.405833    4368 operations.go:125] "storing operation" fqn="projects/kcc-recaptcha-enterprise/regions/us-east5/operations/operation-1787362344405-f08606bc-f63c-4608-a7e3-29ab1fa9b4d1"
2026-08-22T01:32:34.0595128Z I0822 01:32:24.405936    4368 mockgcp_http.go:327] mockgcp response: POST https://compute.googleapis.com/compute/v1/projects/kcc-recaptcha-enterprise/regions/us-east5/subnetworks => 200
2026-08-22T01:32:34.0596764Z I0822 01:32:24.405980    4368 mockgcp_http.go:298] mockgcp request: GET https://compute.googleapis.com/compute/v1/projects/kcc-recaptcha-enterprise/regions/us-east5/operations/operation-1787362344405-f08606bc-f63c-4608-a7e3-29ab1fa9b4d1
2026-08-22T01:32:34.0598363Z I0822 01:32:24.406189    4368 mockgcp_http.go:327] mockgcp response: GET https://compute.googleapis.com/compute/v1/projects/kcc-recaptcha-enterprise/regions/us-east5/operations/operation-1787362344405-f08606bc-f63c-4608-a7e3-29ab1fa9b4d1 => 200
2026-08-22T01:32:34.0599509Z I0822 01:32:24.406239    4368 mockgcp_http.go:298] mockgcp request: POST https://compute.googleapis.com/compute/v1/projects/kcc-recaptcha-enterprise/regions/europe-southwest1/subnetworks
2026-08-22T01:32:34.0600799Z I0822 01:32:24.409509    4368 operations.go:125] "storing operation" fqn="projects/kcc-recaptcha-enterprise/regions/europe-southwest1/operations/operation-1787362344409-c827057e-40a5-4333-b734-c2826a82d4b3"
2026-08-22T01:32:34.0601974Z I0822 01:32:24.409602    4368 mockgcp_http.go:327] mockgcp response: POST https://compute.googleapis.com/compute/v1/projects/kcc-recaptcha-enterprise/regions/europe-southwest1/subnetworks => 200
2026-08-22T01:32:34.0603875Z I0822 01:32:24.409650    4368 mockgcp_http.go:298] mockgcp request: GET https://compute.googleapis.com/compute/v1/projects/kcc-recaptcha-enterprise/regions/europe-southwest1/operations/operation-1787362344409-c827057e-40a5-4333-b734-c2826a82d4b3
2026-08-22T01:32:34.0605659Z I0822 01:32:24.409860    4368 mockgcp_http.go:327] mockgcp response: GET https://compute.googleapis.com/compute/v1/projects/kcc-recaptcha-enterprise/regions/europe-southwest1/operations/operation-1787362344409-c827057e-40a5-4333-b734-c2826a82d4b3 => 200
2026-08-22T01:32:34.0606706Z I0822 01:32:24.409905    4368 mockgcp_http.go:298] mockgcp request: POST https://compute.googleapis.com/compute/v1/projects/kcc-recaptcha-enterprise/regions/us-south1/subnetworks
2026-08-22T01:32:34.0607868Z I0822 01:32:24.410201    4368 operations.go:125] "storing operation" fqn="projects/kcc-recaptcha-enterprise/regions/us-south1/operations/operation-1787362344410-3967cd2d-b84b-456f-a031-336227264327"
2026-08-22T01:32:34.0608938Z I0822 01:32:24.410287    4368 mockgcp_http.go:327] mockgcp response: POST https://compute.googleapis.com/compute/v1/projects/kcc-recaptcha-enterprise/regions/us-south1/subnetworks => 200
2026-08-22T01:32:34.0610378Z I0822 01:32:24.410331    4368 mockgcp_http.go:298] mockgcp request: GET https://compute.googleapis.com/compute/v1/projects/kcc-recaptcha-enterprise/regions/us-south1/operations/operation-1787362344410-3967cd2d-b84b-456f-a031-336227264327
2026-08-22T01:32:34.0612145Z I0822 01:32:24.410540    4368 mockgcp_http.go:327] mockgcp response: GET https://compute.googleapis.com/compute/v1/projects/kcc-recaptcha-enterprise/regions/us-south1/operations/operation-1787362344410-3967cd2d-b84b-456f-a031-336227264327 => 200
2026-08-22T01:32:34.0613169Z I0822 01:32:24.410625    4368 mockgcp_http.go:298] mockgcp request: POST https://compute.googleapis.com/compute/v1/projects/kcc-recaptcha-enterprise/regions/me-west1/subnetworks
2026-08-22T01:32:34.0615180Z I0822 01:32:24.410883    4368 operations.go:125] "storing operation" fqn="projects/kcc-recaptcha-enterprise/regions/me-west1/operations/operation-1787362344410-cb5f48ab-122c-4789-b5e7-439449345b67"
2026-08-22T01:32:34.0616316Z I0822 01:32:24.410970    4368 mockgcp_http.go:327] mockgcp response: POST https://compute.googleapis.com/compute/v1/projects/kcc-recaptcha-enterprise/regions/me-west1/subnetworks => 200
2026-08-22T01:32:34.0618065Z I0822 01:32:24.411012    4368 mockgcp_http.go:298] mockgcp request: GET https://compute.googleapis.com/compute/v1/projects/kcc-recaptcha-enterprise/regions/me-west1/operations/operation-1787362344410-cb5f48ab-122c-4789-b5e7-439449345b67
2026-08-22T01:32:34.0619660Z I0822 01:32:24.411218    4368 mockgcp_http.go:327] mockgcp response: GET https://compute.googleapis.com/compute/v1/projects/kcc-recaptcha-enterprise/regions/me-west1/operations/operation-1787362344410-cb5f48ab-122c-4789-b5e7-439449345b67 => 200
2026-08-22T01:32:34.0620835Z I0822 01:32:24.411264    4368 mockgcp_http.go:298] mockgcp request: POST https://compute.googleapis.com/compute/v1/projects/kcc-recaptcha-enterprise/regions/europe-west12/subnetworks
2026-08-22T01:32:34.0622065Z I0822 01:32:24.411591    4368 operations.go:125] "storing operation" fqn="projects/kcc-recaptcha-enterprise/regions/europe-west12/operations/operation-1787362344411-c080cea3-05ec-4fe1-bc24-059ffb772cc1"
2026-08-22T01:32:34.0623197Z I0822 01:32:24.411687    4368 mockgcp_http.go:327] mockgcp response: POST https://compute.googleapis.com/compute/v1/projects/kcc-recaptcha-enterprise/regions/europe-west12/subnetworks => 200
2026-08-22T01:32:34.0624920Z I0822 01:32:24.411732    4368 mockgcp_http.go:298] mockgcp request: GET https://compute.googleapis.com/compute/v1/projects/kcc-recaptcha-enterprise/regions/europe-west12/operations/operation-1787362344411-c080cea3-05ec-4fe1-bc24-059ffb772cc1
2026-08-22T01:32:34.0626392Z I0822 01:32:24.411947    4368 mockgcp_http.go:327] mockgcp response: GET https://compute.googleapis.com/compute/v1/projects/kcc-recaptcha-enterprise/regions/europe-west12/operations/operation-1787362344411-c080cea3-05ec-4fe1-bc24-059ffb772cc1 => 200
2026-08-22T01:32:34.0627410Z I0822 01:32:24.412000    4368 mockgcp_http.go:298] mockgcp request: POST https://compute.googleapis.com/compute/v1/projects/kcc-recaptcha-enterprise/regions/me-central1/subnetworks
2026-08-22T01:32:34.0640069Z I0822 01:32:24.412284    4368 operations.go:125] "storing operation" fqn="projects/kcc-recaptcha-enterprise/regions/me-central1/operations/operation-1787362344412-6cf8a385-7f58-4611-af8a-d49fd0f4ee6a"
2026-08-22T01:32:34.0641327Z I0822 01:32:24.412636    4368 mockgcp_http.go:327] mockgcp response: POST https://compute.googleapis.com/compute/v1/projects/kcc-recaptcha-enterprise/regions/me-central1/subnetworks => 200
2026-08-22T01:32:34.0642906Z I0822 01:32:24.412683    4368 mockgcp_http.go:298] mockgcp request: GET https://compute.googleapis.com/compute/v1/projects/kcc-recaptcha-enterprise/regions/me-central1/operations/operation-1787362344412-6cf8a385-7f58-4611-af8a-d49fd0f4ee6a
2026-08-22T01:32:34.0644784Z I0822 01:32:24.412929    4368 mockgcp_http.go:327] mockgcp response: GET https://compute.googleapis.com/compute/v1/projects/kcc-recaptcha-enterprise/regions/me-central1/operations/operation-1787362344412-6cf8a385-7f58-4611-af8a-d49fd0f4ee6a => 200
2026-08-22T01:32:34.0645918Z I0822 01:32:24.412969    4368 mockgcp_http.go:298] mockgcp request: POST https://compute.googleapis.com/compute/v1/projects/kcc-recaptcha-enterprise/regions/europe-west10/subnetworks
2026-08-22T01:32:34.0647452Z I0822 01:32:24.413238    4368 operations.go:125] "storing operation" fqn="projects/kcc-recaptcha-enterprise/regions/europe-west10/operations/operation-1787362344413-be74b014-74c0-4dcc-aebb-5aa4dec889dc"
2026-08-22T01:32:34.0648586Z I0822 01:32:24.413329    4368 mockgcp_http.go:327] mockgcp response: POST https://compute.googleapis.com/compute/v1/projects/kcc-recaptcha-enterprise/regions/europe-west10/subnetworks => 200
2026-08-22T01:32:34.0650152Z I0822 01:32:24.413398    4368 mockgcp_http.go:298] mockgcp request: GET https://compute.googleapis.com/compute/v1/projects/kcc-recaptcha-enterprise/regions/europe-west10/operations/operation-1787362344413-be74b014-74c0-4dcc-aebb-5aa4dec889dc
2026-08-22T01:32:34.0651967Z I0822 01:32:24.413602    4368 mockgcp_http.go:327] mockgcp response: GET https://compute.googleapis.com/compute/v1/projects/kcc-recaptcha-enterprise/regions/europe-west10/operations/operation-1787362344413-be74b014-74c0-4dcc-aebb-5aa4dec889dc => 200
2026-08-22T01:32:34.0653093Z I0822 01:32:24.413650    4368 mockgcp_http.go:298] mockgcp request: POST https://compute.googleapis.com/compute/v1/projects/kcc-recaptcha-enterprise/regions/africa-south1/subnetworks
2026-08-22T01:32:34.0654618Z I0822 01:32:24.413938    4368 operations.go:125] "storing operation" fqn="projects/kcc-recaptcha-enterprise/regions/africa-south1/operations/operation-1787362344413-48e47f43-9064-4070-b273-58ec21c314ab"
2026-08-22T01:32:34.0656091Z I0822 01:32:24.414025    4368 mockgcp_http.go:327] mockgcp response: POST https://compute.googleapis.com/compute/v1/projects/kcc-recaptcha-enterprise/regions/africa-south1/subnetworks => 200
2026-08-22T01:32:34.0657626Z I0822 01:32:24.414066    4368 mockgcp_http.go:298] mockgcp request: GET https://compute.googleapis.com/compute/v1/projects/kcc-recaptcha-enterprise/regions/africa-south1/operations/operation-1787362344413-48e47f43-9064-4070-b273-58ec21c314ab
2026-08-22T01:32:34.0659171Z I0822 01:32:24.414308    4368 mockgcp_http.go:327] mockgcp response: GET https://compute.googleapis.com/compute/v1/projects/kcc-recaptcha-enterprise/regions/africa-south1/operations/operation-1787362344413-48e47f43-9064-4070-b273-58ec21c314ab => 200
2026-08-22T01:32:34.0660307Z I0822 01:32:24.414395    4368 mockgcp_http.go:298] mockgcp request: POST https://compute.googleapis.com/compute/v1/projects/kcc-recaptcha-enterprise/regions/northamerica-south1/subnetworks
2026-08-22T01:32:34.0661570Z I0822 01:32:24.415171    4368 operations.go:125] "storing operation" fqn="projects/kcc-recaptcha-enterprise/regions/northamerica-south1/operations/operation-1787362344415-63b4af68-5ac3-4f62-b036-a9829be54481"
2026-08-22T01:32:34.0662734Z I0822 01:32:24.419448    4368 mockgcp_http.go:327] mockgcp response: POST https://compute.googleapis.com/compute/v1/projects/kcc-recaptcha-enterprise/regions/northamerica-south1/subnetworks => 200
2026-08-22T01:32:34.0664570Z I0822 01:32:24.419498    4368 mockgcp_http.go:298] mockgcp request: GET https://compute.googleapis.com/compute/v1/projects/kcc-recaptcha-enterprise/regions/northamerica-south1/operations/operation-1787362344415-63b4af68-5ac3-4f62-b036-a9829be54481
2026-08-22T01:32:34.0686526Z I0822 01:32:24.419815    4368 mockgcp_http.go:327] mockgcp response: GET https://compute.googleapis.com/compute/v1/projects/kcc-recaptcha-enterprise/regions/northamerica-south1/operations/operation-1787362344415-63b4af68-5ac3-4f62-b036-a9829be54481 => 200
2026-08-22T01:32:34.0687728Z I0822 01:32:24.419885    4368 mockgcp_http.go:298] mockgcp request: POST https://compute.googleapis.com/compute/v1/projects/kcc-recaptcha-enterprise/regions/europe-north2/subnetworks
2026-08-22T01:32:34.0689016Z I0822 01:32:24.420195    4368 operations.go:125] "storing operation" fqn="projects/kcc-recaptcha-enterprise/regions/europe-north2/operations/operation-1787362344420-52552f95-e89f-4056-90ab-62cb07b03991"
2026-08-22T01:32:34.0690192Z I0822 01:32:24.420300    4368 mockgcp_http.go:327] mockgcp response: POST https://compute.googleapis.com/compute/v1/projects/kcc-recaptcha-enterprise/regions/europe-north2/subnetworks => 200
2026-08-22T01:32:34.0692041Z I0822 01:32:24.420514    4368 mockgcp_http.go:298] mockgcp request: GET https://compute.googleapis.com/compute/v1/projects/kcc-recaptcha-enterprise/regions/europe-north2/operations/operation-1787362344420-52552f95-e89f-4056-90ab-62cb07b03991
2026-08-22T01:32:34.0693852Z I0822 01:32:24.420763    4368 mockgcp_http.go:327] mockgcp response: GET https://compute.googleapis.com/compute/v1/projects/kcc-recaptcha-enterprise/regions/europe-north2/operations/operation-1787362344420-52552f95-e89f-4056-90ab-62cb07b03991 => 200
2026-08-22T01:32:34.0694799Z I0822 01:32:24.420839    4368 mockgcp_http.go:298] mockgcp request: POST https://compute.googleapis.com/compute/v1/projects/kcc-recaptcha-enterprise/global/routes
2026-08-22T01:32:34.0696156Z I0822 01:32:24.421170    4368 operations.go:125] "storing operation" fqn="projects/kcc-recaptcha-enterprise/global/operations/operation-1787362344421-4b859b72-3179-4c1f-a51f-9fb164134983"
2026-08-22T01:32:34.0697168Z I0822 01:32:24.421263    4368 mockgcp_http.go:327] mockgcp response: POST https://compute.googleapis.com/compute/v1/projects/kcc-recaptcha-enterprise/global/routes => 200
2026-08-22T01:32:34.0698597Z I0822 01:32:24.421303    4368 mockgcp_http.go:298] mockgcp request: GET https://compute.googleapis.com/compute/v1/projects/kcc-recaptcha-enterprise/global/operations/operation-1787362344421-4b859b72-3179-4c1f-a51f-9fb164134983
2026-08-22T01:32:34.0700081Z I0822 01:32:24.421549    4368 mockgcp_http.go:327] mockgcp response: GET https://compute.googleapis.com/compute/v1/projects/kcc-recaptcha-enterprise/global/operations/operation-1787362344421-4b859b72-3179-4c1f-a51f-9fb164134983 => 200
2026-08-22T01:32:34.0701012Z I0822 01:32:24.421593    4368 mockgcp_http.go:298] mockgcp request: GET https://compute.googleapis.com/compute/v1/projects/kcc-recaptcha-enterprise/aggregated/subnetworks
2026-08-22T01:32:34.0702069Z I0822 01:32:24.428334    4368 mockgcp_http.go:327] mockgcp response: GET https://compute.googleapis.com/compute/v1/projects/kcc-recaptcha-enterprise/aggregated/subnetworks => 200
2026-08-22T01:32:34.0702959Z I0822 01:32:24.433456    4368 mockgcp_http.go:298] mockgcp request: POST https://compute.googleapis.com/compute/v1/projects/kcc-recaptcha-enterprise/global/routes
2026-08-22T01:32:34.0704272Z I0822 01:32:24.434069    4368 operations.go:125] "storing operation" fqn="projects/kcc-recaptcha-enterprise/global/operations/operation-1787362344434-21fdb270-295d-44dc-9a22-cdf79d389288"
2026-08-22T01:32:34.0705286Z I0822 01:32:24.434187    4368 mockgcp_http.go:327] mockgcp response: POST https://compute.googleapis.com/compute/v1/projects/kcc-recaptcha-enterprise/global/routes => 200
2026-08-22T01:32:34.0707071Z I0822 01:32:24.434239    4368 mockgcp_http.go:298] mockgcp request: GET https://compute.googleapis.com/compute/v1/projects/kcc-recaptcha-enterprise/global/operations/operation-1787362344434-21fdb270-295d-44dc-9a22-cdf79d389288
2026-08-22T01:32:34.0708493Z I0822 01:32:24.434578    4368 mockgcp_http.go:327] mockgcp response: GET https://compute.googleapis.com/compute/v1/projects/kcc-recaptcha-enterprise/global/operations/operation-1787362344434-21fdb270-295d-44dc-9a22-cdf79d389288 => 200
2026-08-22T01:32:34.0709477Z I0822 01:32:24.434635    4368 mockgcp_http.go:298] mockgcp request: POST https://compute.googleapis.com/compute/v1/projects/kcc-recaptcha-enterprise/global/routes
2026-08-22T01:32:34.0710629Z I0822 01:32:24.434986    4368 operations.go:125] "storing operation" fqn="projects/kcc-recaptcha-enterprise/global/operations/operation-1787362344434-b2cabfb8-8554-4f89-9167-ba997eb84c83"
2026-08-22T01:32:34.0711605Z I0822 01:32:24.435079    4368 mockgcp_http.go:327] mockgcp response: POST https://compute.googleapis.com/compute/v1/projects/kcc-recaptcha-enterprise/global/routes => 200
2026-08-22T01:32:34.0713046Z I0822 01:32:24.435125    4368 mockgcp_http.go:298] mockgcp request: GET https://compute.googleapis.com/compute/v1/projects/kcc-recaptcha-enterprise/global/operations/operation-1787362344434-b2cabfb8-8554-4f89-9167-ba997eb84c83
2026-08-22T01:32:34.0715343Z I0822 01:32:24.435373    4368 mockgcp_http.go:327] mockgcp response: GET https://compute.googleapis.com/compute/v1/projects/kcc-recaptcha-enterprise/global/operations/operation-1787362344434-b2cabfb8-8554-4f89-9167-ba997eb84c83 => 200
2026-08-22T01:32:34.0716314Z I0822 01:32:24.435420    4368 mockgcp_http.go:298] mockgcp request: POST https://compute.googleapis.com/compute/v1/projects/kcc-recaptcha-enterprise/global/routes
2026-08-22T01:32:34.0718172Z I0822 01:32:24.438209    4368 operations.go:125] "storing operation" fqn="projects/kcc-recaptcha-enterprise/global/operations/operation-1787362344438-4c9bbfd6-4203-405d-a5c1-caabbd71f0cb"
2026-08-22T01:32:34.0719245Z I0822 01:32:24.438313    4368 mockgcp_http.go:327] mockgcp response: POST https://compute.googleapis.com/compute/v1/projects/kcc-recaptcha-enterprise/global/routes => 200
2026-08-22T01:32:34.0720946Z I0822 01:32:24.438379    4368 mockgcp_http.go:298] mockgcp request: GET https://compute.googleapis.com/compute/v1/projects/kcc-recaptcha-enterprise/global/operations/operation-1787362344438-4c9bbfd6-4203-405d-a5c1-caabbd71f0cb
2026-08-22T01:32:34.0722535Z I0822 01:32:24.438701    4368 mockgcp_http.go:327] mockgcp response: GET https://compute.googleapis.com/compute/v1/projects/kcc-recaptcha-enterprise/global/operations/operation-1787362344438-4c9bbfd6-4203-405d-a5c1-caabbd71f0cb => 200
2026-08-22T01:32:34.0723734Z I0822 01:32:24.438757    4368 mockgcp_http.go:298] mockgcp request: POST https://compute.googleapis.com/compute/v1/projects/kcc-recaptcha-enterprise/global/routes
2026-08-22T01:32:34.0724850Z I0822 01:32:24.439090    4368 operations.go:125] "storing operation" fqn="projects/kcc-recaptcha-enterprise/global/operations/operation-1787362344439-c30a896c-3a10-4bdf-8c42-c9dbc1d7bd73"
2026-08-22T01:32:34.0725868Z I0822 01:32:24.439186    4368 mockgcp_http.go:327] mockgcp response: POST https://compute.googleapis.com/compute/v1/projects/kcc-recaptcha-enterprise/global/routes => 200
2026-08-22T01:32:34.0727280Z I0822 01:32:24.439226    4368 mockgcp_http.go:298] mockgcp request: GET https://compute.googleapis.com/compute/v1/projects/kcc-recaptcha-enterprise/global/operations/operation-1787362344439-c30a896c-3a10-4bdf-8c42-c9dbc1d7bd73
2026-08-22T01:32:34.0729227Z I0822 01:32:24.439464    4368 mockgcp_http.go:327] mockgcp response: GET https://compute.googleapis.com/compute/v1/projects/kcc-recaptcha-enterprise/global/operations/operation-1787362344439-c30a896c-3a10-4bdf-8c42-c9dbc1d7bd73 => 200
2026-08-22T01:32:34.0730227Z I0822 01:32:24.439511    4368 mockgcp_http.go:298] mockgcp request: POST https://compute.googleapis.com/compute/v1/projects/kcc-recaptcha-enterprise/global/routes
2026-08-22T01:32:34.0731325Z I0822 01:32:24.439842    4368 operations.go:125] "storing operation" fqn="projects/kcc-recaptcha-enterprise/global/operations/operation-1787362344439-7fc07d21-3d39-4530-afd2-a7ebd397230a"
2026-08-22T01:32:34.0732374Z I0822 01:32:24.439934    4368 mockgcp_http.go:327] mockgcp response: POST https://compute.googleapis.com/compute/v1/projects/kcc-recaptcha-enterprise/global/routes => 200
2026-08-22T01:32:34.0734079Z I0822 01:32:24.439973    4368 mockgcp_http.go:298] mockgcp request: GET https://compute.googleapis.com/compute/v1/projects/kcc-recaptcha-enterprise/global/operations/operation-1787362344439-7fc07d21-3d39-4530-afd2-a7ebd397230a
2026-08-22T01:32:34.0735578Z I0822 01:32:24.440178    4368 mockgcp_http.go:327] mockgcp response: GET https://compute.googleapis.com/compute/v1/projects/kcc-recaptcha-enterprise/global/operations/operation-1787362344439-7fc07d21-3d39-4530-afd2-a7ebd397230a => 200
2026-08-22T01:32:34.0736587Z I0822 01:32:24.440229    4368 mockgcp_http.go:298] mockgcp request: POST https://compute.googleapis.com/compute/v1/projects/kcc-recaptcha-enterprise/global/routes
2026-08-22T01:32:34.0737777Z I0822 01:32:24.440597    4368 operations.go:125] "storing operation" fqn="projects/kcc-recaptcha-enterprise/global/operations/operation-1787362344440-d47e99c8-edc9-46ae-b3b2-4666242ef284"
2026-08-22T01:32:34.0746546Z I0822 01:32:24.440906    4368 mockgcp_http.go:327] mockgcp response: POST https://compute.googleapis.com/compute/v1/projects/kcc-recaptcha-enterprise/global/routes => 200
2026-08-22T01:32:34.0748276Z I0822 01:32:24.440960    4368 mockgcp_http.go:298] mockgcp request: GET https://compute.googleapis.com/compute/v1/projects/kcc-recaptcha-enterprise/global/operations/operation-1787362344440-d47e99c8-edc9-46ae-b3b2-4666242ef284
2026-08-22T01:32:34.0749778Z I0822 01:32:24.441179    4368 mockgcp_http.go:327] mockgcp response: GET https://compute.googleapis.com/compute/v1/projects/kcc-recaptcha-enterprise/global/operations/operation-1787362344440-d47e99c8-edc9-46ae-b3b2-4666242ef284 => 200
2026-08-22T01:32:34.0750725Z I0822 01:32:24.441246    4368 mockgcp_http.go:298] mockgcp request: POST https://compute.googleapis.com/compute/v1/projects/kcc-recaptcha-enterprise/global/routes
2026-08-22T01:32:34.0752043Z I0822 01:32:24.441584    4368 operations.go:125] "storing operation" fqn="projects/kcc-recaptcha-enterprise/global/operations/operation-1787362344441-dbfdfd23-7357-4f5c-b1dc-9156d93d0909"
2026-08-22T01:32:34.0753084Z I0822 01:32:24.441687    4368 mockgcp_http.go:327] mockgcp response: POST https://compute.googleapis.com/compute/v1/projects/kcc-recaptcha-enterprise/global/routes => 200
2026-08-22T01:32:34.0754709Z I0822 01:32:24.441875    4368 mockgcp_http.go:298] mockgcp request: GET https://compute.googleapis.com/compute/v1/projects/kcc-recaptcha-enterprise/global/operations/operation-1787362344441-dbfdfd23-7357-4f5c-b1dc-9156d93d0909
2026-08-22T01:32:34.0756143Z I0822 01:32:24.442098    4368 mockgcp_http.go:327] mockgcp response: GET https://compute.googleapis.com/compute/v1/projects/kcc-recaptcha-enterprise/global/operations/operation-1787362344441-dbfdfd23-7357-4f5c-b1dc-9156d93d0909 => 200
2026-08-22T01:32:34.0757114Z I0822 01:32:24.442148    4368 mockgcp_http.go:298] mockgcp request: POST https://compute.googleapis.com/compute/v1/projects/kcc-recaptcha-enterprise/global/routes
2026-08-22T01:32:34.0758239Z I0822 01:32:24.442524    4368 operations.go:125] "storing operation" fqn="projects/kcc-recaptcha-enterprise/global/operations/operation-1787362344442-8a8f93c2-b61c-4a29-817c-7c749916c357"
2026-08-22T01:32:34.0759228Z I0822 01:32:24.442671    4368 mockgcp_http.go:327] mockgcp response: POST https://compute.googleapis.com/compute/v1/projects/kcc-recaptcha-enterprise/global/routes => 200
2026-08-22T01:32:34.0760548Z I0822 01:32:24.442726    4368 mockgcp_http.go:298] mockgcp request: GET https://compute.googleapis.com/compute/v1/projects/kcc-recaptcha-enterprise/global/operations/operation-1787362344442-8a8f93c2-b61c-4a29-817c-7c749916c357
2026-08-22T01:32:34.0761919Z I0822 01:32:24.442943    4368 mockgcp_http.go:327] mockgcp response: GET https://compute.googleapis.com/compute/v1/projects/kcc-recaptcha-enterprise/global/operations/operation-1787362344442-8a8f93c2-b61c-4a29-817c-7c749916c357 => 200
2026-08-22T01:32:34.0762797Z I0822 01:32:24.443080    4368 mockgcp_http.go:298] mockgcp request: POST https://compute.googleapis.com/compute/v1/projects/kcc-recaptcha-enterprise/global/routes
2026-08-22T01:32:34.0764533Z I0822 01:32:24.443507    4368 operations.go:125] "storing operation" fqn="projects/kcc-recaptcha-enterprise/global/operations/operation-1787362344443-5bb39db1-ceaf-4bbf-9f14-7b28759def5b"
2026-08-22T01:32:34.0765586Z I0822 01:32:24.443594    4368 mockgcp_http.go:327] mockgcp response: POST https://compute.googleapis.com/compute/v1/projects/kcc-recaptcha-enterprise/global/routes => 200
2026-08-22T01:32:34.0767078Z I0822 01:32:24.443634    4368 mockgcp_http.go:298] mockgcp request: GET https://compute.googleapis.com/compute/v1/projects/kcc-recaptcha-enterprise/global/operations/operation-1787362344443-5bb39db1-ceaf-4bbf-9f14-7b28759def5b
2026-08-22T01:32:34.0768559Z I0822 01:32:24.443861    4368 mockgcp_http.go:327] mockgcp response: GET https://compute.googleapis.com/compute/v1/projects/kcc-recaptcha-enterprise/global/operations/operation-1787362344443-5bb39db1-ceaf-4bbf-9f14-7b28759def5b => 200
2026-08-22T01:32:34.0769547Z I0822 01:32:24.443910    4368 mockgcp_http.go:298] mockgcp request: POST https://compute.googleapis.com/compute/v1/projects/kcc-recaptcha-enterprise/global/routes
2026-08-22T01:32:34.0770987Z I0822 01:32:24.444232    4368 operations.go:125] "storing operation" fqn="projects/kcc-recaptcha-enterprise/global/operations/operation-1787362344444-fd8085d7-08a3-4a13-ac62-96d1933ffec6"
2026-08-22T01:32:34.0772030Z I0822 01:32:24.444317    4368 mockgcp_http.go:327] mockgcp response: POST https://compute.googleapis.com/compute/v1/projects/kcc-recaptcha-enterprise/global/routes => 200
2026-08-22T01:32:34.0773738Z I0822 01:32:24.444386    4368 mockgcp_http.go:298] mockgcp request: GET https://compute.googleapis.com/compute/v1/projects/kcc-recaptcha-enterprise/global/operations/operation-1787362344444-fd8085d7-08a3-4a13-ac62-96d1933ffec6
2026-08-22T01:32:34.0775528Z I0822 01:32:24.444577    4368 mockgcp_http.go:327] mockgcp response: GET https://compute.googleapis.com/compute/v1/projects/kcc-recaptcha-enterprise/global/operations/operation-1787362344444-fd8085d7-08a3-4a13-ac62-96d1933ffec6 => 200
2026-08-22T01:32:34.0776523Z I0822 01:32:24.444627    4368 mockgcp_http.go:298] mockgcp request: POST https://compute.googleapis.com/compute/v1/projects/kcc-recaptcha-enterprise/global/routes
2026-08-22T01:32:34.0777728Z I0822 01:32:24.444943    4368 operations.go:125] "storing operation" fqn="projects/kcc-recaptcha-enterprise/global/operations/operation-1787362344444-e294cb58-ede9-442f-9e02-8e8bf47b79b9"
2026-08-22T01:32:34.0778748Z I0822 01:32:24.445034    4368 mockgcp_http.go:327] mockgcp response: POST https://compute.googleapis.com/compute/v1/projects/kcc-recaptcha-enterprise/global/routes => 200
2026-08-22T01:32:34.0780227Z I0822 01:32:24.445076    4368 mockgcp_http.go:298] mockgcp request: GET https://compute.googleapis.com/compute/v1/projects/kcc-recaptcha-enterprise/global/operations/operation-1787362344444-e294cb58-ede9-442f-9e02-8e8bf47b79b9
2026-08-22T01:32:34.0781771Z I0822 01:32:24.445273    4368 mockgcp_http.go:327] mockgcp response: GET https://compute.googleapis.com/compute/v1/projects/kcc-recaptcha-enterprise/global/operations/operation-1787362344444-e294cb58-ede9-442f-9e02-8e8bf47b79b9 => 200
2026-08-22T01:32:34.0782763Z I0822 01:32:24.445327    4368 mockgcp_http.go:298] mockgcp request: POST https://compute.googleapis.com/compute/v1/projects/kcc-recaptcha-enterprise/global/routes
2026-08-22T01:32:34.0784165Z I0822 01:32:24.445675    4368 operations.go:125] "storing operation" fqn="projects/kcc-recaptcha-enterprise/global/operations/operation-1787362344445-2d300b58-a77d-4f3b-92ce-efe2f1c16eb5"
2026-08-22T01:32:34.0785192Z I0822 01:32:24.445764    4368 mockgcp_http.go:327] mockgcp response: POST https://compute.googleapis.com/compute/v1/projects/kcc-recaptcha-enterprise/global/routes => 200
2026-08-22T01:32:34.0786612Z I0822 01:32:24.445804    4368 mockgcp_http.go:298] mockgcp request: GET https://compute.googleapis.com/compute/v1/projects/kcc-recaptcha-enterprise/global/operations/operation-1787362344445-2d300b58-a77d-4f3b-92ce-efe2f1c16eb5
2026-08-22T01:32:34.0788103Z I0822 01:32:24.445998    4368 mockgcp_http.go:327] mockgcp response: GET https://compute.googleapis.com/compute/v1/projects/kcc-recaptcha-enterprise/global/operations/operation-1787362344445-2d300b58-a77d-4f3b-92ce-efe2f1c16eb5 => 200
2026-08-22T01:32:34.0789051Z I0822 01:32:24.446047    4368 mockgcp_http.go:298] mockgcp request: POST https://compute.googleapis.com/compute/v1/projects/kcc-recaptcha-enterprise/global/routes
2026-08-22T01:32:34.0790163Z I0822 01:32:24.449447    4368 operations.go:125] "storing operation" fqn="projects/kcc-recaptcha-enterprise/global/operations/operation-1787362344449-8347f2cf-cdd6-49fa-8e34-270e7ebf126a"
2026-08-22T01:32:34.0791171Z I0822 01:32:24.449582    4368 mockgcp_http.go:327] mockgcp response: POST https://compute.googleapis.com/compute/v1/projects/kcc-recaptcha-enterprise/global/routes => 200
2026-08-22T01:32:34.0792635Z I0822 01:32:24.449635    4368 mockgcp_http.go:298] mockgcp request: GET https://compute.googleapis.com/compute/v1/projects/kcc-recaptcha-enterprise/global/operations/operation-1787362344449-8347f2cf-cdd6-49fa-8e34-270e7ebf126a
2026-08-22T01:32:34.0794878Z I0822 01:32:24.449846    4368 mockgcp_http.go:327] mockgcp response: GET https://compute.googleapis.com/compute/v1/projects/kcc-recaptcha-enterprise/global/operations/operation-1787362344449-8347f2cf-cdd6-49fa-8e34-270e7ebf126a => 200
2026-08-22T01:32:34.0795833Z I0822 01:32:24.449910    4368 mockgcp_http.go:298] mockgcp request: POST https://compute.googleapis.com/compute/v1/projects/kcc-recaptcha-enterprise/global/routes
2026-08-22T01:32:34.0796956Z I0822 01:32:24.450249    4368 operations.go:125] "storing operation" fqn="projects/kcc-recaptcha-enterprise/global/operations/operation-1787362344450-9b40b55a-658b-4d27-891e-ee5cbf61c540"
2026-08-22T01:32:34.0798235Z I0822 01:32:24.450417    4368 mockgcp_http.go:327] mockgcp response: POST https://compute.googleapis.com/compute/v1/projects/kcc-recaptcha-enterprise/global/routes => 200
2026-08-22T01:32:34.0799685Z I0822 01:32:24.450474    4368 mockgcp_http.go:298] mockgcp request: GET https://compute.googleapis.com/compute/v1/projects/kcc-recaptcha-enterprise/global/operations/operation-1787362344450-9b40b55a-658b-4d27-891e-ee5cbf61c540
2026-08-22T01:32:34.0801206Z I0822 01:32:24.450699    4368 mockgcp_http.go:327] mockgcp response: GET https://compute.googleapis.com/compute/v1/projects/kcc-recaptcha-enterprise/global/operations/operation-1787362344450-9b40b55a-658b-4d27-891e-ee5cbf61c540 => 200
2026-08-22T01:32:34.0802125Z I0822 01:32:24.450765    4368 mockgcp_http.go:298] mockgcp request: POST https://compute.googleapis.com/compute/v1/projects/kcc-recaptcha-enterprise/global/routes
2026-08-22T01:32:34.0803252Z I0822 01:32:24.451160    4368 operations.go:125] "storing operation" fqn="projects/kcc-recaptcha-enterprise/global/operations/operation-1787362344451-3e3448ad-5f82-4427-ba39-771cabb2c0f9"
2026-08-22T01:32:34.0804561Z I0822 01:32:24.451268    4368 mockgcp_http.go:327] mockgcp response: POST https://compute.googleapis.com/compute/v1/projects/kcc-recaptcha-enterprise/global/routes => 200
2026-08-22T01:32:34.0806144Z I0822 01:32:24.451314    4368 mockgcp_http.go:298] mockgcp request: GET https://compute.googleapis.com/compute/v1/projects/kcc-recaptcha-enterprise/global/operations/operation-1787362344451-3e3448ad-5f82-4427-ba39-771cabb2c0f9
2026-08-22T01:32:34.0807582Z I0822 01:32:24.451552    4368 mockgcp_http.go:327] mockgcp response: GET https://compute.googleapis.com/compute/v1/projects/kcc-recaptcha-enterprise/global/operations/operation-1787362344451-3e3448ad-5f82-4427-ba39-771cabb2c0f9 => 200
2026-08-22T01:32:34.0808535Z I0822 01:32:24.451619    4368 mockgcp_http.go:298] mockgcp request: POST https://compute.googleapis.com/compute/v1/projects/kcc-recaptcha-enterprise/global/routes
2026-08-22T01:32:34.0809584Z I0822 01:32:24.452000    4368 operations.go:125] "storing operation" fqn="projects/kcc-recaptcha-enterprise/global/operations/operation-1787362344451-0590ac2f-15e9-423c-8316-afa13ae9f747"
2026-08-22T01:32:34.0810596Z I0822 01:32:24.452104    4368 mockgcp_http.go:327] mockgcp response: POST https://compute.googleapis.com/compute/v1/projects/kcc-recaptcha-enterprise/global/routes => 200
2026-08-22T01:32:34.0811992Z I0822 01:32:24.452154    4368 mockgcp_http.go:298] mockgcp request: GET https://compute.googleapis.com/compute/v1/projects/kcc-recaptcha-enterprise/global/operations/operation-1787362344451-0590ac2f-15e9-423c-8316-afa13ae9f747
2026-08-22T01:32:34.0813696Z I0822 01:32:24.452910    4368 mockgcp_http.go:327] mockgcp response: GET https://compute.googleapis.com/compute/v1/projects/kcc-recaptcha-enterprise/global/operations/operation-1787362344451-0590ac2f-15e9-423c-8316-afa13ae9f747 => 200
2026-08-22T01:32:34.0814654Z I0822 01:32:24.452993    4368 mockgcp_http.go:298] mockgcp request: POST https://compute.googleapis.com/compute/v1/projects/kcc-recaptcha-enterprise/global/routes
2026-08-22T01:32:34.0816691Z I0822 01:32:24.453378    4368 operations.go:125] "storing operation" fqn="projects/kcc-recaptcha-enterprise/global/operations/operation-1787362344453-0902fb5e-069c-4e46-9e4d-b86a82f27c3e"
2026-08-22T01:32:34.0817955Z I0822 01:32:24.453454    4368 mockgcp_http.go:327] mockgcp response: POST https://compute.googleapis.com/compute/v1/projects/kcc-recaptcha-enterprise/global/routes => 200
2026-08-22T01:32:34.0819252Z I0822 01:32:24.453514    4368 mockgcp_http.go:298] mockgcp request: GET https://compute.googleapis.com/compute/v1/projects/kcc-recaptcha-enterprise/global/operations/operation-1787362344453-0902fb5e-069c-4e46-9e4d-b86a82f27c3e
2026-08-22T01:32:34.0820685Z I0822 01:32:24.456555    4368 mockgcp_http.go:327] mockgcp response: GET https://compute.googleapis.com/compute/v1/projects/kcc-recaptcha-enterprise/global/operations/operation-1787362344453-0902fb5e-069c-4e46-9e4d-b86a82f27c3e => 200
2026-08-22T01:32:34.0821764Z I0822 01:32:24.456605    4368 mockgcp_http.go:298] mockgcp request: POST https://compute.googleapis.com/compute/v1/projects/kcc-recaptcha-enterprise/global/routes
2026-08-22T01:32:34.0822807Z I0822 01:32:24.456950    4368 operations.go:125] "storing operation" fqn="projects/kcc-recaptcha-enterprise/global/operations/operation-1787362344456-cbc437db-afe3-4dfd-af15-773afd6c28cd"
2026-08-22T01:32:34.0824004Z I0822 01:32:24.457033    4368 mockgcp_http.go:327] mockgcp response: POST https://compute.googleapis.com/compute/v1/projects/kcc-recaptcha-enterprise/global/routes => 200
2026-08-22T01:32:34.0825360Z I0822 01:32:24.457072    4368 mockgcp_http.go:298] mockgcp request: GET https://compute.googleapis.com/compute/v1/projects/kcc-recaptcha-enterprise/global/operations/operation-1787362344456-cbc437db-afe3-4dfd-af15-773afd6c28cd
2026-08-22T01:32:34.0826814Z I0822 01:32:24.457262    4368 mockgcp_http.go:327] mockgcp response: GET https://compute.googleapis.com/compute/v1/projects/kcc-recaptcha-enterprise/global/operations/operation-1787362344456-cbc437db-afe3-4dfd-af15-773afd6c28cd => 200
2026-08-22T01:32:34.0827773Z I0822 01:32:24.457306    4368 mockgcp_http.go:298] mockgcp request: POST https://compute.googleapis.com/compute/v1/projects/kcc-recaptcha-enterprise/global/routes
2026-08-22T01:32:34.0828950Z I0822 01:32:24.457649    4368 operations.go:125] "storing operation" fqn="projects/kcc-recaptcha-enterprise/global/operations/operation-1787362344457-8deec2fc-2a1d-4654-a1e7-67ecf04c6dd0"
2026-08-22T01:32:34.0829955Z I0822 01:32:24.457734    4368 mockgcp_http.go:327] mockgcp response: POST https://compute.googleapis.com/compute/v1/projects/kcc-recaptcha-enterprise/global/routes => 200
2026-08-22T01:32:34.0831337Z I0822 01:32:24.457766    4368 mockgcp_http.go:298] mockgcp request: GET https://compute.googleapis.com/compute/v1/projects/kcc-recaptcha-enterprise/global/operations/operation-1787362344457-8deec2fc-2a1d-4654-a1e7-67ecf04c6dd0
2026-08-22T01:32:34.0832840Z I0822 01:32:24.457962    4368 mockgcp_http.go:327] mockgcp response: GET https://compute.googleapis.com/compute/v1/projects/kcc-recaptcha-enterprise/global/operations/operation-1787362344457-8deec2fc-2a1d-4654-a1e7-67ecf04c6dd0 => 200
2026-08-22T01:32:34.0834176Z I0822 01:32:24.458008    4368 mockgcp_http.go:298] mockgcp request: POST https://compute.googleapis.com/compute/v1/projects/kcc-recaptcha-enterprise/global/routes
2026-08-22T01:32:34.0835340Z I0822 01:32:24.458317    4368 operations.go:125] "storing operation" fqn="projects/kcc-recaptcha-enterprise/global/operations/operation-1787362344458-7e9c01d0-6b21-4e1b-8f71-0612738636d6"
2026-08-22T01:32:34.0836348Z I0822 01:32:24.458433    4368 mockgcp_http.go:327] mockgcp response: POST https://compute.googleapis.com/compute/v1/projects/kcc-recaptcha-enterprise/global/routes => 200
2026-08-22T01:32:34.0837965Z I0822 01:32:24.458479    4368 mockgcp_http.go:298] mockgcp request: GET https://compute.googleapis.com/compute/v1/projects/kcc-recaptcha-enterprise/global/operations/operation-1787362344458-7e9c01d0-6b21-4e1b-8f71-0612738636d6
2026-08-22T01:32:34.0839438Z I0822 01:32:24.460787    4368 mockgcp_http.go:327] mockgcp response: GET https://compute.googleapis.com/compute/v1/projects/kcc-recaptcha-enterprise/global/operations/operation-1787362344458-7e9c01d0-6b21-4e1b-8f71-0612738636d6 => 200
2026-08-22T01:32:34.0840692Z I0822 01:32:24.460863    4368 mockgcp_http.go:298] mockgcp request: POST https://compute.googleapis.com/compute/v1/projects/kcc-recaptcha-enterprise/global/routes
2026-08-22T01:32:34.0841887Z I0822 01:32:24.461190    4368 operations.go:125] "storing operation" fqn="projects/kcc-recaptcha-enterprise/global/operations/operation-1787362344461-28bc204f-09b2-43b6-b991-f111eecec4e0"
2026-08-22T01:32:34.0842900Z I0822 01:32:24.461288    4368 mockgcp_http.go:327] mockgcp response: POST https://compute.googleapis.com/compute/v1/projects/kcc-recaptcha-enterprise/global/routes => 200
2026-08-22T01:32:34.0844801Z I0822 01:32:24.461330    4368 mockgcp_http.go:298] mockgcp request: GET https://compute.googleapis.com/compute/v1/projects/kcc-recaptcha-enterprise/global/operations/operation-1787362344461-28bc204f-09b2-43b6-b991-f111eecec4e0
2026-08-22T01:32:34.0846347Z I0822 01:32:24.461555    4368 mockgcp_http.go:327] mockgcp response: GET https://compute.googleapis.com/compute/v1/projects/kcc-recaptcha-enterprise/global/operations/operation-1787362344461-28bc204f-09b2-43b6-b991-f111eecec4e0 => 200
2026-08-22T01:32:34.0848062Z I0822 01:32:24.461600    4368 mockgcp_http.go:298] mockgcp request: POST https://compute.googleapis.com/compute/v1/projects/kcc-recaptcha-enterprise/global/routes
2026-08-22T01:32:34.0849263Z I0822 01:32:24.461942    4368 operations.go:125] "storing operation" fqn="projects/kcc-recaptcha-enterprise/global/operations/operation-1787362344461-aa307b7f-ce1a-44df-a437-4a1f18840529"
2026-08-22T01:32:34.0850246Z I0822 01:32:24.462030    4368 mockgcp_http.go:327] mockgcp response: POST https://compute.googleapis.com/compute/v1/projects/kcc-recaptcha-enterprise/global/routes => 200
2026-08-22T01:32:34.0851626Z I0822 01:32:24.462068    4368 mockgcp_http.go:298] mockgcp request: GET https://compute.googleapis.com/compute/v1/projects/kcc-recaptcha-enterprise/global/operations/operation-1787362344461-aa307b7f-ce1a-44df-a437-4a1f18840529
2026-08-22T01:32:34.0853045Z I0822 01:32:24.462258    4368 mockgcp_http.go:327] mockgcp response: GET https://compute.googleapis.com/compute/v1/projects/kcc-recaptcha-enterprise/global/operations/operation-1787362344461-aa307b7f-ce1a-44df-a437-4a1f18840529 => 200
2026-08-22T01:32:34.0854266Z I0822 01:32:24.462301    4368 mockgcp_http.go:298] mockgcp request: POST https://compute.googleapis.com/compute/v1/projects/kcc-recaptcha-enterprise/global/routes
2026-08-22T01:32:34.0855375Z I0822 01:32:24.462623    4368 operations.go:125] "storing operation" fqn="projects/kcc-recaptcha-enterprise/global/operations/operation-1787362344462-8f49d77a-905e-442a-8164-d84c65626cc4"
2026-08-22T01:32:34.0856356Z I0822 01:32:24.462703    4368 mockgcp_http.go:327] mockgcp response: POST https://compute.googleapis.com/compute/v1/projects/kcc-recaptcha-enterprise/global/routes => 200
2026-08-22T01:32:34.0857745Z I0822 01:32:24.462738    4368 mockgcp_http.go:298] mockgcp request: GET https://compute.googleapis.com/compute/v1/projects/kcc-recaptcha-enterprise/global/operations/operation-1787362344462-8f49d77a-905e-442a-8164-d84c65626cc4
2026-08-22T01:32:34.0859169Z I0822 01:32:24.462919    4368 mockgcp_http.go:327] mockgcp response: GET https://compute.googleapis.com/compute/v1/projects/kcc-recaptcha-enterprise/global/operations/operation-1787362344462-8f49d77a-905e-442a-8164-d84c65626cc4 => 200
2026-08-22T01:32:34.0860114Z I0822 01:32:24.462964    4368 mockgcp_http.go:298] mockgcp request: POST https://compute.googleapis.com/compute/v1/projects/kcc-recaptcha-enterprise/global/routes
2026-08-22T01:32:34.0861229Z I0822 01:32:24.466401    4368 operations.go:125] "storing operation" fqn="projects/kcc-recaptcha-enterprise/global/operations/operation-1787362344463-2f237d83-6a59-49da-a76d-7ffac0549df1"
2026-08-22T01:32:34.0862209Z I0822 01:32:24.466516    4368 mockgcp_http.go:327] mockgcp response: POST https://compute.googleapis.com/compute/v1/projects/kcc-recaptcha-enterprise/global/routes => 200
2026-08-22T01:32:34.0864031Z I0822 01:32:24.466558    4368 mockgcp_http.go:298] mockgcp request: GET https://compute.googleapis.com/compute/v1/projects/kcc-recaptcha-enterprise/global/operations/operation-1787362344463-2f237d83-6a59-49da-a76d-7ffac0549df1
2026-08-22T01:32:34.0865566Z I0822 01:32:24.466750    4368 mockgcp_http.go:327] mockgcp response: GET https://compute.googleapis.com/compute/v1/projects/kcc-recaptcha-enterprise/global/operations/operation-1787362344463-2f237d83-6a59-49da-a76d-7ffac0549df1 => 200
2026-08-22T01:32:34.0866820Z I0822 01:32:24.466800    4368 mockgcp_http.go:298] mockgcp request: POST https://compute.googleapis.com/compute/v1/projects/kcc-recaptcha-enterprise/global/routes
2026-08-22T01:32:34.0868190Z I0822 01:32:24.467132    4368 operations.go:125] "storing operation" fqn="projects/kcc-recaptcha-enterprise/global/operations/operation-1787362344467-42167a19-39e9-43c9-ae2b-ad08abf6713a"
2026-08-22T01:32:34.0869487Z I0822 01:32:24.467211    4368 mockgcp_http.go:327] mockgcp response: POST https://compute.googleapis.com/compute/v1/projects/kcc-recaptcha-enterprise/global/routes => 200
2026-08-22T01:32:34.0870843Z I0822 01:32:24.467247    4368 mockgcp_http.go:298] mockgcp request: GET https://compute.googleapis.com/compute/v1/projects/kcc-recaptcha-enterprise/global/operations/operation-1787362344467-42167a19-39e9-43c9-ae2b-ad08abf6713a
2026-08-22T01:32:34.0872333Z I0822 01:32:24.467476    4368 mockgcp_http.go:327] mockgcp response: GET https://compute.googleapis.com/compute/v1/projects/kcc-recaptcha-enterprise/global/operations/operation-1787362344467-42167a19-39e9-43c9-ae2b-ad08abf6713a => 200
2026-08-22T01:32:34.0873621Z I0822 01:32:24.467528    4368 mockgcp_http.go:298] mockgcp request: POST https://compute.googleapis.com/compute/v1/projects/kcc-recaptcha-enterprise/global/routes
2026-08-22T01:32:34.0874807Z I0822 01:32:24.467843    4368 operations.go:125] "storing operation" fqn="projects/kcc-recaptcha-enterprise/global/operations/operation-1787362344467-62c1c8c8-8e0a-4667-8055-86886ebcfcd5"
2026-08-22T01:32:34.0875798Z I0822 01:32:24.467929    4368 mockgcp_http.go:327] mockgcp response: POST https://compute.googleapis.com/compute/v1/projects/kcc-recaptcha-enterprise/global/routes => 200
2026-08-22T01:32:34.0877149Z I0822 01:32:24.467971    4368 mockgcp_http.go:298] mockgcp request: GET https://compute.googleapis.com/compute/v1/projects/kcc-recaptcha-enterprise/global/operations/operation-1787362344467-62c1c8c8-8e0a-4667-8055-86886ebcfcd5
2026-08-22T01:32:34.0878546Z I0822 01:32:24.468166    4368 mockgcp_http.go:327] mockgcp response: GET https://compute.googleapis.com/compute/v1/projects/kcc-recaptcha-enterprise/global/operations/operation-1787362344467-62c1c8c8-8e0a-4667-8055-86886ebcfcd5 => 200
2026-08-22T01:32:34.0880259Z I0822 01:32:24.468213    4368 mockgcp_http.go:298] mockgcp request: POST https://compute.googleapis.com/compute/v1/projects/kcc-recaptcha-enterprise/global/routes
2026-08-22T01:32:34.0881348Z I0822 01:32:24.468528    4368 operations.go:125] "storing operation" fqn="projects/kcc-recaptcha-enterprise/global/operations/operation-1787362344468-b0188aa8-bed9-4195-8a41-7c435d97d37b"
2026-08-22T01:32:34.0882292Z I0822 01:32:24.468615    4368 mockgcp_http.go:327] mockgcp response: POST https://compute.googleapis.com/compute/v1/projects/kcc-recaptcha-enterprise/global/routes => 200
2026-08-22T01:32:34.0883839Z I0822 01:32:24.468653    4368 mockgcp_http.go:298] mockgcp request: GET https://compute.googleapis.com/compute/v1/projects/kcc-recaptcha-enterprise/global/operations/operation-1787362344468-b0188aa8-bed9-4195-8a41-7c435d97d37b
2026-08-22T01:32:34.0885226Z I0822 01:32:24.468845    4368 mockgcp_http.go:327] mockgcp response: GET https://compute.googleapis.com/compute/v1/projects/kcc-recaptcha-enterprise/global/operations/operation-1787362344468-b0188aa8-bed9-4195-8a41-7c435d97d37b => 200
2026-08-22T01:32:34.0886163Z I0822 01:32:24.468891    4368 mockgcp_http.go:298] mockgcp request: POST https://compute.googleapis.com/compute/v1/projects/kcc-recaptcha-enterprise/global/routes
2026-08-22T01:32:34.0887511Z I0822 01:32:24.471863    4368 operations.go:125] "storing operation" fqn="projects/kcc-recaptcha-enterprise/global/operations/operation-1787362344471-48729cfc-b01c-4fb4-bf80-1c063a294dff"
2026-08-22T01:32:34.0888527Z I0822 01:32:24.471997    4368 mockgcp_http.go:327] mockgcp response: POST https://compute.googleapis.com/compute/v1/projects/kcc-recaptcha-enterprise/global/routes => 200
2026-08-22T01:32:34.0889909Z I0822 01:32:24.472084    4368 mockgcp_http.go:298] mockgcp request: GET https://compute.googleapis.com/compute/v1/projects/kcc-recaptcha-enterprise/global/operations/operation-1787362344471-48729cfc-b01c-4fb4-bf80-1c063a294dff
2026-08-22T01:32:34.0891452Z I0822 01:32:24.472375    4368 mockgcp_http.go:327] mockgcp response: GET https://compute.googleapis.com/compute/v1/projects/kcc-recaptcha-enterprise/global/operations/operation-1787362344471-48729cfc-b01c-4fb4-bf80-1c063a294dff => 200
2026-08-22T01:32:34.0892712Z I0822 01:32:24.472432    4368 mockgcp_http.go:298] mockgcp request: POST https://compute.googleapis.com/compute/v1/projects/kcc-recaptcha-enterprise/global/routes
2026-08-22T01:32:34.0894119Z I0822 01:32:24.472744    4368 operations.go:125] "storing operation" fqn="projects/kcc-recaptcha-enterprise/global/operations/operation-1787362344472-0a8f8bfa-f158-4426-8457-f4780d54c353"
2026-08-22T01:32:34.0895170Z I0822 01:32:24.472832    4368 mockgcp_http.go:327] mockgcp response: POST https://compute.googleapis.com/compute/v1/projects/kcc-recaptcha-enterprise/global/routes => 200
2026-08-22T01:32:34.0896603Z I0822 01:32:24.472885    4368 mockgcp_http.go:298] mockgcp request: GET https://compute.googleapis.com/compute/v1/projects/kcc-recaptcha-enterprise/global/operations/operation-1787362344472-0a8f8bfa-f158-4426-8457-f4780d54c353
2026-08-22T01:32:34.0898114Z I0822 01:32:24.473069    4368 mockgcp_http.go:327] mockgcp response: GET https://compute.googleapis.com/compute/v1/projects/kcc-recaptcha-enterprise/global/operations/operation-1787362344472-0a8f8bfa-f158-4426-8457-f4780d54c353 => 200
2026-08-22T01:32:34.0899079Z I0822 01:32:24.473114    4368 mockgcp_http.go:298] mockgcp request: POST https://compute.googleapis.com/compute/v1/projects/kcc-recaptcha-enterprise/global/routes
2026-08-22T01:32:34.0900354Z I0822 01:32:24.473433    4368 operations.go:125] "storing operation" fqn="projects/kcc-recaptcha-enterprise/global/operations/operation-1787362344473-f2e9a9f4-bf07-4dfa-82d2-16e083a9fb49"
2026-08-22T01:32:34.0901435Z I0822 01:32:24.473514    4368 mockgcp_http.go:327] mockgcp response: POST https://compute.googleapis.com/compute/v1/projects/kcc-recaptcha-enterprise/global/routes => 200
2026-08-22T01:32:34.0902900Z I0822 01:32:24.473549    4368 mockgcp_http.go:298] mockgcp request: GET https://compute.googleapis.com/compute/v1/projects/kcc-recaptcha-enterprise/global/operations/operation-1787362344473-f2e9a9f4-bf07-4dfa-82d2-16e083a9fb49
2026-08-22T01:32:34.0904762Z I0822 01:32:24.473733    4368 mockgcp_http.go:327] mockgcp response: GET https://compute.googleapis.com/compute/v1/projects/kcc-recaptcha-enterprise/global/operations/operation-1787362344473-f2e9a9f4-bf07-4dfa-82d2-16e083a9fb49 => 200
2026-08-22T01:32:34.0905819Z I0822 01:32:24.473776    4368 mockgcp_http.go:298] mockgcp request: POST https://compute.googleapis.com/compute/v1/projects/kcc-recaptcha-enterprise/global/routes
2026-08-22T01:32:34.0906968Z I0822 01:32:24.474074    4368 operations.go:125] "storing operation" fqn="projects/kcc-recaptcha-enterprise/global/operations/operation-1787362344474-1fdf1f07-9110-47ca-bd7f-27284cd3b4e0"
2026-08-22T01:32:34.0908045Z I0822 01:32:24.474152    4368 mockgcp_http.go:327] mockgcp response: POST https://compute.googleapis.com/compute/v1/projects/kcc-recaptcha-enterprise/global/routes => 200
2026-08-22T01:32:34.0909521Z I0822 01:32:24.474190    4368 mockgcp_http.go:298] mockgcp request: GET https://compute.googleapis.com/compute/v1/projects/kcc-recaptcha-enterprise/global/operations/operation-1787362344474-1fdf1f07-9110-47ca-bd7f-27284cd3b4e0
2026-08-22T01:32:34.0911338Z I0822 01:32:24.477523    4368 mockgcp_http.go:327] mockgcp response: GET https://compute.googleapis.com/compute/v1/projects/kcc-recaptcha-enterprise/global/operations/operation-1787362344474-1fdf1f07-9110-47ca-bd7f-27284cd3b4e0 => 200
2026-08-22T01:32:34.0912582Z I0822 01:32:24.477582    4368 mockgcp_http.go:298] mockgcp request: POST https://compute.googleapis.com/compute/v1/projects/kcc-recaptcha-enterprise/global/routes
2026-08-22T01:32:34.0913930Z I0822 01:32:24.477963    4368 operations.go:125] "storing operation" fqn="projects/kcc-recaptcha-enterprise/global/operations/operation-1787362344477-e8c466e2-69b0-49b4-b3e2-d4c1c084711d"
2026-08-22T01:32:34.0914930Z I0822 01:32:24.478057    4368 mockgcp_http.go:327] mockgcp response: POST https://compute.googleapis.com/compute/v1/projects/kcc-recaptcha-enterprise/global/routes => 200
2026-08-22T01:32:34.0916885Z I0822 01:32:24.478096    4368 mockgcp_http.go:298] mockgcp request: GET https://compute.googleapis.com/compute/v1/projects/kcc-recaptcha-enterprise/global/operations/operation-1787362344477-e8c466e2-69b0-49b4-b3e2-d4c1c084711d
2026-08-22T01:32:34.0918492Z I0822 01:32:24.478379    4368 mockgcp_http.go:327] mockgcp response: GET https://compute.googleapis.com/compute/v1/projects/kcc-recaptcha-enterprise/global/operations/operation-1787362344477-e8c466e2-69b0-49b4-b3e2-d4c1c084711d => 200
2026-08-22T01:32:34.0919487Z I0822 01:32:24.478434    4368 mockgcp_http.go:298] mockgcp request: POST https://compute.googleapis.com/compute/v1/projects/kcc-recaptcha-enterprise/global/routes
2026-08-22T01:32:34.0921341Z I0822 01:32:24.478759    4368 operations.go:125] "storing operation" fqn="projects/kcc-recaptcha-enterprise/global/operations/operation-1787362344478-aa5dca18-8f7d-4347-8ba1-2f8c92b1f516"
2026-08-22T01:32:34.0922391Z I0822 01:32:24.478848    4368 mockgcp_http.go:327] mockgcp response: POST https://compute.googleapis.com/compute/v1/projects/kcc-recaptcha-enterprise/global/routes => 200
2026-08-22T01:32:34.0924092Z I0822 01:32:24.478886    4368 mockgcp_http.go:298] mockgcp request: GET https://compute.googleapis.com/compute/v1/projects/kcc-recaptcha-enterprise/global/operations/operation-1787362344478-aa5dca18-8f7d-4347-8ba1-2f8c92b1f516
2026-08-22T01:32:34.0925647Z I0822 01:32:24.479116    4368 mockgcp_http.go:327] mockgcp response: GET https://compute.googleapis.com/compute/v1/projects/kcc-recaptcha-enterprise/global/operations/operation-1787362344478-aa5dca18-8f7d-4347-8ba1-2f8c92b1f516 => 200
2026-08-22T01:32:34.0926633Z I0822 01:32:24.479164    4368 mockgcp_http.go:298] mockgcp request: POST https://compute.googleapis.com/compute/v1/projects/kcc-recaptcha-enterprise/global/routes
2026-08-22T01:32:34.0927723Z I0822 01:32:24.479509    4368 operations.go:125] "storing operation" fqn="projects/kcc-recaptcha-enterprise/global/operations/operation-1787362344479-22098541-d57e-4f01-82ac-59865b3f8d3e"
2026-08-22T01:32:34.0928743Z I0822 01:32:24.479597    4368 mockgcp_http.go:327] mockgcp response: POST https://compute.googleapis.com/compute/v1/projects/kcc-recaptcha-enterprise/global/routes => 200
2026-08-22T01:32:34.0930136Z I0822 01:32:24.479634    4368 mockgcp_http.go:298] mockgcp request: GET https://compute.googleapis.com/compute/v1/projects/kcc-recaptcha-enterprise/global/operations/operation-1787362344479-22098541-d57e-4f01-82ac-59865b3f8d3e
2026-08-22T01:32:34.0931558Z I0822 01:32:24.479838    4368 mockgcp_http.go:327] mockgcp response: GET https://compute.googleapis.com/compute/v1/projects/kcc-recaptcha-enterprise/global/operations/operation-1787362344479-22098541-d57e-4f01-82ac-59865b3f8d3e => 200
2026-08-22T01:32:34.0932496Z I0822 01:32:24.479886    4368 mockgcp_http.go:298] mockgcp request: POST https://compute.googleapis.com/compute/v1/projects/kcc-recaptcha-enterprise/global/routes
2026-08-22T01:32:34.0933888Z I0822 01:32:24.480199    4368 operations.go:125] "storing operation" fqn="projects/kcc-recaptcha-enterprise/global/operations/operation-1787362344480-972ad021-f9ac-4f97-a64b-5e67b0d27cf2"
2026-08-22T01:32:34.0934903Z I0822 01:32:24.480293    4368 mockgcp_http.go:327] mockgcp response: POST https://compute.googleapis.com/compute/v1/projects/kcc-recaptcha-enterprise/global/routes => 200
2026-08-22T01:32:34.0936504Z I0822 01:32:24.480327    4368 mockgcp_http.go:298] mockgcp request: GET https://compute.googleapis.com/compute/v1/projects/kcc-recaptcha-enterprise/global/operations/operation-1787362344480-972ad021-f9ac-4f97-a64b-5e67b0d27cf2
2026-08-22T01:32:34.0938010Z I0822 01:32:24.480680    4368 mockgcp_http.go:327] mockgcp response: GET https://compute.googleapis.com/compute/v1/projects/kcc-recaptcha-enterprise/global/operations/operation-1787362344480-972ad021-f9ac-4f97-a64b-5e67b0d27cf2 => 200
2026-08-22T01:32:34.0938927Z I0822 01:32:24.480739    4368 mockgcp_http.go:298] mockgcp request: POST https://compute.googleapis.com/compute/v1/projects/kcc-recaptcha-enterprise/global/routes
2026-08-22T01:32:34.0940312Z I0822 01:32:24.481067    4368 operations.go:125] "storing operation" fqn="projects/kcc-recaptcha-enterprise/global/operations/operation-1787362344481-f1be7d37-be6a-4844-b44b-38d24a7995c2"
2026-08-22T01:32:34.0941388Z I0822 01:32:24.481161    4368 mockgcp_http.go:327] mockgcp response: POST https://compute.googleapis.com/compute/v1/projects/kcc-recaptcha-enterprise/global/routes => 200
2026-08-22T01:32:34.0942804Z I0822 01:32:24.481206    4368 mockgcp_http.go:298] mockgcp request: GET https://compute.googleapis.com/compute/v1/projects/kcc-recaptcha-enterprise/global/operations/operation-1787362344481-f1be7d37-be6a-4844-b44b-38d24a7995c2
2026-08-22T01:32:34.0944641Z I0822 01:32:24.481483    4368 mockgcp_http.go:327] mockgcp response: GET https://compute.googleapis.com/compute/v1/projects/kcc-recaptcha-enterprise/global/operations/operation-1787362344481-f1be7d37-be6a-4844-b44b-38d24a7995c2 => 200
2026-08-22T01:32:34.0945658Z I0822 01:32:24.481536    4368 mockgcp_http.go:298] mockgcp request: POST https://compute.googleapis.com/compute/v1/projects/kcc-recaptcha-enterprise/global/routes
2026-08-22T01:32:34.0946796Z I0822 01:32:24.481892    4368 operations.go:125] "storing operation" fqn="projects/kcc-recaptcha-enterprise/global/operations/operation-1787362344481-b8ce4175-b585-464e-bcf0-1a4d4a40db89"
2026-08-22T01:32:34.0948065Z I0822 01:32:24.481991    4368 mockgcp_http.go:327] mockgcp response: POST https://compute.googleapis.com/compute/v1/projects/kcc-recaptcha-enterprise/global/routes => 200
2026-08-22T01:32:34.0949513Z I0822 01:32:24.482037    4368 mockgcp_http.go:298] mockgcp request: GET https://compute.googleapis.com/compute/v1/projects/kcc-recaptcha-enterprise/global/operations/operation-1787362344481-b8ce4175-b585-464e-bcf0-1a4d4a40db89
2026-08-22T01:32:34.0951023Z I0822 01:32:24.482263    4368 mockgcp_http.go:327] mockgcp response: GET https://compute.googleapis.com/compute/v1/projects/kcc-recaptcha-enterprise/global/operations/operation-1787362344481-b8ce4175-b585-464e-bcf0-1a4d4a40db89 => 200
2026-08-22T01:32:34.0951955Z I0822 01:32:24.482334    4368 mockgcp_http.go:298] mockgcp request: POST https://compute.googleapis.com/compute/v1/projects/kcc-recaptcha-enterprise/global/routes
2026-08-22T01:32:34.0953092Z I0822 01:32:24.482690    4368 operations.go:125] "storing operation" fqn="projects/kcc-recaptcha-enterprise/global/operations/operation-1787362344482-2cebc820-6bc2-4bf0-88c3-ff4a7910e62e"
2026-08-22T01:32:34.0954317Z I0822 01:32:24.482780    4368 mockgcp_http.go:327] mockgcp response: POST https://compute.googleapis.com/compute/v1/projects/kcc-recaptcha-enterprise/global/routes => 200
2026-08-22T01:32:34.0955744Z I0822 01:32:24.482818    4368 mockgcp_http.go:298] mockgcp request: GET https://compute.googleapis.com/compute/v1/projects/kcc-recaptcha-enterprise/global/operations/operation-1787362344482-2cebc820-6bc2-4bf0-88c3-ff4a7910e62e
2026-08-22T01:32:34.0957226Z I0822 01:32:24.483025    4368 mockgcp_http.go:327] mockgcp response: GET https://compute.googleapis.com/compute/v1/projects/kcc-recaptcha-enterprise/global/operations/operation-1787362344482-2cebc820-6bc2-4bf0-88c3-ff4a7910e62e => 200
2026-08-22T01:32:34.0958113Z I0822 01:32:24.483079    4368 mockgcp_http.go:298] mockgcp request: POST https://compute.googleapis.com/compute/v1/projects/kcc-recaptcha-enterprise/global/routes
2026-08-22T01:32:34.0959464Z I0822 01:32:24.483420    4368 operations.go:125] "storing operation" fqn="projects/kcc-recaptcha-enterprise/global/operations/operation-1787362344483-1d29a80f-eadf-46b5-b6cc-034daead58eb"
2026-08-22T01:32:34.0960438Z I0822 01:32:24.483510    4368 mockgcp_http.go:327] mockgcp response: POST https://compute.googleapis.com/compute/v1/projects/kcc-recaptcha-enterprise/global/routes => 200
2026-08-22T01:32:34.0961782Z I0822 01:32:24.483547    4368 mockgcp_http.go:298] mockgcp request: GET https://compute.googleapis.com/compute/v1/projects/kcc-recaptcha-enterprise/global/operations/operation-1787362344483-1d29a80f-eadf-46b5-b6cc-034daead58eb
2026-08-22T01:32:34.0963717Z I0822 01:32:24.483778    4368 mockgcp_http.go:327] mockgcp response: GET https://compute.googleapis.com/compute/v1/projects/kcc-recaptcha-enterprise/global/operations/operation-1787362344483-1d29a80f-eadf-46b5-b6cc-034daead58eb => 200
2026-08-22T01:32:34.0964715Z I0822 01:32:24.483831    4368 mockgcp_http.go:298] mockgcp request: POST https://compute.googleapis.com/compute/v1/projects/kcc-recaptcha-enterprise/global/routes
2026-08-22T01:32:34.0966093Z I0822 01:32:24.484151    4368 operations.go:125] "storing operation" fqn="projects/kcc-recaptcha-enterprise/global/operations/operation-1787362344484-9b809317-bc6c-4264-8695-a6d10a071698"
2026-08-22T01:32:34.0967138Z I0822 01:32:24.484232    4368 mockgcp_http.go:327] mockgcp response: POST https://compute.googleapis.com/compute/v1/projects/kcc-recaptcha-enterprise/global/routes => 200
2026-08-22T01:32:34.0968862Z I0822 01:32:24.484267    4368 mockgcp_http.go:298] mockgcp request: GET https://compute.googleapis.com/compute/v1/projects/kcc-recaptcha-enterprise/global/operations/operation-1787362344484-9b809317-bc6c-4264-8695-a6d10a071698
2026-08-22T01:32:34.0970745Z I0822 01:32:24.484512    4368 mockgcp_http.go:327] mockgcp response: GET https://compute.googleapis.com/compute/v1/projects/kcc-recaptcha-enterprise/global/operations/operation-1787362344484-9b809317-bc6c-4264-8695-a6d10a071698 => 200
2026-08-22T01:32:34.0972028Z I0822 01:32:24.484565    4368 mockgcp_http.go:298] mockgcp request: POST https://compute.googleapis.com/compute/v1/projects/kcc-recaptcha-enterprise/global/routes
2026-08-22T01:32:34.0973849Z I0822 01:32:24.489173    4368 operations.go:125] "storing operation" fqn="projects/kcc-recaptcha-enterprise/global/operations/operation-1787362344489-a96fd3de-a123-4dc2-b1a8-a6ae33cbd5a2"
2026-08-22T01:32:34.0975128Z I0822 01:32:24.489283    4368 mockgcp_http.go:327] mockgcp response: POST https://compute.googleapis.com/compute/v1/projects/kcc-recaptcha-enterprise/global/routes => 200
2026-08-22T01:32:34.0977662Z I0822 01:32:24.489335    4368 mockgcp_http.go:298] mockgcp request: GET https://compute.googleapis.com/compute/v1/projects/kcc-recaptcha-enterprise/global/operations/operation-1787362344489-a96fd3de-a123-4dc2-b1a8-a6ae33cbd5a2
2026-08-22T01:32:34.0979246Z I0822 01:32:24.489666    4368 mockgcp_http.go:327] mockgcp response: GET https://compute.googleapis.com/compute/v1/projects/kcc-recaptcha-enterprise/global/operations/operation-1787362344489-a96fd3de-a123-4dc2-b1a8-a6ae33cbd5a2 => 200
2026-08-22T01:32:34.0980711Z I0822 01:32:24.537006    4368 mockgcp_http.go:298] mockgcp request: GET https://compute.googleapis.com/compute/v1/projects/kcc-recaptcha-enterprise/global/operations/operation-1787362344374-ae33763b-f771-43a8-9997-f041267ded8f
2026-08-22T01:32:34.0982151Z I0822 01:32:24.537511    4368 mockgcp_http.go:327] mockgcp response: GET https://compute.googleapis.com/compute/v1/projects/kcc-recaptcha-enterprise/global/operations/operation-1787362344374-ae33763b-f771-43a8-9997-f041267ded8f => 200
2026-08-22T01:32:34.0983152Z I0822 01:32:24.537785    4368 mockgcp_http.go:327] mockgcp response: POST https://cloudresourcemanager.googleapis.com/v1/projects?alt=json&prettyPrint=false => 200
2026-08-22T01:32:34.0984842Z I0822 01:32:24.638142    4368 mockgcp_http.go:298] mockgcp request: GET https://cloudresourcemanager.googleapis.com/v1/operations/operation-1787362344537-29f1b7ef-73f3-43b2-9b07-980b608bba20?alt=json&prettyPrint=false
2026-08-22T01:32:34.0986560Z I0822 01:32:24.638289    4368 mockgcp_http.go:327] mockgcp response: GET https://cloudresourcemanager.googleapis.com/v1/operations/operation-1787362344537-29f1b7ef-73f3-43b2-9b07-980b608bba20?alt=json&prettyPrint=false => 200
2026-08-22T01:32:34.0987671Z I0822 01:32:24.638378    4368 mockgcp_http.go:298] mockgcp request: GET https://cloudresourcemanager.googleapis.com/v1/projects/kcc-recaptcha-enterprise?alt=json&prettyPrint=false
2026-08-22T01:32:34.0988838Z I0822 01:32:24.638739    4368 mockgcp_http.go:327] mockgcp response: GET https://cloudresourcemanager.googleapis.com/v1/projects/kcc-recaptcha-enterprise?alt=json&prettyPrint=false => 200
2026-08-22T01:32:34.0990015Z I0822 01:32:24.638793    4368 mockgcp_http.go:298] mockgcp request: POST https://cloudresourcemanager.googleapis.com/v1/projects?alt=json&prettyPrint=false
2026-08-22T01:32:34.0990940Z I0822 01:32:24.639056    4368 mockgcp_http.go:298] mockgcp request: POST https://compute.googleapis.com/compute/v1/projects/mock-project/global/networks
2026-08-22T01:32:34.0992049Z I0822 01:32:24.639592    4368 operations.go:125] "storing operation" fqn="projects/mock-project/global/operations/operation-1787362344639-ec63b19b-23a9-4e24-9a78-486105e0518e"
2026-08-22T01:32:34.0993046Z I0822 01:32:24.639682    4368 mockgcp_http.go:298] mockgcp request: POST https://compute.googleapis.com/compute/v1/projects/mock-project/regions/us-central1/subnetworks
2026-08-22T01:32:34.0995224Z I0822 01:32:24.639718    4368 mockgcp_http.go:327] mockgcp response: POST https://compute.googleapis.com/compute/v1/projects/mock-project/global/networks => 200
2026-08-22T01:32:34.0996887Z I0822 01:32:24.639775    4368 mockgcp_http.go:298] mockgcp request: GET https://compute.googleapis.com/compute/v1/projects/mock-project/global/operations/operation-1787362344639-ec63b19b-23a9-4e24-9a78-486105e0518e
2026-08-22T01:32:34.0998059Z I0822 01:32:24.640024    4368 operations.go:125] "storing operation" fqn="projects/mock-project/regions/us-central1/operations/operation-1787362344640-5d932dd3-951f-4b65-b29d-e03210f3b2cd"
2026-08-22T01:32:34.0999523Z I0822 01:32:24.640072    4368 mockgcp_http.go:327] mockgcp response: GET https://compute.googleapis.com/compute/v1/projects/mock-project/global/operations/operation-1787362344639-ec63b19b-23a9-4e24-9a78-486105e0518e => 200
2026-08-22T01:32:34.1000600Z I0822 01:32:24.640140    4368 mockgcp_http.go:327] mockgcp response: POST https://compute.googleapis.com/compute/v1/projects/mock-project/regions/us-central1/subnetworks => 200
2026-08-22T01:32:34.1001992Z I0822 01:32:24.640194    4368 mockgcp_http.go:298] mockgcp request: GET https://compute.googleapis.com/compute/v1/projects/mock-project/regions/us-central1/operations/operation-1787362344640-5d932dd3-951f-4b65-b29d-e03210f3b2cd
2026-08-22T01:32:34.1003781Z I0822 01:32:24.640514    4368 mockgcp_http.go:327] mockgcp response: GET https://compute.googleapis.com/compute/v1/projects/mock-project/regions/us-central1/operations/operation-1787362344640-5d932dd3-951f-4b65-b29d-e03210f3b2cd => 200
2026-08-22T01:32:34.1004805Z I0822 01:32:24.640685    4368 mockgcp_http.go:298] mockgcp request: POST https://compute.googleapis.com/compute/v1/projects/mock-project/regions/europe-west1/subnetworks
2026-08-22T01:32:34.1005988Z I0822 01:32:24.641007    4368 operations.go:125] "storing operation" fqn="projects/mock-project/regions/europe-west1/operations/operation-1787362344640-faa31c7d-c9ce-4ce9-aa17-3e0ce722883f"
2026-08-22T01:32:34.1007083Z I0822 01:32:24.641128    4368 mockgcp_http.go:327] mockgcp response: POST https://compute.googleapis.com/compute/v1/projects/mock-project/regions/europe-west1/subnetworks => 200
2026-08-22T01:32:34.1008552Z I0822 01:32:24.641175    4368 mockgcp_http.go:298] mockgcp request: GET https://compute.googleapis.com/compute/v1/projects/mock-project/regions/europe-west1/operations/operation-1787362344640-faa31c7d-c9ce-4ce9-aa17-3e0ce722883f
2026-08-22T01:32:34.1010274Z I0822 01:32:24.641486    4368 mockgcp_http.go:327] mockgcp response: GET https://compute.googleapis.com/compute/v1/projects/mock-project/regions/europe-west1/operations/operation-1787362344640-faa31c7d-c9ce-4ce9-aa17-3e0ce722883f => 200
2026-08-22T01:32:34.1011225Z I0822 01:32:24.641547    4368 mockgcp_http.go:298] mockgcp request: POST https://compute.googleapis.com/compute/v1/projects/mock-project/regions/us-west1/subnetworks
2026-08-22T01:32:34.1012339Z I0822 01:32:24.641966    4368 operations.go:125] "storing operation" fqn="projects/mock-project/regions/us-west1/operations/operation-1787362344641-77069cc4-d5fe-4c8d-8eb1-110ad1e54794"
2026-08-22T01:32:34.1013764Z I0822 01:32:24.642076    4368 mockgcp_http.go:327] mockgcp response: POST https://compute.googleapis.com/compute/v1/projects/mock-project/regions/us-west1/subnetworks => 200
2026-08-22T01:32:34.1015208Z I0822 01:32:24.642184    4368 mockgcp_http.go:298] mockgcp request: GET https://compute.googleapis.com/compute/v1/projects/mock-project/regions/us-west1/operations/operation-1787362344641-77069cc4-d5fe-4c8d-8eb1-110ad1e54794
2026-08-22T01:32:34.1016625Z I0822 01:32:24.642425    4368 mockgcp_http.go:327] mockgcp response: GET https://compute.googleapis.com/compute/v1/projects/mock-project/regions/us-west1/operations/operation-1787362344641-77069cc4-d5fe-4c8d-8eb1-110ad1e54794 => 200
2026-08-22T01:32:34.1017576Z I0822 01:32:24.642480    4368 mockgcp_http.go:298] mockgcp request: POST https://compute.googleapis.com/compute/v1/projects/mock-project/regions/asia-east1/subnetworks
2026-08-22T01:32:34.1018604Z I0822 01:32:24.642838    4368 operations.go:125] "storing operation" fqn="projects/mock-project/regions/asia-east1/operations/operation-1787362344642-e8c8771f-5844-419c-9176-ad2c8826763b"
2026-08-22T01:32:34.1019630Z I0822 01:32:24.642988    4368 mockgcp_http.go:327] mockgcp response: POST https://compute.googleapis.com/compute/v1/projects/mock-project/regions/asia-east1/subnetworks => 200
2026-08-22T01:32:34.1021078Z I0822 01:32:24.643043    4368 mockgcp_http.go:298] mockgcp request: GET https://compute.googleapis.com/compute/v1/projects/mock-project/regions/asia-east1/operations/operation-1787362344642-e8c8771f-5844-419c-9176-ad2c8826763b
2026-08-22T01:32:34.1022595Z I0822 01:32:24.643425    4368 mockgcp_http.go:327] mockgcp response: GET https://compute.googleapis.com/compute/v1/projects/mock-project/regions/asia-east1/operations/operation-1787362344642-e8c8771f-5844-419c-9176-ad2c8826763b => 200
2026-08-22T01:32:34.1023948Z I0822 01:32:24.643485    4368 mockgcp_http.go:298] mockgcp request: POST https://compute.googleapis.com/compute/v1/projects/mock-project/regions/us-east1/subnetworks
2026-08-22T01:32:34.1025065Z I0822 01:32:24.643889    4368 operations.go:125] "storing operation" fqn="projects/mock-project/regions/us-east1/operations/operation-1787362344643-8a6dd426-7290-4a99-8334-de0e24c1e3f0"
2026-08-22T01:32:34.1026123Z I0822 01:32:24.644032    4368 mockgcp_http.go:327] mockgcp response: POST https://compute.googleapis.com/compute/v1/projects/mock-project/regions/us-east1/subnetworks => 200
2026-08-22T01:32:34.1027480Z I0822 01:32:24.644080    4368 mockgcp_http.go:298] mockgcp request: GET https://compute.googleapis.com/compute/v1/projects/mock-project/regions/us-east1/operations/operation-1787362344643-8a6dd426-7290-4a99-8334-de0e24c1e3f0
2026-08-22T01:32:34.1028999Z I0822 01:32:24.644279    4368 mockgcp_http.go:327] mockgcp response: GET https://compute.googleapis.com/compute/v1/projects/mock-project/regions/us-east1/operations/operation-1787362344643-8a6dd426-7290-4a99-8334-de0e24c1e3f0 => 200
2026-08-22T01:32:34.1030085Z I0822 01:32:24.644313    4368 mockgcp_http.go:298] mockgcp request: POST https://compute.googleapis.com/compute/v1/projects/mock-project/regions/asia-northeast1/subnetworks
2026-08-22T01:32:34.1031318Z I0822 01:32:24.644652    4368 operations.go:125] "storing operation" fqn="projects/mock-project/regions/asia-northeast1/operations/operation-1787362344644-7708b383-4e71-47ee-9d35-834d3ea14554"
2026-08-22T01:32:34.1032722Z I0822 01:32:24.644995    4368 mockgcp_http.go:327] mockgcp response: POST https://compute.googleapis.com/compute/v1/projects/mock-project/regions/asia-northeast1/subnetworks => 200
2026-08-22T01:32:34.1034470Z I0822 01:32:24.645046    4368 mockgcp_http.go:298] mockgcp request: GET https://compute.googleapis.com/compute/v1/projects/mock-project/regions/asia-northeast1/operations/operation-1787362344644-7708b383-4e71-47ee-9d35-834d3ea14554
2026-08-22T01:32:34.1035926Z I0822 01:32:24.645321    4368 mockgcp_http.go:327] mockgcp response: GET https://compute.googleapis.com/compute/v1/projects/mock-project/regions/asia-northeast1/operations/operation-1787362344644-7708b383-4e71-47ee-9d35-834d3ea14554 => 200
2026-08-22T01:32:34.1037155Z I0822 01:32:24.645394    4368 mockgcp_http.go:298] mockgcp request: POST https://compute.googleapis.com/compute/v1/projects/mock-project/regions/asia-southeast1/subnetworks
2026-08-22T01:32:34.1038285Z I0822 01:32:24.645734    4368 operations.go:125] "storing operation" fqn="projects/mock-project/regions/asia-southeast1/operations/operation-1787362344645-98a19f48-0f17-431a-acf0-66a0e6f05bae"
2026-08-22T01:32:34.1039377Z I0822 01:32:24.645832    4368 mockgcp_http.go:327] mockgcp response: POST https://compute.googleapis.com/compute/v1/projects/mock-project/regions/asia-southeast1/subnetworks => 200
2026-08-22T01:32:34.1040802Z I0822 01:32:24.645885    4368 mockgcp_http.go:298] mockgcp request: GET https://compute.googleapis.com/compute/v1/projects/mock-project/regions/asia-southeast1/operations/operation-1787362344645-98a19f48-0f17-431a-acf0-66a0e6f05bae
2026-08-22T01:32:34.1042289Z I0822 01:32:24.646101    4368 mockgcp_http.go:327] mockgcp response: GET https://compute.googleapis.com/compute/v1/projects/mock-project/regions/asia-southeast1/operations/operation-1787362344645-98a19f48-0f17-431a-acf0-66a0e6f05bae => 200
2026-08-22T01:32:34.1043261Z I0822 01:32:24.646161    4368 mockgcp_http.go:298] mockgcp request: POST https://compute.googleapis.com/compute/v1/projects/mock-project/regions/us-east4/subnetworks
2026-08-22T01:32:34.1044630Z I0822 01:32:24.646493    4368 operations.go:125] "storing operation" fqn="projects/mock-project/regions/us-east4/operations/operation-1787362344646-4b1369fb-550d-4e43-9bdd-c39c38e49c0f"
2026-08-22T01:32:34.1045669Z I0822 01:32:24.646593    4368 mockgcp_http.go:327] mockgcp response: POST https://compute.googleapis.com/compute/v1/projects/mock-project/regions/us-east4/subnetworks => 200
2026-08-22T01:32:34.1047041Z I0822 01:32:24.646643    4368 mockgcp_http.go:298] mockgcp request: GET https://compute.googleapis.com/compute/v1/projects/mock-project/regions/us-east4/operations/operation-1787362344646-4b1369fb-550d-4e43-9bdd-c39c38e49c0f
2026-08-22T01:32:34.1048983Z I0822 01:32:24.646859    4368 mockgcp_http.go:327] mockgcp response: GET https://compute.googleapis.com/compute/v1/projects/mock-project/regions/us-east4/operations/operation-1787362344646-4b1369fb-550d-4e43-9bdd-c39c38e49c0f => 200
2026-08-22T01:32:34.1050102Z I0822 01:32:24.646920    4368 mockgcp_http.go:298] mockgcp request: POST https://compute.googleapis.com/compute/v1/projects/mock-project/regions/australia-southeast1/subnetworks
2026-08-22T01:32:34.1051304Z I0822 01:32:24.647203    4368 operations.go:125] "storing operation" fqn="projects/mock-project/regions/australia-southeast1/operations/operation-1787362344647-0b4ec354-67c1-485f-a62b-0b41185776bb"
2026-08-22T01:32:34.1052698Z I0822 01:32:24.647290    4368 mockgcp_http.go:327] mockgcp response: POST https://compute.googleapis.com/compute/v1/projects/mock-project/regions/australia-southeast1/subnetworks => 200
2026-08-22T01:32:34.1054248Z I0822 01:32:24.647336    4368 mockgcp_http.go:298] mockgcp request: GET https://compute.googleapis.com/compute/v1/projects/mock-project/regions/australia-southeast1/operations/operation-1787362344647-0b4ec354-67c1-485f-a62b-0b41185776bb
2026-08-22T01:32:34.1055145Z I0822 01:32:24.647703    4368 mockgcp_http.go:327] mockgcp response: GET https://compute.googleapis.com/compute/v1/projects/mock-project/regions/australia-southeast1/operations/operation-1787362344647-0b4ec354-67c1-485f-a62b-0b41185776bb => 200
2026-08-22T01:32:34.1055917Z I0822 01:32:24.647767    4368 mockgcp_http.go:298] mockgcp request: POST https://compute.googleapis.com/compute/v1/projects/mock-project/regions/europe-west2/subnetworks
2026-08-22T01:32:34.1056556Z I0822 01:32:24.648093    4368 operations.go:125] "storing operation" fqn="projects/mock-project/regions/europe-west2/operations/operation-1787362344648-8f0cb1f5-d724-4687-9bd4-cad5775ba0c2"
2026-08-22T01:32:34.1057145Z I0822 01:32:24.648241    4368 mockgcp_http.go:327] mockgcp response: POST https://compute.googleapis.com/compute/v1/projects/mock-project/regions/europe-west2/subnetworks => 200
2026-08-22T01:32:34.1058012Z I0822 01:32:24.648305    4368 mockgcp_http.go:298] mockgcp request: GET https://compute.googleapis.com/compute/v1/projects/mock-project/regions/europe-west2/operations/operation-1787362344648-8f0cb1f5-d724-4687-9bd4-cad5775ba0c2
2026-08-22T01:32:34.1058868Z I0822 01:32:24.648564    4368 mockgcp_http.go:327] mockgcp response: GET https://compute.googleapis.com/compute/v1/projects/mock-project/regions/europe-west2/operations/operation-1787362344648-8f0cb1f5-d724-4687-9bd4-cad5775ba0c2 => 200
2026-08-22T01:32:34.1059430Z I0822 01:32:24.648613    4368 mockgcp_http.go:298] mockgcp request: POST https://compute.googleapis.com/compute/v1/projects/mock-project/regions/europe-west3/subnetworks
2026-08-22T01:32:34.1060359Z I0822 01:32:24.648932    4368 operations.go:125] "storing operation" fqn="projects/mock-project/regions/europe-west3/operations/operation-1787362344648-31a7dc75-9280-4608-b504-0d495c38c74d"
2026-08-22T01:32:34.1060958Z I0822 01:32:24.649035    4368 mockgcp_http.go:327] mockgcp response: POST https://compute.googleapis.com/compute/v1/projects/mock-project/regions/europe-west3/subnetworks => 200
2026-08-22T01:32:34.1061737Z I0822 01:32:24.649087    4368 mockgcp_http.go:298] mockgcp request: GET https://compute.googleapis.com/compute/v1/projects/mock-project/regions/europe-west3/operations/operation-1787362344648-31a7dc75-9280-4608-b504-0d495c38c74d
2026-08-22T01:32:34.1062524Z I0822 01:32:24.649407    4368 mockgcp_http.go:327] mockgcp response: GET https://compute.googleapis.com/compute/v1/projects/mock-project/regions/europe-west3/operations/operation-1787362344648-31a7dc75-9280-4608-b504-0d495c38c74d => 200
2026-08-22T01:32:34.1063085Z I0822 01:32:24.649463    4368 mockgcp_http.go:298] mockgcp request: POST https://compute.googleapis.com/compute/v1/projects/mock-project/regions/southamerica-east1/subnetworks
2026-08-22T01:32:34.1064114Z I0822 01:32:24.649764    4368 operations.go:125] "storing operation" fqn="projects/mock-project/regions/southamerica-east1/operations/operation-1787362344649-7699d55a-8e2d-47f0-ac82-2780b49affa5"
2026-08-22T01:32:34.1064870Z I0822 01:32:24.649869    4368 mockgcp_http.go:327] mockgcp response: POST https://compute.googleapis.com/compute/v1/projects/mock-project/regions/southamerica-east1/subnetworks => 200
2026-08-22T01:32:34.1065684Z I0822 01:32:24.649944    4368 mockgcp_http.go:298] mockgcp request: GET https://compute.googleapis.com/compute/v1/projects/mock-project/regions/southamerica-east1/operations/operation-1787362344649-7699d55a-8e2d-47f0-ac82-2780b49affa5
2026-08-22T01:32:34.1066498Z I0822 01:32:24.650262    4368 mockgcp_http.go:327] mockgcp response: GET https://compute.googleapis.com/compute/v1/projects/mock-project/regions/southamerica-east1/operations/operation-1787362344649-7699d55a-8e2d-47f0-ac82-2780b49affa5 => 200
2026-08-22T01:32:34.1067031Z I0822 01:32:24.650338    4368 mockgcp_http.go:298] mockgcp request: POST https://compute.googleapis.com/compute/v1/projects/mock-project/regions/asia-south1/subnetworks
2026-08-22T01:32:34.1067648Z I0822 01:32:24.650675    4368 operations.go:125] "storing operation" fqn="projects/mock-project/regions/asia-south1/operations/operation-1787362344650-5b73b80c-093a-48ac-9113-04fa4b075a0d"
2026-08-22T01:32:34.1068212Z I0822 01:32:24.650791    4368 mockgcp_http.go:327] mockgcp response: POST https://compute.googleapis.com/compute/v1/projects/mock-project/regions/asia-south1/subnetworks => 200
2026-08-22T01:32:34.1069193Z I0822 01:32:24.650837    4368 mockgcp_http.go:298] mockgcp request: GET https://compute.googleapis.com/compute/v1/projects/mock-project/regions/asia-south1/operations/operation-1787362344650-5b73b80c-093a-48ac-9113-04fa4b075a0d
2026-08-22T01:32:34.1070640Z I0822 01:32:24.651055    4368 mockgcp_http.go:327] mockgcp response: GET https://compute.googleapis.com/compute/v1/projects/mock-project/regions/asia-south1/operations/operation-1787362344650-5b73b80c-093a-48ac-9113-04fa4b075a0d => 200
2026-08-22T01:32:34.1071716Z I0822 01:32:24.651118    4368 mockgcp_http.go:298] mockgcp request: POST https://compute.googleapis.com/compute/v1/projects/mock-project/regions/northamerica-northeast1/subnetworks
2026-08-22T01:32:34.1073532Z I0822 01:32:24.651417    4368 operations.go:125] "storing operation" fqn="projects/mock-project/regions/northamerica-northeast1/operations/operation-1787362344651-bb6d38a1-d39f-407b-83ad-339e05dd55aa"
2026-08-22T01:32:34.1074253Z I0822 01:32:24.651515    4368 mockgcp_http.go:327] mockgcp response: POST https://compute.googleapis.com/compute/v1/projects/mock-project/regions/northamerica-northeast1/subnetworks => 200
2026-08-22T01:32:34.1075446Z I0822 01:32:24.651556    4368 mockgcp_http.go:298] mockgcp request: GET https://compute.googleapis.com/compute/v1/projects/mock-project/regions/northamerica-northeast1/operations/operation-1787362344651-bb6d38a1-d39f-407b-83ad-339e05dd55aa
2026-08-22T01:32:34.1076501Z I0822 01:32:24.651774    4368 mockgcp_http.go:327] mockgcp response: GET https://compute.googleapis.com/compute/v1/projects/mock-project/regions/northamerica-northeast1/operations/operation-1787362344651-bb6d38a1-d39f-407b-83ad-339e05dd55aa => 200
2026-08-22T01:32:34.1077271Z I0822 01:32:24.651832    4368 mockgcp_http.go:298] mockgcp request: POST https://compute.googleapis.com/compute/v1/projects/mock-project/regions/europe-west4/subnetworks
2026-08-22T01:32:34.1077929Z I0822 01:32:24.652141    4368 operations.go:125] "storing operation" fqn="projects/mock-project/regions/europe-west4/operations/operation-1787362344652-97c4d338-f83b-4cc4-b842-c7f2eb3bc575"
2026-08-22T01:32:34.1078798Z I0822 01:32:24.652239    4368 mockgcp_http.go:327] mockgcp response: POST https://compute.googleapis.com/compute/v1/projects/mock-project/regions/europe-west4/subnetworks => 200
2026-08-22T01:32:34.1079584Z I0822 01:32:24.652281    4368 mockgcp_http.go:298] mockgcp request: GET https://compute.googleapis.com/compute/v1/projects/mock-project/regions/europe-west4/operations/operation-1787362344652-97c4d338-f83b-4cc4-b842-c7f2eb3bc575
2026-08-22T01:32:34.1080519Z I0822 01:32:24.652585    4368 mockgcp_http.go:327] mockgcp response: GET https://compute.googleapis.com/compute/v1/projects/mock-project/regions/europe-west4/operations/operation-1787362344652-97c4d338-f83b-4cc4-b842-c7f2eb3bc575 => 200
2026-08-22T01:32:34.1081073Z I0822 01:32:24.652699    4368 mockgcp_http.go:298] mockgcp request: POST https://compute.googleapis.com/compute/v1/projects/mock-project/regions/europe-north1/subnetworks
2026-08-22T01:32:34.1081736Z I0822 01:32:24.653210    4368 operations.go:125] "storing operation" fqn="projects/mock-project/regions/europe-north1/operations/operation-1787362344653-03bc516b-6d7a-4f69-8e71-26663b98bf4d"
2026-08-22T01:32:34.1082451Z I0822 01:32:24.653357    4368 mockgcp_http.go:327] mockgcp response: POST https://compute.googleapis.com/compute/v1/projects/mock-project/regions/europe-north1/subnetworks => 200
2026-08-22T01:32:34.1083218Z I0822 01:32:24.653462    4368 mockgcp_http.go:298] mockgcp request: GET https://compute.googleapis.com/compute/v1/projects/mock-project/regions/europe-north1/operations/operation-1787362344653-03bc516b-6d7a-4f69-8e71-26663b98bf4d
2026-08-22T01:32:34.1084492Z I0822 01:32:24.653798    4368 mockgcp_http.go:327] mockgcp response: GET https://compute.googleapis.com/compute/v1/projects/mock-project/regions/europe-north1/operations/operation-1787362344653-03bc516b-6d7a-4f69-8e71-26663b98bf4d => 200
2026-08-22T01:32:34.1085706Z I0822 01:32:24.653847    4368 mockgcp_http.go:298] mockgcp request: POST https://compute.googleapis.com/compute/v1/projects/mock-project/regions/us-west2/subnetworks
2026-08-22T01:32:34.1087074Z I0822 01:32:24.654137    4368 operations.go:125] "storing operation" fqn="projects/mock-project/regions/us-west2/operations/operation-1787362344654-0090c53f-d1c2-4cc6-8006-9152c1ba4a9e"
2026-08-22T01:32:34.1088183Z I0822 01:32:24.654242    4368 mockgcp_http.go:327] mockgcp response: POST https://compute.googleapis.com/compute/v1/projects/mock-project/regions/us-west2/subnetworks => 200
2026-08-22T01:32:34.1089233Z I0822 01:32:24.654286    4368 mockgcp_http.go:298] mockgcp request: GET https://compute.googleapis.com/compute/v1/projects/mock-project/regions/us-west2/operations/operation-1787362344654-0090c53f-d1c2-4cc6-8006-9152c1ba4a9e
2026-08-22T01:32:34.1090326Z I0822 01:32:24.654533    4368 mockgcp_http.go:327] mockgcp response: GET https://compute.googleapis.com/compute/v1/projects/mock-project/regions/us-west2/operations/operation-1787362344654-0090c53f-d1c2-4cc6-8006-9152c1ba4a9e => 200
2026-08-22T01:32:34.1091169Z I0822 01:32:24.654593    4368 mockgcp_http.go:298] mockgcp request: POST https://compute.googleapis.com/compute/v1/projects/mock-project/regions/asia-east2/subnetworks
2026-08-22T01:32:34.1092647Z I0822 01:32:24.654922    4368 operations.go:125] "storing operation" fqn="projects/mock-project/regions/asia-east2/operations/operation-1787362344654-9c081c5d-d483-44b7-9f79-d6e4300bed70"
2026-08-22T01:32:34.1093874Z I0822 01:32:24.655036    4368 mockgcp_http.go:327] mockgcp response: POST https://compute.googleapis.com/compute/v1/projects/mock-project/regions/asia-east2/subnetworks => 200
2026-08-22T01:32:34.1095272Z I0822 01:32:24.655160    4368 mockgcp_http.go:298] mockgcp request: GET https://compute.googleapis.com/compute/v1/projects/mock-project/regions/asia-east2/operations/operation-1787362344654-9c081c5d-d483-44b7-9f79-d6e4300bed70
2026-08-22T01:32:34.1096678Z I0822 01:32:24.655512    4368 mockgcp_http.go:327] mockgcp response: GET https://compute.googleapis.com/compute/v1/projects/mock-project/regions/asia-east2/operations/operation-1787362344654-9c081c5d-d483-44b7-9f79-d6e4300bed70 => 200
2026-08-22T01:32:34.1097679Z I0822 01:32:24.655574    4368 mockgcp_http.go:298] mockgcp request: POST https://compute.googleapis.com/compute/v1/projects/mock-project/regions/europe-west6/subnetworks
2026-08-22T01:32:34.1099695Z I0822 01:32:24.655863    4368 operations.go:125] "storing operation" fqn="projects/mock-project/regions/europe-west6/operations/operation-1787362344655-f3a9ed5f-0cfd-47b7-b7cf-522714b5edbd"
2026-08-22T01:32:34.1100805Z I0822 01:32:24.655986    4368 mockgcp_http.go:327] mockgcp response: POST https://compute.googleapis.com/compute/v1/projects/mock-project/regions/europe-west6/subnetworks => 200
2026-08-22T01:32:34.1102935Z I0822 01:32:24.656057    4368 mockgcp_http.go:298] mockgcp request: GET https://compute.googleapis.com/compute/v1/projects/mock-project/regions/europe-west6/operations/operation-1787362344655-f3a9ed5f-0cfd-47b7-b7cf-522714b5edbd
2026-08-22T01:32:34.1104676Z I0822 01:32:24.656327    4368 mockgcp_http.go:327] mockgcp response: GET https://compute.googleapis.com/compute/v1/projects/mock-project/regions/europe-west6/operations/operation-1787362344655-f3a9ed5f-0cfd-47b7-b7cf-522714b5edbd => 200
2026-08-22T01:32:34.1105760Z I0822 01:32:24.656403    4368 mockgcp_http.go:298] mockgcp request: POST https://compute.googleapis.com/compute/v1/projects/mock-project/regions/asia-northeast2/subnetworks
2026-08-22T01:32:34.1107452Z I0822 01:32:24.656642    4368 operations.go:125] "storing operation" fqn="projects/mock-project/regions/asia-northeast2/operations/operation-1787362344656-9706d465-0d10-4efd-8206-9b6baea8c5a6"
2026-08-22T01:32:34.1108648Z I0822 01:32:24.656808    4368 mockgcp_http.go:327] mockgcp response: POST https://compute.googleapis.com/compute/v1/projects/mock-project/regions/asia-northeast2/subnetworks => 200
2026-08-22T01:32:34.1110406Z I0822 01:32:24.656876    4368 mockgcp_http.go:298] mockgcp request: GET https://compute.googleapis.com/compute/v1/projects/mock-project/regions/asia-northeast2/operations/operation-1787362344656-9706d465-0d10-4efd-8206-9b6baea8c5a6
2026-08-22T01:32:34.1111858Z I0822 01:32:24.657078    4368 mockgcp_http.go:327] mockgcp response: GET https://compute.googleapis.com/compute/v1/projects/mock-project/regions/asia-northeast2/operations/operation-1787362344656-9706d465-0d10-4efd-8206-9b6baea8c5a6 => 200
2026-08-22T01:32:34.1112793Z I0822 01:32:24.657139    4368 mockgcp_http.go:298] mockgcp request: POST https://compute.googleapis.com/compute/v1/projects/mock-project/regions/asia-northeast3/subnetworks
2026-08-22T01:32:34.1114579Z I0822 01:32:24.657422    4368 operations.go:125] "storing operation" fqn="projects/mock-project/regions/asia-northeast3/operations/operation-1787362344657-ee43076c-b4b7-4378-bf89-628843aa57a9"
2026-08-22T01:32:34.1115633Z I0822 01:32:24.657528    4368 mockgcp_http.go:327] mockgcp response: POST https://compute.googleapis.com/compute/v1/projects/mock-project/regions/asia-northeast3/subnetworks => 200
2026-08-22T01:32:34.1116949Z I0822 01:32:24.657575    4368 mockgcp_http.go:298] mockgcp request: GET https://compute.googleapis.com/compute/v1/projects/mock-project/regions/asia-northeast3/operations/operation-1787362344657-ee43076c-b4b7-4378-bf89-628843aa57a9
2026-08-22T01:32:34.1122333Z I0822 01:32:24.657948    4368 mockgcp_http.go:327] mockgcp response: GET https://compute.googleapis.com/compute/v1/projects/mock-project/regions/asia-northeast3/operations/operation-1787362344657-ee43076c-b4b7-4378-bf89-628843aa57a9 => 200
2026-08-22T01:32:34.1123149Z I0822 01:32:24.658002    4368 mockgcp_http.go:298] mockgcp request: POST https://compute.googleapis.com/compute/v1/projects/mock-project/regions/us-west3/subnetworks
2026-08-22T01:32:34.1124024Z I0822 01:32:24.658265    4368 operations.go:125] "storing operation" fqn="projects/mock-project/regions/us-west3/operations/operation-1787362344658-2ffa7d72-4b31-41ec-8203-28aef3d30f76"
2026-08-22T01:32:34.1124949Z I0822 01:32:24.658396    4368 mockgcp_http.go:327] mockgcp response: POST https://compute.googleapis.com/compute/v1/projects/mock-project/regions/us-west3/subnetworks => 200
2026-08-22T01:32:34.1126690Z I0822 01:32:24.658554    4368 mockgcp_http.go:298] mockgcp request: GET https://compute.googleapis.com/compute/v1/projects/mock-project/regions/us-west3/operations/operation-1787362344658-2ffa7d72-4b31-41ec-8203-28aef3d30f76
2026-08-22T01:32:34.1128203Z I0822 01:32:24.658792    4368 mockgcp_http.go:327] mockgcp response: GET https://compute.googleapis.com/compute/v1/projects/mock-project/regions/us-west3/operations/operation-1787362344658-2ffa7d72-4b31-41ec-8203-28aef3d30f76 => 200
2026-08-22T01:32:34.1129250Z I0822 01:32:24.658870    4368 mockgcp_http.go:298] mockgcp request: POST https://compute.googleapis.com/compute/v1/projects/mock-project/regions/us-west4/subnetworks
2026-08-22T01:32:34.1130356Z I0822 01:32:24.659173    4368 operations.go:125] "storing operation" fqn="projects/mock-project/regions/us-west4/operations/operation-1787362344659-e5f6fd7d-5191-4762-890f-d79a1bc63e11"
2026-08-22T01:32:34.1131205Z I0822 01:32:24.659363    4368 mockgcp_http.go:327] mockgcp response: POST https://compute.googleapis.com/compute/v1/projects/mock-project/regions/us-west4/subnetworks => 200
2026-08-22T01:32:34.1132594Z I0822 01:32:24.659475    4368 mockgcp_http.go:298] mockgcp request: GET https://compute.googleapis.com/compute/v1/projects/mock-project/regions/us-west4/operations/operation-1787362344659-e5f6fd7d-5191-4762-890f-d79a1bc63e11
2026-08-22T01:32:34.1134298Z I0822 01:32:24.659840    4368 mockgcp_http.go:327] mockgcp response: GET https://compute.googleapis.com/compute/v1/projects/mock-project/regions/us-west4/operations/operation-1787362344659-e5f6fd7d-5191-4762-890f-d79a1bc63e11 => 200
2026-08-22T01:32:34.1135304Z I0822 01:32:24.659923    4368 mockgcp_http.go:298] mockgcp request: POST https://compute.googleapis.com/compute/v1/projects/mock-project/regions/asia-southeast2/subnetworks
2026-08-22T01:32:34.1136634Z I0822 01:32:24.660418    4368 operations.go:125] "storing operation" fqn="projects/mock-project/regions/asia-southeast2/operations/operation-1787362344660-c20e46e6-515a-42cf-9f4a-545050094ca8"
2026-08-22T01:32:34.1137630Z I0822 01:32:24.660534    4368 mockgcp_http.go:327] mockgcp response: POST https://compute.googleapis.com/compute/v1/projects/mock-project/regions/asia-southeast2/subnetworks => 200
2026-08-22T01:32:34.1139051Z I0822 01:32:24.660637    4368 mockgcp_http.go:298] mockgcp request: GET https://compute.googleapis.com/compute/v1/projects/mock-project/regions/asia-southeast2/operations/operation-1787362344660-c20e46e6-515a-42cf-9f4a-545050094ca8
2026-08-22T01:32:34.1140817Z I0822 01:32:24.660865    4368 mockgcp_http.go:327] mockgcp response: GET https://compute.googleapis.com/compute/v1/projects/mock-project/regions/asia-southeast2/operations/operation-1787362344660-c20e46e6-515a-42cf-9f4a-545050094ca8 => 200
2026-08-22T01:32:34.1141932Z I0822 01:32:24.660929    4368 mockgcp_http.go:298] mockgcp request: POST https://compute.googleapis.com/compute/v1/projects/mock-project/regions/europe-central2/subnetworks
2026-08-22T01:32:34.1143112Z I0822 01:32:24.661255    4368 operations.go:125] "storing operation" fqn="projects/mock-project/regions/europe-central2/operations/operation-1787362344661-cf01af18-9d50-4ce9-a834-732eefa63ef2"
2026-08-22T01:32:34.1144639Z I0822 01:32:24.661397    4368 mockgcp_http.go:327] mockgcp response: POST https://compute.googleapis.com/compute/v1/projects/mock-project/regions/europe-central2/subnetworks => 200
2026-08-22T01:32:34.1146124Z I0822 01:32:24.661448    4368 mockgcp_http.go:298] mockgcp request: GET https://compute.googleapis.com/compute/v1/projects/mock-project/regions/europe-central2/operations/operation-1787362344661-cf01af18-9d50-4ce9-a834-732eefa63ef2
2026-08-22T01:32:34.1147674Z I0822 01:32:24.661754    4368 mockgcp_http.go:327] mockgcp response: GET https://compute.googleapis.com/compute/v1/projects/mock-project/regions/europe-central2/operations/operation-1787362344661-cf01af18-9d50-4ce9-a834-732eefa63ef2 => 200
2026-08-22T01:32:34.1148774Z I0822 01:32:24.661807    4368 mockgcp_http.go:298] mockgcp request: POST https://compute.googleapis.com/compute/v1/projects/mock-project/regions/northamerica-northeast2/subnetworks
2026-08-22T01:32:34.1149951Z I0822 01:32:24.662071    4368 operations.go:125] "storing operation" fqn="projects/mock-project/regions/northamerica-northeast2/operations/operation-1787362344662-04043963-75b6-47de-9d7d-a9a109c49e20"
2026-08-22T01:32:34.1151055Z I0822 01:32:24.662172    4368 mockgcp_http.go:327] mockgcp response: POST https://compute.googleapis.com/compute/v1/projects/mock-project/regions/northamerica-northeast2/subnetworks => 200
2026-08-22T01:32:34.1152473Z I0822 01:32:24.662220    4368 mockgcp_http.go:298] mockgcp request: GET https://compute.googleapis.com/compute/v1/projects/mock-project/regions/northamerica-northeast2/operations/operation-1787362344662-04043963-75b6-47de-9d7d-a9a109c49e20
2026-08-22T01:32:34.1154337Z I0822 01:32:24.662478    4368 mockgcp_http.go:327] mockgcp response: GET https://compute.googleapis.com/compute/v1/projects/mock-project/regions/northamerica-northeast2/operations/operation-1787362344662-04043963-75b6-47de-9d7d-a9a109c49e20 => 200
2026-08-22T01:32:34.1155385Z I0822 01:32:24.662532    4368 mockgcp_http.go:298] mockgcp request: POST https://compute.googleapis.com/compute/v1/projects/mock-project/regions/asia-south2/subnetworks
2026-08-22T01:32:34.1156552Z I0822 01:32:24.662836    4368 operations.go:125] "storing operation" fqn="projects/mock-project/regions/asia-south2/operations/operation-1787362344662-9f257ddf-29c0-48aa-afde-9da0c15bb4d7"
2026-08-22T01:32:34.1157547Z I0822 01:32:24.662969    4368 mockgcp_http.go:327] mockgcp response: POST https://compute.googleapis.com/compute/v1/projects/mock-project/regions/asia-south2/subnetworks => 200
2026-08-22T01:32:34.1159182Z I0822 01:32:24.663017    4368 mockgcp_http.go:298] mockgcp request: GET https://compute.googleapis.com/compute/v1/projects/mock-project/regions/asia-south2/operations/operation-1787362344662-9f257ddf-29c0-48aa-afde-9da0c15bb4d7
2026-08-22T01:32:34.1160630Z I0822 01:32:24.663508    4368 mockgcp_http.go:327] mockgcp response: GET https://compute.googleapis.com/compute/v1/projects/mock-project/regions/asia-south2/operations/operation-1787362344662-9f257ddf-29c0-48aa-afde-9da0c15bb4d7 => 200
2026-08-22T01:32:34.1161702Z I0822 01:32:24.663562    4368 mockgcp_http.go:298] mockgcp request: POST https://compute.googleapis.com/compute/v1/projects/mock-project/regions/australia-southeast2/subnetworks
2026-08-22T01:32:34.1162918Z I0822 01:32:24.663891    4368 operations.go:125] "storing operation" fqn="projects/mock-project/regions/australia-southeast2/operations/operation-1787362344663-b5d52798-6e2a-4c3b-b799-109cf009f693"
2026-08-22T01:32:34.1164560Z I0822 01:32:24.664075    4368 mockgcp_http.go:327] mockgcp response: POST https://compute.googleapis.com/compute/v1/projects/mock-project/regions/australia-southeast2/subnetworks => 200
2026-08-22T01:32:34.1166138Z I0822 01:32:24.664152    4368 mockgcp_http.go:298] mockgcp request: GET https://compute.googleapis.com/compute/v1/projects/mock-project/regions/australia-southeast2/operations/operation-1787362344663-b5d52798-6e2a-4c3b-b799-109cf009f693
2026-08-22T01:32:34.1167762Z I0822 01:32:24.664542    4368 mockgcp_http.go:327] mockgcp response: GET https://compute.googleapis.com/compute/v1/projects/mock-project/regions/australia-southeast2/operations/operation-1787362344663-b5d52798-6e2a-4c3b-b799-109cf009f693 => 200
2026-08-22T01:32:34.1168852Z I0822 01:32:24.664601    4368 mockgcp_http.go:298] mockgcp request: POST https://compute.googleapis.com/compute/v1/projects/mock-project/regions/southamerica-west1/subnetworks
2026-08-22T01:32:34.1170001Z I0822 01:32:24.664921    4368 operations.go:125] "storing operation" fqn="projects/mock-project/regions/southamerica-west1/operations/operation-1787362344664-c8be34e5-f6f9-4e46-a393-e28a936ee22e"
2026-08-22T01:32:34.1171067Z I0822 01:32:24.665045    4368 mockgcp_http.go:327] mockgcp response: POST https://compute.googleapis.com/compute/v1/projects/mock-project/regions/southamerica-west1/subnetworks => 200
2026-08-22T01:32:34.1172547Z I0822 01:32:24.665104    4368 mockgcp_http.go:298] mockgcp request: GET https://compute.googleapis.com/compute/v1/projects/mock-project/regions/southamerica-west1/operations/operation-1787362344664-c8be34e5-f6f9-4e46-a393-e28a936ee22e
2026-08-22T01:32:34.1174603Z I0822 01:32:24.665400    4368 mockgcp_http.go:327] mockgcp response: GET https://compute.googleapis.com/compute/v1/projects/mock-project/regions/southamerica-west1/operations/operation-1787362344664-c8be34e5-f6f9-4e46-a393-e28a936ee22e => 200
2026-08-22T01:32:34.1175657Z I0822 01:32:24.665597    4368 mockgcp_http.go:298] mockgcp request: POST https://compute.googleapis.com/compute/v1/projects/mock-project/regions/europe-west8/subnetworks
2026-08-22T01:32:34.1176837Z I0822 01:32:24.666311    4368 operations.go:125] "storing operation" fqn="projects/mock-project/regions/europe-west8/operations/operation-1787362344666-faec1572-6c44-4bdb-a754-d79438c6e5e5"
2026-08-22T01:32:34.1177935Z I0822 01:32:24.666446    4368 mockgcp_http.go:327] mockgcp response: POST https://compute.googleapis.com/compute/v1/projects/mock-project/regions/europe-west8/subnetworks => 200
2026-08-22T01:32:34.1179319Z I0822 01:32:24.666584    4368 mockgcp_http.go:298] mockgcp request: GET https://compute.googleapis.com/compute/v1/projects/mock-project/regions/europe-west8/operations/operation-1787362344666-faec1572-6c44-4bdb-a754-d79438c6e5e5
2026-08-22T01:32:34.1180837Z I0822 01:32:24.666867    4368 mockgcp_http.go:327] mockgcp response: GET https://compute.googleapis.com/compute/v1/projects/mock-project/regions/europe-west8/operations/operation-1787362344666-faec1572-6c44-4bdb-a754-d79438c6e5e5 => 200
2026-08-22T01:32:34.1181872Z I0822 01:32:24.666906    4368 mockgcp_http.go:298] mockgcp request: POST https://compute.googleapis.com/compute/v1/projects/mock-project/regions/europe-west9/subnetworks
2026-08-22T01:32:34.1183212Z I0822 01:32:24.667286    4368 operations.go:125] "storing operation" fqn="projects/mock-project/regions/europe-west9/operations/operation-1787362344667-62d43da2-86a4-466f-b86e-f49f24bd1f39"
2026-08-22T01:32:34.1185255Z I0822 01:32:24.667485    4368 mockgcp_http.go:327] mockgcp response: POST https://compute.googleapis.com/compute/v1/projects/mock-project/regions/europe-west9/subnetworks => 200
2026-08-22T01:32:34.1186720Z I0822 01:32:24.667531    4368 mockgcp_http.go:298] mockgcp request: GET https://compute.googleapis.com/compute/v1/projects/mock-project/regions/europe-west9/operations/operation-1787362344667-62d43da2-86a4-466f-b86e-f49f24bd1f39
2026-08-22T01:32:34.1188422Z I0822 01:32:24.667873    4368 mockgcp_http.go:327] mockgcp response: GET https://compute.googleapis.com/compute/v1/projects/mock-project/regions/europe-west9/operations/operation-1787362344667-62d43da2-86a4-466f-b86e-f49f24bd1f39 => 200
2026-08-22T01:32:34.1189438Z I0822 01:32:24.667927    4368 mockgcp_http.go:298] mockgcp request: POST https://compute.googleapis.com/compute/v1/projects/mock-project/regions/us-east5/subnetworks
2026-08-22T01:32:34.1190540Z I0822 01:32:24.668246    4368 operations.go:125] "storing operation" fqn="projects/mock-project/regions/us-east5/operations/operation-1787362344668-3b537aa1-3b5f-419e-9151-0f3086b7253f"
2026-08-22T01:32:34.1191594Z I0822 01:32:24.668392    4368 mockgcp_http.go:327] mockgcp response: POST https://compute.googleapis.com/compute/v1/projects/mock-project/regions/us-east5/subnetworks => 200
2026-08-22T01:32:34.1193003Z I0822 01:32:24.668484    4368 mockgcp_http.go:298] mockgcp request: GET https://compute.googleapis.com/compute/v1/projects/mock-project/regions/us-east5/operations/operation-1787362344668-3b537aa1-3b5f-419e-9151-0f3086b7253f
2026-08-22T01:32:34.1194704Z I0822 01:32:24.669087    4368 mockgcp_http.go:327] mockgcp response: GET https://compute.googleapis.com/compute/v1/projects/mock-project/regions/us-east5/operations/operation-1787362344668-3b537aa1-3b5f-419e-9151-0f3086b7253f => 200
2026-08-22T01:32:34.1195785Z I0822 01:32:24.669131    4368 mockgcp_http.go:298] mockgcp request: POST https://compute.googleapis.com/compute/v1/projects/mock-project/regions/europe-southwest1/subnetworks
2026-08-22T01:32:34.1197006Z I0822 01:32:24.669516    4368 operations.go:125] "storing operation" fqn="projects/mock-project/regions/europe-southwest1/operations/operation-1787362344669-62ece85d-c753-4525-bc60-a14e871f18a0"
2026-08-22T01:32:34.1198105Z I0822 01:32:24.669687    4368 mockgcp_http.go:327] mockgcp response: POST https://compute.googleapis.com/compute/v1/projects/mock-project/regions/europe-southwest1/subnetworks => 200
2026-08-22T01:32:34.1199659Z I0822 01:32:24.669740    4368 mockgcp_http.go:298] mockgcp request: GET https://compute.googleapis.com/compute/v1/projects/mock-project/regions/europe-southwest1/operations/operation-1787362344669-62ece85d-c753-4525-bc60-a14e871f18a0
2026-08-22T01:32:34.1201252Z I0822 01:32:24.670031    4368 mockgcp_http.go:327] mockgcp response: GET https://compute.googleapis.com/compute/v1/projects/mock-project/regions/europe-southwest1/operations/operation-1787362344669-62ece85d-c753-4525-bc60-a14e871f18a0 => 200
2026-08-22T01:32:34.1202253Z I0822 01:32:24.670114    4368 mockgcp_http.go:298] mockgcp request: POST https://compute.googleapis.com/compute/v1/projects/mock-project/regions/us-south1/subnetworks
2026-08-22T01:32:34.1203619Z I0822 01:32:24.670472    4368 operations.go:125] "storing operation" fqn="projects/mock-project/regions/us-south1/operations/operation-1787362344670-a9b5030a-4a8a-4f63-b627-d195338f537c"
2026-08-22T01:32:34.1204732Z I0822 01:32:24.670601    4368 mockgcp_http.go:327] mockgcp response: POST https://compute.googleapis.com/compute/v1/projects/mock-project/regions/us-south1/subnetworks => 200
2026-08-22T01:32:34.1206229Z I0822 01:32:24.670690    4368 mockgcp_http.go:298] mockgcp request: GET https://compute.googleapis.com/compute/v1/projects/mock-project/regions/us-south1/operations/operation-1787362344670-a9b5030a-4a8a-4f63-b627-d195338f537c
2026-08-22T01:32:34.1207961Z I0822 01:32:24.670980    4368 mockgcp_http.go:327] mockgcp response: GET https://compute.googleapis.com/compute/v1/projects/mock-project/regions/us-south1/operations/operation-1787362344670-a9b5030a-4a8a-4f63-b627-d195338f537c => 200
2026-08-22T01:32:34.1208982Z I0822 01:32:24.671050    4368 mockgcp_http.go:298] mockgcp request: POST https://compute.googleapis.com/compute/v1/projects/mock-project/regions/me-west1/subnetworks
2026-08-22T01:32:34.1210111Z I0822 01:32:24.671371    4368 operations.go:125] "storing operation" fqn="projects/mock-project/regions/me-west1/operations/operation-1787362344671-4bd16aa0-455b-4cee-9554-9511e7457310"
2026-08-22T01:32:34.1211416Z I0822 01:32:24.671560    4368 mockgcp_http.go:327] mockgcp response: POST https://compute.googleapis.com/compute/v1/projects/mock-project/regions/me-west1/subnetworks => 200
2026-08-22T01:32:34.1212865Z I0822 01:32:24.671610    4368 mockgcp_http.go:298] mockgcp request: GET https://compute.googleapis.com/compute/v1/projects/mock-project/regions/me-west1/operations/operation-1787362344671-4bd16aa0-455b-4cee-9554-9511e7457310
2026-08-22T01:32:34.1214622Z I0822 01:32:24.671827    4368 mockgcp_http.go:327] mockgcp response: GET https://compute.googleapis.com/compute/v1/projects/mock-project/regions/me-west1/operations/operation-1787362344671-4bd16aa0-455b-4cee-9554-9511e7457310 => 200
2026-08-22T01:32:34.1215667Z I0822 01:32:24.671888    4368 mockgcp_http.go:298] mockgcp request: POST https://compute.googleapis.com/compute/v1/projects/mock-project/regions/europe-west12/subnetworks
2026-08-22T01:32:34.1216841Z I0822 01:32:24.672226    4368 operations.go:125] "storing operation" fqn="projects/mock-project/regions/europe-west12/operations/operation-1787362344672-627f7e56-564d-4a6e-b026-0e96d69b401b"
2026-08-22T01:32:34.1217909Z I0822 01:32:24.672351    4368 mockgcp_http.go:327] mockgcp response: POST https://compute.googleapis.com/compute/v1/projects/mock-project/regions/europe-west12/subnetworks => 200
2026-08-22T01:32:34.1219358Z I0822 01:32:24.672430    4368 mockgcp_http.go:298] mockgcp request: GET https://compute.googleapis.com/compute/v1/projects/mock-project/regions/europe-west12/operations/operation-1787362344672-627f7e56-564d-4a6e-b026-0e96d69b401b
2026-08-22T01:32:34.1220886Z I0822 01:32:24.672704    4368 mockgcp_http.go:327] mockgcp response: GET https://compute.googleapis.com/compute/v1/projects/mock-project/regions/europe-west12/operations/operation-1787362344672-627f7e56-564d-4a6e-b026-0e96d69b401b => 200
2026-08-22T01:32:34.1221846Z I0822 01:32:24.672769    4368 mockgcp_http.go:298] mockgcp request: POST https://compute.googleapis.com/compute/v1/projects/mock-project/regions/me-central1/subnetworks
2026-08-22T01:32:34.1222983Z I0822 01:32:24.673009    4368 operations.go:125] "storing operation" fqn="projects/mock-project/regions/me-central1/operations/operation-1787362344672-b4726256-fe07-4d69-9c64-d807dc2cbbc9"
2026-08-22T01:32:34.1224292Z I0822 01:32:24.673097    4368 mockgcp_http.go:327] mockgcp response: POST https://compute.googleapis.com/compute/v1/projects/mock-project/regions/me-central1/subnetworks => 200
2026-08-22T01:32:34.1225712Z I0822 01:32:24.673136    4368 mockgcp_http.go:298] mockgcp request: GET https://compute.googleapis.com/compute/v1/projects/mock-project/regions/me-central1/operations/operation-1787362344672-b4726256-fe07-4d69-9c64-d807dc2cbbc9
2026-08-22T01:32:34.1227216Z I0822 01:32:24.673405    4368 mockgcp_http.go:327] mockgcp response: GET https://compute.googleapis.com/compute/v1/projects/mock-project/regions/me-central1/operations/operation-1787362344672-b4726256-fe07-4d69-9c64-d807dc2cbbc9 => 200
2026-08-22T01:32:34.1228249Z I0822 01:32:24.673470    4368 mockgcp_http.go:298] mockgcp request: POST https://compute.googleapis.com/compute/v1/projects/mock-project/regions/europe-west10/subnetworks
2026-08-22T01:32:34.1229399Z I0822 01:32:24.673717    4368 operations.go:125] "storing operation" fqn="projects/mock-project/regions/europe-west10/operations/operation-1787362344673-fc6dd17d-8d54-4d20-9b41-700298eaee62"
2026-08-22T01:32:34.1230647Z I0822 01:32:24.673832    4368 mockgcp_http.go:327] mockgcp response: POST https://compute.googleapis.com/compute/v1/projects/mock-project/regions/europe-west10/subnetworks => 200
2026-08-22T01:32:34.1231977Z I0822 01:32:24.673869    4368 mockgcp_http.go:298] mockgcp request: GET https://compute.googleapis.com/compute/v1/projects/mock-project/regions/europe-west10/operations/operation-1787362344673-fc6dd17d-8d54-4d20-9b41-700298eaee62
2026-08-22T01:32:34.1233709Z I0822 01:32:24.674078    4368 mockgcp_http.go:327] mockgcp response: GET https://compute.googleapis.com/compute/v1/projects/mock-project/regions/europe-west10/operations/operation-1787362344673-fc6dd17d-8d54-4d20-9b41-700298eaee62 => 200
2026-08-22T01:32:34.1234898Z I0822 01:32:24.674117    4368 mockgcp_http.go:298] mockgcp request: POST https://compute.googleapis.com/compute/v1/projects/mock-project/regions/africa-south1/subnetworks
2026-08-22T01:32:34.1236065Z I0822 01:32:24.674326    4368 operations.go:125] "storing operation" fqn="projects/mock-project/regions/africa-south1/operations/operation-1787362344674-c5f17702-7eed-42fd-9496-ce2e380e8eb8"
2026-08-22T01:32:34.1237185Z I0822 01:32:24.674488    4368 mockgcp_http.go:327] mockgcp response: POST https://compute.googleapis.com/compute/v1/projects/mock-project/regions/africa-south1/subnetworks => 200
2026-08-22T01:32:34.1238617Z I0822 01:32:24.674539    4368 mockgcp_http.go:298] mockgcp request: GET https://compute.googleapis.com/compute/v1/projects/mock-project/regions/africa-south1/operations/operation-1787362344674-c5f17702-7eed-42fd-9496-ce2e380e8eb8
2026-08-22T01:32:34.1240120Z I0822 01:32:24.674817    4368 mockgcp_http.go:327] mockgcp response: GET https://compute.googleapis.com/compute/v1/projects/mock-project/regions/africa-south1/operations/operation-1787362344674-c5f17702-7eed-42fd-9496-ce2e380e8eb8 => 200
2026-08-22T01:32:34.1241203Z I0822 01:32:24.674886    4368 mockgcp_http.go:298] mockgcp request: POST https://compute.googleapis.com/compute/v1/projects/mock-project/regions/northamerica-south1/subnetworks
2026-08-22T01:32:34.1242396Z I0822 01:32:24.675150    4368 operations.go:125] "storing operation" fqn="projects/mock-project/regions/northamerica-south1/operations/operation-1787362344675-7e9a07a8-9bf6-4a81-9647-92ddbc816703"
2026-08-22T01:32:34.1243900Z I0822 01:32:24.675265    4368 mockgcp_http.go:327] mockgcp response: POST https://compute.googleapis.com/compute/v1/projects/mock-project/regions/northamerica-south1/subnetworks => 200
2026-08-22T01:32:34.1245452Z I0822 01:32:24.675326    4368 mockgcp_http.go:298] mockgcp request: GET https://compute.googleapis.com/compute/v1/projects/mock-project/regions/northamerica-south1/operations/operation-1787362344675-7e9a07a8-9bf6-4a81-9647-92ddbc816703
2026-08-22T01:32:34.1247056Z I0822 01:32:24.675620    4368 mockgcp_http.go:327] mockgcp response: GET https://compute.googleapis.com/compute/v1/projects/mock-project/regions/northamerica-south1/operations/operation-1787362344675-7e9a07a8-9bf6-4a81-9647-92ddbc816703 => 200
2026-08-22T01:32:34.1248129Z I0822 01:32:24.675670    4368 mockgcp_http.go:298] mockgcp request: POST https://compute.googleapis.com/compute/v1/projects/mock-project/regions/europe-north2/subnetworks
2026-08-22T01:32:34.1249294Z I0822 01:32:24.675936    4368 operations.go:125] "storing operation" fqn="projects/mock-project/regions/europe-north2/operations/operation-1787362344675-3286ec83-ea61-47ed-a053-eda2a806ecf0"
2026-08-22T01:32:34.1250345Z I0822 01:32:24.676049    4368 mockgcp_http.go:327] mockgcp response: POST https://compute.googleapis.com/compute/v1/projects/mock-project/regions/europe-north2/subnetworks => 200
2026-08-22T01:32:34.1251774Z I0822 01:32:24.676117    4368 mockgcp_http.go:298] mockgcp request: GET https://compute.googleapis.com/compute/v1/projects/mock-project/regions/europe-north2/operations/operation-1787362344675-3286ec83-ea61-47ed-a053-eda2a806ecf0
2026-08-22T01:32:34.1253804Z I0822 01:32:24.676375    4368 mockgcp_http.go:327] mockgcp response: GET https://compute.googleapis.com/compute/v1/projects/mock-project/regions/europe-north2/operations/operation-1787362344675-3286ec83-ea61-47ed-a053-eda2a806ecf0 => 200
2026-08-22T01:32:34.1254732Z I0822 01:32:24.676483    4368 mockgcp_http.go:298] mockgcp request: POST https://compute.googleapis.com/compute/v1/projects/mock-project/global/routes
2026-08-22T01:32:34.1255861Z I0822 01:32:24.676798    4368 operations.go:125] "storing operation" fqn="projects/mock-project/global/operations/operation-1787362344676-a7614f6c-62ac-4410-b9bd-c4c19fb929d7"
2026-08-22T01:32:34.1256834Z I0822 01:32:24.676901    4368 mockgcp_http.go:327] mockgcp response: POST https://compute.googleapis.com/compute/v1/projects/mock-project/global/routes => 200
2026-08-22T01:32:34.1258449Z I0822 01:32:24.676959    4368 mockgcp_http.go:298] mockgcp request: GET https://compute.googleapis.com/compute/v1/projects/mock-project/global/operations/operation-1787362344676-a7614f6c-62ac-4410-b9bd-c4c19fb929d7
2026-08-22T01:32:34.1259922Z I0822 01:32:24.677214    4368 mockgcp_http.go:327] mockgcp response: GET https://compute.googleapis.com/compute/v1/projects/mock-project/global/operations/operation-1787362344676-a7614f6c-62ac-4410-b9bd-c4c19fb929d7 => 200
2026-08-22T01:32:34.1260877Z I0822 01:32:24.677267    4368 mockgcp_http.go:298] mockgcp request: GET https://compute.googleapis.com/compute/v1/projects/mock-project/aggregated/subnetworks
2026-08-22T01:32:34.1261922Z I0822 01:32:24.678871    4368 mockgcp_http.go:327] mockgcp response: GET https://compute.googleapis.com/compute/v1/projects/mock-project/aggregated/subnetworks => 200
2026-08-22T01:32:34.1262815Z I0822 01:32:24.680102    4368 mockgcp_http.go:298] mockgcp request: POST https://compute.googleapis.com/compute/v1/projects/mock-project/global/routes
2026-08-22T01:32:34.1264079Z I0822 01:32:24.680416    4368 operations.go:125] "storing operation" fqn="projects/mock-project/global/operations/operation-1787362344680-f1519123-5014-49e7-84c2-55656de72ca4"
2026-08-22T01:32:34.1265013Z I0822 01:32:24.680550    4368 mockgcp_http.go:327] mockgcp response: POST https://compute.googleapis.com/compute/v1/projects/mock-project/global/routes => 200
2026-08-22T01:32:34.1266312Z I0822 01:32:24.680595    4368 mockgcp_http.go:298] mockgcp request: GET https://compute.googleapis.com/compute/v1/projects/mock-project/global/operations/operation-1787362344680-f1519123-5014-49e7-84c2-55656de72ca4
2026-08-22T01:32:34.1267662Z I0822 01:32:24.680877    4368 mockgcp_http.go:327] mockgcp response: GET https://compute.googleapis.com/compute/v1/projects/mock-project/global/operations/operation-1787362344680-f1519123-5014-49e7-84c2-55656de72ca4 => 200
2026-08-22T01:32:34.1268519Z I0822 01:32:24.680941    4368 mockgcp_http.go:298] mockgcp request: POST https://compute.googleapis.com/compute/v1/projects/mock-project/global/routes
2026-08-22T01:32:34.1269520Z I0822 01:32:24.681252    4368 operations.go:125] "storing operation" fqn="projects/mock-project/global/operations/operation-1787362344681-2f571a51-9c8c-4445-a201-de722bfba8a8"
2026-08-22T01:32:34.1270434Z I0822 01:32:24.681375    4368 mockgcp_http.go:327] mockgcp response: POST https://compute.googleapis.com/compute/v1/projects/mock-project/global/routes => 200
2026-08-22T01:32:34.1271733Z I0822 01:32:24.681447    4368 mockgcp_http.go:298] mockgcp request: GET https://compute.googleapis.com/compute/v1/projects/mock-project/global/operations/operation-1787362344681-2f571a51-9c8c-4445-a201-de722bfba8a8
2026-08-22T01:32:34.1273175Z I0822 01:32:24.681727    4368 mockgcp_http.go:327] mockgcp response: GET https://compute.googleapis.com/compute/v1/projects/mock-project/global/operations/operation-1787362344681-2f571a51-9c8c-4445-a201-de722bfba8a8 => 200
2026-08-22T01:32:34.1274217Z I0822 01:32:24.681789    4368 mockgcp_http.go:298] mockgcp request: POST https://compute.googleapis.com/compute/v1/projects/mock-project/global/routes
2026-08-22T01:32:34.1275307Z I0822 01:32:24.682097    4368 operations.go:125] "storing operation" fqn="projects/mock-project/global/operations/operation-1787362344682-ddf6daa0-cffe-44af-a6e5-9bc35d752b4a"
2026-08-22T01:32:34.1276511Z I0822 01:32:24.682259    4368 mockgcp_http.go:327] mockgcp response: POST https://compute.googleapis.com/compute/v1/projects/mock-project/global/routes => 200
2026-08-22T01:32:34.1277875Z I0822 01:32:24.682322    4368 mockgcp_http.go:298] mockgcp request: GET https://compute.googleapis.com/compute/v1/projects/mock-project/global/operations/operation-1787362344682-ddf6daa0-cffe-44af-a6e5-9bc35d752b4a
2026-08-22T01:32:34.1279324Z I0822 01:32:24.682653    4368 mockgcp_http.go:327] mockgcp response: GET https://compute.googleapis.com/compute/v1/projects/mock-project/global/operations/operation-1787362344682-ddf6daa0-cffe-44af-a6e5-9bc35d752b4a => 200
2026-08-22T01:32:34.1280537Z I0822 01:32:24.682707    4368 mockgcp_http.go:298] mockgcp request: POST https://compute.googleapis.com/compute/v1/projects/mock-project/global/routes
2026-08-22T01:32:34.1281645Z I0822 01:32:24.683047    4368 operations.go:125] "storing operation" fqn="projects/mock-project/global/operations/operation-1787362344683-d80dc709-4aba-4e82-8558-3db03129ef3f"
2026-08-22T01:32:34.1282656Z I0822 01:32:24.683168    4368 mockgcp_http.go:327] mockgcp response: POST https://compute.googleapis.com/compute/v1/projects/mock-project/global/routes => 200
2026-08-22T01:32:34.1284270Z I0822 01:32:24.683220    4368 mockgcp_http.go:298] mockgcp request: GET https://compute.googleapis.com/compute/v1/projects/mock-project/global/operations/operation-1787362344683-d80dc709-4aba-4e82-8558-3db03129ef3f
2026-08-22T01:32:34.1285727Z I0822 01:32:24.683519    4368 mockgcp_http.go:327] mockgcp response: GET https://compute.googleapis.com/compute/v1/projects/mock-project/global/operations/operation-1787362344683-d80dc709-4aba-4e82-8558-3db03129ef3f => 200
2026-08-22T01:32:34.1286653Z I0822 01:32:24.683586    4368 mockgcp_http.go:298] mockgcp request: POST https://compute.googleapis.com/compute/v1/projects/mock-project/global/routes
2026-08-22T01:32:34.1287755Z I0822 01:32:24.683894    4368 operations.go:125] "storing operation" fqn="projects/mock-project/global/operations/operation-1787362344683-cc6b014b-d58c-4a9b-b42f-ed48b074b239"
2026-08-22T01:32:34.1288744Z I0822 01:32:24.684004    4368 mockgcp_http.go:327] mockgcp response: POST https://compute.googleapis.com/compute/v1/projects/mock-project/global/routes => 200
2026-08-22T01:32:34.1290074Z I0822 01:32:24.684050    4368 mockgcp_http.go:298] mockgcp request: GET https://compute.googleapis.com/compute/v1/projects/mock-project/global/operations/operation-1787362344683-cc6b014b-d58c-4a9b-b42f-ed48b074b239
2026-08-22T01:32:34.1291486Z I0822 01:32:24.684368    4368 mockgcp_http.go:327] mockgcp response: GET https://compute.googleapis.com/compute/v1/projects/mock-project/global/operations/operation-1787362344683-cc6b014b-d58c-4a9b-b42f-ed48b074b239 => 200
2026-08-22T01:32:34.1292346Z I0822 01:32:24.684447    4368 mockgcp_http.go:298] mockgcp request: POST https://compute.googleapis.com/compute/v1/projects/mock-project/global/routes
2026-08-22T01:32:34.1293652Z I0822 01:32:24.684746    4368 operations.go:125] "storing operation" fqn="projects/mock-project/global/operations/operation-1787362344684-b4640521-697c-4018-afc2-c7c628d570c6"
2026-08-22T01:32:34.1294584Z I0822 01:32:24.684860    4368 mockgcp_http.go:327] mockgcp response: POST https://compute.googleapis.com/compute/v1/projects/mock-project/global/routes => 200
2026-08-22T01:32:34.1295933Z I0822 01:32:24.684928    4368 mockgcp_http.go:298] mockgcp request: GET https://compute.googleapis.com/compute/v1/projects/mock-project/global/operations/operation-1787362344684-b4640521-697c-4018-afc2-c7c628d570c6
2026-08-22T01:32:34.1297308Z I0822 01:32:24.685184    4368 mockgcp_http.go:327] mockgcp response: GET https://compute.googleapis.com/compute/v1/projects/mock-project/global/operations/operation-1787362344684-b4640521-697c-4018-afc2-c7c628d570c6 => 200
2026-08-22T01:32:34.1298261Z I0822 01:32:24.685246    4368 mockgcp_http.go:298] mockgcp request: POST https://compute.googleapis.com/compute/v1/projects/mock-project/global/routes
2026-08-22T01:32:34.1299832Z I0822 01:32:24.685539    4368 operations.go:125] "storing operation" fqn="projects/mock-project/global/operations/operation-1787362344685-81dda8da-54a1-4eff-9374-36ff35b7b92e"
2026-08-22T01:32:34.1300802Z I0822 01:32:24.685650    4368 mockgcp_http.go:327] mockgcp response: POST https://compute.googleapis.com/compute/v1/projects/mock-project/global/routes => 200
2026-08-22T01:32:34.1302177Z I0822 01:32:24.685702    4368 mockgcp_http.go:298] mockgcp request: GET https://compute.googleapis.com/compute/v1/projects/mock-project/global/operations/operation-1787362344685-81dda8da-54a1-4eff-9374-36ff35b7b92e
2026-08-22T01:32:34.1304192Z I0822 01:32:24.686006    4368 mockgcp_http.go:327] mockgcp response: GET https://compute.googleapis.com/compute/v1/projects/mock-project/global/operations/operation-1787362344685-81dda8da-54a1-4eff-9374-36ff35b7b92e => 200
2026-08-22T01:32:34.1305171Z I0822 01:32:24.686065    4368 mockgcp_http.go:298] mockgcp request: POST https://compute.googleapis.com/compute/v1/projects/mock-project/global/routes
2026-08-22T01:32:34.1306727Z I0822 01:32:24.686314    4368 operations.go:125] "storing operation" fqn="projects/mock-project/global/operations/operation-1787362344686-b80b38f9-0b5a-4d0b-a3e2-10bcf4a6786f"
2026-08-22T01:32:34.1307733Z I0822 01:32:24.686456    4368 mockgcp_http.go:327] mockgcp response: POST https://compute.googleapis.com/compute/v1/projects/mock-project/global/routes => 200
2026-08-22T01:32:34.1309092Z I0822 01:32:24.686512    4368 mockgcp_http.go:298] mockgcp request: GET https://compute.googleapis.com/compute/v1/projects/mock-project/global/operations/operation-1787362344686-b80b38f9-0b5a-4d0b-a3e2-10bcf4a6786f
2026-08-22T01:32:34.1310490Z I0822 01:32:24.686821    4368 mockgcp_http.go:327] mockgcp response: GET https://compute.googleapis.com/compute/v1/projects/mock-project/global/operations/operation-1787362344686-b80b38f9-0b5a-4d0b-a3e2-10bcf4a6786f => 200
2026-08-22T01:32:34.1311353Z I0822 01:32:24.686881    4368 mockgcp_http.go:298] mockgcp request: POST https://compute.googleapis.com/compute/v1/projects/mock-project/global/routes
2026-08-22T01:32:34.1312357Z I0822 01:32:24.687126    4368 operations.go:125] "storing operation" fqn="projects/mock-project/global/operations/operation-1787362344687-103192e0-c139-4b5f-8030-b3307f7f48dc"
2026-08-22T01:32:34.1313228Z I0822 01:32:24.687246    4368 mockgcp_http.go:327] mockgcp response: POST https://compute.googleapis.com/compute/v1/projects/mock-project/global/routes => 200
2026-08-22T01:32:34.1314669Z I0822 01:32:24.687298    4368 mockgcp_http.go:298] mockgcp request: GET https://compute.googleapis.com/compute/v1/projects/mock-project/global/operations/operation-1787362344687-103192e0-c139-4b5f-8030-b3307f7f48dc
2026-08-22T01:32:34.1316011Z I0822 01:32:24.687560    4368 mockgcp_http.go:327] mockgcp response: GET https://compute.googleapis.com/compute/v1/projects/mock-project/global/operations/operation-1787362344687-103192e0-c139-4b5f-8030-b3307f7f48dc => 200
2026-08-22T01:32:34.1317438Z I0822 01:32:24.687620    4368 mockgcp_http.go:298] mockgcp request: POST https://compute.googleapis.com/compute/v1/projects/mock-project/global/routes
2026-08-22T01:32:34.1318505Z I0822 01:32:24.687877    4368 operations.go:125] "storing operation" fqn="projects/mock-project/global/operations/operation-1787362344687-bbcb15c5-4564-4673-b8bc-fcda9f144557"
2026-08-22T01:32:34.1319424Z I0822 01:32:24.687977    4368 mockgcp_http.go:327] mockgcp response: POST https://compute.googleapis.com/compute/v1/projects/mock-project/global/routes => 200
2026-08-22T01:32:34.1320726Z I0822 01:32:24.688042    4368 mockgcp_http.go:298] mockgcp request: GET https://compute.googleapis.com/compute/v1/projects/mock-project/global/operations/operation-1787362344687-bbcb15c5-4564-4673-b8bc-fcda9f144557
2026-08-22T01:32:34.1322096Z I0822 01:32:24.688322    4368 mockgcp_http.go:327] mockgcp response: GET https://compute.googleapis.com/compute/v1/projects/mock-project/global/operations/operation-1787362344687-bbcb15c5-4564-4673-b8bc-fcda9f144557 => 200
2026-08-22T01:32:34.1323271Z I0822 01:32:24.688398    4368 mockgcp_http.go:298] mockgcp request: POST https://compute.googleapis.com/compute/v1/projects/mock-project/global/routes
2026-08-22T01:32:34.1324749Z I0822 01:32:24.688667    4368 operations.go:125] "storing operation" fqn="projects/mock-project/global/operations/operation-1787362344688-42338826-d05d-432b-b215-e2c8bd202cdc"
2026-08-22T01:32:34.1325749Z I0822 01:32:24.688759    4368 mockgcp_http.go:327] mockgcp response: POST https://compute.googleapis.com/compute/v1/projects/mock-project/global/routes => 200
2026-08-22T01:32:34.1327334Z I0822 01:32:24.688806    4368 mockgcp_http.go:298] mockgcp request: GET https://compute.googleapis.com/compute/v1/projects/mock-project/global/operations/operation-1787362344688-42338826-d05d-432b-b215-e2c8bd202cdc
2026-08-22T01:32:34.1328784Z I0822 01:32:24.689049    4368 mockgcp_http.go:327] mockgcp response: GET https://compute.googleapis.com/compute/v1/projects/mock-project/global/operations/operation-1787362344688-42338826-d05d-432b-b215-e2c8bd202cdc => 200
2026-08-22T01:32:34.1329695Z I0822 01:32:24.689107    4368 mockgcp_http.go:298] mockgcp request: POST https://compute.googleapis.com/compute/v1/projects/mock-project/global/routes
2026-08-22T01:32:34.1330705Z I0822 01:32:24.689457    4368 operations.go:125] "storing operation" fqn="projects/mock-project/global/operations/operation-1787362344689-c7a9e204-3e01-4c45-8e4d-4223b5f78670"
2026-08-22T01:32:34.1331593Z I0822 01:32:24.689569    4368 mockgcp_http.go:327] mockgcp response: POST https://compute.googleapis.com/compute/v1/projects/mock-project/global/routes => 200
2026-08-22T01:32:34.1332985Z I0822 01:32:24.689608    4368 mockgcp_http.go:298] mockgcp request: GET https://compute.googleapis.com/compute/v1/projects/mock-project/global/operations/operation-1787362344689-c7a9e204-3e01-4c45-8e4d-4223b5f78670
2026-08-22T01:32:34.1334704Z I0822 01:32:24.689875    4368 mockgcp_http.go:327] mockgcp response: GET https://compute.googleapis.com/compute/v1/projects/mock-project/global/operations/operation-1787362344689-c7a9e204-3e01-4c45-8e4d-4223b5f78670 => 200
2026-08-22T01:32:34.1335593Z I0822 01:32:24.689952    4368 mockgcp_http.go:298] mockgcp request: POST https://compute.googleapis.com/compute/v1/projects/mock-project/global/routes
2026-08-22T01:32:34.1336621Z I0822 01:32:24.690243    4368 operations.go:125] "storing operation" fqn="projects/mock-project/global/operations/operation-1787362344690-9ffccd9b-c202-4945-9cbb-d7c04e3c3a41"
2026-08-22T01:32:34.1337554Z I0822 01:32:24.690369    4368 mockgcp_http.go:327] mockgcp response: POST https://compute.googleapis.com/compute/v1/projects/mock-project/global/routes => 200
2026-08-22T01:32:34.1338907Z I0822 01:32:24.690417    4368 mockgcp_http.go:298] mockgcp request: GET https://compute.googleapis.com/compute/v1/projects/mock-project/global/operations/operation-1787362344690-9ffccd9b-c202-4945-9cbb-d7c04e3c3a41
2026-08-22T01:32:34.1340339Z I0822 01:32:24.690689    4368 mockgcp_http.go:327] mockgcp response: GET https://compute.googleapis.com/compute/v1/projects/mock-project/global/operations/operation-1787362344690-9ffccd9b-c202-4945-9cbb-d7c04e3c3a41 => 200
2026-08-22T01:32:34.1341224Z I0822 01:32:24.690751    4368 mockgcp_http.go:298] mockgcp request: POST https://compute.googleapis.com/compute/v1/projects/mock-project/global/routes
2026-08-22T01:32:34.1342271Z I0822 01:32:24.691072    4368 operations.go:125] "storing operation" fqn="projects/mock-project/global/operations/operation-1787362344691-450bf079-1387-40ed-b13d-5565b585d240"
2026-08-22T01:32:34.1343229Z I0822 01:32:24.691181    4368 mockgcp_http.go:327] mockgcp response: POST https://compute.googleapis.com/compute/v1/projects/mock-project/global/routes => 200
2026-08-22T01:32:34.1344784Z I0822 01:32:24.691233    4368 mockgcp_http.go:298] mockgcp request: GET https://compute.googleapis.com/compute/v1/projects/mock-project/global/operations/operation-1787362344691-450bf079-1387-40ed-b13d-5565b585d240
2026-08-22T01:32:34.1346492Z I0822 01:32:24.691501    4368 mockgcp_http.go:327] mockgcp response: GET https://compute.googleapis.com/compute/v1/projects/mock-project/global/operations/operation-1787362344691-450bf079-1387-40ed-b13d-5565b585d240 => 200
2026-08-22T01:32:34.1347416Z I0822 01:32:24.691569    4368 mockgcp_http.go:298] mockgcp request: POST https://compute.googleapis.com/compute/v1/projects/mock-project/global/routes
2026-08-22T01:32:34.1348504Z I0822 01:32:24.691844    4368 operations.go:125] "storing operation" fqn="projects/mock-project/global/operations/operation-1787362344691-17c76726-2b6e-49f0-b42c-4c1382d440bc"
2026-08-22T01:32:34.1349475Z I0822 01:32:24.691950    4368 mockgcp_http.go:327] mockgcp response: POST https://compute.googleapis.com/compute/v1/projects/mock-project/global/routes => 200
2026-08-22T01:32:34.1351102Z I0822 01:32:24.692001    4368 mockgcp_http.go:298] mockgcp request: GET https://compute.googleapis.com/compute/v1/projects/mock-project/global/operations/operation-1787362344691-17c76726-2b6e-49f0-b42c-4c1382d440bc
2026-08-22T01:32:34.1352565Z I0822 01:32:24.692323    4368 mockgcp_http.go:327] mockgcp response: GET https://compute.googleapis.com/compute/v1/projects/mock-project/global/operations/operation-1787362344691-17c76726-2b6e-49f0-b42c-4c1382d440bc => 200
2026-08-22T01:32:34.1353716Z I0822 01:32:24.692406    4368 mockgcp_http.go:298] mockgcp request: POST https://compute.googleapis.com/compute/v1/projects/mock-project/global/routes
2026-08-22T01:32:34.1354756Z I0822 01:32:24.692681    4368 operations.go:125] "storing operation" fqn="projects/mock-project/global/operations/operation-1787362344692-d56eeb4b-281c-44ba-8f06-81b7b417bda4"
2026-08-22T01:32:34.1355736Z I0822 01:32:24.692807    4368 mockgcp_http.go:327] mockgcp response: POST https://compute.googleapis.com/compute/v1/projects/mock-project/global/routes => 200
2026-08-22T01:32:34.1357122Z I0822 01:32:24.692860    4368 mockgcp_http.go:298] mockgcp request: GET https://compute.googleapis.com/compute/v1/projects/mock-project/global/operations/operation-1787362344692-d56eeb4b-281c-44ba-8f06-81b7b417bda4
2026-08-22T01:32:34.1358978Z I0822 01:32:24.693117    4368 mockgcp_http.go:327] mockgcp response: GET https://compute.googleapis.com/compute/v1/projects/mock-project/global/operations/operation-1787362344692-d56eeb4b-281c-44ba-8f06-81b7b417bda4 => 200
2026-08-22T01:32:34.1359900Z I0822 01:32:24.693175    4368 mockgcp_http.go:298] mockgcp request: POST https://compute.googleapis.com/compute/v1/projects/mock-project/global/routes
2026-08-22T01:32:34.1360966Z I0822 01:32:24.693463    4368 operations.go:125] "storing operation" fqn="projects/mock-project/global/operations/operation-1787362344693-ad274fc4-474f-4798-9435-a4e84354b21d"
2026-08-22T01:32:34.1361973Z I0822 01:32:24.693583    4368 mockgcp_http.go:327] mockgcp response: POST https://compute.googleapis.com/compute/v1/projects/mock-project/global/routes => 200
2026-08-22T01:32:34.1363373Z I0822 01:32:24.693636    4368 mockgcp_http.go:298] mockgcp request: GET https://compute.googleapis.com/compute/v1/projects/mock-project/global/operations/operation-1787362344693-ad274fc4-474f-4798-9435-a4e84354b21d
2026-08-22T01:32:34.1365046Z I0822 01:32:24.693878    4368 mockgcp_http.go:327] mockgcp response: GET https://compute.googleapis.com/compute/v1/projects/mock-project/global/operations/operation-1787362344693-ad274fc4-474f-4798-9435-a4e84354b21d => 200
2026-08-22T01:32:34.1365967Z I0822 01:32:24.693957    4368 mockgcp_http.go:298] mockgcp request: POST https://compute.googleapis.com/compute/v1/projects/mock-project/global/routes
2026-08-22T01:32:34.1367053Z I0822 01:32:24.694245    4368 operations.go:125] "storing operation" fqn="projects/mock-project/global/operations/operation-1787362344694-91b4aa0c-8bc5-436f-9cbd-377e8bac6c06"
2026-08-22T01:32:34.1367999Z I0822 01:32:24.694361    4368 mockgcp_http.go:327] mockgcp response: POST https://compute.googleapis.com/compute/v1/projects/mock-project/global/routes => 200
2026-08-22T01:32:34.1370309Z I0822 01:32:24.694414    4368 mockgcp_http.go:298] mockgcp request: GET https://compute.googleapis.com/compute/v1/projects/mock-project/global/operations/operation-1787362344694-91b4aa0c-8bc5-436f-9cbd-377e8bac6c06
2026-08-22T01:32:34.1371769Z I0822 01:32:24.694706    4368 mockgcp_http.go:327] mockgcp response: GET https://compute.googleapis.com/compute/v1/projects/mock-project/global/operations/operation-1787362344694-91b4aa0c-8bc5-436f-9cbd-377e8bac6c06 => 200
2026-08-22T01:32:34.1372787Z I0822 01:32:24.694765    4368 mockgcp_http.go:298] mockgcp request: POST https://compute.googleapis.com/compute/v1/projects/mock-project/global/routes
2026-08-22T01:32:34.1374048Z I0822 01:32:24.695035    4368 operations.go:125] "storing operation" fqn="projects/mock-project/global/operations/operation-1787362344695-84eb9ac0-6962-4c10-928c-2177eae8ddde"
2026-08-22T01:32:34.1375175Z I0822 01:32:24.695132    4368 mockgcp_http.go:327] mockgcp response: POST https://compute.googleapis.com/compute/v1/projects/mock-project/global/routes => 200
2026-08-22T01:32:34.1376451Z I0822 01:32:24.695180    4368 mockgcp_http.go:298] mockgcp request: GET https://compute.googleapis.com/compute/v1/projects/mock-project/global/operations/operation-1787362344695-84eb9ac0-6962-4c10-928c-2177eae8ddde
2026-08-22T01:32:34.1377751Z I0822 01:32:24.695510    4368 mockgcp_http.go:327] mockgcp response: GET https://compute.googleapis.com/compute/v1/projects/mock-project/global/operations/operation-1787362344695-84eb9ac0-6962-4c10-928c-2177eae8ddde => 200
2026-08-22T01:32:34.1378606Z I0822 01:32:24.695573    4368 mockgcp_http.go:298] mockgcp request: POST https://compute.googleapis.com/compute/v1/projects/mock-project/global/routes
2026-08-22T01:32:34.1380455Z I0822 01:32:24.695828    4368 operations.go:125] "storing operation" fqn="projects/mock-project/global/operations/operation-1787362344695-ae73fb6e-ee10-437b-86e6-5d6439ce9f8e"
2026-08-22T01:32:34.1381487Z I0822 01:32:24.695949    4368 mockgcp_http.go:327] mockgcp response: POST https://compute.googleapis.com/compute/v1/projects/mock-project/global/routes => 200
2026-08-22T01:32:34.1382851Z I0822 01:32:24.696003    4368 mockgcp_http.go:298] mockgcp request: GET https://compute.googleapis.com/compute/v1/projects/mock-project/global/operations/operation-1787362344695-ae73fb6e-ee10-437b-86e6-5d6439ce9f8e
2026-08-22T01:32:34.1384540Z I0822 01:32:24.696249    4368 mockgcp_http.go:327] mockgcp response: GET https://compute.googleapis.com/compute/v1/projects/mock-project/global/operations/operation-1787362344695-ae73fb6e-ee10-437b-86e6-5d6439ce9f8e => 200
2026-08-22T01:32:34.1385491Z I0822 01:32:24.696312    4368 mockgcp_http.go:298] mockgcp request: POST https://compute.googleapis.com/compute/v1/projects/mock-project/global/routes
2026-08-22T01:32:34.1386589Z I0822 01:32:24.696627    4368 operations.go:125] "storing operation" fqn="projects/mock-project/global/operations/operation-1787362344696-205b55d1-4794-4567-8da0-7da48d8b12d8"
2026-08-22T01:32:34.1387512Z I0822 01:32:24.696717    4368 mockgcp_http.go:327] mockgcp response: POST https://compute.googleapis.com/compute/v1/projects/mock-project/global/routes => 200
2026-08-22T01:32:34.1388926Z I0822 01:32:24.696766    4368 mockgcp_http.go:298] mockgcp request: GET https://compute.googleapis.com/compute/v1/projects/mock-project/global/operations/operation-1787362344696-205b55d1-4794-4567-8da0-7da48d8b12d8
2026-08-22T01:32:34.1390392Z I0822 01:32:24.697051    4368 mockgcp_http.go:327] mockgcp response: GET https://compute.googleapis.com/compute/v1/projects/mock-project/global/operations/operation-1787362344696-205b55d1-4794-4567-8da0-7da48d8b12d8 => 200
2026-08-22T01:32:34.1391362Z I0822 01:32:24.697117    4368 mockgcp_http.go:298] mockgcp request: POST https://compute.googleapis.com/compute/v1/projects/mock-project/global/routes
2026-08-22T01:32:34.1392436Z I0822 01:32:24.697452    4368 operations.go:125] "storing operation" fqn="projects/mock-project/global/operations/operation-1787362344697-824692c7-f052-498b-b7c7-af26c454f0a9"
2026-08-22T01:32:34.1394089Z I0822 01:32:24.697608    4368 mockgcp_http.go:327] mockgcp response: POST https://compute.googleapis.com/compute/v1/projects/mock-project/global/routes => 200
2026-08-22T01:32:34.1395530Z I0822 01:32:24.697668    4368 mockgcp_http.go:298] mockgcp request: GET https://compute.googleapis.com/compute/v1/projects/mock-project/global/operations/operation-1787362344697-824692c7-f052-498b-b7c7-af26c454f0a9
2026-08-22T01:32:34.1397936Z I0822 01:32:24.697968    4368 mockgcp_http.go:327] mockgcp response: GET https://compute.googleapis.com/compute/v1/projects/mock-project/global/operations/operation-1787362344697-824692c7-f052-498b-b7c7-af26c454f0a9 => 200
2026-08-22T01:32:34.1398924Z I0822 01:32:24.698043    4368 mockgcp_http.go:298] mockgcp request: POST https://compute.googleapis.com/compute/v1/projects/mock-project/global/routes
2026-08-22T01:32:34.1400201Z I0822 01:32:24.698388    4368 operations.go:125] "storing operation" fqn="projects/mock-project/global/operations/operation-1787362344698-40dffe4b-f98a-4479-b6e2-6e9f60724100"
2026-08-22T01:32:34.1401179Z I0822 01:32:24.698556    4368 mockgcp_http.go:327] mockgcp response: POST https://compute.googleapis.com/compute/v1/projects/mock-project/global/routes => 200
2026-08-22T01:32:34.1402550Z I0822 01:32:24.698609    4368 mockgcp_http.go:298] mockgcp request: GET https://compute.googleapis.com/compute/v1/projects/mock-project/global/operations/operation-1787362344698-40dffe4b-f98a-4479-b6e2-6e9f60724100
2026-08-22T01:32:34.1404257Z I0822 01:32:24.698912    4368 mockgcp_http.go:327] mockgcp response: GET https://compute.googleapis.com/compute/v1/projects/mock-project/global/operations/operation-1787362344698-40dffe4b-f98a-4479-b6e2-6e9f60724100 => 200
2026-08-22T01:32:34.1405185Z I0822 01:32:24.699019    4368 mockgcp_http.go:298] mockgcp request: POST https://compute.googleapis.com/compute/v1/projects/mock-project/global/routes
2026-08-22T01:32:34.1406287Z I0822 01:32:24.699419    4368 operations.go:125] "storing operation" fqn="projects/mock-project/global/operations/operation-1787362344699-d0965f7f-a11e-479d-8c00-6396ad5ccfb3"
2026-08-22T01:32:34.1407236Z I0822 01:32:24.699583    4368 mockgcp_http.go:327] mockgcp response: POST https://compute.googleapis.com/compute/v1/projects/mock-project/global/routes => 200
2026-08-22T01:32:34.1408481Z I0822 01:32:24.699631    4368 mockgcp_http.go:298] mockgcp request: GET https://compute.googleapis.com/compute/v1/projects/mock-project/global/operations/operation-1787362344699-d0965f7f-a11e-479d-8c00-6396ad5ccfb3
2026-08-22T01:32:34.1409940Z I0822 01:32:24.699888    4368 mockgcp_http.go:327] mockgcp response: GET https://compute.googleapis.com/compute/v1/projects/mock-project/global/operations/operation-1787362344699-d0965f7f-a11e-479d-8c00-6396ad5ccfb3 => 200
2026-08-22T01:32:34.1410919Z I0822 01:32:24.699950    4368 mockgcp_http.go:298] mockgcp request: POST https://compute.googleapis.com/compute/v1/projects/mock-project/global/routes
2026-08-22T01:32:34.1411996Z I0822 01:32:24.700287    4368 operations.go:125] "storing operation" fqn="projects/mock-project/global/operations/operation-1787362344700-48bc61c7-5552-4737-bf93-949d97f02d37"
2026-08-22T01:32:34.1412911Z I0822 01:32:24.700440    4368 mockgcp_http.go:327] mockgcp response: POST https://compute.googleapis.com/compute/v1/projects/mock-project/global/routes => 200
2026-08-22T01:32:34.1414612Z I0822 01:32:24.700493    4368 mockgcp_http.go:298] mockgcp request: GET https://compute.googleapis.com/compute/v1/projects/mock-project/global/operations/operation-1787362344700-48bc61c7-5552-4737-bf93-949d97f02d37
2026-08-22T01:32:34.1416120Z I0822 01:32:24.700790    4368 mockgcp_http.go:327] mockgcp response: GET https://compute.googleapis.com/compute/v1/projects/mock-project/global/operations/operation-1787362344700-48bc61c7-5552-4737-bf93-949d97f02d37 => 200
2026-08-22T01:32:34.1417045Z I0822 01:32:24.700869    4368 mockgcp_http.go:298] mockgcp request: POST https://compute.googleapis.com/compute/v1/projects/mock-project/global/routes
2026-08-22T01:32:34.1418393Z I0822 01:32:24.701234    4368 operations.go:125] "storing operation" fqn="projects/mock-project/global/operations/operation-1787362344701-a649cb10-ae82-4297-83d9-d39af97cd20f"
2026-08-22T01:32:34.1419359Z I0822 01:32:24.701369    4368 mockgcp_http.go:327] mockgcp response: POST https://compute.googleapis.com/compute/v1/projects/mock-project/global/routes => 200
2026-08-22T01:32:34.1420758Z I0822 01:32:24.701444    4368 mockgcp_http.go:298] mockgcp request: GET https://compute.googleapis.com/compute/v1/projects/mock-project/global/operations/operation-1787362344701-a649cb10-ae82-4297-83d9-d39af97cd20f
2026-08-22T01:32:34.1422225Z I0822 01:32:24.701695    4368 mockgcp_http.go:327] mockgcp response: GET https://compute.googleapis.com/compute/v1/projects/mock-project/global/operations/operation-1787362344701-a649cb10-ae82-4297-83d9-d39af97cd20f => 200
2026-08-22T01:32:34.1423358Z I0822 01:32:24.701754    4368 mockgcp_http.go:298] mockgcp request: POST https://compute.googleapis.com/compute/v1/projects/mock-project/global/routes
2026-08-22T01:32:34.1445883Z I0822 01:32:24.702093    4368 operations.go:125] "storing operation" fqn="projects/mock-project/global/operations/operation-1787362344702-38f491d7-0538-4ba7-95fe-86cf3236afa2"
2026-08-22T01:32:34.1446920Z I0822 01:32:24.702240    4368 mockgcp_http.go:327] mockgcp response: POST https://compute.googleapis.com/compute/v1/projects/mock-project/global/routes => 200
2026-08-22T01:32:34.1448326Z I0822 01:32:24.702297    4368 mockgcp_http.go:298] mockgcp request: GET https://compute.googleapis.com/compute/v1/projects/mock-project/global/operations/operation-1787362344702-38f491d7-0538-4ba7-95fe-86cf3236afa2
2026-08-22T01:32:34.1449817Z I0822 01:32:24.702700    4368 mockgcp_http.go:327] mockgcp response: GET https://compute.googleapis.com/compute/v1/projects/mock-project/global/operations/operation-1787362344702-38f491d7-0538-4ba7-95fe-86cf3236afa2 => 200
2026-08-22T01:32:34.1450796Z I0822 01:32:24.702789    4368 mockgcp_http.go:298] mockgcp request: POST https://compute.googleapis.com/compute/v1/projects/mock-project/global/routes
2026-08-22T01:32:34.1451940Z I0822 01:32:24.703205    4368 operations.go:125] "storing operation" fqn="projects/mock-project/global/operations/operation-1787362344703-fd4abf7d-27d3-4c89-be1c-9a8becf577d5"
2026-08-22T01:32:34.1452925Z I0822 01:32:24.703332    4368 mockgcp_http.go:327] mockgcp response: POST https://compute.googleapis.com/compute/v1/projects/mock-project/global/routes => 200
2026-08-22T01:32:34.1454566Z I0822 01:32:24.703404    4368 mockgcp_http.go:298] mockgcp request: GET https://compute.googleapis.com/compute/v1/projects/mock-project/global/operations/operation-1787362344703-fd4abf7d-27d3-4c89-be1c-9a8becf577d5
2026-08-22T01:32:34.1456014Z I0822 01:32:24.703655    4368 mockgcp_http.go:327] mockgcp response: GET https://compute.googleapis.com/compute/v1/projects/mock-project/global/operations/operation-1787362344703-fd4abf7d-27d3-4c89-be1c-9a8becf577d5 => 200
2026-08-22T01:32:34.1456940Z I0822 01:32:24.703719    4368 mockgcp_http.go:298] mockgcp request: POST https://compute.googleapis.com/compute/v1/projects/mock-project/global/routes
2026-08-22T01:32:34.1458048Z I0822 01:32:24.704104    4368 operations.go:125] "storing operation" fqn="projects/mock-project/global/operations/operation-1787362344704-7cce4ac1-0263-47eb-bb07-a1e0ce674f9a"
2026-08-22T01:32:34.1458999Z I0822 01:32:24.704212    4368 mockgcp_http.go:327] mockgcp response: POST https://compute.googleapis.com/compute/v1/projects/mock-project/global/routes => 200
2026-08-22T01:32:34.1460401Z I0822 01:32:24.704263    4368 mockgcp_http.go:298] mockgcp request: GET https://compute.googleapis.com/compute/v1/projects/mock-project/global/operations/operation-1787362344704-7cce4ac1-0263-47eb-bb07-a1e0ce674f9a
2026-08-22T01:32:34.1461876Z I0822 01:32:24.704652    4368 mockgcp_http.go:327] mockgcp response: GET https://compute.googleapis.com/compute/v1/projects/mock-project/global/operations/operation-1787362344704-7cce4ac1-0263-47eb-bb07-a1e0ce674f9a => 200
2026-08-22T01:32:34.1463045Z I0822 01:32:24.704719    4368 mockgcp_http.go:298] mockgcp request: POST https://compute.googleapis.com/compute/v1/projects/mock-project/global/routes
2026-08-22T01:32:34.1464381Z I0822 01:32:24.705081    4368 operations.go:125] "storing operation" fqn="projects/mock-project/global/operations/operation-1787362344705-df43a9bf-8b04-4c8f-aa35-e8ee2a4d20a6"
2026-08-22T01:32:34.1465355Z I0822 01:32:24.705245    4368 mockgcp_http.go:327] mockgcp response: POST https://compute.googleapis.com/compute/v1/projects/mock-project/global/routes => 200
2026-08-22T01:32:34.1466722Z I0822 01:32:24.705303    4368 mockgcp_http.go:298] mockgcp request: GET https://compute.googleapis.com/compute/v1/projects/mock-project/global/operations/operation-1787362344705-df43a9bf-8b04-4c8f-aa35-e8ee2a4d20a6
2026-08-22T01:32:34.1468346Z I0822 01:32:24.705563    4368 mockgcp_http.go:327] mockgcp response: GET https://compute.googleapis.com/compute/v1/projects/mock-project/global/operations/operation-1787362344705-df43a9bf-8b04-4c8f-aa35-e8ee2a4d20a6 => 200
2026-08-22T01:32:34.1469262Z I0822 01:32:24.705626    4368 mockgcp_http.go:298] mockgcp request: POST https://compute.googleapis.com/compute/v1/projects/mock-project/global/routes
2026-08-22T01:32:34.1470332Z I0822 01:32:24.705981    4368 operations.go:125] "storing operation" fqn="projects/mock-project/global/operations/operation-1787362344705-0acc3517-30ef-4851-8f92-33dad4e441ec"
2026-08-22T01:32:34.1471317Z I0822 01:32:24.706098    4368 mockgcp_http.go:327] mockgcp response: POST https://compute.googleapis.com/compute/v1/projects/mock-project/global/routes => 200
2026-08-22T01:32:34.1472759Z I0822 01:32:24.706148    4368 mockgcp_http.go:298] mockgcp request: GET https://compute.googleapis.com/compute/v1/projects/mock-project/global/operations/operation-1787362344705-0acc3517-30ef-4851-8f92-33dad4e441ec
2026-08-22T01:32:34.1474427Z I0822 01:32:24.706444    4368 mockgcp_http.go:327] mockgcp response: GET https://compute.googleapis.com/compute/v1/projects/mock-project/global/operations/operation-1787362344705-0acc3517-30ef-4851-8f92-33dad4e441ec => 200
2026-08-22T01:32:34.1475050Z I0822 01:32:24.706505    4368 mockgcp_http.go:298] mockgcp request: POST https://compute.googleapis.com/compute/v1/projects/mock-project/global/routes
2026-08-22T01:32:34.1476128Z I0822 01:32:24.706847    4368 operations.go:125] "storing operation" fqn="projects/mock-project/global/operations/operation-1787362344706-627ee38a-b623-4590-acef-1761f4966bb0"
2026-08-22T01:32:34.1477012Z I0822 01:32:24.706971    4368 mockgcp_http.go:327] mockgcp response: POST https://compute.googleapis.com/compute/v1/projects/mock-project/global/routes => 200
2026-08-22T01:32:34.1478261Z I0822 01:32:24.707029    4368 mockgcp_http.go:298] mockgcp request: GET https://compute.googleapis.com/compute/v1/projects/mock-project/global/operations/operation-1787362344706-627ee38a-b623-4590-acef-1761f4966bb0
2026-08-22T01:32:34.1479565Z I0822 01:32:24.707290    4368 mockgcp_http.go:327] mockgcp response: GET https://compute.googleapis.com/compute/v1/projects/mock-project/global/operations/operation-1787362344706-627ee38a-b623-4590-acef-1761f4966bb0 => 200
2026-08-22T01:32:34.1480444Z I0822 01:32:24.707373    4368 mockgcp_http.go:298] mockgcp request: POST https://compute.googleapis.com/compute/v1/projects/mock-project/global/routes
2026-08-22T01:32:34.1481121Z I0822 01:32:24.707669    4368 operations.go:125] "storing operation" fqn="projects/mock-project/global/operations/operation-1787362344707-9ae85834-192e-4393-a181-86f38dbcb835"
2026-08-22T01:32:34.1481648Z I0822 01:32:24.707836    4368 mockgcp_http.go:327] mockgcp response: POST https://compute.googleapis.com/compute/v1/projects/mock-project/global/routes => 200
2026-08-22T01:32:34.1482396Z I0822 01:32:24.707972    4368 mockgcp_http.go:298] mockgcp request: GET https://compute.googleapis.com/compute/v1/projects/mock-project/global/operations/operation-1787362344707-9ae85834-192e-4393-a181-86f38dbcb835
2026-08-22T01:32:34.1483144Z I0822 01:32:24.708285    4368 mockgcp_http.go:327] mockgcp response: GET https://compute.googleapis.com/compute/v1/projects/mock-project/global/operations/operation-1787362344707-9ae85834-192e-4393-a181-86f38dbcb835 => 200
2026-08-22T01:32:34.1484170Z I0822 01:32:24.708373    4368 mockgcp_http.go:298] mockgcp request: POST https://compute.googleapis.com/compute/v1/projects/mock-project/global/routes
2026-08-22T01:32:34.1484756Z I0822 01:32:24.708703    4368 operations.go:125] "storing operation" fqn="projects/mock-project/global/operations/operation-1787362344708-c6b82ddd-afb5-43b7-805d-2e53aa98adfd"
2026-08-22T01:32:34.1485249Z I0822 01:32:24.708968    4368 mockgcp_http.go:327] mockgcp response: POST https://compute.googleapis.com/compute/v1/projects/mock-project/global/routes => 200
2026-08-22T01:32:34.1486115Z I0822 01:32:24.709010    4368 mockgcp_http.go:298] mockgcp request: GET https://compute.googleapis.com/compute/v1/projects/mock-project/global/operations/operation-1787362344708-c6b82ddd-afb5-43b7-805d-2e53aa98adfd
2026-08-22T01:32:34.1486867Z I0822 01:32:24.709352    4368 mockgcp_http.go:327] mockgcp response: GET https://compute.googleapis.com/compute/v1/projects/mock-project/global/operations/operation-1787362344708-c6b82ddd-afb5-43b7-805d-2e53aa98adfd => 200
2026-08-22T01:32:34.1487337Z I0822 01:32:24.709452    4368 mockgcp_http.go:298] mockgcp request: POST https://compute.googleapis.com/compute/v1/projects/mock-project/global/routes
2026-08-22T01:32:34.1487898Z I0822 01:32:24.709985    4368 operations.go:125] "storing operation" fqn="projects/mock-project/global/operations/operation-1787362344709-883c868d-3c81-44a9-9a31-9a55bafb3119"
2026-08-22T01:32:34.1488388Z I0822 01:32:24.710221    4368 mockgcp_http.go:327] mockgcp response: POST https://compute.googleapis.com/compute/v1/projects/mock-project/global/routes => 200
2026-08-22T01:32:34.1489084Z I0822 01:32:24.710275    4368 mockgcp_http.go:298] mockgcp request: GET https://compute.googleapis.com/compute/v1/projects/mock-project/global/operations/operation-1787362344709-883c868d-3c81-44a9-9a31-9a55bafb3119
2026-08-22T01:32:34.1489820Z I0822 01:32:24.710568    4368 mockgcp_http.go:327] mockgcp response: GET https://compute.googleapis.com/compute/v1/projects/mock-project/global/operations/operation-1787362344709-883c868d-3c81-44a9-9a31-9a55bafb3119 => 200
2026-08-22T01:32:34.1490276Z I0822 01:32:24.710640    4368 mockgcp_http.go:298] mockgcp request: POST https://compute.googleapis.com/compute/v1/projects/mock-project/global/routes
2026-08-22T01:32:34.1491160Z I0822 01:32:24.711028    4368 operations.go:125] "storing operation" fqn="projects/mock-project/global/operations/operation-1787362344711-56de533a-d3d2-4499-aad0-637e0574ab8f"
2026-08-22T01:32:34.1491669Z I0822 01:32:24.711141    4368 mockgcp_http.go:327] mockgcp response: POST https://compute.googleapis.com/compute/v1/projects/mock-project/global/routes => 200
2026-08-22T01:32:34.1492370Z I0822 01:32:24.711184    4368 mockgcp_http.go:298] mockgcp request: GET https://compute.googleapis.com/compute/v1/projects/mock-project/global/operations/operation-1787362344711-56de533a-d3d2-4499-aad0-637e0574ab8f
2026-08-22T01:32:34.1493105Z I0822 01:32:24.711480    4368 mockgcp_http.go:327] mockgcp response: GET https://compute.googleapis.com/compute/v1/projects/mock-project/global/operations/operation-1787362344711-56de533a-d3d2-4499-aad0-637e0574ab8f => 200
2026-08-22T01:32:34.1493782Z I0822 01:32:24.711543    4368 mockgcp_http.go:298] mockgcp request: POST https://compute.googleapis.com/compute/v1/projects/mock-project/global/routes
2026-08-22T01:32:34.1494366Z I0822 01:32:24.711862    4368 operations.go:125] "storing operation" fqn="projects/mock-project/global/operations/operation-1787362344711-7026026c-2917-426d-b50d-b53ba758018a"
2026-08-22T01:32:34.1494966Z I0822 01:32:24.712000    4368 mockgcp_http.go:327] mockgcp response: POST https://compute.googleapis.com/compute/v1/projects/mock-project/global/routes => 200
2026-08-22T01:32:34.1496247Z I0822 01:32:24.712106    4368 mockgcp_http.go:298] mockgcp request: GET https://compute.googleapis.com/compute/v1/projects/mock-project/global/operations/operation-1787362344711-7026026c-2917-426d-b50d-b53ba758018a
2026-08-22T01:32:34.1497194Z I0822 01:32:24.712508    4368 mockgcp_http.go:327] mockgcp response: GET https://compute.googleapis.com/compute/v1/projects/mock-project/global/operations/operation-1787362344711-7026026c-2917-426d-b50d-b53ba758018a => 200
2026-08-22T01:32:34.1497674Z I0822 01:32:24.712597    4368 mockgcp_http.go:298] mockgcp request: POST https://compute.googleapis.com/compute/v1/projects/mock-project/global/routes
2026-08-22T01:32:34.1498237Z I0822 01:32:24.712998    4368 operations.go:125] "storing operation" fqn="projects/mock-project/global/operations/operation-1787362344712-6636da7c-b91d-4a96-8b3b-4af6766be06c"
2026-08-22T01:32:34.1498740Z I0822 01:32:24.713111    4368 mockgcp_http.go:327] mockgcp response: POST https://compute.googleapis.com/compute/v1/projects/mock-project/global/routes => 200
2026-08-22T01:32:34.1499561Z I0822 01:32:24.713166    4368 mockgcp_http.go:298] mockgcp request: GET https://compute.googleapis.com/compute/v1/projects/mock-project/global/operations/operation-1787362344712-6636da7c-b91d-4a96-8b3b-4af6766be06c
2026-08-22T01:32:34.1500316Z I0822 01:32:24.713502    4368 mockgcp_http.go:327] mockgcp response: GET https://compute.googleapis.com/compute/v1/projects/mock-project/global/operations/operation-1787362344712-6636da7c-b91d-4a96-8b3b-4af6766be06c => 200
2026-08-22T01:32:34.1500785Z I0822 01:32:24.713568    4368 mockgcp_http.go:298] mockgcp request: POST https://compute.googleapis.com/compute/v1/projects/mock-project/global/routes
2026-08-22T01:32:34.1501416Z I0822 01:32:24.713996    4368 operations.go:125] "storing operation" fqn="projects/mock-project/global/operations/operation-1787362344713-b40739b7-e7ac-461b-a9f3-e35e2feef66d"
2026-08-22T01:32:34.1502241Z I0822 01:32:24.714137    4368 mockgcp_http.go:327] mockgcp response: POST https://compute.googleapis.com/compute/v1/projects/mock-project/global/routes => 200
2026-08-22T01:32:34.1502955Z I0822 01:32:24.714225    4368 mockgcp_http.go:298] mockgcp request: GET https://compute.googleapis.com/compute/v1/projects/mock-project/global/operations/operation-1787362344713-b40739b7-e7ac-461b-a9f3-e35e2feef66d
2026-08-22T01:32:34.1504006Z I0822 01:32:24.714533    4368 mockgcp_http.go:327] mockgcp response: GET https://compute.googleapis.com/compute/v1/projects/mock-project/global/operations/operation-1787362344713-b40739b7-e7ac-461b-a9f3-e35e2feef66d => 200
2026-08-22T01:32:34.1504473Z I0822 01:32:24.714581    4368 mockgcp_http.go:298] mockgcp request: POST https://compute.googleapis.com/compute/v1/projects/mock-project/global/routes
2026-08-22T01:32:34.1505038Z I0822 01:32:24.714901    4368 operations.go:125] "storing operation" fqn="projects/mock-project/global/operations/operation-1787362344714-e79e91f4-f85c-4c1a-bb66-ed7ca05ab7da"
2026-08-22T01:32:34.1505564Z I0822 01:32:24.715023    4368 mockgcp_http.go:327] mockgcp response: POST https://compute.googleapis.com/compute/v1/projects/mock-project/global/routes => 200
2026-08-22T01:32:34.1506268Z I0822 01:32:24.715097    4368 mockgcp_http.go:298] mockgcp request: GET https://compute.googleapis.com/compute/v1/projects/mock-project/global/operations/operation-1787362344714-e79e91f4-f85c-4c1a-bb66-ed7ca05ab7da
2026-08-22T01:32:34.1507004Z I0822 01:32:24.715450    4368 mockgcp_http.go:327] mockgcp response: GET https://compute.googleapis.com/compute/v1/projects/mock-project/global/operations/operation-1787362344714-e79e91f4-f85c-4c1a-bb66-ed7ca05ab7da => 200
2026-08-22T01:32:34.1507460Z I0822 01:32:24.715522    4368 mockgcp_http.go:298] mockgcp request: POST https://compute.googleapis.com/compute/v1/projects/mock-project/global/routes
2026-08-22T01:32:34.1508251Z I0822 01:32:24.715879    4368 operations.go:125] "storing operation" fqn="projects/mock-project/global/operations/operation-1787362344715-06b38289-99a6-4b83-b660-2ffb1e24f289"
2026-08-22T01:32:34.1508767Z I0822 01:32:24.716058    4368 mockgcp_http.go:327] mockgcp response: POST https://compute.googleapis.com/compute/v1/projects/mock-project/global/routes => 200
2026-08-22T01:32:34.1509792Z I0822 01:32:24.716108    4368 mockgcp_http.go:298] mockgcp request: GET https://compute.googleapis.com/compute/v1/projects/mock-project/global/operations/operation-1787362344715-06b38289-99a6-4b83-b660-2ffb1e24f289
2026-08-22T01:32:34.1510559Z I0822 01:32:24.716369    4368 mockgcp_http.go:327] mockgcp response: GET https://compute.googleapis.com/compute/v1/projects/mock-project/global/operations/operation-1787362344715-06b38289-99a6-4b83-b660-2ffb1e24f289 => 200
2026-08-22T01:32:34.1511500Z I0822 01:32:25.337263    4368 mockgcp_http.go:298] mockgcp request: GET https://compute.googleapis.com/compute/v1/projects/mock-project/global/operations/operation-1787362344639-ec63b19b-23a9-4e24-9a78-486105e0518e
2026-08-22T01:32:34.1512547Z I0822 01:32:25.337733    4368 mockgcp_http.go:327] mockgcp response: GET https://compute.googleapis.com/compute/v1/projects/mock-project/global/operations/operation-1787362344639-ec63b19b-23a9-4e24-9a78-486105e0518e => 200
2026-08-22T01:32:34.1513221Z I0822 01:32:25.337969    4368 mockgcp_http.go:327] mockgcp response: POST https://cloudresourcemanager.googleapis.com/v1/projects?alt=json&prettyPrint=false => 200
2026-08-22T01:32:34.1514513Z I0822 01:32:25.438324    4368 mockgcp_http.go:298] mockgcp request: GET https://cloudresourcemanager.googleapis.com/v1/operations/operation-1787362345337-0bba667e-b132-4410-a48e-5e8470f991ba?alt=json&prettyPrint=false
2026-08-22T01:32:34.1515344Z I0822 01:32:25.438514    4368 mockgcp_http.go:327] mockgcp response: GET https://cloudresourcemanager.googleapis.com/v1/operations/operation-1787362345337-0bba667e-b132-4410-a48e-5e8470f991ba?alt=json&prettyPrint=false => 200
2026-08-22T01:32:34.1516319Z I0822 01:32:25.438570    4368 mockgcp_http.go:298] mockgcp request: GET https://cloudresourcemanager.googleapis.com/v1/projects/mock-project?alt=json&prettyPrint=false
2026-08-22T01:32:34.1517209Z I0822 01:32:25.438975    4368 mockgcp_http.go:327] mockgcp response: GET https://cloudresourcemanager.googleapis.com/v1/projects/mock-project?alt=json&prettyPrint=false => 200
2026-08-22T01:32:34.1517613Z 2026/08/22 01:32:25 [INFO] Authenticating using configured Google JSON 'access_token'...
2026-08-22T01:32:34.1518658Z 2026/08/22 01:32:25 [INFO]   -- Scopes: [https://www.googleapis.com/auth/cloud-platform https://www.googleapis.com/auth/userinfo.email https://www.googleapis.com/auth/drive.readonly]
2026-08-22T01:32:34.1519061Z 2026/08/22 01:32:25 [INFO] Authenticating using configured Google JSON 'access_token'...
2026-08-22T01:32:34.1520108Z 2026/08/22 01:32:25 [INFO]   -- Scopes: [https://www.googleapis.com/auth/cloud-platform https://www.googleapis.com/auth/userinfo.email https://www.googleapis.com/auth/drive.readonly]
2026-08-22T01:32:34.1520406Z 2026/08/22 01:32:25 [DEBUG] Waiting for state to become: [success]
2026-08-22T01:32:34.1521112Z I0822 01:32:25.455037    4368 mockgcp_http.go:298] mockgcp request: GET https://openidconnect.googleapis.com/v1/userinfo?alt=json
2026-08-22T01:32:34.1521396Z 2026/08/22 01:32:25 response: 200 {"email":"test@example.com"}
2026-08-22T01:32:34.1521749Z 2026/08/22 01:32:25 [INFO] Terraform is using this identity: test@example.com
2026-08-22T01:32:34.1521938Z scopedNamespace is empty
2026-08-22T01:32:34.1522795Z {"severity":"info","timestamp":"2026-08-22T01:32:25.705Z","logger":"controller-runtime.webhook","msg":"Registering webhook","path":"/deny-unknown-fields"}
2026-08-22T01:32:34.1524652Z {"severity":"info","timestamp":"2026-08-22T01:32:25.705Z","logger":"controller-runtime.webhook","msg":"Registering webhook","path":"/iam-validation"}
2026-08-22T01:32:34.1525491Z {"severity":"info","timestamp":"2026-08-22T01:32:25.705Z","logger":"controller-runtime.webhook","msg":"Registering webhook","path":"/iam-defaulter"}
2026-08-22T01:32:34.1526424Z {"severity":"info","timestamp":"2026-08-22T01:32:25.705Z","logger":"controller-runtime.webhook","msg":"Registering webhook","path":"/container-annotation-handler"}
2026-08-22T01:32:34.1527427Z {"severity":"info","timestamp":"2026-08-22T01:32:25.719Z","logger":"controller-runtime.webhook","msg":"Registering webhook","path":"/management-conflict-annotation-defaulter"}
2026-08-22T01:32:34.1528477Z {"severity":"info","timestamp":"2026-08-22T01:32:25.719Z","logger":"controller-runtime.webhook","msg":"Registering webhook","path":"/generic-defaulter"}
2026-08-22T01:32:34.1529311Z {"severity":"info","timestamp":"2026-08-22T01:32:25.719Z","logger":"controller-runtime.webhook","msg":"Registering webhook","path":"/resource-validation"}
2026-08-22T01:32:34.1530245Z {"severity":"info","timestamp":"2026-08-22T01:32:25.719Z","logger":"controller-runtime.webhook","msg":"Registering webhook","path":"/state-into-spec-validation"}
2026-08-22T01:32:34.1530916Z     harness.go:820: waiting for webhook to start (webhook server has not been started yet)
2026-08-22T01:32:34.1535183Z {"severity":"info","timestamp":"2026-08-22T01:32:25.720Z","logger":"controller-runtime.webhook","msg":"Starting webhook server"}
2026-08-22T01:32:34.1536236Z {"severity":"info","timestamp":"2026-08-22T01:32:25.720Z","logger":"controller-runtime.certwatcher","msg":"Updated current TLS certificate"}
2026-08-22T01:32:34.1537119Z {"severity":"info","timestamp":"2026-08-22T01:32:25.720Z","logger":"controller-runtime.webhook","msg":"Serving webhook server","host":"127.0.0.1","port":45909}
2026-08-22T01:32:34.1538037Z {"severity":"info","timestamp":"2026-08-22T01:32:25.721Z","logger":"controller-runtime.certwatcher","msg":"Starting certificate poll+watcher","interval":"10s"}
2026-08-22T01:32:34.1538585Z     harness.go:826: waiting for controllers to register and cache to sync
2026-08-22T01:32:34.1540643Z     harness.go:1755: all expected controllers registered: [certificatemanagertrustconfig-deletion-defender-controller certificatemanagertrustconfig-parent-controller deletion-defender-registration-controller registration-controller]
2026-08-22T01:32:34.1541180Z     harness.go:832: controllers are registered and cache is synced
2026-08-22T01:32:34.1541644Z     unified_test.go:613: running with controller overrides: map[]
2026-08-22T01:32:34.1554284Z     harness.go:1755: all expected controllers registered: [certificatemanagertrustconfig-deletion-defender-controller certificatemanagertrustconfig-parent-controller deletion-defender-registration-controller registration-controller]
2026-08-22T01:32:34.1556765Z     samples.go:162: using server-side apply to create object GVK certificatemanager.cnrm.cloud.google.com/v1alpha1, Kind=CertificateManagerTrustConfig name trustconfig-max-3cyafbchory5sly
2026-08-22T01:32:34.1558923Z {"severity":"info","timestamp":"2026-08-22T01:32:25.948Z","msg":"processing request","operation":"CREATE","handler":"unknown fields validation","kind":"CertificateManagerTrustConfig","resource":{"name":"trustconfig-max-3cyafbchory5sly","namespace":"3cyafbchory5sly"}}
2026-08-22T01:32:34.1561318Z {"severity":"info","timestamp":"2026-08-22T01:32:25.948Z","msg":"processing request","operation":"CREATE","handler":"state-into-spec validation","kind":"CertificateManagerTrustConfig","resource":{"name":"trustconfig-max-3cyafbchory5sly","namespace":"3cyafbchory5sly"}}
2026-08-22T01:32:34.1563885Z {"severity":"info","timestamp":"2026-08-22T01:32:25.948Z","msg":"done processing request","operation":"CREATE","handler":"state-into-spec validation","kind":"CertificateManagerTrustConfig","resource":{"name":"trustconfig-max-3cyafbchory5sly","namespace":"3cyafbchory5sly"},"result-code":200,"result-reason":""}
2026-08-22T01:32:34.1566734Z {"severity":"info","timestamp":"2026-08-22T01:32:25.948Z","msg":"done processing request","operation":"CREATE","handler":"unknown fields validation","kind":"CertificateManagerTrustConfig","resource":{"name":"trustconfig-max-3cyafbchory5sly","namespace":"3cyafbchory5sly"},"result-code":200,"result-reason":""}
2026-08-22T01:32:34.1567872Z {"severity":"info","timestamp":"2026-08-22T01:32:25.953Z","msg":"resource does not yet have status","kind":"CertificateManagerTrustConfig","name":"trustconfig-max-3cyafbchory5sly"}
2026-08-22T01:32:34.1573221Z {"severity":"info","timestamp":"2026-08-22T01:32:26.159Z","msg":"structuredreporting OnReconcileStart","controller":"certificatemanagertrustconfig-parent-controller","controllerGroup":"certificatemanager.cnrm.cloud.google.com","controllerKind":"CertificateManagerTrustConfig","CertificateManagerTrustConfig":{"name":"trustconfig-max-3cyafbchory5sly","namespace":"3cyafbchory5sly"},"namespace":"3cyafbchory5sly","name":"trustconfig-max-3cyafbchory5sly","reconcileID":"e70ee7cc-55a1-4ae4-b9da-86ffc242dcdf","object.kind":"CertificateManagerTrustConfig","object.name":"trustconfig-max-3cyafbchory5sly"}
2026-08-22T01:32:34.1576074Z I0822 01:32:26.160213    4368 mockgcp_http.go:298] mockgcp request: GET https://certificatemanager.googleapis.com/v1/projects/mock-project/locations/global/trustConfigs/trustconfig-max-3cyafbchory5sly?%24alt=json%3Benum-encoding%3Dint
2026-08-22T01:32:34.1577748Z W0822 01:32:26.160845    4368 methodcall.go:40] sending error response for *status.Error rpc error: code = NotFound desc = trustConfig "projects/mock-project/locations/global/trustConfigs/trustconfig-max-3cyafbchory5sly" not found
2026-08-22T01:32:34.1579311Z I0822 01:32:26.160975    4368 methodcall.go:81] sent response 404 with body {"error":{"code":404,"message":"trustConfig \"projects/mock-project/locations/global/trustConfigs/trustconfig-max-3cyafbchory5sly\" not found","status":"NOT_FOUND"}}
2026-08-22T01:32:34.1580937Z I0822 01:32:26.161004    4368 mockgcp_http.go:327] mockgcp response: GET https://certificatemanager.googleapis.com/v1/projects/mock-project/locations/global/trustConfigs/trustconfig-max-3cyafbchory5sly?%24alt=json%3Benum-encoding%3Dint => 404
2026-08-22T01:32:34.1582672Z {"severity":"info","timestamp":"2026-08-22T01:32:26.165Z","msg":"processing request","operation":"UPDATE","handler":"unknown fields validation","kind":"CertificateManagerTrustConfig","resource":{"name":"trustconfig-max-3cyafbchory5sly","namespace":"3cyafbchory5sly"}}
2026-08-22T01:32:34.1584920Z {"severity":"info","timestamp":"2026-08-22T01:32:26.165Z","msg":"done processing request","operation":"UPDATE","handler":"unknown fields validation","kind":"CertificateManagerTrustConfig","resource":{"name":"trustconfig-max-3cyafbchory5sly","namespace":"3cyafbchory5sly"},"result-code":200,"result-reason":""}
2026-08-22T01:32:34.1586902Z {"severity":"info","timestamp":"2026-08-22T01:32:26.165Z","msg":"processing request","operation":"UPDATE","handler":"state-into-spec validation","kind":"CertificateManagerTrustConfig","resource":{"name":"trustconfig-max-3cyafbchory5sly","namespace":"3cyafbchory5sly"}}
2026-08-22T01:32:34.1588807Z {"severity":"info","timestamp":"2026-08-22T01:32:26.166Z","msg":"done processing request","operation":"UPDATE","handler":"state-into-spec validation","kind":"CertificateManagerTrustConfig","resource":{"name":"trustconfig-max-3cyafbchory5sly","namespace":"3cyafbchory5sly"},"result-code":200,"result-reason":""}
2026-08-22T01:32:34.1593024Z {"severity":"info","timestamp":"2026-08-22T01:32:26.169Z","msg":"structuredreporting OnDiff","controller":"certificatemanagertrustconfig-parent-controller","controllerGroup":"certificatemanager.cnrm.cloud.google.com","controllerKind":"CertificateManagerTrustConfig","CertificateManagerTrustConfig":{"name":"trustconfig-max-3cyafbchory5sly","namespace":"3cyafbchory5sly"},"namespace":"3cyafbchory5sly","name":"trustconfig-max-3cyafbchory5sly","reconcileID":"e70ee7cc-55a1-4ae4-b9da-86ffc242dcdf","diff.controller":"direct","diff.fields":[],"diff.isNewObject":true}
2026-08-22T01:32:34.1595440Z I0822 01:32:26.169206    4368 mockgcp_http.go:298] mockgcp request: POST https://certificatemanager.googleapis.com/v1/projects/mock-project/locations/global/trustConfigs?%24alt=json%3Benum-encoding%3Dint&trustConfigId=trustconfig-max-3cyafbchory5sly
2026-08-22T01:32:34.1599690Z I0822 01:32:26.169807    4368 methodcall.go:142] sent response 200 with body {"name":"projects/mock-project/locations/global/operations/operation-1787362346169-1c7256c6-5f20-4733-8ca7-5c17c3a33b45","metadata":{"@type":"type.googleapis.com/google.cloud.certificatemanager.v1.OperationMetadata","createTime":"2026-08-22T01:32:26.169627428Z","target":"projects/mock-project/locations/global/trustConfigs/trustconfig-max-3cyafbchory5sly","verb":"create","apiVersion":"v1"}}
2026-08-22T01:32:34.1601820Z I0822 01:32:26.169820    4368 mockgcp_http.go:327] mockgcp response: POST https://certificatemanager.googleapis.com/v1/projects/mock-project/locations/global/trustConfigs?%24alt=json%3Benum-encoding%3Dint&trustConfigId=trustconfig-max-3cyafbchory5sly => 200
2026-08-22T01:32:34.1603365Z I0822 01:32:26.170469    4368 mockgcp_http.go:298] mockgcp request: GET https://certificatemanager.googleapis.com/v1/projects/mock-project/locations/global/operations/operation-1787362346169-1c7256c6-5f20-4733-8ca7-5c17c3a33b45
2026-08-22T01:32:34.1627923Z I0822 01:32:26.171386    4368 methodcall.go:142] sent response 200 with body {"name":"projects/mock-project/locations/global/operations/operation-1787362346169-1c7256c6-5f20-4733-8ca7-5c17c3a33b45","metadata":{"@type":"type.googleapis.com/google.cloud.certificatemanager.v1.OperationMetadata","createTime":"2026-08-22T01:32:26.169627428Z","target":"projects/mock-project/locations/global/trustConfigs/trustconfig-max-3cyafbchory5sly","verb":"create","apiVersion":"v1"},"done":true,"response":{"@type":"type.googleapis.com/google.cloud.certificatemanager.v1.TrustConfig","name":"projects/mock-project/locations/global/trustConfigs/trustconfig-max-3cyafbchory5sly","createTime":"2026-08-22T01:32:26.169627428Z","updateTime":"2026-08-22T01:32:26.169627428Z","labels":{"cnrm-test":"true","managed-by-cnrm":"true"},"description":"sample trust config description maximal","trustStores":[{"trustAnchors":[{"pemCertificate":"-----BEGIN CERTIFICATE-----\nMIIDDzCCAfegAwIBAgIUDOiCLH9QNMMYnjPZVf4VwO9blsEwDQYJKoZIhvcNAQEL\nBQAwFjEUMBIGA1UEAwwLZXhhbXBsZS5jb20wIBcNMjIwODI0MDg0MDUxWhgPMzAy\nMTEyMjUwODQwNTFaMBYxFDASBgNVBAMMC2V4YW1wbGUuY29tMIIBIjANBgkqhkiG\n9w0BAQEFAAOCAQ8AMIIBCgKCAQEAvOT925GG4lKV9HvAHsbecMhGPAqjhVRC26iZ\nUJC8oSWOu95lWJSX5ZhbiF6Nz192wDGV/VAh3Lxj8RYtcn75eDxQKTcKouDld+To\nCGIStPFWbR6rbysLuZqFVEXVOTvp2QIegInfrvnGC4j7Qpic7zrFB9HzJx+0HpeE\nyO4gkdzJfEK/gMmolUgJrKX59o+0+Rj+Jq3EtcQxL1fVBVJSx0NvpoR1eYpnHMr/\nrJKZkUUZ2xE86hrtpiP6OEYQTi00rmf4GnZF5QfGGD0xuoQXtR7Tu+XhKibXIhxc\nD4RzPLX1QS040PXvmMPLDb4YlUQ6V3Rs42JDvkkDwIMXZvn8awIDAQABo1MwUTAd\nBgNVHQ4EFgQURuo1CCZZAUv7xi02f2nC5tRbf18wHwYDVR0jBBgwFoAURuo1CCZZ\nAUv7xi02f2nC5tRbf18wDwYDVR0TAQH/BAUwAwEB/zANBgkqhkiG9w0BAQsFAAOC\nAQEAqx3tDxurnYr9EUPhF5/LlDPYM+VI7EgrKdRnuIqUlZI0tm3vOGME0te6dBTC\nYLNaHLW3m/4Tm4M2eg0Kpz6CxJfn3109G31dCi0xwzSDHf5TPUWvqIVhq5WRgMIf\nn8KYBlQSmqdJBRztUIQH/UPFnSbxymlS4s5qwDgTH5ag9EEBcnWsQ2LZjKi0eqve\nMaqAvvB+j8RGZzYY4re94bSJI42zIZ6nMWPtXwRuDc30xl/u+E0jWIgWbPwSd6Km\n3wnJnGiU2ezPGq3zEU+Rc39VVIFKQpciNeYuF3neHPJvYOf58qW2Z8s0VH0MR1x3\n3DoO/e30FIr9j+PRD+s5BPKF2A==\n-----END CERTIFICATE-----"}],"intermediateCas":[{"pemCertificate":"-----BEGIN CERTIFICATE-----\nMIIDDzCCAfegAwIBAgIUDOiCLH9QNMMYnjPZVf4VwO9blsEwDQYJKoZIhvcNAQEL\nBQAwFjEUMBIGA1UEAwwLZXhhbXBsZS5jb20wIBcNMjIwODI0MDg0MDUxWhgPMzAy\nMTEyMjUwODQwNTFaMBYxFDASBgNVBAMMC2V4YW1wbGUuY29tMIIBIjANBgkqhkiG\n9w0BAQEFAAOCAQ8AMIIBCgKCAQEAvOT925GG4lKV9HvAHsbecMhGPAqjhVRC26iZ\nUJC8oSWOu95lWJSX5ZhbiF6Nz192wDGV/VAh3Lxj8RYtcn75eDxQKTcKouDld+To\nCGIStPFWbR6rbysLuZqFVEXVOTvp2QIegInfrvnGC4j7Qpic7zrFB9HzJx+0HpeE\nyO4gkdzJfEK/gMmolUgJrKX59o+0+Rj+Jq3EtcQxL1fVBVJSx0NvpoR1eYpnHMr/\nrJKZkUUZ2xE86hrtpiP6OEYQTi00rmf4GnZF5QfGGD0xuoQXtR7Tu+XhKibXIhxc\nD4RzPLX1QS040PXvmMPLDb4YlUQ6V3Rs42JDvkkDwIMXZvn8awIDAQABo1MwUTAd\nBgNVHQ4EFgQURuo1CCZZAUv7xi02f2nC5tRbf18wHwYDVR0jBBgwFoAURuo1CCZZ\nAUv7xi02f2nC5tRbf18wDwYDVR0TAQH/BAUwAwEB/zANBgkqhkiG9w0BAQsFAAOC\nAQEAqx3tDxurnYr9EUPhF5/LlDPYM+VI7EgrKdRnuIqUlZI0tm3vOGME0te6dBTC\nYLNaHLW3m/4Tm4M2eg0Kpz6CxJfn3109G31dCi0xwzSDHf5TPUWvqIVhq5WRgMIf\nn8KYBlQSmqdJBRztUIQH/UPFnSbxymlS4s5qwDgTH5ag9EEBcnWsQ2LZjKi0eqve\nMaqAvvB+j8RGZzYY4re94bSJI42zIZ6nMWPtXwRuDc30xl/u+E0jWIgWbPwSd6Km\n3wnJnGiU2ezPGq3zEU+Rc39VVIFKQpciNeYuF3neHPJvYOf58qW2Z8s0VH0MR1x3\n3DoO/e30FIr9j+PRD+s5BPKF2A==\n-----END CERTIFICATE-----"}]}]}}
2026-08-22T01:32:34.1628877Z I0822 01:32:26.171398    4368 mockgcp_http.go:327] mockgcp response: GET https://certificatemanager.googleapis.com/v1/projects/mock-project/locations/global/operations/operation-1787362346169-1c7256c6-5f20-4733-8ca7-5c17c3a33b45 => 200
2026-08-22T01:32:34.1629905Z {"severity":"info","timestamp":"2026-08-22T01:32:26.182Z","msg":"processing request","operation":"UPDATE","handler":"state-into-spec validation","kind":"CertificateManagerTrustConfig","resource":{"name":"trustconfig-max-3cyafbchory5sly","namespace":"3cyafbchory5sly"}}
2026-08-22T01:32:34.1630800Z {"severity":"info","timestamp":"2026-08-22T01:32:26.182Z","msg":"processing request","operation":"UPDATE","handler":"unknown fields validation","kind":"CertificateManagerTrustConfig","resource":{"name":"trustconfig-max-3cyafbchory5sly","namespace":"3cyafbchory5sly"}}
2026-08-22T01:32:34.1631926Z {"severity":"info","timestamp":"2026-08-22T01:32:26.182Z","msg":"done processing request","operation":"UPDATE","handler":"state-into-spec validation","kind":"CertificateManagerTrustConfig","resource":{"name":"trustconfig-max-3cyafbchory5sly","namespace":"3cyafbchory5sly"},"result-code":200,"result-reason":""}
2026-08-22T01:32:34.1632961Z {"severity":"info","timestamp":"2026-08-22T01:32:26.182Z","msg":"done processing request","operation":"UPDATE","handler":"unknown fields validation","kind":"CertificateManagerTrustConfig","resource":{"name":"trustconfig-max-3cyafbchory5sly","namespace":"3cyafbchory5sly"},"result-code":200,"result-reason":""}
2026-08-22T01:32:34.1637388Z {"severity":"info","timestamp":"2026-08-22T01:32:26.192Z","msg":"structuredreporting OnReconcileEnd","controller":"certificatemanagertrustconfig-parent-controller","controllerGroup":"certificatemanager.cnrm.cloud.google.com","controllerKind":"CertificateManagerTrustConfig","CertificateManagerTrustConfig":{"name":"trustconfig-max-3cyafbchory5sly","namespace":"3cyafbchory5sly"},"namespace":"3cyafbchory5sly","name":"trustconfig-max-3cyafbchory5sly","reconcileID":"e70ee7cc-55a1-4ae4-b9da-86ffc242dcdf","object.kind":"CertificateManagerTrustConfig","object.name":"trustconfig-max-3cyafbchory5sly","result":{"Requeue":false,"RequeueAfter":0},"error":null}
2026-08-22T01:32:34.1638435Z {"severity":"info","timestamp":"2026-08-22T01:32:26.959Z","msg":"resource is ready","kind":"CertificateManagerTrustConfig","name":"trustconfig-max-3cyafbchory5sly"}
2026-08-22T01:32:34.1638881Z     samples.go:188: using server-side apply to update object
2026-08-22T01:32:34.1640505Z {"severity":"info","timestamp":"2026-08-22T01:32:26.971Z","msg":"processing request","operation":"UPDATE","handler":"unknown fields validation","kind":"CertificateManagerTrustConfig","resource":{"name":"trustconfig-max-3cyafbchory5sly","namespace":"3cyafbchory5sly"}}
2026-08-22T01:32:34.1642378Z {"severity":"info","timestamp":"2026-08-22T01:32:26.972Z","msg":"done processing request","operation":"UPDATE","handler":"unknown fields validation","kind":"CertificateManagerTrustConfig","resource":{"name":"trustconfig-max-3cyafbchory5sly","namespace":"3cyafbchory5sly"},"result-code":200,"result-reason":""}
2026-08-22T01:32:34.1644320Z {"severity":"info","timestamp":"2026-08-22T01:32:26.974Z","msg":"processing request","operation":"UPDATE","handler":"state-into-spec validation","kind":"CertificateManagerTrustConfig","resource":{"name":"trustconfig-max-3cyafbchory5sly","namespace":"3cyafbchory5sly"}}
2026-08-22T01:32:34.1646635Z {"severity":"info","timestamp":"2026-08-22T01:32:26.974Z","msg":"done processing request","operation":"UPDATE","handler":"state-into-spec validation","kind":"CertificateManagerTrustConfig","resource":{"name":"trustconfig-max-3cyafbchory5sly","namespace":"3cyafbchory5sly"},"result-code":200,"result-reason":""}
2026-08-22T01:32:34.1648249Z {"severity":"info","timestamp":"2026-08-22T01:32:26.984Z","msg":"resource status.observedGeneration is behind current generation","kind":"CertificateManagerTrustConfig","name":"trustconfig-max-3cyafbchory5sly","status.observedGeneration":1,"generation":2}
2026-08-22T01:32:34.1652450Z {"severity":"info","timestamp":"2026-08-22T01:32:26.988Z","msg":"structuredreporting OnReconcileStart","controller":"certificatemanagertrustconfig-parent-controller","controllerGroup":"certificatemanager.cnrm.cloud.google.com","controllerKind":"CertificateManagerTrustConfig","CertificateManagerTrustConfig":{"name":"trustconfig-max-3cyafbchory5sly","namespace":"3cyafbchory5sly"},"namespace":"3cyafbchory5sly","name":"trustconfig-max-3cyafbchory5sly","reconcileID":"5f350200-ae4c-4167-8c7c-e6c80bfb996b","object.kind":"CertificateManagerTrustConfig","object.name":"trustconfig-max-3cyafbchory5sly"}
2026-08-22T01:32:34.1655845Z I0822 01:32:26.988328    4368 mockgcp_http.go:298] mockgcp request: GET https://certificatemanager.googleapis.com/v1/projects/mock-project/locations/global/trustConfigs/trustconfig-max-3cyafbchory5sly?%24alt=json%3Benum-encoding%3Dint
2026-08-22T01:32:34.1678228Z I0822 01:32:26.988806    4368 methodcall.go:142] sent response 200 with body {"name":"projects/mock-project/locations/global/trustConfigs/trustconfig-max-3cyafbchory5sly","createTime":"2026-08-22T01:32:26.169627428Z","updateTime":"2026-08-22T01:32:26.169627428Z","labels":{"cnrm-test":"true","managed-by-cnrm":"true"},"description":"sample trust config description maximal","trustStores":[{"trustAnchors":[{"pemCertificate":"-----BEGIN CERTIFICATE-----\nMIIDDzCCAfegAwIBAgIUDOiCLH9QNMMYnjPZVf4VwO9blsEwDQYJKoZIhvcNAQEL\nBQAwFjEUMBIGA1UEAwwLZXhhbXBsZS5jb20wIBcNMjIwODI0MDg0MDUxWhgPMzAy\nMTEyMjUwODQwNTFaMBYxFDASBgNVBAMMC2V4YW1wbGUuY29tMIIBIjANBgkqhkiG\n9w0BAQEFAAOCAQ8AMIIBCgKCAQEAvOT925GG4lKV9HvAHsbecMhGPAqjhVRC26iZ\nUJC8oSWOu95lWJSX5ZhbiF6Nz192wDGV/VAh3Lxj8RYtcn75eDxQKTcKouDld+To\nCGIStPFWbR6rbysLuZqFVEXVOTvp2QIegInfrvnGC4j7Qpic7zrFB9HzJx+0HpeE\nyO4gkdzJfEK/gMmolUgJrKX59o+0+Rj+Jq3EtcQxL1fVBVJSx0NvpoR1eYpnHMr/\nrJKZkUUZ2xE86hrtpiP6OEYQTi00rmf4GnZF5QfGGD0xuoQXtR7Tu+XhKibXIhxc\nD4RzPLX1QS040PXvmMPLDb4YlUQ6V3Rs42JDvkkDwIMXZvn8awIDAQABo1MwUTAd\nBgNVHQ4EFgQURuo1CCZZAUv7xi02f2nC5tRbf18wHwYDVR0jBBgwFoAURuo1CCZZ\nAUv7xi02f2nC5tRbf18wDwYDVR0TAQH/BAUwAwEB/zANBgkqhkiG9w0BAQsFAAOC\nAQEAqx3tDxurnYr9EUPhF5/LlDPYM+VI7EgrKdRnuIqUlZI0tm3vOGME0te6dBTC\nYLNaHLW3m/4Tm4M2eg0Kpz6CxJfn3109G31dCi0xwzSDHf5TPUWvqIVhq5WRgMIf\nn8KYBlQSmqdJBRztUIQH/UPFnSbxymlS4s5qwDgTH5ag9EEBcnWsQ2LZjKi0eqve\nMaqAvvB+j8RGZzYY4re94bSJI42zIZ6nMWPtXwRuDc30xl/u+E0jWIgWbPwSd6Km\n3wnJnGiU2ezPGq3zEU+Rc39VVIFKQpciNeYuF3neHPJvYOf58qW2Z8s0VH0MR1x3\n3DoO/e30FIr9j+PRD+s5BPKF2A==\n-----END CERTIFICATE-----"}],"intermediateCas":[{"pemCertificate":"-----BEGIN CERTIFICATE-----\nMIIDDzCCAfegAwIBAgIUDOiCLH9QNMMYnjPZVf4VwO9blsEwDQYJKoZIhvcNAQEL\nBQAwFjEUMBIGA1UEAwwLZXhhbXBsZS5jb20wIBcNMjIwODI0MDg0MDUxWhgPMzAy\nMTEyMjUwODQwNTFaMBYxFDASBgNVBAMMC2V4YW1wbGUuY29tMIIBIjANBgkqhkiG\n9w0BAQEFAAOCAQ8AMIIBCgKCAQEAvOT925GG4lKV9HvAHsbecMhGPAqjhVRC26iZ\nUJC8oSWOu95lWJSX5ZhbiF6Nz192wDGV/VAh3Lxj8RYtcn75eDxQKTcKouDld+To\nCGIStPFWbR6rbysLuZqFVEXVOTvp2QIegInfrvnGC4j7Qpic7zrFB9HzJx+0HpeE\nyO4gkdzJfEK/gMmolUgJrKX59o+0+Rj+Jq3EtcQxL1fVBVJSx0NvpoR1eYpnHMr/\nrJKZkUUZ2xE86hrtpiP6OEYQTi00rmf4GnZF5QfGGD0xuoQXtR7Tu+XhKibXIhxc\nD4RzPLX1QS040PXvmMPLDb4YlUQ6V3Rs42JDvkkDwIMXZvn8awIDAQABo1MwUTAd\nBgNVHQ4EFgQURuo1CCZZAUv7xi02f2nC5tRbf18wHwYDVR0jBBgwFoAURuo1CCZZ\nAUv7xi02f2nC5tRbf18wDwYDVR0TAQH/BAUwAwEB/zANBgkqhkiG9w0BAQsFAAOC\nAQEAqx3tDxurnYr9EUPhF5/LlDPYM+VI7EgrKdRnuIqUlZI0tm3vOGME0te6dBTC\nYLNaHLW3m/4Tm4M2eg0Kpz6CxJfn3109G31dCi0xwzSDHf5TPUWvqIVhq5WRgMIf\nn8KYBlQSmqdJBRztUIQH/UPFnSbxymlS4s5qwDgTH5ag9EEBcnWsQ2LZjKi0eqve\nMaqAvvB+j8RGZzYY4re94bSJI42zIZ6nMWPtXwRuDc30xl/u+E0jWIgWbPwSd6Km\n3wnJnGiU2ezPGq3zEU+Rc39VVIFKQpciNeYuF3neHPJvYOf58qW2Z8s0VH0MR1x3\n3DoO/e30FIr9j+PRD+s5BPKF2A==\n-----END CERTIFICATE-----"}]}]}
2026-08-22T01:32:34.1679944Z I0822 01:32:26.988826    4368 mockgcp_http.go:327] mockgcp response: GET https://certificatemanager.googleapis.com/v1/projects/mock-project/locations/global/trustConfigs/trustconfig-max-3cyafbchory5sly?%24alt=json%3Benum-encoding%3Dint => 200
2026-08-22T01:32:34.1684966Z {"severity":"info","timestamp":"2026-08-22T01:32:26.989Z","msg":"structuredreporting OnDiff","controller":"certificatemanagertrustconfig-parent-controller","controllerGroup":"certificatemanager.cnrm.cloud.google.com","controllerKind":"CertificateManagerTrustConfig","CertificateManagerTrustConfig":{"name":"trustconfig-max-3cyafbchory5sly","namespace":"3cyafbchory5sly"},"namespace":"3cyafbchory5sly","name":"trustconfig-max-3cyafbchory5sly","reconcileID":"5f350200-ae4c-4167-8c7c-e6c80bfb996b","diff.controller":"direct","diff.fields":["description: sample trust config description maximal -> sample trust config description maximal updated"],"diff.isNewObject":false}
2026-08-22T01:32:34.1687047Z I0822 01:32:26.989514    4368 mockgcp_http.go:298] mockgcp request: PATCH https://certificatemanager.googleapis.com/v1/projects/mock-project/locations/global/trustConfigs/trustconfig-max-3cyafbchory5sly?%24alt=json%3Benum-encoding%3Dint&updateMask=description
2026-08-22T01:32:34.1690380Z I0822 01:32:26.990026    4368 methodcall.go:142] sent response 200 with body {"name":"projects/mock-project/locations/global/operations/operation-1787362346989-7c77ae65-0ec6-4335-aa6c-10a28d9c126b","metadata":{"@type":"type.googleapis.com/google.cloud.certificatemanager.v1.OperationMetadata","createTime":"2026-08-22T01:32:26.989872175Z","target":"projects/mock-project/locations/global/trustConfigs/trustconfig-max-3cyafbchory5sly","verb":"update","apiVersion":"v1"}}
2026-08-22T01:32:34.1692208Z I0822 01:32:26.990045    4368 mockgcp_http.go:327] mockgcp response: PATCH https://certificatemanager.googleapis.com/v1/projects/mock-project/locations/global/trustConfigs/trustconfig-max-3cyafbchory5sly?%24alt=json%3Benum-encoding%3Dint&updateMask=description => 200
2026-08-22T01:32:34.1693995Z I0822 01:32:26.990596    4368 mockgcp_http.go:298] mockgcp request: GET https://certificatemanager.googleapis.com/v1/projects/mock-project/locations/global/operations/operation-1787362346989-7c77ae65-0ec6-4335-aa6c-10a28d9c126b
2026-08-22T01:32:34.1719810Z I0822 01:32:26.990864    4368 methodcall.go:142] sent response 200 with body {"name":"projects/mock-project/locations/global/operations/operation-1787362346989-7c77ae65-0ec6-4335-aa6c-10a28d9c126b","metadata":{"@type":"type.googleapis.com/google.cloud.certificatemanager.v1.OperationMetadata","createTime":"2026-08-22T01:32:26.989872175Z","target":"projects/mock-project/locations/global/trustConfigs/trustconfig-max-3cyafbchory5sly","verb":"update","apiVersion":"v1"},"done":true,"response":{"@type":"type.googleapis.com/google.cloud.certificatemanager.v1.TrustConfig","name":"projects/mock-project/locations/global/trustConfigs/trustconfig-max-3cyafbchory5sly","createTime":"2026-08-22T01:32:26.169627428Z","updateTime":"2026-08-22T01:32:26.989872175Z","labels":{"cnrm-test":"true","managed-by-cnrm":"true"},"description":"sample trust config description maximal updated","trustStores":[{"trustAnchors":[{"pemCertificate":"-----BEGIN CERTIFICATE-----\nMIIDDzCCAfegAwIBAgIUDOiCLH9QNMMYnjPZVf4VwO9blsEwDQYJKoZIhvcNAQEL\nBQAwFjEUMBIGA1UEAwwLZXhhbXBsZS5jb20wIBcNMjIwODI0MDg0MDUxWhgPMzAy\nMTEyMjUwODQwNTFaMBYxFDASBgNVBAMMC2V4YW1wbGUuY29tMIIBIjANBgkqhkiG\n9w0BAQEFAAOCAQ8AMIIBCgKCAQEAvOT925GG4lKV9HvAHsbecMhGPAqjhVRC26iZ\nUJC8oSWOu95lWJSX5ZhbiF6Nz192wDGV/VAh3Lxj8RYtcn75eDxQKTcKouDld+To\nCGIStPFWbR6rbysLuZqFVEXVOTvp2QIegInfrvnGC4j7Qpic7zrFB9HzJx+0HpeE\nyO4gkdzJfEK/gMmolUgJrKX59o+0+Rj+Jq3EtcQxL1fVBVJSx0NvpoR1eYpnHMr/\nrJKZkUUZ2xE86hrtpiP6OEYQTi00rmf4GnZF5QfGGD0xuoQXtR7Tu+XhKibXIhxc\nD4RzPLX1QS040PXvmMPLDb4YlUQ6V3Rs42JDvkkDwIMXZvn8awIDAQABo1MwUTAd\nBgNVHQ4EFgQURuo1CCZZAUv7xi02f2nC5tRbf18wHwYDVR0jBBgwFoAURuo1CCZZ\nAUv7xi02f2nC5tRbf18wDwYDVR0TAQH/BAUwAwEB/zANBgkqhkiG9w0BAQsFAAOC\nAQEAqx3tDxurnYr9EUPhF5/LlDPYM+VI7EgrKdRnuIqUlZI0tm3vOGME0te6dBTC\nYLNaHLW3m/4Tm4M2eg0Kpz6CxJfn3109G31dCi0xwzSDHf5TPUWvqIVhq5WRgMIf\nn8KYBlQSmqdJBRztUIQH/UPFnSbxymlS4s5qwDgTH5ag9EEBcnWsQ2LZjKi0eqve\nMaqAvvB+j8RGZzYY4re94bSJI42zIZ6nMWPtXwRuDc30xl/u+E0jWIgWbPwSd6Km\n3wnJnGiU2ezPGq3zEU+Rc39VVIFKQpciNeYuF3neHPJvYOf58qW2Z8s0VH0MR1x3\n3DoO/e30FIr9j+PRD+s5BPKF2A==\n-----END CERTIFICATE-----"}],"intermediateCas":[{"pemCertificate":"-----BEGIN CERTIFICATE-----\nMIIDDzCCAfegAwIBAgIUDOiCLH9QNMMYnjPZVf4VwO9blsEwDQYJKoZIhvcNAQEL\nBQAwFjEUMBIGA1UEAwwLZXhhbXBsZS5jb20wIBcNMjIwODI0MDg0MDUxWhgPMzAy\nMTEyMjUwODQwNTFaMBYxFDASBgNVBAMMC2V4YW1wbGUuY29tMIIBIjANBgkqhkiG\n9w0BAQEFAAOCAQ8AMIIBCgKCAQEAvOT925GG4lKV9HvAHsbecMhGPAqjhVRC26iZ\nUJC8oSWOu95lWJSX5ZhbiF6Nz192wDGV/VAh3Lxj8RYtcn75eDxQKTcKouDld+To\nCGIStPFWbR6rbysLuZqFVEXVOTvp2QIegInfrvnGC4j7Qpic7zrFB9HzJx+0HpeE\nyO4gkdzJfEK/gMmolUgJrKX59o+0+Rj+Jq3EtcQxL1fVBVJSx0NvpoR1eYpnHMr/\nrJKZkUUZ2xE86hrtpiP6OEYQTi00rmf4GnZF5QfGGD0xuoQXtR7Tu+XhKibXIhxc\nD4RzPLX1QS040PXvmMPLDb4YlUQ6V3Rs42JDvkkDwIMXZvn8awIDAQABo1MwUTAd\nBgNVHQ4EFgQURuo1CCZZAUv7xi02f2nC5tRbf18wHwYDVR0jBBgwFoAURuo1CCZZ\nAUv7xi02f2nC5tRbf18wDwYDVR0TAQH/BAUwAwEB/zANBgkqhkiG9w0BAQsFAAOC\nAQEAqx3tDxurnYr9EUPhF5/LlDPYM+VI7EgrKdRnuIqUlZI0tm3vOGME0te6dBTC\nYLNaHLW3m/4Tm4M2eg0Kpz6CxJfn3109G31dCi0xwzSDHf5TPUWvqIVhq5WRgMIf\nn8KYBlQSmqdJBRztUIQH/UPFnSbxymlS4s5qwDgTH5ag9EEBcnWsQ2LZjKi0eqve\nMaqAvvB+j8RGZzYY4re94bSJI42zIZ6nMWPtXwRuDc30xl/u+E0jWIgWbPwSd6Km\n3wnJnGiU2ezPGq3zEU+Rc39VVIFKQpciNeYuF3neHPJvYOf58qW2Z8s0VH0MR1x3\n3DoO/e30FIr9j+PRD+s5BPKF2A==\n-----END CERTIFICATE-----"}]}]}}
2026-08-22T01:32:34.1721598Z I0822 01:32:26.990883    4368 mockgcp_http.go:327] mockgcp response: GET https://certificatemanager.googleapis.com/v1/projects/mock-project/locations/global/operations/operation-1787362346989-7c77ae65-0ec6-4335-aa6c-10a28d9c126b => 200
2026-08-22T01:32:34.1723252Z {"severity":"info","timestamp":"2026-08-22T01:32:27.000Z","msg":"processing request","operation":"UPDATE","handler":"state-into-spec validation","kind":"CertificateManagerTrustConfig","resource":{"name":"trustconfig-max-3cyafbchory5sly","namespace":"3cyafbchory5sly"}}
2026-08-22T01:32:34.1725445Z {"severity":"info","timestamp":"2026-08-22T01:32:27.001Z","msg":"done processing request","operation":"UPDATE","handler":"state-into-spec validation","kind":"CertificateManagerTrustConfig","resource":{"name":"trustconfig-max-3cyafbchory5sly","namespace":"3cyafbchory5sly"},"result-code":200,"result-reason":""}
2026-08-22T01:32:34.1727102Z {"severity":"info","timestamp":"2026-08-22T01:32:27.002Z","msg":"processing request","operation":"UPDATE","handler":"unknown fields validation","kind":"CertificateManagerTrustConfig","resource":{"name":"trustconfig-max-3cyafbchory5sly","namespace":"3cyafbchory5sly"}}
2026-08-22T01:32:34.1729125Z {"severity":"info","timestamp":"2026-08-22T01:32:27.003Z","msg":"done processing request","operation":"UPDATE","handler":"unknown fields validation","kind":"CertificateManagerTrustConfig","resource":{"name":"trustconfig-max-3cyafbchory5sly","namespace":"3cyafbchory5sly"},"result-code":200,"result-reason":""}
2026-08-22T01:32:34.1734517Z {"severity":"info","timestamp":"2026-08-22T01:32:27.014Z","msg":"structuredreporting OnReconcileEnd","controller":"certificatemanagertrustconfig-parent-controller","controllerGroup":"certificatemanager.cnrm.cloud.google.com","controllerKind":"CertificateManagerTrustConfig","CertificateManagerTrustConfig":{"name":"trustconfig-max-3cyafbchory5sly","namespace":"3cyafbchory5sly"},"namespace":"3cyafbchory5sly","name":"trustconfig-max-3cyafbchory5sly","reconcileID":"5f350200-ae4c-4167-8c7c-e6c80bfb996b","object.kind":"CertificateManagerTrustConfig","object.name":"trustconfig-max-3cyafbchory5sly","result":{"Requeue":false,"RequeueAfter":0},"error":null}
2026-08-22T01:32:34.1735656Z {"severity":"info","timestamp":"2026-08-22T01:32:27.988Z","msg":"resource is ready","kind":"CertificateManagerTrustConfig","name":"trustconfig-max-3cyafbchory5sly"}
2026-08-22T01:32:34.1737607Z     unified_test.go:737: Testing re-reconciliation... test name certificatemanagertrustconfig-maximal primary GVK certificatemanager.cnrm.cloud.google.com/v1alpha1, Kind=CertificateManagerTrustConfig
2026-08-22T01:32:34.1739366Z {"severity":"info","timestamp":"2026-08-22T01:32:28.001Z","msg":"processing request","operation":"UPDATE","handler":"unknown fields validation","kind":"CertificateManagerTrustConfig","resource":{"name":"trustconfig-max-3cyafbchory5sly","namespace":"3cyafbchory5sly"}}
2026-08-22T01:32:34.1741140Z {"severity":"info","timestamp":"2026-08-22T01:32:28.002Z","msg":"processing request","operation":"UPDATE","handler":"state-into-spec validation","kind":"CertificateManagerTrustConfig","resource":{"name":"trustconfig-max-3cyafbchory5sly","namespace":"3cyafbchory5sly"}}
2026-08-22T01:32:34.1743876Z {"severity":"info","timestamp":"2026-08-22T01:32:28.002Z","msg":"done processing request","operation":"UPDATE","handler":"unknown fields validation","kind":"CertificateManagerTrustConfig","resource":{"name":"trustconfig-max-3cyafbchory5sly","namespace":"3cyafbchory5sly"},"result-code":200,"result-reason":""}
2026-08-22T01:32:34.1745841Z {"severity":"info","timestamp":"2026-08-22T01:32:28.002Z","msg":"done processing request","operation":"UPDATE","handler":"state-into-spec validation","kind":"CertificateManagerTrustConfig","resource":{"name":"trustconfig-max-3cyafbchory5sly","namespace":"3cyafbchory5sly"},"result-code":200,"result-reason":""}
2026-08-22T01:32:34.1750294Z {"severity":"info","timestamp":"2026-08-22T01:32:28.009Z","msg":"structuredreporting OnReconcileStart","controller":"certificatemanagertrustconfig-parent-controller","controllerGroup":"certificatemanager.cnrm.cloud.google.com","controllerKind":"CertificateManagerTrustConfig","CertificateManagerTrustConfig":{"name":"trustconfig-max-3cyafbchory5sly","namespace":"3cyafbchory5sly"},"namespace":"3cyafbchory5sly","name":"trustconfig-max-3cyafbchory5sly","reconcileID":"e0ba1082-4ef6-4f35-a5a4-1245c3d416de","object.kind":"CertificateManagerTrustConfig","object.name":"trustconfig-max-3cyafbchory5sly"}
2026-08-22T01:32:34.1751889Z I0822 01:32:28.009334    4368 mockgcp_http.go:298] mockgcp request: GET https://certificatemanager.googleapis.com/v1/projects/mock-project/locations/global/trustConfigs/trustconfig-max-3cyafbchory5sly?%24alt=json%3Benum-encoding%3Dint
2026-08-22T01:32:34.1774211Z I0822 01:32:28.009820    4368 methodcall.go:142] sent response 200 with body {"name":"projects/mock-project/locations/global/trustConfigs/trustconfig-max-3cyafbchory5sly","createTime":"2026-08-22T01:32:26.169627428Z","updateTime":"2026-08-22T01:32:26.989872175Z","labels":{"cnrm-test":"true","managed-by-cnrm":"true"},"description":"sample trust config description maximal updated","trustStores":[{"trustAnchors":[{"pemCertificate":"-----BEGIN CERTIFICATE-----\nMIIDDzCCAfegAwIBAgIUDOiCLH9QNMMYnjPZVf4VwO9blsEwDQYJKoZIhvcNAQEL\nBQAwFjEUMBIGA1UEAwwLZXhhbXBsZS5jb20wIBcNMjIwODI0MDg0MDUxWhgPMzAy\nMTEyMjUwODQwNTFaMBYxFDASBgNVBAMMC2V4YW1wbGUuY29tMIIBIjANBgkqhkiG\n9w0BAQEFAAOCAQ8AMIIBCgKCAQEAvOT925GG4lKV9HvAHsbecMhGPAqjhVRC26iZ\nUJC8oSWOu95lWJSX5ZhbiF6Nz192wDGV/VAh3Lxj8RYtcn75eDxQKTcKouDld+To\nCGIStPFWbR6rbysLuZqFVEXVOTvp2QIegInfrvnGC4j7Qpic7zrFB9HzJx+0HpeE\nyO4gkdzJfEK/gMmolUgJrKX59o+0+Rj+Jq3EtcQxL1fVBVJSx0NvpoR1eYpnHMr/\nrJKZkUUZ2xE86hrtpiP6OEYQTi00rmf4GnZF5QfGGD0xuoQXtR7Tu+XhKibXIhxc\nD4RzPLX1QS040PXvmMPLDb4YlUQ6V3Rs42JDvkkDwIMXZvn8awIDAQABo1MwUTAd\nBgNVHQ4EFgQURuo1CCZZAUv7xi02f2nC5tRbf18wHwYDVR0jBBgwFoAURuo1CCZZ\nAUv7xi02f2nC5tRbf18wDwYDVR0TAQH/BAUwAwEB/zANBgkqhkiG9w0BAQsFAAOC\nAQEAqx3tDxurnYr9EUPhF5/LlDPYM+VI7EgrKdRnuIqUlZI0tm3vOGME0te6dBTC\nYLNaHLW3m/4Tm4M2eg0Kpz6CxJfn3109G31dCi0xwzSDHf5TPUWvqIVhq5WRgMIf\nn8KYBlQSmqdJBRztUIQH/UPFnSbxymlS4s5qwDgTH5ag9EEBcnWsQ2LZjKi0eqve\nMaqAvvB+j8RGZzYY4re94bSJI42zIZ6nMWPtXwRuDc30xl/u+E0jWIgWbPwSd6Km\n3wnJnGiU2ezPGq3zEU+Rc39VVIFKQpciNeYuF3neHPJvYOf58qW2Z8s0VH0MR1x3\n3DoO/e30FIr9j+PRD+s5BPKF2A==\n-----END CERTIFICATE-----"}],"intermediateCas":[{"pemCertificate":"-----BEGIN CERTIFICATE-----\nMIIDDzCCAfegAwIBAgIUDOiCLH9QNMMYnjPZVf4VwO9blsEwDQYJKoZIhvcNAQEL\nBQAwFjEUMBIGA1UEAwwLZXhhbXBsZS5jb20wIBcNMjIwODI0MDg0MDUxWhgPMzAy\nMTEyMjUwODQwNTFaMBYxFDASBgNVBAMMC2V4YW1wbGUuY29tMIIBIjANBgkqhkiG\n9w0BAQEFAAOCAQ8AMIIBCgKCAQEAvOT925GG4lKV9HvAHsbecMhGPAqjhVRC26iZ\nUJC8oSWOu95lWJSX5ZhbiF6Nz192wDGV/VAh3Lxj8RYtcn75eDxQKTcKouDld+To\nCGIStPFWbR6rbysLuZqFVEXVOTvp2QIegInfrvnGC4j7Qpic7zrFB9HzJx+0HpeE\nyO4gkdzJfEK/gMmolUgJrKX59o+0+Rj+Jq3EtcQxL1fVBVJSx0NvpoR1eYpnHMr/\nrJKZkUUZ2xE86hrtpiP6OEYQTi00rmf4GnZF5QfGGD0xuoQXtR7Tu+XhKibXIhxc\nD4RzPLX1QS040PXvmMPLDb4YlUQ6V3Rs42JDvkkDwIMXZvn8awIDAQABo1MwUTAd\nBgNVHQ4EFgQURuo1CCZZAUv7xi02f2nC5tRbf18wHwYDVR0jBBgwFoAURuo1CCZZ\nAUv7xi02f2nC5tRbf18wDwYDVR0TAQH/BAUwAwEB/zANBgkqhkiG9w0BAQsFAAOC\nAQEAqx3tDxurnYr9EUPhF5/LlDPYM+VI7EgrKdRnuIqUlZI0tm3vOGME0te6dBTC\nYLNaHLW3m/4Tm4M2eg0Kpz6CxJfn3109G31dCi0xwzSDHf5TPUWvqIVhq5WRgMIf\nn8KYBlQSmqdJBRztUIQH/UPFnSbxymlS4s5qwDgTH5ag9EEBcnWsQ2LZjKi0eqve\nMaqAvvB+j8RGZzYY4re94bSJI42zIZ6nMWPtXwRuDc30xl/u+E0jWIgWbPwSd6Km\n3wnJnGiU2ezPGq3zEU+Rc39VVIFKQpciNeYuF3neHPJvYOf58qW2Z8s0VH0MR1x3\n3DoO/e30FIr9j+PRD+s5BPKF2A==\n-----END CERTIFICATE-----"}]}]}
2026-08-22T01:32:34.1776191Z I0822 01:32:28.009838    4368 mockgcp_http.go:327] mockgcp response: GET https://certificatemanager.googleapis.com/v1/projects/mock-project/locations/global/trustConfigs/trustconfig-max-3cyafbchory5sly?%24alt=json%3Benum-encoding%3Dint => 200
2026-08-22T01:32:34.1777838Z {"severity":"info","timestamp":"2026-08-22T01:32:28.019Z","msg":"processing request","operation":"UPDATE","handler":"unknown fields validation","kind":"CertificateManagerTrustConfig","resource":{"name":"trustconfig-max-3cyafbchory5sly","namespace":"3cyafbchory5sly"}}
2026-08-22T01:32:34.1779779Z {"severity":"info","timestamp":"2026-08-22T01:32:28.019Z","msg":"processing request","operation":"UPDATE","handler":"state-into-spec validation","kind":"CertificateManagerTrustConfig","resource":{"name":"trustconfig-max-3cyafbchory5sly","namespace":"3cyafbchory5sly"}}
2026-08-22T01:32:34.1781780Z {"severity":"info","timestamp":"2026-08-22T01:32:28.019Z","msg":"done processing request","operation":"UPDATE","handler":"unknown fields validation","kind":"CertificateManagerTrustConfig","resource":{"name":"trustconfig-max-3cyafbchory5sly","namespace":"3cyafbchory5sly"},"result-code":200,"result-reason":""}
2026-08-22T01:32:34.1783994Z {"severity":"info","timestamp":"2026-08-22T01:32:28.020Z","msg":"done processing request","operation":"UPDATE","handler":"state-into-spec validation","kind":"CertificateManagerTrustConfig","resource":{"name":"trustconfig-max-3cyafbchory5sly","namespace":"3cyafbchory5sly"},"result-code":200,"result-reason":""}
2026-08-22T01:32:34.1788398Z {"severity":"info","timestamp":"2026-08-22T01:32:28.027Z","msg":"structuredreporting OnReconcileEnd","controller":"certificatemanagertrustconfig-parent-controller","controllerGroup":"certificatemanager.cnrm.cloud.google.com","controllerKind":"CertificateManagerTrustConfig","CertificateManagerTrustConfig":{"name":"trustconfig-max-3cyafbchory5sly","namespace":"3cyafbchory5sly"},"namespace":"3cyafbchory5sly","name":"trustconfig-max-3cyafbchory5sly","reconcileID":"e0ba1082-4ef6-4f35-a5a4-1245c3d416de","object.kind":"CertificateManagerTrustConfig","object.name":"trustconfig-max-3cyafbchory5sly","result":{"Requeue":false,"RequeueAfter":0},"error":null}
2026-08-22T01:32:34.1789477Z {"severity":"info","timestamp":"2026-08-22T01:32:30.010Z","msg":"Deleting resource","kind":"CertificateManagerTrustConfig","name":"trustconfig-max-3cyafbchory5sly"}
2026-08-22T01:32:34.1791154Z {"severity":"info","timestamp":"2026-08-22T01:32:30.017Z","logger":"certificatemanagertrustconfig-deletion-defender-controller","msg":"starting deletion defender finalization","resource":{"name":"trustconfig-max-3cyafbchory5sly","namespace":"3cyafbchory5sly"}}
2026-08-22T01:32:34.1795537Z {"severity":"info","timestamp":"2026-08-22T01:32:30.018Z","msg":"structuredreporting OnReconcileStart","controller":"certificatemanagertrustconfig-parent-controller","controllerGroup":"certificatemanager.cnrm.cloud.google.com","controllerKind":"CertificateManagerTrustConfig","CertificateManagerTrustConfig":{"name":"trustconfig-max-3cyafbchory5sly","namespace":"3cyafbchory5sly"},"namespace":"3cyafbchory5sly","name":"trustconfig-max-3cyafbchory5sly","reconcileID":"e7ffa03d-0a8c-4a11-b215-4c4ba6da146d","object.kind":"CertificateManagerTrustConfig","object.name":"trustconfig-max-3cyafbchory5sly"}
2026-08-22T01:32:34.1797091Z I0822 01:32:30.019227    4368 mockgcp_http.go:298] mockgcp request: GET https://certificatemanager.googleapis.com/v1/projects/mock-project/locations/global/trustConfigs/trustconfig-max-3cyafbchory5sly?%24alt=json%3Benum-encoding%3Dint
2026-08-22T01:32:34.1819172Z I0822 01:32:30.019732    4368 methodcall.go:142] sent response 200 with body {"name":"projects/mock-project/locations/global/trustConfigs/trustconfig-max-3cyafbchory5sly","createTime":"2026-08-22T01:32:26.169627428Z","updateTime":"2026-08-22T01:32:26.989872175Z","labels":{"cnrm-test":"true","managed-by-cnrm":"true"},"description":"sample trust config description maximal updated","trustStores":[{"trustAnchors":[{"pemCertificate":"-----BEGIN CERTIFICATE-----\nMIIDDzCCAfegAwIBAgIUDOiCLH9QNMMYnjPZVf4VwO9blsEwDQYJKoZIhvcNAQEL\nBQAwFjEUMBIGA1UEAwwLZXhhbXBsZS5jb20wIBcNMjIwODI0MDg0MDUxWhgPMzAy\nMTEyMjUwODQwNTFaMBYxFDASBgNVBAMMC2V4YW1wbGUuY29tMIIBIjANBgkqhkiG\n9w0BAQEFAAOCAQ8AMIIBCgKCAQEAvOT925GG4lKV9HvAHsbecMhGPAqjhVRC26iZ\nUJC8oSWOu95lWJSX5ZhbiF6Nz192wDGV/VAh3Lxj8RYtcn75eDxQKTcKouDld+To\nCGIStPFWbR6rbysLuZqFVEXVOTvp2QIegInfrvnGC4j7Qpic7zrFB9HzJx+0HpeE\nyO4gkdzJfEK/gMmolUgJrKX59o+0+Rj+Jq3EtcQxL1fVBVJSx0NvpoR1eYpnHMr/\nrJKZkUUZ2xE86hrtpiP6OEYQTi00rmf4GnZF5QfGGD0xuoQXtR7Tu+XhKibXIhxc\nD4RzPLX1QS040PXvmMPLDb4YlUQ6V3Rs42JDvkkDwIMXZvn8awIDAQABo1MwUTAd\nBgNVHQ4EFgQURuo1CCZZAUv7xi02f2nC5tRbf18wHwYDVR0jBBgwFoAURuo1CCZZ\nAUv7xi02f2nC5tRbf18wDwYDVR0TAQH/BAUwAwEB/zANBgkqhkiG9w0BAQsFAAOC\nAQEAqx3tDxurnYr9EUPhF5/LlDPYM+VI7EgrKdRnuIqUlZI0tm3vOGME0te6dBTC\nYLNaHLW3m/4Tm4M2eg0Kpz6CxJfn3109G31dCi0xwzSDHf5TPUWvqIVhq5WRgMIf\nn8KYBlQSmqdJBRztUIQH/UPFnSbxymlS4s5qwDgTH5ag9EEBcnWsQ2LZjKi0eqve\nMaqAvvB+j8RGZzYY4re94bSJI42zIZ6nMWPtXwRuDc30xl/u+E0jWIgWbPwSd6Km\n3wnJnGiU2ezPGq3zEU+Rc39VVIFKQpciNeYuF3neHPJvYOf58qW2Z8s0VH0MR1x3\n3DoO/e30FIr9j+PRD+s5BPKF2A==\n-----END CERTIFICATE-----"}],"intermediateCas":[{"pemCertificate":"-----BEGIN CERTIFICATE-----\nMIIDDzCCAfegAwIBAgIUDOiCLH9QNMMYnjPZVf4VwO9blsEwDQYJKoZIhvcNAQEL\nBQAwFjEUMBIGA1UEAwwLZXhhbXBsZS5jb20wIBcNMjIwODI0MDg0MDUxWhgPMzAy\nMTEyMjUwODQwNTFaMBYxFDASBgNVBAMMC2V4YW1wbGUuY29tMIIBIjANBgkqhkiG\n9w0BAQEFAAOCAQ8AMIIBCgKCAQEAvOT925GG4lKV9HvAHsbecMhGPAqjhVRC26iZ\nUJC8oSWOu95lWJSX5ZhbiF6Nz192wDGV/VAh3Lxj8RYtcn75eDxQKTcKouDld+To\nCGIStPFWbR6rbysLuZqFVEXVOTvp2QIegInfrvnGC4j7Qpic7zrFB9HzJx+0HpeE\nyO4gkdzJfEK/gMmolUgJrKX59o+0+Rj+Jq3EtcQxL1fVBVJSx0NvpoR1eYpnHMr/\nrJKZkUUZ2xE86hrtpiP6OEYQTi00rmf4GnZF5QfGGD0xuoQXtR7Tu+XhKibXIhxc\nD4RzPLX1QS040PXvmMPLDb4YlUQ6V3Rs42JDvkkDwIMXZvn8awIDAQABo1MwUTAd\nBgNVHQ4EFgQURuo1CCZZAUv7xi02f2nC5tRbf18wHwYDVR0jBBgwFoAURuo1CCZZ\nAUv7xi02f2nC5tRbf18wDwYDVR0TAQH/BAUwAwEB/zANBgkqhkiG9w0BAQsFAAOC\nAQEAqx3tDxurnYr9EUPhF5/LlDPYM+VI7EgrKdRnuIqUlZI0tm3vOGME0te6dBTC\nYLNaHLW3m/4Tm4M2eg0Kpz6CxJfn3109G31dCi0xwzSDHf5TPUWvqIVhq5WRgMIf\nn8KYBlQSmqdJBRztUIQH/UPFnSbxymlS4s5qwDgTH5ag9EEBcnWsQ2LZjKi0eqve\nMaqAvvB+j8RGZzYY4re94bSJI42zIZ6nMWPtXwRuDc30xl/u+E0jWIgWbPwSd6Km\n3wnJnGiU2ezPGq3zEU+Rc39VVIFKQpciNeYuF3neHPJvYOf58qW2Z8s0VH0MR1x3\n3DoO/e30FIr9j+PRD+s5BPKF2A==\n-----END CERTIFICATE-----"}]}]}
2026-08-22T01:32:34.1820909Z I0822 01:32:30.019753    4368 mockgcp_http.go:327] mockgcp response: GET https://certificatemanager.googleapis.com/v1/projects/mock-project/locations/global/trustConfigs/trustconfig-max-3cyafbchory5sly?%24alt=json%3Benum-encoding%3Dint => 200
2026-08-22T01:32:34.1825117Z {"severity":"info","timestamp":"2026-08-22T01:32:30.020Z","msg":"finalizing resource deletion","controller":"certificatemanagertrustconfig-parent-controller","controllerGroup":"certificatemanager.cnrm.cloud.google.com","controllerKind":"CertificateManagerTrustConfig","CertificateManagerTrustConfig":{"name":"trustconfig-max-3cyafbchory5sly","namespace":"3cyafbchory5sly"},"namespace":"3cyafbchory5sly","name":"trustconfig-max-3cyafbchory5sly","reconcileID":"e7ffa03d-0a8c-4a11-b215-4c4ba6da146d","resource":{"name":"trustconfig-max-3cyafbchory5sly","namespace":"3cyafbchory5sly"}}
2026-08-22T01:32:34.1829609Z {"severity":"info","timestamp":"2026-08-22T01:32:30.020Z","msg":"deletion defender has not yet finalized; cannot delete yet","controller":"certificatemanagertrustconfig-parent-controller","controllerGroup":"certificatemanager.cnrm.cloud.google.com","controllerKind":"CertificateManagerTrustConfig","CertificateManagerTrustConfig":{"name":"trustconfig-max-3cyafbchory5sly","namespace":"3cyafbchory5sly"},"namespace":"3cyafbchory5sly","name":"trustconfig-max-3cyafbchory5sly","reconcileID":"e7ffa03d-0a8c-4a11-b215-4c4ba6da146d","resource":{"name":"trustconfig-max-3cyafbchory5sly","namespace":"3cyafbchory5sly"}}
2026-08-22T01:32:34.1835328Z {"severity":"info","timestamp":"2026-08-22T01:32:30.020Z","msg":"structuredreporting OnReconcileEnd","controller":"certificatemanagertrustconfig-parent-controller","controllerGroup":"certificatemanager.cnrm.cloud.google.com","controllerKind":"CertificateManagerTrustConfig","CertificateManagerTrustConfig":{"name":"trustconfig-max-3cyafbchory5sly","namespace":"3cyafbchory5sly"},"namespace":"3cyafbchory5sly","name":"trustconfig-max-3cyafbchory5sly","reconcileID":"e7ffa03d-0a8c-4a11-b215-4c4ba6da146d","object.kind":"CertificateManagerTrustConfig","object.name":"trustconfig-max-3cyafbchory5sly","result":{"Requeue":false,"RequeueAfter":0},"error":null}
2026-08-22T01:32:34.1837260Z {"severity":"info","timestamp":"2026-08-22T01:32:30.023Z","msg":"processing request","operation":"UPDATE","handler":"state-into-spec validation","kind":"CertificateManagerTrustConfig","resource":{"name":"trustconfig-max-3cyafbchory5sly","namespace":"3cyafbchory5sly"}}
2026-08-22T01:32:34.1839043Z {"severity":"info","timestamp":"2026-08-22T01:32:30.023Z","msg":"processing request","operation":"UPDATE","handler":"unknown fields validation","kind":"CertificateManagerTrustConfig","resource":{"name":"trustconfig-max-3cyafbchory5sly","namespace":"3cyafbchory5sly"}}
2026-08-22T01:32:34.1840995Z {"severity":"info","timestamp":"2026-08-22T01:32:30.023Z","msg":"done processing request","operation":"UPDATE","handler":"state-into-spec validation","kind":"CertificateManagerTrustConfig","resource":{"name":"trustconfig-max-3cyafbchory5sly","namespace":"3cyafbchory5sly"},"result-code":200,"result-reason":""}
2026-08-22T01:32:34.1842961Z {"severity":"info","timestamp":"2026-08-22T01:32:30.023Z","msg":"done processing request","operation":"UPDATE","handler":"unknown fields validation","kind":"CertificateManagerTrustConfig","resource":{"name":"trustconfig-max-3cyafbchory5sly","namespace":"3cyafbchory5sly"},"result-code":200,"result-reason":""}
2026-08-22T01:32:34.1845154Z {"severity":"info","timestamp":"2026-08-22T01:32:30.026Z","logger":"certificatemanagertrustconfig-deletion-defender-controller","msg":"successfully finalized deletion defense","resource":{"name":"trustconfig-max-3cyafbchory5sly","namespace":"3cyafbchory5sly"}}
2026-08-22T01:32:34.1849356Z {"severity":"info","timestamp":"2026-08-22T01:32:30.029Z","msg":"structuredreporting OnReconcileStart","controller":"certificatemanagertrustconfig-parent-controller","controllerGroup":"certificatemanager.cnrm.cloud.google.com","controllerKind":"CertificateManagerTrustConfig","CertificateManagerTrustConfig":{"name":"trustconfig-max-3cyafbchory5sly","namespace":"3cyafbchory5sly"},"namespace":"3cyafbchory5sly","name":"trustconfig-max-3cyafbchory5sly","reconcileID":"17a96ccc-1834-4128-9663-4eb6ceabd172","object.kind":"CertificateManagerTrustConfig","object.name":"trustconfig-max-3cyafbchory5sly"}
2026-08-22T01:32:34.1851382Z I0822 01:32:30.029733    4368 mockgcp_http.go:298] mockgcp request: GET https://certificatemanager.googleapis.com/v1/projects/mock-project/locations/global/trustConfigs/trustconfig-max-3cyafbchory5sly?%24alt=json%3Benum-encoding%3Dint
2026-08-22T01:32:34.1874401Z I0822 01:32:30.030149    4368 methodcall.go:142] sent response 200 with body {"name":"projects/mock-project/locations/global/trustConfigs/trustconfig-max-3cyafbchory5sly","createTime":"2026-08-22T01:32:26.169627428Z","updateTime":"2026-08-22T01:32:26.989872175Z","labels":{"cnrm-test":"true","managed-by-cnrm":"true"},"description":"sample trust config description maximal updated","trustStores":[{"trustAnchors":[{"pemCertificate":"-----BEGIN CERTIFICATE-----\nMIIDDzCCAfegAwIBAgIUDOiCLH9QNMMYnjPZVf4VwO9blsEwDQYJKoZIhvcNAQEL\nBQAwFjEUMBIGA1UEAwwLZXhhbXBsZS5jb20wIBcNMjIwODI0MDg0MDUxWhgPMzAy\nMTEyMjUwODQwNTFaMBYxFDASBgNVBAMMC2V4YW1wbGUuY29tMIIBIjANBgkqhkiG\n9w0BAQEFAAOCAQ8AMIIBCgKCAQEAvOT925GG4lKV9HvAHsbecMhGPAqjhVRC26iZ\nUJC8oSWOu95lWJSX5ZhbiF6Nz192wDGV/VAh3Lxj8RYtcn75eDxQKTcKouDld+To\nCGIStPFWbR6rbysLuZqFVEXVOTvp2QIegInfrvnGC4j7Qpic7zrFB9HzJx+0HpeE\nyO4gkdzJfEK/gMmolUgJrKX59o+0+Rj+Jq3EtcQxL1fVBVJSx0NvpoR1eYpnHMr/\nrJKZkUUZ2xE86hrtpiP6OEYQTi00rmf4GnZF5QfGGD0xuoQXtR7Tu+XhKibXIhxc\nD4RzPLX1QS040PXvmMPLDb4YlUQ6V3Rs42JDvkkDwIMXZvn8awIDAQABo1MwUTAd\nBgNVHQ4EFgQURuo1CCZZAUv7xi02f2nC5tRbf18wHwYDVR0jBBgwFoAURuo1CCZZ\nAUv7xi02f2nC5tRbf18wDwYDVR0TAQH/BAUwAwEB/zANBgkqhkiG9w0BAQsFAAOC\nAQEAqx3tDxurnYr9EUPhF5/LlDPYM+VI7EgrKdRnuIqUlZI0tm3vOGME0te6dBTC\nYLNaHLW3m/4Tm4M2eg0Kpz6CxJfn3109G31dCi0xwzSDHf5TPUWvqIVhq5WRgMIf\nn8KYBlQSmqdJBRztUIQH/UPFnSbxymlS4s5qwDgTH5ag9EEBcnWsQ2LZjKi0eqve\nMaqAvvB+j8RGZzYY4re94bSJI42zIZ6nMWPtXwRuDc30xl/u+E0jWIgWbPwSd6Km\n3wnJnGiU2ezPGq3zEU+Rc39VVIFKQpciNeYuF3neHPJvYOf58qW2Z8s0VH0MR1x3\n3DoO/e30FIr9j+PRD+s5BPKF2A==\n-----END CERTIFICATE-----"}],"intermediateCas":[{"pemCertificate":"-----BEGIN CERTIFICATE-----\nMIIDDzCCAfegAwIBAgIUDOiCLH9QNMMYnjPZVf4VwO9blsEwDQYJKoZIhvcNAQEL\nBQAwFjEUMBIGA1UEAwwLZXhhbXBsZS5jb20wIBcNMjIwODI0MDg0MDUxWhgPMzAy\nMTEyMjUwODQwNTFaMBYxFDASBgNVBAMMC2V4YW1wbGUuY29tMIIBIjANBgkqhkiG\n9w0BAQEFAAOCAQ8AMIIBCgKCAQEAvOT925GG4lKV9HvAHsbecMhGPAqjhVRC26iZ\nUJC8oSWOu95lWJSX5ZhbiF6Nz192wDGV/VAh3Lxj8RYtcn75eDxQKTcKouDld+To\nCGIStPFWbR6rbysLuZqFVEXVOTvp2QIegInfrvnGC4j7Qpic7zrFB9HzJx+0HpeE\nyO4gkdzJfEK/gMmolUgJrKX59o+0+Rj+Jq3EtcQxL1fVBVJSx0NvpoR1eYpnHMr/\nrJKZkUUZ2xE86hrtpiP6OEYQTi00rmf4GnZF5QfGGD0xuoQXtR7Tu+XhKibXIhxc\nD4RzPLX1QS040PXvmMPLDb4YlUQ6V3Rs42JDvkkDwIMXZvn8awIDAQABo1MwUTAd\nBgNVHQ4EFgQURuo1CCZZAUv7xi02f2nC5tRbf18wHwYDVR0jBBgwFoAURuo1CCZZ\nAUv7xi02f2nC5tRbf18wDwYDVR0TAQH/BAUwAwEB/zANBgkqhkiG9w0BAQsFAAOC\nAQEAqx3tDxurnYr9EUPhF5/LlDPYM+VI7EgrKdRnuIqUlZI0tm3vOGME0te6dBTC\nYLNaHLW3m/4Tm4M2eg0Kpz6CxJfn3109G31dCi0xwzSDHf5TPUWvqIVhq5WRgMIf\nn8KYBlQSmqdJBRztUIQH/UPFnSbxymlS4s5qwDgTH5ag9EEBcnWsQ2LZjKi0eqve\nMaqAvvB+j8RGZzYY4re94bSJI42zIZ6nMWPtXwRuDc30xl/u+E0jWIgWbPwSd6Km\n3wnJnGiU2ezPGq3zEU+Rc39VVIFKQpciNeYuF3neHPJvYOf58qW2Z8s0VH0MR1x3\n3DoO/e30FIr9j+PRD+s5BPKF2A==\n-----END CERTIFICATE-----"}]}]}
2026-08-22T01:32:34.1876257Z I0822 01:32:30.030166    4368 mockgcp_http.go:327] mockgcp response: GET https://certificatemanager.googleapis.com/v1/projects/mock-project/locations/global/trustConfigs/trustconfig-max-3cyafbchory5sly?%24alt=json%3Benum-encoding%3Dint => 200
2026-08-22T01:32:34.1880286Z {"severity":"info","timestamp":"2026-08-22T01:32:30.030Z","msg":"finalizing resource deletion","controller":"certificatemanagertrustconfig-parent-controller","controllerGroup":"certificatemanager.cnrm.cloud.google.com","controllerKind":"CertificateManagerTrustConfig","CertificateManagerTrustConfig":{"name":"trustconfig-max-3cyafbchory5sly","namespace":"3cyafbchory5sly"},"namespace":"3cyafbchory5sly","name":"trustconfig-max-3cyafbchory5sly","reconcileID":"17a96ccc-1834-4128-9663-4eb6ceabd172","resource":{"name":"trustconfig-max-3cyafbchory5sly","namespace":"3cyafbchory5sly"}}
2026-08-22T01:32:34.1885188Z {"severity":"info","timestamp":"2026-08-22T01:32:30.030Z","msg":"deleting underlying resource","controller":"certificatemanagertrustconfig-parent-controller","controllerGroup":"certificatemanager.cnrm.cloud.google.com","controllerKind":"CertificateManagerTrustConfig","CertificateManagerTrustConfig":{"name":"trustconfig-max-3cyafbchory5sly","namespace":"3cyafbchory5sly"},"namespace":"3cyafbchory5sly","name":"trustconfig-max-3cyafbchory5sly","reconcileID":"17a96ccc-1834-4128-9663-4eb6ceabd172","resource":{"name":"trustconfig-max-3cyafbchory5sly","namespace":"3cyafbchory5sly"}}
2026-08-22T01:32:34.1886800Z I0822 01:32:30.030574    4368 mockgcp_http.go:298] mockgcp request: DELETE https://certificatemanager.googleapis.com/v1/projects/mock-project/locations/global/trustConfigs/trustconfig-max-3cyafbchory5sly?%24alt=json%3Benum-encoding%3Dint
2026-08-22T01:32:34.1890011Z I0822 01:32:30.030939    4368 methodcall.go:142] sent response 200 with body {"name":"projects/mock-project/locations/global/operations/operation-1787362350030-ea1b9b53-8f53-4b49-8c0e-648c95693455","metadata":{"@type":"type.googleapis.com/google.cloud.certificatemanager.v1.OperationMetadata","createTime":"2026-08-22T01:32:30.030742214Z","target":"projects/mock-project/locations/global/trustConfigs/trustconfig-max-3cyafbchory5sly","verb":"delete","apiVersion":"v1"}}
2026-08-22T01:32:34.1891908Z I0822 01:32:30.030954    4368 mockgcp_http.go:327] mockgcp response: DELETE https://certificatemanager.googleapis.com/v1/projects/mock-project/locations/global/trustConfigs/trustconfig-max-3cyafbchory5sly?%24alt=json%3Benum-encoding%3Dint => 200
2026-08-22T01:32:34.1894120Z I0822 01:32:30.031218    4368 mockgcp_http.go:298] mockgcp request: GET https://certificatemanager.googleapis.com/v1/projects/mock-project/locations/global/operations/operation-1787362350030-ea1b9b53-8f53-4b49-8c0e-648c95693455
2026-08-22T01:32:34.1898211Z I0822 01:32:30.031515    4368 methodcall.go:142] sent response 200 with body {"name":"projects/mock-project/locations/global/operations/operation-1787362350030-ea1b9b53-8f53-4b49-8c0e-648c95693455","metadata":{"@type":"type.googleapis.com/google.cloud.certificatemanager.v1.OperationMetadata","createTime":"2026-08-22T01:32:30.030742214Z","target":"projects/mock-project/locations/global/trustConfigs/trustconfig-max-3cyafbchory5sly","verb":"delete","apiVersion":"v1"},"done":true,"response":{"@type":"type.googleapis.com/google.protobuf.Empty","value":{}}}
2026-08-22T01:32:34.1899813Z I0822 01:32:30.031528    4368 mockgcp_http.go:327] mockgcp response: GET https://certificatemanager.googleapis.com/v1/projects/mock-project/locations/global/operations/operation-1787362350030-ea1b9b53-8f53-4b49-8c0e-648c95693455 => 200
2026-08-22T01:32:34.1901472Z {"severity":"info","timestamp":"2026-08-22T01:32:30.041Z","msg":"processing request","operation":"UPDATE","handler":"unknown fields validation","kind":"CertificateManagerTrustConfig","resource":{"name":"trustconfig-max-3cyafbchory5sly","namespace":"3cyafbchory5sly"}}
2026-08-22T01:32:34.1903167Z {"severity":"info","timestamp":"2026-08-22T01:32:30.041Z","msg":"processing request","operation":"UPDATE","handler":"state-into-spec validation","kind":"CertificateManagerTrustConfig","resource":{"name":"trustconfig-max-3cyafbchory5sly","namespace":"3cyafbchory5sly"}}
2026-08-22T01:32:34.1905407Z {"severity":"info","timestamp":"2026-08-22T01:32:30.042Z","msg":"done processing request","operation":"UPDATE","handler":"state-into-spec validation","kind":"CertificateManagerTrustConfig","resource":{"name":"trustconfig-max-3cyafbchory5sly","namespace":"3cyafbchory5sly"},"result-code":200,"result-reason":""}
2026-08-22T01:32:34.1907360Z {"severity":"info","timestamp":"2026-08-22T01:32:30.042Z","msg":"done processing request","operation":"UPDATE","handler":"unknown fields validation","kind":"CertificateManagerTrustConfig","resource":{"name":"trustconfig-max-3cyafbchory5sly","namespace":"3cyafbchory5sly"},"result-code":200,"result-reason":""}
2026-08-22T01:32:34.1909156Z {"severity":"info","timestamp":"2026-08-22T01:32:30.046Z","logger":"certificatemanagertrustconfig-deletion-defender-controller","msg":"resource not found in API server; finishing reconcile","resource":{"name":"trustconfig-max-3cyafbchory5sly","namespace":"3cyafbchory5sly"}}
2026-08-22T01:32:34.1913895Z {"severity":"info","timestamp":"2026-08-22T01:32:30.046Z","msg":"structuredreporting OnReconcileEnd","controller":"certificatemanagertrustconfig-parent-controller","controllerGroup":"certificatemanager.cnrm.cloud.google.com","controllerKind":"CertificateManagerTrustConfig","CertificateManagerTrustConfig":{"name":"trustconfig-max-3cyafbchory5sly","namespace":"3cyafbchory5sly"},"namespace":"3cyafbchory5sly","name":"trustconfig-max-3cyafbchory5sly","reconcileID":"17a96ccc-1834-4128-9663-4eb6ceabd172","object.kind":"CertificateManagerTrustConfig","object.name":"trustconfig-max-3cyafbchory5sly","result":{"Requeue":false,"RequeueAfter":0},"error":null}
2026-08-22T01:32:34.1915108Z {"severity":"info","timestamp":"2026-08-22T01:32:31.020Z","msg":"Done waiting for resource to delete","kind":"CertificateManagerTrustConfig","name":"trustconfig-max-3cyafbchory5sly"}
2026-08-22T01:32:34.1917362Z     utils.go:165: FAIL: unexpected diff in /home/runner/work/k8s-config-connector/k8s-config-connector/pkg/test/resourcefixture/testdata/basic/certificatemanager/v1alpha1/certificatemanagertrustconfig/certificatemanagertrustconfig-maximal/_http_mock.log:   string(
2026-08-22T01:32:34.1917843Z         - 	"",
2026-08-22T01:32:34.1920635Z         + 	"GET https://certificatemanager.googleapis.com/v1/projects/${projectId}/locations/global/trustConfigs/trustconfig-max-${uniqueId}?%24alt=json%3Benum-encoding%3Dint\nContent-Type: application/json\nUser-Agent: kcc/${kccVersion} (+https://github.com/GoogleCloud"...,
2026-08-22T01:32:34.1920887Z           )
2026-08-22T01:32:34.1923102Z     utils.go:175: wrote updated golden output to /home/runner/work/k8s-config-connector/k8s-config-connector/pkg/test/resourcefixture/testdata/basic/certificatemanager/v1alpha1/certificatemanagertrustconfig/certificatemanagertrustconfig-maximal/_http_mock.log
2026-08-22T01:32:34.1923911Z     harness.go:768: waiting for controller-runtime manager shutdown
2026-08-22T01:32:34.1925055Z {"severity":"info","timestamp":"2026-08-22T01:32:31.027Z","logger":"controller-runtime.webhook","msg":"Shutting down webhook server with timeout of 1 minute"}
2026-08-22T01:32:34.1925478Z 2026/08/22 01:32:31 [DEBUG] parent context canceled, cleaning up batcher batches
2026-08-22T01:32:34.1925719Z 2026/08/22 01:32:31 [DEBUG] Stopping batcher "IAM"
2026-08-22T01:32:34.1926350Z {"severity":"info","timestamp":"2026-08-22T01:32:31.027Z","msg":"Stopping and waiting for non leader election runnables"}
2026-08-22T01:32:34.1928387Z I0822 01:32:31.027838    4368 reflector.go:556] "Warning: watch ended with error" reflector="pkg/mod/k8s.io/client-go@v0.33.10/tools/cache/reflector.go:285" type="*v1.CustomResourceDefinition" err="an error on the server (\"unable to decode an event from the watch stream: context canceled\") has prevented the request from succeeding"
2026-08-22T01:32:34.1929032Z {"severity":"info","timestamp":"2026-08-22T01:32:31.027Z","msg":"Stopping and waiting for leader election runnables"}
2026-08-22T01:32:34.1931053Z I0822 01:32:31.027846    4368 reflector.go:556] "Warning: watch ended with error" reflector="pkg/mod/k8s.io/client-go@v0.33.10/tools/cache/reflector.go:285" type="*v1beta1.ConfigConnectorContext" err="an error on the server (\"unable to decode an event from the watch stream: context canceled\") has prevented the request from succeeding"
2026-08-22T01:32:34.1931468Z 2026/08/22 01:32:31 [DEBUG] parent context canceled, cleaning up batcher batches
2026-08-22T01:32:34.1931760Z 2026/08/22 01:32:31 [DEBUG] Stopping batcher "Service Usage"
2026-08-22T01:32:34.1932316Z {"severity":"info","timestamp":"2026-08-22T01:32:31.027Z","msg":"Stopping and waiting for caches"}
2026-08-22T01:32:34.1932857Z {"severity":"info","timestamp":"2026-08-22T01:32:31.027Z","msg":"Stopping and waiting for webhooks"}
2026-08-22T01:32:34.1933389Z {"severity":"info","timestamp":"2026-08-22T01:32:32.125Z","msg":"Stopping and waiting for HTTP servers"}
2026-08-22T01:32:34.1934328Z {"severity":"info","timestamp":"2026-08-22T01:32:32.125Z","msg":"Wait completed, proceeding to shutdown the manager"}
2026-08-22T01:32:34.1935626Z     harness.go:770: controller-runtime manager is shutdown
2026-08-22T01:32:34.1935826Z === NAME  TestAllInSeries
2026-08-22T01:32:34.1936183Z     unified_test.go:198: shutting down manager
2026-08-22T01:32:34.1936392Z --- FAIL: TestAllInSeries (21.29s)
2026-08-22T01:32:34.1936717Z     --- FAIL: TestAllInSeries/fixtures (21.29s)
2026-08-22T01:32:34.1938634Z         --- FAIL: TestAllInSeries/fixtures/pkg/test/resourcefixture/testdata/basic/certificatemanager/v1alpha1/certificatemanagertrustconfig/certificatemanagertrustconfig-maximal (20.85s)
2026-08-22T01:32:34.1938798Z FAIL
2026-08-22T01:32:34.1940039Z --- END LOGS FOR FAILING TEST pkg/test/resourcefixture/testdata/basic/certificatemanager/v1alpha1/certificatemanagertrustconfig/certificatemanagertrustconfig-maximal ---
2026-08-22T01:32:40.9589462Z PASS: pkg/test/resourcefixture/testdata/basic/certificatemanager/v1alpha1/certificatemanagercertificateissuanceconfig (29.333s)
2026-08-22T01:32:49.8550751Z PASS: pkg/test/resourcefixture/testdata/basic/certificatemanager/v1beta1/certificatemanagerdnsauthorization/certificatemanagerdnsauthorization-full (17.569s)
2026-08-22T01:32:51.3509160Z PASS: pkg/test/resourcefixture/testdata/basic/certificatemanager/v1beta1/certificatemanagerdnsauthorization/certificatemanagerdnsauthorization-perproject (17.986s)
2026-08-22T01:32:51.4929893Z PASS: pkg/test/resourcefixture/testdata/basic/certificatemanager/v1beta1/certificatemanagercertificatemap (39.87s)
2026-08-22T01:32:52.3366350Z PASS: pkg/test/resourcefixture/testdata/basic/certificatemanager/v1beta1/certificatemanagerdnsauthorization/certificatemanagerdnsauthorization-minimal (19.405s)
2026-08-22T01:32:54.8631411Z PASS: pkg/test/resourcefixture/testdata/basic/certificatemanager/v1beta1/certificatemanagercertificate/certificatemanagercertificateselfmanaged (43.237s)
2026-08-22T01:32:57.4837299Z PASS: pkg/test/resourcefixture/testdata/basic/certificatemanager/v1beta1/certificatemanagercertificatemapentry/certificatemanagercertificatemapentry (45.858s)
2026-08-22T01:33:01.0146901Z PASS: pkg/test/resourcefixture/testdata/basic/certificatemanager/v1beta1/certificatemanagercertificate/certificatemanagercertificatemanageddns (49.393s)
2026-08-22T01:33:09.3419857Z PASS: pkg/test/resourcefixture/testdata/kompanion/certificatemanagercertificate-kompanion (28.384s)
2026-08-22T01:33:09.3420853Z Running catch-all to find any new tests...
2026-08-22T01:33:09.6028507Z Catch-all succeeded in 261ms
2026-08-22T01:33:09.6033234Z <hint_for_agent>Run 'dev/ci/presubmits/tests-e2e-fixtures-suite' to fix.</hint_for_agent>
2026-08-22T01:33:09.6045084Z ##[error]Process completed with exit code 1.
2026-08-22T01:33:09.6103141Z Node 20 is being deprecated. This workflow is running with Node 24 by default. If you need to temporarily use Node 20, you can set the ACTIONS_ALLOW_USE_UNSECURE_NODE_VERSION=true environment variable. For more information see: https://github.blog/changelog/2025-09-19-deprecation-of-node-20-on-github-actions-runners/
2026-08-22T01:33:09.6104837Z ##[group]Run actions/upload-artifact@4cec3d8aa04e39d1a68397de0c4cd6fb9dce8ec1
2026-08-22T01:33:09.6105249Z with:
2026-08-22T01:33:09.6105518Z   name: artifacts-priority-e2e-fixtures-certificatemanager
2026-08-22T01:33:09.6105856Z   path: /tmp/artifacts/
2026-08-22T01:33:09.6106089Z   if-no-files-found: warn
2026-08-22T01:33:09.6106315Z   compression-level: 6
2026-08-22T01:33:09.6106525Z   overwrite: false
2026-08-22T01:33:09.6106736Z   include-hidden-files: false
2026-08-22T01:33:09.6106961Z env:
2026-08-22T01:33:09.6107217Z   CLOUDSDK_METRICS_ENVIRONMENT: github-actions-setup-gcloud
2026-08-22T01:33:09.6107601Z   CLOUDSDK_METRICS_ENVIRONMENT_VERSION: 2.1.4
2026-08-22T01:33:09.6107875Z ##[endgroup]
2026-08-22T01:33:09.7726838Z (node:5158) [DEP0040] DeprecationWarning: The `punycode` module is deprecated. Please use a userland alternative instead.
2026-08-22T01:33:09.7727580Z (Use `node --trace-deprecation ...` to show where the warning was created)
2026-08-22T01:33:09.7903096Z With the provided path, there will be 13 files uploaded
2026-08-22T01:33:09.7908668Z Artifact name is valid!
2026-08-22T01:33:09.7909402Z Root directory input is valid!
2026-08-22T01:33:09.9917365Z Beginning upload of artifact content to blob storage
2026-08-22T01:33:10.2081355Z (node:5158) [DEP0169] DeprecationWarning: `url.parse()` behavior is not standardized and prone to errors that have security implications. Use the WHATWG URL API instead. CVEs are not issued for `url.parse()` vulnerabilities.
2026-08-22T01:33:10.3172301Z Uploaded bytes 1306398
2026-08-22T01:33:10.3362945Z Finished uploading artifact content to blob storage!
2026-08-22T01:33:10.3364365Z SHA256 hash of uploaded artifact zip is 3dcaf29bd05ba4cccd61a7fe32064a3dfea098cb8492e8b7bccfa65216f15877
2026-08-22T01:33:10.3366351Z Finalizing artifact upload
2026-08-22T01:33:10.5344581Z Artifact artifacts-priority-e2e-fixtures-certificatemanager.zip successfully finalized. Artifact ID 9467826134
2026-08-22T01:33:10.5346462Z Artifact artifacts-priority-e2e-fixtures-certificatemanager has been successfully uploaded! Final size is 1306398 bytes. Artifact ID is 9467826134
2026-08-22T01:33:10.5352354Z Artifact download URL: https://github.com/GoogleCloudPlatform/k8s-config-connector/actions/runs/32543509155/artifacts/9467826134
2026-08-22T01:33:10.5565230Z Node 20 is being deprecated. This workflow is running with Node 24 by default. If you need to temporarily use Node 20, you can set the ACTIONS_ALLOW_USE_UNSECURE_NODE_VERSION=true environment variable. For more information see: https://github.blog/changelog/2025-09-19-deprecation-of-node-20-on-github-actions-runners/
2026-08-22T01:33:10.5566474Z Post job cleanup.
2026-08-22T01:33:10.6405885Z [command]/usr/bin/git version
2026-08-22T01:33:10.6474374Z git version 2.55.0
2026-08-22T01:33:10.6514490Z Temporarily overriding HOME='/home/runner/work/_temp/4b380008-226c-4c5c-8f6e-47d789740626' before making global git config changes
2026-08-22T01:33:10.6515935Z Adding repository directory to the temporary git global config as a safe directory
2026-08-22T01:33:10.6521082Z [command]/usr/bin/git config --global --add safe.directory /home/runner/work/k8s-config-connector/k8s-config-connector
2026-08-22T01:33:10.6558121Z [command]/usr/bin/git config --local --name-only --get-regexp core\.sshCommand
2026-08-22T01:33:10.6594967Z [command]/usr/bin/git submodule foreach --recursive sh -c "git config --local --name-only --get-regexp 'core\.sshCommand' && git config --local --unset-all 'core.sshCommand' || :"
2026-08-22T01:33:10.6861372Z [command]/usr/bin/git config --local --name-only --get-regexp http\.https\:\/\/github\.com\/\.extraheader
2026-08-22T01:33:10.6891420Z http.https://github.com/.extraheader
2026-08-22T01:33:10.6902376Z [command]/usr/bin/git config --local --unset-all http.https://github.com/.extraheader
2026-08-22T01:33:10.6933238Z [command]/usr/bin/git submodule foreach --recursive sh -c "git config --local --name-only --get-regexp 'http\.https\:\/\/github\.com\/\.extraheader' && git config --local --unset-all 'http.https://github.com/.extraheader' || :"
2026-08-22T01:33:10.7313366Z Cleaning up orphan processes
2026-08-22T01:33:10.7689243Z ##[warning]Node.js 20 is deprecated. The following actions target Node.js 20 but are being forced to run on Node.js 24: actions/checkout@11bd71901bbe5b1630ceea73d27597364c9af683, actions/download-artifact@fa0a91b85d4f404e444e00e005971372dc801d16, actions/setup-go@f111f3307d8850f501ac008e886eec1fd1932a34, actions/upload-artifact@4cec3d8aa04e39d1a68397de0c4cd6fb9dce8ec1, google-github-actions/setup-gcloud@77e7a554d41e2ee56fc945c52dfd3f33d12def9a. For more information see: https://github.blog/changelog/2025-09-19-deprecation-of-node-20-on-github-actions-runners/
