2026-08-11T22:40:24.4567409Z Current runner version: '2.336.0'
2026-08-11T22:40:24.4594226Z ##[group]Runner Image Provisioner
2026-08-11T22:40:24.4595146Z Hosted Compute Agent
2026-08-11T22:40:24.4595753Z Version: 20260707.563
2026-08-11T22:40:24.4596461Z Commit: 02667638d2b423fbc733a8e32a88b44996a3ba6e
2026-08-11T22:40:24.4597205Z Build Date: 2026-07-07T19:33:50Z
2026-08-11T22:40:24.4598026Z Worker ID: {35a737e8-f528-457b-9983-79c08d17a679}
2026-08-11T22:40:24.4598782Z Azure Region: westcentralus
2026-08-11T22:40:24.4599412Z ##[endgroup]
2026-08-11T22:40:24.4600803Z ##[group]Operating System
2026-08-11T22:40:24.4601477Z Ubuntu
2026-08-11T22:40:24.4601994Z 24.04.4
2026-08-11T22:40:24.4602830Z LTS
2026-08-11T22:40:24.4603361Z ##[endgroup]
2026-08-11T22:40:24.4603946Z ##[group]Runner Image
2026-08-11T22:40:24.4604588Z Image: ubuntu-24.04
2026-08-11T22:40:24.4605210Z Version: 20260720.247.2
2026-08-11T22:40:24.4606569Z Included Software: https://github.com/actions/runner-images/blob/ubuntu24/20260720.247/images/ubuntu/Ubuntu2404-Readme.md
2026-08-11T22:40:24.4608084Z Image Release: https://github.com/actions/runner-images/releases/tag/ubuntu24%2F20260720.247
2026-08-11T22:40:24.4609117Z ##[endgroup]
2026-08-11T22:40:24.4610280Z ##[group]GITHUB_TOKEN Permissions
2026-08-11T22:40:24.4612299Z Contents: read
2026-08-11T22:40:24.4613142Z Metadata: read
2026-08-11T22:40:24.4613797Z ##[endgroup]
2026-08-11T22:40:24.4616043Z Secret source: None
2026-08-11T22:40:24.4617190Z Prepare workflow directory
2026-08-11T22:40:24.5008519Z Prepare all required actions
2026-08-11T22:40:24.5057956Z Getting action download info
2026-08-11T22:40:24.8693890Z Download action repository 'actions/checkout@11bd71901bbe5b1630ceea73d27597364c9af683' (SHA:11bd71901bbe5b1630ceea73d27597364c9af683)
2026-08-11T22:40:25.0442312Z Download action repository 'actions/setup-go@f111f3307d8850f501ac008e886eec1fd1932a34' (SHA:f111f3307d8850f501ac008e886eec1fd1932a34)
2026-08-11T22:40:25.8070834Z Download action repository 'actions/download-artifact@fa0a91b85d4f404e444e00e005971372dc801d16' (SHA:fa0a91b85d4f404e444e00e005971372dc801d16)
2026-08-11T22:40:26.5940379Z Download action repository 'google-github-actions/setup-gcloud@77e7a554d41e2ee56fc945c52dfd3f33d12def9a' (SHA:77e7a554d41e2ee56fc945c52dfd3f33d12def9a)
2026-08-11T22:40:27.0857614Z Download action repository 'actions/upload-artifact@4cec3d8aa04e39d1a68397de0c4cd6fb9dce8ec1' (SHA:4cec3d8aa04e39d1a68397de0c4cd6fb9dce8ec1)
2026-08-11T22:40:27.3899560Z Complete job name: tests-e2e-fixtures-networksecurity
2026-08-11T22:40:27.4583411Z Node 20 is being deprecated. This workflow is running with Node 24 by default. If you need to temporarily use Node 20, you can set the ACTIONS_ALLOW_USE_UNSECURE_NODE_VERSION=true environment variable. For more information see: https://github.blog/changelog/2025-09-19-deprecation-of-node-20-on-github-actions-runners/
2026-08-11T22:40:27.4591824Z ##[group]Run actions/checkout@11bd71901bbe5b1630ceea73d27597364c9af683
2026-08-11T22:40:27.4592574Z with:
2026-08-11T22:40:27.4592861Z   repository: GoogleCloudPlatform/k8s-config-connector
2026-08-11T22:40:27.4595975Z   token: ***
2026-08-11T22:40:27.4596208Z   ssh-strict: true
2026-08-11T22:40:27.4596428Z   ssh-user: git
2026-08-11T22:40:27.4596651Z   persist-credentials: true
2026-08-11T22:40:27.4596890Z   clean: true
2026-08-11T22:40:27.4597119Z   sparse-checkout-cone-mode: true
2026-08-11T22:40:27.4597392Z   fetch-depth: 1
2026-08-11T22:40:27.4597612Z   fetch-tags: false
2026-08-11T22:40:27.4597822Z   show-progress: true
2026-08-11T22:40:27.4598093Z   lfs: false
2026-08-11T22:40:27.4598298Z   submodules: false
2026-08-11T22:40:27.4598524Z   set-safe-directory: true
2026-08-11T22:40:27.4598963Z ##[endgroup]
2026-08-11T22:40:27.5670682Z Syncing repository: GoogleCloudPlatform/k8s-config-connector
2026-08-11T22:40:27.5672278Z ##[group]Getting Git version info
2026-08-11T22:40:27.5673124Z Working directory is '/home/runner/work/k8s-config-connector/k8s-config-connector'
2026-08-11T22:40:27.5673805Z [command]/usr/bin/git version
2026-08-11T22:40:27.5718985Z git version 2.54.0
2026-08-11T22:40:27.5740390Z ##[endgroup]
2026-08-11T22:40:27.5756291Z Temporarily overriding HOME='/home/runner/work/_temp/7f121768-5718-4a61-8cba-3ec34d9cc678' before making global git config changes
2026-08-11T22:40:27.5757552Z Adding repository directory to the temporary git global config as a safe directory
2026-08-11T22:40:27.5762534Z [command]/usr/bin/git config --global --add safe.directory /home/runner/work/k8s-config-connector/k8s-config-connector
2026-08-11T22:40:27.5813277Z Deleting the contents of '/home/runner/work/k8s-config-connector/k8s-config-connector'
2026-08-11T22:40:27.5817706Z ##[group]Initializing the repository
2026-08-11T22:40:27.5823313Z [command]/usr/bin/git init /home/runner/work/k8s-config-connector/k8s-config-connector
2026-08-11T22:40:27.5901290Z hint: Using 'master' as the name for the initial branch. This default branch name
2026-08-11T22:40:27.5902228Z hint: will change to "main" in Git 3.0. To configure the initial branch name
2026-08-11T22:40:27.5903239Z hint: to use in all of your new repositories, which will suppress this warning,
2026-08-11T22:40:27.5903892Z hint: call:
2026-08-11T22:40:27.5904177Z hint:
2026-08-11T22:40:27.5904615Z hint: 	git config --global init.defaultBranch <name>
2026-08-11T22:40:27.5905097Z hint:
2026-08-11T22:40:27.5905553Z hint: Names commonly chosen instead of 'master' are 'main', 'trunk' and
2026-08-11T22:40:27.5906328Z hint: 'development'. The just-created branch can be renamed via this command:
2026-08-11T22:40:27.5906937Z hint:
2026-08-11T22:40:27.5907230Z hint: 	git branch -m <name>
2026-08-11T22:40:27.5907579Z hint:
2026-08-11T22:40:27.5908022Z hint: Disable this message with "git config set advice.defaultBranchName false"
2026-08-11T22:40:27.5908665Z Initialized empty Git repository in /home/runner/work/k8s-config-connector/k8s-config-connector/.git/
2026-08-11T22:40:27.5915942Z [command]/usr/bin/git remote add origin https://github.com/GoogleCloudPlatform/k8s-config-connector
2026-08-11T22:40:27.5999263Z ##[endgroup]
2026-08-11T22:40:27.5999785Z ##[group]Disabling automatic garbage collection
2026-08-11T22:40:27.6000889Z [command]/usr/bin/git config --local gc.auto 0
2026-08-11T22:40:27.6002694Z ##[endgroup]
2026-08-11T22:40:27.6003166Z ##[group]Setting up auth
2026-08-11T22:40:27.6007312Z [command]/usr/bin/git config --local --name-only --get-regexp core\.sshCommand
2026-08-11T22:40:27.6045910Z [command]/usr/bin/git submodule foreach --recursive sh -c "git config --local --name-only --get-regexp 'core\.sshCommand' && git config --local --unset-all 'core.sshCommand' || :"
2026-08-11T22:40:27.6382332Z [command]/usr/bin/git config --local --name-only --get-regexp http\.https\:\/\/github\.com\/\.extraheader
2026-08-11T22:40:27.6419583Z [command]/usr/bin/git submodule foreach --recursive sh -c "git config --local --name-only --get-regexp 'http\.https\:\/\/github\.com\/\.extraheader' && git config --local --unset-all 'http.https://github.com/.extraheader' || :"
2026-08-11T22:40:27.6668221Z [command]/usr/bin/git config --local http.https://github.com/.extraheader AUTHORIZATION: basic ***
2026-08-11T22:40:27.6708604Z ##[endgroup]
2026-08-11T22:40:27.6709106Z ##[group]Fetching the repository
2026-08-11T22:40:27.6718430Z [command]/usr/bin/git -c protocol.version=2 fetch --no-tags --prune --no-recurse-submodules --depth=1 origin +f2d4ab151b7c774873c8f65a63230b3f48d7ef34:refs/remotes/pull/11175/merge
2026-08-11T22:40:30.8526849Z From https://github.com/GoogleCloudPlatform/k8s-config-connector
2026-08-11T22:40:30.8528044Z  * [new ref]           f2d4ab151b7c774873c8f65a63230b3f48d7ef34 -> pull/11175/merge
2026-08-11T22:40:30.8610399Z ##[endgroup]
2026-08-11T22:40:30.8611033Z ##[group]Determining the checkout info
2026-08-11T22:40:30.8612700Z ##[endgroup]
2026-08-11T22:40:30.8619065Z [command]/usr/bin/git sparse-checkout disable
2026-08-11T22:40:30.8670042Z [command]/usr/bin/git config --local --unset-all extensions.worktreeConfig
2026-08-11T22:40:30.8700104Z ##[group]Checking out the ref
2026-08-11T22:40:30.8723653Z [command]/usr/bin/git checkout --progress --force refs/remotes/pull/11175/merge
2026-08-11T22:40:31.9289636Z Updating files:  35% (13704/38661)
2026-08-11T22:40:31.9628359Z Updating files:  36% (13918/38661)
2026-08-11T22:40:31.9866662Z Updating files:  37% (14305/38661)
2026-08-11T22:40:32.0043744Z Updating files:  38% (14692/38661)
2026-08-11T22:40:32.0222943Z Updating files:  39% (15078/38661)
2026-08-11T22:40:32.0436794Z Updating files:  40% (15465/38661)
2026-08-11T22:40:32.0609415Z Updating files:  41% (15852/38661)
2026-08-11T22:40:32.0790502Z Updating files:  42% (16238/38661)
2026-08-11T22:40:32.0968479Z Updating files:  43% (16625/38661)
2026-08-11T22:40:32.1154260Z Updating files:  44% (17011/38661)
2026-08-11T22:40:32.1395047Z Updating files:  45% (17398/38661)
2026-08-11T22:40:32.1604575Z Updating files:  46% (17785/38661)
2026-08-11T22:40:32.1814415Z Updating files:  47% (18171/38661)
2026-08-11T22:40:32.2019061Z Updating files:  48% (18558/38661)
2026-08-11T22:40:32.2203284Z Updating files:  49% (18944/38661)
2026-08-11T22:40:32.2428558Z Updating files:  50% (19331/38661)
2026-08-11T22:40:32.2630015Z Updating files:  51% (19718/38661)
2026-08-11T22:40:32.2804980Z Updating files:  52% (20104/38661)
2026-08-11T22:40:32.3021200Z Updating files:  53% (20491/38661)
2026-08-11T22:40:32.3200692Z Updating files:  54% (20877/38661)
2026-08-11T22:40:32.3385516Z Updating files:  55% (21264/38661)
2026-08-11T22:40:32.3583591Z Updating files:  56% (21651/38661)
2026-08-11T22:40:32.3760127Z Updating files:  57% (22037/38661)
2026-08-11T22:40:32.4005773Z Updating files:  58% (22424/38661)
2026-08-11T22:40:32.4329694Z Updating files:  59% (22810/38661)
2026-08-11T22:40:32.4576719Z Updating files:  60% (23197/38661)
2026-08-11T22:40:32.4968132Z Updating files:  61% (23584/38661)
2026-08-11T22:40:32.5249191Z Updating files:  62% (23970/38661)
2026-08-11T22:40:32.5442680Z Updating files:  63% (24357/38661)
2026-08-11T22:40:32.5688809Z Updating files:  64% (24744/38661)
2026-08-11T22:40:32.5961219Z Updating files:  65% (25130/38661)
2026-08-11T22:40:32.6222039Z Updating files:  66% (25517/38661)
2026-08-11T22:40:32.6503515Z Updating files:  67% (25903/38661)
2026-08-11T22:40:32.6828816Z Updating files:  68% (26290/38661)
2026-08-11T22:40:32.7091507Z Updating files:  69% (26677/38661)
2026-08-11T22:40:32.7407890Z Updating files:  70% (27063/38661)
2026-08-11T22:40:32.7743293Z Updating files:  71% (27450/38661)
2026-08-11T22:40:32.8085992Z Updating files:  72% (27836/38661)
2026-08-11T22:40:32.8311088Z Updating files:  73% (28223/38661)
2026-08-11T22:40:32.8652220Z Updating files:  74% (28610/38661)
2026-08-11T22:40:32.9090221Z Updating files:  75% (28996/38661)
2026-08-11T22:40:32.9132944Z Updating files:  76% (29383/38661)
2026-08-11T22:40:32.9327064Z Updating files:  76% (29456/38661)
2026-08-11T22:40:32.9687333Z Updating files:  77% (29769/38661)
2026-08-11T22:40:32.9901489Z Updating files:  78% (30156/38661)
2026-08-11T22:40:33.0219894Z Updating files:  79% (30543/38661)
2026-08-11T22:40:33.0627593Z Updating files:  80% (30929/38661)
2026-08-11T22:40:33.0805176Z Updating files:  81% (31316/38661)
2026-08-11T22:40:33.0986347Z Updating files:  82% (31703/38661)
2026-08-11T22:40:33.1167607Z Updating files:  83% (32089/38661)
2026-08-11T22:40:33.1343949Z Updating files:  84% (32476/38661)
2026-08-11T22:40:33.1539304Z Updating files:  85% (32862/38661)
2026-08-11T22:40:33.1713693Z Updating files:  86% (33249/38661)
2026-08-11T22:40:33.1889797Z Updating files:  87% (33636/38661)
2026-08-11T22:40:33.2072742Z Updating files:  88% (34022/38661)
2026-08-11T22:40:33.2261587Z Updating files:  89% (34409/38661)
2026-08-11T22:40:33.2454743Z Updating files:  90% (34795/38661)
2026-08-11T22:40:33.2725616Z Updating files:  91% (35182/38661)
2026-08-11T22:40:33.3036994Z Updating files:  92% (35569/38661)
2026-08-11T22:40:33.3325731Z Updating files:  93% (35955/38661)
2026-08-11T22:40:33.3631386Z Updating files:  94% (36342/38661)
2026-08-11T22:40:33.3862637Z Updating files:  95% (36728/38661)
2026-08-11T22:40:33.4085532Z Updating files:  96% (37115/38661)
2026-08-11T22:40:33.4295846Z Updating files:  97% (37502/38661)
2026-08-11T22:40:33.4539705Z Updating files:  98% (37888/38661)
2026-08-11T22:40:33.4789428Z Updating files:  99% (38275/38661)
2026-08-11T22:40:33.4790378Z Updating files: 100% (38661/38661)
2026-08-11T22:40:33.4790857Z Updating files: 100% (38661/38661), done.
2026-08-11T22:40:33.5309919Z Note: switching to 'refs/remotes/pull/11175/merge'.
2026-08-11T22:40:33.5310353Z 
2026-08-11T22:40:33.5310693Z You are in 'detached HEAD' state. You can look around, make experimental
2026-08-11T22:40:33.5311409Z changes and commit them, and you can discard any commits you make in this
2026-08-11T22:40:33.5312128Z state without impacting any branches by switching back to a branch.
2026-08-11T22:40:33.5312808Z 
2026-08-11T22:40:33.5313093Z If you want to create a new branch to retain commits you create, you may
2026-08-11T22:40:33.5313789Z do so (now or later) by using -c with the switch command. Example:
2026-08-11T22:40:33.5314192Z 
2026-08-11T22:40:33.5314342Z   git switch -c <new-branch-name>
2026-08-11T22:40:33.5314617Z 
2026-08-11T22:40:33.5314758Z Or undo this operation with:
2026-08-11T22:40:33.5314994Z 
2026-08-11T22:40:33.5315117Z   git switch -
2026-08-11T22:40:33.5315301Z 
2026-08-11T22:40:33.5315627Z Turn off this advice by setting config variable advice.detachedHead to false
2026-08-11T22:40:33.5316120Z 
2026-08-11T22:40:33.5316690Z HEAD is now at f2d4ab15 Merge 2c6120767c1a9938205c9ea4230127078deb1b71 into 2c91d37bdbea99fe0eebcba7cfa8f7dcd9e9c614
2026-08-11T22:40:33.5388619Z ##[endgroup]
2026-08-11T22:40:33.5433104Z [command]/usr/bin/git log -1 --format=%H
2026-08-11T22:40:33.5457691Z f2d4ab151b7c774873c8f65a63230b3f48d7ef34
2026-08-11T22:40:33.5727807Z Node 20 is being deprecated. This workflow is running with Node 24 by default. If you need to temporarily use Node 20, you can set the ACTIONS_ALLOW_USE_UNSECURE_NODE_VERSION=true environment variable. For more information see: https://github.blog/changelog/2025-09-19-deprecation-of-node-20-on-github-actions-runners/
2026-08-11T22:40:33.5729705Z ##[group]Run actions/setup-go@f111f3307d8850f501ac008e886eec1fd1932a34
2026-08-11T22:40:33.5730065Z with:
2026-08-11T22:40:33.5730272Z   go-version-file: go.mod
2026-08-11T22:40:33.5730503Z   cache: false
2026-08-11T22:40:33.5730707Z   check-latest: false
2026-08-11T22:40:33.5733899Z   token: ***
2026-08-11T22:40:33.5734116Z ##[endgroup]
2026-08-11T22:40:33.7090078Z Setup go version spec 1.26
2026-08-11T22:40:33.7331885Z Found in cache @ /opt/hostedtoolcache/go/1.26.5/x64
2026-08-11T22:40:33.7334037Z (node:2345) [DEP0040] DeprecationWarning: The `punycode` module is deprecated. Please use a userland alternative instead.
2026-08-11T22:40:33.7334800Z (Use `node --trace-deprecation ...` to show where the warning was created)
2026-08-11T22:40:33.7338789Z Added go to the path
2026-08-11T22:40:33.7343106Z Successfully set up Go version 1.26
2026-08-11T22:40:34.4402076Z go version go1.26.5 linux/amd64
2026-08-11T22:40:34.4402314Z 
2026-08-11T22:40:34.4403261Z ##[group]go env
2026-08-11T22:40:34.6439777Z AR='ar'
2026-08-11T22:40:34.6440303Z CC='gcc'
2026-08-11T22:40:34.6440740Z CGO_CFLAGS='-O2 -g'
2026-08-11T22:40:34.6441220Z CGO_CPPFLAGS=''
2026-08-11T22:40:34.6441656Z CGO_CXXFLAGS='-O2 -g'
2026-08-11T22:40:34.6442093Z CGO_ENABLED='1'
2026-08-11T22:40:34.6442706Z CGO_FFLAGS='-O2 -g'
2026-08-11T22:40:34.6443434Z CGO_LDFLAGS='-O2 -g'
2026-08-11T22:40:34.6444145Z CXX='g++'
2026-08-11T22:40:34.6444461Z GCCGO='gccgo'
2026-08-11T22:40:34.6444798Z GO111MODULE=''
2026-08-11T22:40:34.6445112Z GOAMD64='v1'
2026-08-11T22:40:34.6445406Z GOARCH='amd64'
2026-08-11T22:40:34.6445704Z GOAUTH='netrc'
2026-08-11T22:40:34.6445988Z GOBIN=''
2026-08-11T22:40:34.6446384Z GOCACHE='/home/runner/.cache/go-build'
2026-08-11T22:40:34.6446828Z GOCACHEPROG=''
2026-08-11T22:40:34.6447108Z GODEBUG=''
2026-08-11T22:40:34.6447416Z GOENV='/home/runner/.config/go/env'
2026-08-11T22:40:34.6447829Z GOEXE=''
2026-08-11T22:40:34.6448151Z GOEXPERIMENT=''
2026-08-11T22:40:34.6448464Z GOFIPS140='off'
2026-08-11T22:40:34.6448746Z GOFLAGS=''
2026-08-11T22:40:34.6450187Z GOGCCFLAGS='-fPIC -m64 -pthread -Wl,--no-gc-sections -fmessage-length=0 -ffile-prefix-map=/tmp/go-build3468155460=/tmp/go-build -gno-record-gcc-switches'
2026-08-11T22:40:34.6451301Z GOHOSTARCH='amd64'
2026-08-11T22:40:34.6451650Z GOHOSTOS='linux'
2026-08-11T22:40:34.6451984Z GOINSECURE=''
2026-08-11T22:40:34.6452784Z GOMOD='/home/runner/work/k8s-config-connector/k8s-config-connector/go.mod'
2026-08-11T22:40:34.6453471Z GOMODCACHE='/home/runner/go/pkg/mod'
2026-08-11T22:40:34.6453914Z GONOPROXY=''
2026-08-11T22:40:34.6454241Z GONOSUMDB=''
2026-08-11T22:40:34.6454555Z GOOS='linux'
2026-08-11T22:40:34.6454906Z GOPATH='/home/runner/go'
2026-08-11T22:40:34.6455225Z GOPRIVATE=''
2026-08-11T22:40:34.6455585Z GOPROXY='https://proxy.golang.org,direct'
2026-08-11T22:40:34.6456124Z GOROOT='/opt/hostedtoolcache/go/1.26.5/x64'
2026-08-11T22:40:34.6456598Z GOSUMDB='sum.golang.org'
2026-08-11T22:40:34.6456969Z GOTELEMETRY='local'
2026-08-11T22:40:34.6457449Z GOTELEMETRYDIR='/home/runner/.config/go/telemetry'
2026-08-11T22:40:34.6457969Z GOTMPDIR=''
2026-08-11T22:40:34.6458308Z GOTOOLCHAIN='auto'
2026-08-11T22:40:34.6458857Z GOTOOLDIR='/opt/hostedtoolcache/go/1.26.5/x64/pkg/tool/linux_amd64'
2026-08-11T22:40:34.6459489Z GOVCS=''
2026-08-11T22:40:34.6459818Z GOVERSION='go1.26.5'
2026-08-11T22:40:34.6460442Z GOWORK='/home/runner/work/k8s-config-connector/k8s-config-connector/go.work'
2026-08-11T22:40:34.6461147Z PKG_CONFIG='pkg-config'
2026-08-11T22:40:34.6461396Z 
2026-08-11T22:40:34.6462050Z ##[endgroup]
2026-08-11T22:40:34.6611445Z Node 20 is being deprecated. This workflow is running with Node 24 by default. If you need to temporarily use Node 20, you can set the ACTIONS_ALLOW_USE_UNSECURE_NODE_VERSION=true environment variable. For more information see: https://github.blog/changelog/2025-09-19-deprecation-of-node-20-on-github-actions-runners/
2026-08-11T22:40:34.6613025Z ##[group]Run actions/download-artifact@fa0a91b85d4f404e444e00e005971372dc801d16
2026-08-11T22:40:34.6613417Z with:
2026-08-11T22:40:34.6613657Z   name: prebuilt-test-binaries
2026-08-11T22:40:34.6613908Z   path: bin/
2026-08-11T22:40:34.6614120Z   merge-multiple: false
2026-08-11T22:40:34.6614402Z   repository: GoogleCloudPlatform/k8s-config-connector
2026-08-11T22:40:34.6614716Z   run-id: 31543210716
2026-08-11T22:40:34.6614934Z ##[endgroup]
2026-08-11T22:40:34.8175721Z Downloading single artifact
2026-08-11T22:40:34.8359464Z (node:2399) [DEP0040] DeprecationWarning: The `punycode` module is deprecated. Please use a userland alternative instead.
2026-08-11T22:40:34.8360269Z (Use `node --trace-deprecation ...` to show where the warning was created)
2026-08-11T22:40:35.0447726Z Preparing to download the following artifacts:
2026-08-11T22:40:35.0448317Z - prebuilt-test-binaries (ID: 9121540410, Size: 99573064)
2026-08-11T22:40:35.2340581Z Redirecting to blob download url: https://productionresultssa9.blob.core.windows.net/actions-results/ac35c4ba-0c33-497f-87c9-6bfb8600e0f9/workflow-job-run-9f93202e-044d-539f-bcae-11ea3ecbf4c6/artifacts/eb75eed0ad7e7b38dbd1b28466a1d6bbbb0418a7458b7170ca29ad602c280209.zip
2026-08-11T22:40:35.2343071Z Starting download of artifact to: /home/runner/work/k8s-config-connector/k8s-config-connector/bin
2026-08-11T22:40:35.4842123Z (node:2399) [DEP0005] DeprecationWarning: Buffer() is deprecated due to security and usability issues. Please use the Buffer.alloc(), Buffer.allocUnsafe(), or Buffer.from() methods instead.
2026-08-11T22:40:38.8552374Z Artifact download completed successfully.
2026-08-11T22:40:38.8553215Z Total of 1 artifact(s) downloaded
2026-08-11T22:40:38.8565279Z Download artifact has finished successfully
2026-08-11T22:40:38.8748427Z ##[group]Run chmod +x bin/* || true
2026-08-11T22:40:38.8748842Z [36;1mchmod +x bin/* || true[0m
2026-08-11T22:40:38.8797985Z shell: /usr/bin/bash -e {0}
2026-08-11T22:40:38.8798262Z ##[endgroup]
2026-08-11T22:40:38.8985386Z Node 20 is being deprecated. This workflow is running with Node 24 by default. If you need to temporarily use Node 20, you can set the ACTIONS_ALLOW_USE_UNSECURE_NODE_VERSION=true environment variable. For more information see: https://github.blog/changelog/2025-09-19-deprecation-of-node-20-on-github-actions-runners/
2026-08-11T22:40:38.8988031Z ##[group]Run google-github-actions/setup-gcloud@77e7a554d41e2ee56fc945c52dfd3f33d12def9a
2026-08-11T22:40:38.8988745Z with:
2026-08-11T22:40:38.8989063Z   install_components: alpha,beta
2026-08-11T22:40:38.8989461Z   version: latest
2026-08-11T22:40:38.8989783Z   skip_install: false
2026-08-11T22:40:38.8990119Z ##[endgroup]
2026-08-11T22:40:39.7554617Z [command]/usr/bin/tar xz --warning=no-unknown-keyword --overwrite -C /home/runner/work/_temp/08b88bb0-729a-4f64-995c-841cc9e524f1 -f /home/runner/work/_temp/61cff381-8203-4da3-a470-f3b34a4a439d
2026-08-11T22:41:16.0719819Z ##[warning]The gcloud CLI is not authenticated (or it is not installed). Authenticate by adding the "google-github-actions/auth" step prior this one.
2026-08-11T22:41:16.0928103Z ##[group]Run target="${TARGET_SERVICE}"
2026-08-11T22:41:16.0928481Z [36;1mtarget="${TARGET_SERVICE}"[0m
2026-08-11T22:41:16.0928822Z [36;1mif [[ "${target}" =~ ([0-9]+)-of-([0-9]+)$ ]]; then[0m
2026-08-11T22:41:16.0929162Z [36;1m  shard_num="${BASH_REMATCH[1]}"[0m
2026-08-11T22:41:16.0929449Z [36;1m  shard_cnt="${BASH_REMATCH[2]}"[0m
2026-08-11T22:41:16.0929720Z [36;1m  shard_idx=$((shard_num - 1))[0m
2026-08-11T22:41:16.0930037Z [36;1m  service="${target%-${shard_num}-of-${shard_cnt}}"[0m
2026-08-11T22:41:16.0930543Z [36;1m  ./dev/ci/presubmits/tests-e2e-fixtures-suite "${service}" "${shard_idx}" "${shard_cnt}"[0m
2026-08-11T22:41:16.0931000Z [36;1melse[0m
2026-08-11T22:41:16.0931305Z [36;1m  ./dev/ci/presubmits/tests-e2e-fixtures-suite "${target}" "0" "1"[0m
2026-08-11T22:41:16.0931663Z [36;1mfi[0m
2026-08-11T22:41:16.0979171Z shell: /usr/bin/bash -e {0}
2026-08-11T22:41:16.0979436Z env:
2026-08-11T22:41:16.0979769Z   CLOUDSDK_METRICS_ENVIRONMENT: github-actions-setup-gcloud
2026-08-11T22:41:16.0980159Z   CLOUDSDK_METRICS_ENVIRONMENT_VERSION: 2.1.4
2026-08-11T22:41:16.0980470Z   TARGET_SERVICE: networksecurity
2026-08-11T22:41:16.0980733Z   ARTIFACTS: /tmp/artifacts
2026-08-11T22:41:16.0980964Z ##[endgroup]
2026-08-11T22:41:16.1119502Z Downloading envtest assets...
2026-08-11T22:41:16.2560236Z go: downloading sigs.k8s.io/controller-runtime/tools/setup-envtest v0.0.0-20260125163108-a19ec76a3c5d
2026-08-11T22:41:16.2561072Z go: downloading sigs.k8s.io/controller-runtime v0.22.6-0.20260125163108-a19ec76a3c5d
2026-08-11T22:41:16.6119858Z go: downloading github.com/go-logr/zapr v1.3.0
2026-08-11T22:41:16.6120647Z go: downloading github.com/go-logr/logr v1.4.2
2026-08-11T22:41:16.6402618Z go: downloading github.com/spf13/afero v1.12.0
2026-08-11T22:41:16.6577837Z go: downloading github.com/spf13/pflag v1.0.6
2026-08-11T22:41:16.6828884Z go: downloading go.uber.org/zap v1.27.0
2026-08-11T22:41:17.2462891Z go: downloading golang.org/x/text v0.23.0
2026-08-11T22:41:18.4546759Z go: downloading sigs.k8s.io/yaml v1.6.0
2026-08-11T22:41:18.6145753Z go: downloading go.uber.org/multierr v1.10.0
2026-08-11T22:41:19.5036385Z go: downloading go.yaml.in/yaml/v2 v2.4.2
2026-08-11T22:41:37.2071387Z Running networksecurity fixtures tests in parallel...
2026-08-11T22:41:37.2089417Z 2026/08/11 22:41:37 paralleltestrunner: list file "/home/runner/work/k8s-config-connector/k8s-config-connector/tests/e2e/testdata/fixtures-networksecurity-list.txt" missing or empty, discovering tests dynamically...
2026-08-11T22:41:37.4831158Z 2026/08/11 22:41:37 paralleltestrunner: dynamically discovered 35 tests
2026-08-11T22:41:37.4906467Z 2026/08/11 22:41:37 paralleltestrunner: auto-scaled parallelism -j=8 (CPU cores: 4, FD limit: 65536, total tests: 35)
2026-08-11T22:41:57.5021112Z PASS: pkg/test/resourcefixture/testdata/basic/networksecurity/v1alpha1/networksecuritybackendauthenticationconfig/backendauthconfig-minimal (20.019s)
2026-08-11T22:41:58.7211460Z PASS: pkg/test/resourcefixture/testdata/basic/networksecurity/v1alpha1/networksecurityfirewallendpoint/networksecurityfirewallendpoint-minimal (21.238s)
2026-08-11T22:41:58.9247831Z PASS: pkg/test/resourcefixture/testdata/basic/networksecurity/v1alpha1/networksecuritydnsthreatdetector/dnsthreatdetector-minimal (21.442s)
2026-08-11T22:41:59.6993712Z PASS: pkg/test/resourcefixture/testdata/basic/networksecurity/v1alpha1/networksecuritybackendauthenticationconfig/backendauthconfig-maximal (22.215s)
2026-08-11T22:42:00.3723787Z PASS: pkg/test/resourcefixture/testdata/basic/networksecurity/v1alpha1/networksecurityfirewallendpoint/networksecurityfirewallendpoint-maximal (22.888s)
2026-08-11T22:42:09.6441922Z PASS: pkg/test/resourcefixture/testdata/basic/networksecurity/v1alpha1/networksecurityauthzpolicy/networksecurityauthzpolicy-minimal (32.161s)
2026-08-11T22:42:13.1269389Z PASS: pkg/test/resourcefixture/testdata/basic/networksecurity/v1alpha1/networksecuritydnsthreatdetector/dnsthreatdetector-maximal (35.642s)
2026-08-11T22:42:15.6824617Z PASS: pkg/test/resourcefixture/testdata/basic/networksecurity/v1alpha1/networksecurityfirewallendpointassociation/firewallendpointassociation-basic (18.18s)
2026-08-11T22:42:16.0551997Z PASS: pkg/test/resourcefixture/testdata/basic/networksecurity/v1alpha1/networksecurityauthzpolicy/networksecurityauthzpolicy-maximal (38.569s)
2026-08-11T22:42:18.3730207Z PASS: pkg/test/resourcefixture/testdata/basic/networksecurity/v1alpha1/networksecurityinterceptendpointgroup/networksecurityinterceptendpointgroup-full (18.673s)
2026-08-11T22:42:20.1654908Z PASS: pkg/test/resourcefixture/testdata/basic/networksecurity/v1alpha1/networksecurityinterceptendpointgroup/networksecurityinterceptendpointgroup-minimal (19.793s)
2026-08-11T22:42:25.7369858Z FAIL: pkg/test/resourcefixture/testdata/basic/networksecurity/v1alpha1/networksecuritygatewaysecuritypolicy/networksecuritygatewaysecuritypolicy-minimal (log: /tmp/artifacts/test-output/pkg/test/resourcefixture/testdata/basic/networksecurity/v1alpha1/networksecuritygatewaysecuritypolicy/networksecuritygatewaysecuritypolicy-minimal/test.log)
2026-08-11T22:42:25.7373905Z --- LOGS FOR FAILING TEST pkg/test/resourcefixture/testdata/basic/networksecurity/v1alpha1/networksecuritygatewaysecuritypolicy/networksecuritygatewaysecuritypolicy-minimal ---
2026-08-11T22:42:25.7376359Z Running tests matching: ^TestAllInSeries$/^fixtures$/^pkg$/^test$/^resourcefixture$/^testdata$/^basic$/^networksecurity$/^v1alpha1$/^networksecuritygatewaysecuritypolicy$/^networksecuritygatewaysecuritypolicy-minimal$
2026-08-11T22:42:25.7377840Z Using E2E_GCP_TARGET: mock
2026-08-11T22:42:25.7378223Z Using E2E_KUBE_TARGET: envtest
2026-08-11T22:42:25.7378619Z Using ARTIFACTS: /tmp/artifacts
2026-08-11T22:42:25.7379005Z Using TEST_TIMEOUT=15m
2026-08-11T22:42:25.7379597Z Running tests with ONLY_TEST_APIGROUPS=networksecurity.cnrm.cloud.google.com
2026-08-11T22:42:25.7380236Z === RUN   TestAllInSeries
2026-08-11T22:42:25.7380610Z === RUN   TestAllInSeries/fixtures
2026-08-11T22:42:25.7382148Z === RUN   TestAllInSeries/fixtures/pkg/test/resourcefixture/testdata/basic/networksecurity/v1alpha1/networksecuritygatewaysecuritypolicy/networksecuritygatewaysecuritypolicy-minimal
2026-08-11T22:42:25.7383803Z     harness.go:276: starting envtest apiserver
2026-08-11T22:42:25.7384695Z     harness.go:1476: CRD configconnectors.core.cnrm.cloud.google.com ready in 19ms
2026-08-11T22:42:25.7385828Z     harness.go:1476: CRD configconnectorcontexts.core.cnrm.cloud.google.com ready in 2.021s
2026-08-11T22:42:25.7387344Z     harness.go:1476: CRD networksecuritygatewaysecuritypolicies.networksecurity.cnrm.cloud.google.com ready in 2.023s
2026-08-11T22:42:25.7388223Z     harness.go:476: Installed 3 CRDs in 2.057s
2026-08-11T22:42:25.7388866Z {"severity":"info","timestamp":"2026-08-11T22:42:06.173Z","msg":"Installed CRDs","count":3,"duration":"2.056739866s"}
2026-08-11T22:42:25.7389489Z     harness.go:486: creating mock gcp
2026-08-11T22:42:25.7390067Z I0811 22:42:06.177275    4858 mock_http_roundtrip.go:180] "serving mock gcp grpc server" address="127.0.0.2:36211"
2026-08-11T22:42:25.7390943Z W0811 22:42:06.249025    4858 service.go:327] grpc method did not have http rule: MethodDescriptor{
2026-08-11T22:42:25.7392303Z 	Syntax:            proto3
2026-08-11T22:42:25.7393129Z 	FullName:          google.pubsub.v1.Subscriber.StreamingPull
2026-08-11T22:42:25.7393646Z 	Input:             google.pubsub.v1.StreamingPullRequest
2026-08-11T22:42:25.7394108Z 	Output:            google.pubsub.v1.StreamingPullResponse
2026-08-11T22:42:25.7394477Z 	IsStreamingClient: true
2026-08-11T22:42:25.7394748Z 	IsStreamingServer: true
2026-08-11T22:42:25.7394963Z }
2026-08-11T22:42:25.7395352Z W0811 22:42:06.267708    4858 service.go:327] grpc method did not have http rule: MethodDescriptor{
2026-08-11T22:42:25.7395827Z 	Syntax:            proto3
2026-08-11T22:42:25.7396249Z 	FullName:          google.cloud.speech.v2.Speech.StreamingRecognize
2026-08-11T22:42:25.7396788Z 	Input:             google.cloud.speech.v2.StreamingRecognizeRequest
2026-08-11T22:42:25.7397620Z 	Output:            google.cloud.speech.v2.StreamingRecognizeResponse
2026-08-11T22:42:25.7398091Z 	IsStreamingClient: true
2026-08-11T22:42:25.7398375Z 	IsStreamingServer: true
2026-08-11T22:42:25.7398659Z }
2026-08-11T22:42:25.7399343Z I0811 22:42:06.268354    4858 mockgcp_http.go:298] mockgcp request: POST https://cloudresourcemanager.googleapis.com/v1/projects?alt=json&prettyPrint=false
2026-08-11T22:42:25.7400540Z I0811 22:42:06.274168    4858 mockgcp_http.go:298] mockgcp request: POST https://compute.googleapis.com/compute/v1/projects/shared-reservations-project/global/networks
2026-08-11T22:42:25.7401982Z I0811 22:42:06.279773    4858 operations.go:125] "storing operation" fqn="projects/shared-reservations-project/global/operations/operation-1786488126279-3a802c33-f61d-470d-8ce4-1c92fa1157a2"
2026-08-11T22:42:25.7403659Z I0811 22:42:06.280286    4858 mockgcp_http.go:298] mockgcp request: POST https://compute.googleapis.com/compute/v1/projects/shared-reservations-project/regions/us-central1/subnetworks
2026-08-11T22:42:25.7404975Z I0811 22:42:06.280293    4858 mockgcp_http.go:327] mockgcp response: POST https://compute.googleapis.com/compute/v1/projects/shared-reservations-project/global/networks => 200
2026-08-11T22:42:25.7406590Z I0811 22:42:06.280553    4858 mockgcp_http.go:298] mockgcp request: GET https://compute.googleapis.com/compute/v1/projects/shared-reservations-project/global/operations/operation-1786488126279-3a802c33-f61d-470d-8ce4-1c92fa1157a2
2026-08-11T22:42:25.7408297Z I0811 22:42:06.280903    4858 operations.go:125] "storing operation" fqn="projects/shared-reservations-project/regions/us-central1/operations/operation-1786488126280-071542e7-9de1-4dc7-a295-3f420a9a1a4a"
2026-08-11T22:42:25.7410246Z I0811 22:42:06.280949    4858 mockgcp_http.go:327] mockgcp response: GET https://compute.googleapis.com/compute/v1/projects/shared-reservations-project/global/operations/operation-1786488126279-3a802c33-f61d-470d-8ce4-1c92fa1157a2 => 200
2026-08-11T22:42:25.7412162Z I0811 22:42:06.281033    4858 mockgcp_http.go:327] mockgcp response: POST https://compute.googleapis.com/compute/v1/projects/shared-reservations-project/regions/us-central1/subnetworks => 200
2026-08-11T22:42:25.7414452Z I0811 22:42:06.281087    4858 mockgcp_http.go:298] mockgcp request: GET https://compute.googleapis.com/compute/v1/projects/shared-reservations-project/regions/us-central1/operations/operation-1786488126280-071542e7-9de1-4dc7-a295-3f420a9a1a4a
2026-08-11T22:42:25.7416143Z I0811 22:42:06.281478    4858 mockgcp_http.go:327] mockgcp response: GET https://compute.googleapis.com/compute/v1/projects/shared-reservations-project/regions/us-central1/operations/operation-1786488126280-071542e7-9de1-4dc7-a295-3f420a9a1a4a => 200
2026-08-11T22:42:25.7417744Z I0811 22:42:06.281541    4858 mockgcp_http.go:298] mockgcp request: POST https://compute.googleapis.com/compute/v1/projects/shared-reservations-project/regions/europe-west1/subnetworks
2026-08-11T22:42:25.7419052Z I0811 22:42:06.281890    4858 operations.go:125] "storing operation" fqn="projects/shared-reservations-project/regions/europe-west1/operations/operation-1786488126281-737fe207-9d40-4733-972a-d3ea77bdb295"
2026-08-11T22:42:25.7420580Z I0811 22:42:06.282058    4858 mockgcp_http.go:327] mockgcp response: POST https://compute.googleapis.com/compute/v1/projects/shared-reservations-project/regions/europe-west1/subnetworks => 200
2026-08-11T22:42:25.7422141Z I0811 22:42:06.282115    4858 mockgcp_http.go:298] mockgcp request: GET https://compute.googleapis.com/compute/v1/projects/shared-reservations-project/regions/europe-west1/operations/operation-1786488126281-737fe207-9d40-4733-972a-d3ea77bdb295
2026-08-11T22:42:25.7424041Z I0811 22:42:06.282446    4858 mockgcp_http.go:327] mockgcp response: GET https://compute.googleapis.com/compute/v1/projects/shared-reservations-project/regions/europe-west1/operations/operation-1786488126281-737fe207-9d40-4733-972a-d3ea77bdb295 => 200
2026-08-11T22:42:25.7425725Z I0811 22:42:06.282527    4858 mockgcp_http.go:298] mockgcp request: POST https://compute.googleapis.com/compute/v1/projects/shared-reservations-project/regions/us-west1/subnetworks
2026-08-11T22:42:25.7427088Z I0811 22:42:06.282850    4858 operations.go:125] "storing operation" fqn="projects/shared-reservations-project/regions/us-west1/operations/operation-1786488126282-da15a8fa-60fc-4697-adf6-05d4369a69f2"
2026-08-11T22:42:25.7428696Z I0811 22:42:06.282973    4858 mockgcp_http.go:327] mockgcp response: POST https://compute.googleapis.com/compute/v1/projects/shared-reservations-project/regions/us-west1/subnetworks => 200
2026-08-11T22:42:25.7430100Z I0811 22:42:06.283024    4858 mockgcp_http.go:298] mockgcp request: GET https://compute.googleapis.com/compute/v1/projects/shared-reservations-project/regions/us-west1/operations/operation-1786488126282-da15a8fa-60fc-4697-adf6-05d4369a69f2
2026-08-11T22:42:25.7431966Z I0811 22:42:06.283359    4858 mockgcp_http.go:327] mockgcp response: GET https://compute.googleapis.com/compute/v1/projects/shared-reservations-project/regions/us-west1/operations/operation-1786488126282-da15a8fa-60fc-4697-adf6-05d4369a69f2 => 200
2026-08-11T22:42:25.7433955Z I0811 22:42:06.283416    4858 mockgcp_http.go:298] mockgcp request: POST https://compute.googleapis.com/compute/v1/projects/shared-reservations-project/regions/asia-east1/subnetworks
2026-08-11T22:42:25.7435344Z I0811 22:42:06.283823    4858 operations.go:125] "storing operation" fqn="projects/shared-reservations-project/regions/asia-east1/operations/operation-1786488126283-66857910-b614-4a47-8c2e-b869315c17b9"
2026-08-11T22:42:25.7436638Z I0811 22:42:06.283952    4858 mockgcp_http.go:327] mockgcp response: POST https://compute.googleapis.com/compute/v1/projects/shared-reservations-project/regions/asia-east1/subnetworks => 200
2026-08-11T22:42:25.7438044Z I0811 22:42:06.284000    4858 mockgcp_http.go:298] mockgcp request: GET https://compute.googleapis.com/compute/v1/projects/shared-reservations-project/regions/asia-east1/operations/operation-1786488126283-66857910-b614-4a47-8c2e-b869315c17b9
2026-08-11T22:42:25.7439653Z I0811 22:42:06.284305    4858 mockgcp_http.go:327] mockgcp response: GET https://compute.googleapis.com/compute/v1/projects/shared-reservations-project/regions/asia-east1/operations/operation-1786488126283-66857910-b614-4a47-8c2e-b869315c17b9 => 200
2026-08-11T22:42:25.7441029Z I0811 22:42:06.284390    4858 mockgcp_http.go:298] mockgcp request: POST https://compute.googleapis.com/compute/v1/projects/shared-reservations-project/regions/us-east1/subnetworks
2026-08-11T22:42:25.7442260Z I0811 22:42:06.284729    4858 operations.go:125] "storing operation" fqn="projects/shared-reservations-project/regions/us-east1/operations/operation-1786488126284-8cfa3cc0-36cb-4087-9e51-6eb823ca358b"
2026-08-11T22:42:25.7443970Z I0811 22:42:06.284867    4858 mockgcp_http.go:327] mockgcp response: POST https://compute.googleapis.com/compute/v1/projects/shared-reservations-project/regions/us-east1/subnetworks => 200
2026-08-11T22:42:25.7445429Z I0811 22:42:06.284920    4858 mockgcp_http.go:298] mockgcp request: GET https://compute.googleapis.com/compute/v1/projects/shared-reservations-project/regions/us-east1/operations/operation-1786488126284-8cfa3cc0-36cb-4087-9e51-6eb823ca358b
2026-08-11T22:42:25.7447385Z I0811 22:42:06.285203    4858 mockgcp_http.go:327] mockgcp response: GET https://compute.googleapis.com/compute/v1/projects/shared-reservations-project/regions/us-east1/operations/operation-1786488126284-8cfa3cc0-36cb-4087-9e51-6eb823ca358b => 200
2026-08-11T22:42:25.7448843Z I0811 22:42:06.285277    4858 mockgcp_http.go:298] mockgcp request: POST https://compute.googleapis.com/compute/v1/projects/shared-reservations-project/regions/asia-northeast1/subnetworks
2026-08-11T22:42:25.7450146Z I0811 22:42:06.285584    4858 operations.go:125] "storing operation" fqn="projects/shared-reservations-project/regions/asia-northeast1/operations/operation-1786488126285-639db91e-6da0-4b28-9f34-58f5bb8d01ff"
2026-08-11T22:42:25.7451605Z I0811 22:42:06.285711    4858 mockgcp_http.go:327] mockgcp response: POST https://compute.googleapis.com/compute/v1/projects/shared-reservations-project/regions/asia-northeast1/subnetworks => 200
2026-08-11T22:42:25.7453268Z I0811 22:42:06.285765    4858 mockgcp_http.go:298] mockgcp request: GET https://compute.googleapis.com/compute/v1/projects/shared-reservations-project/regions/asia-northeast1/operations/operation-1786488126285-639db91e-6da0-4b28-9f34-58f5bb8d01ff
2026-08-11T22:42:25.7454938Z I0811 22:42:06.286034    4858 mockgcp_http.go:327] mockgcp response: GET https://compute.googleapis.com/compute/v1/projects/shared-reservations-project/regions/asia-northeast1/operations/operation-1786488126285-639db91e-6da0-4b28-9f34-58f5bb8d01ff => 200
2026-08-11T22:42:25.7456359Z I0811 22:42:06.286091    4858 mockgcp_http.go:298] mockgcp request: POST https://compute.googleapis.com/compute/v1/projects/shared-reservations-project/regions/asia-southeast1/subnetworks
2026-08-11T22:42:25.7457629Z I0811 22:42:06.286435    4858 operations.go:125] "storing operation" fqn="projects/shared-reservations-project/regions/asia-southeast1/operations/operation-1786488126286-061bf91f-505c-4c97-93c1-ee46450a3cc4"
2026-08-11T22:42:25.7458924Z I0811 22:42:06.286557    4858 mockgcp_http.go:327] mockgcp response: POST https://compute.googleapis.com/compute/v1/projects/shared-reservations-project/regions/asia-southeast1/subnetworks => 200
2026-08-11T22:42:25.7460350Z I0811 22:42:06.286602    4858 mockgcp_http.go:298] mockgcp request: GET https://compute.googleapis.com/compute/v1/projects/shared-reservations-project/regions/asia-southeast1/operations/operation-1786488126286-061bf91f-505c-4c97-93c1-ee46450a3cc4
2026-08-11T22:42:25.7462106Z I0811 22:42:06.286864    4858 mockgcp_http.go:327] mockgcp response: GET https://compute.googleapis.com/compute/v1/projects/shared-reservations-project/regions/asia-southeast1/operations/operation-1786488126286-061bf91f-505c-4c97-93c1-ee46450a3cc4 => 200
2026-08-11T22:42:25.7463724Z I0811 22:42:06.286921    4858 mockgcp_http.go:298] mockgcp request: POST https://compute.googleapis.com/compute/v1/projects/shared-reservations-project/regions/us-east4/subnetworks
2026-08-11T22:42:25.7464949Z I0811 22:42:06.287177    4858 operations.go:125] "storing operation" fqn="projects/shared-reservations-project/regions/us-east4/operations/operation-1786488126287-14ee9747-0686-4ba0-98be-d86ea82e9930"
2026-08-11T22:42:25.7466200Z I0811 22:42:06.287324    4858 mockgcp_http.go:327] mockgcp response: POST https://compute.googleapis.com/compute/v1/projects/shared-reservations-project/regions/us-east4/subnetworks => 200
2026-08-11T22:42:25.7467637Z I0811 22:42:06.287378    4858 mockgcp_http.go:298] mockgcp request: GET https://compute.googleapis.com/compute/v1/projects/shared-reservations-project/regions/us-east4/operations/operation-1786488126287-14ee9747-0686-4ba0-98be-d86ea82e9930
2026-08-11T22:42:25.7469240Z I0811 22:42:06.287672    4858 mockgcp_http.go:327] mockgcp response: GET https://compute.googleapis.com/compute/v1/projects/shared-reservations-project/regions/us-east4/operations/operation-1786488126287-14ee9747-0686-4ba0-98be-d86ea82e9930 => 200
2026-08-11T22:42:25.7470814Z I0811 22:42:06.287727    4858 mockgcp_http.go:298] mockgcp request: POST https://compute.googleapis.com/compute/v1/projects/shared-reservations-project/regions/australia-southeast1/subnetworks
2026-08-11T22:42:25.7472376Z I0811 22:42:06.288031    4858 operations.go:125] "storing operation" fqn="projects/shared-reservations-project/regions/australia-southeast1/operations/operation-1786488126288-0db7b3a2-7c90-4480-9798-16d6c3da09f9"
2026-08-11T22:42:25.7473917Z I0811 22:42:06.288193    4858 mockgcp_http.go:327] mockgcp response: POST https://compute.googleapis.com/compute/v1/projects/shared-reservations-project/regions/australia-southeast1/subnetworks => 200
2026-08-11T22:42:25.7475416Z I0811 22:42:06.288267    4858 mockgcp_http.go:298] mockgcp request: GET https://compute.googleapis.com/compute/v1/projects/shared-reservations-project/regions/australia-southeast1/operations/operation-1786488126288-0db7b3a2-7c90-4480-9798-16d6c3da09f9
2026-08-11T22:42:25.7477472Z I0811 22:42:06.288572    4858 mockgcp_http.go:327] mockgcp response: GET https://compute.googleapis.com/compute/v1/projects/shared-reservations-project/regions/australia-southeast1/operations/operation-1786488126288-0db7b3a2-7c90-4480-9798-16d6c3da09f9 => 200
2026-08-11T22:42:25.7479474Z I0811 22:42:06.288632    4858 mockgcp_http.go:298] mockgcp request: POST https://compute.googleapis.com/compute/v1/projects/shared-reservations-project/regions/europe-west2/subnetworks
2026-08-11T22:42:25.7481557Z I0811 22:42:06.288935    4858 operations.go:125] "storing operation" fqn="projects/shared-reservations-project/regions/europe-west2/operations/operation-1786488126288-3ac18a47-16a7-44f4-bb62-e1c40791afc4"
2026-08-11T22:42:25.7483303Z I0811 22:42:06.289066    4858 mockgcp_http.go:327] mockgcp response: POST https://compute.googleapis.com/compute/v1/projects/shared-reservations-project/regions/europe-west2/subnetworks => 200
2026-08-11T22:42:25.7484761Z I0811 22:42:06.289155    4858 mockgcp_http.go:298] mockgcp request: GET https://compute.googleapis.com/compute/v1/projects/shared-reservations-project/regions/europe-west2/operations/operation-1786488126288-3ac18a47-16a7-44f4-bb62-e1c40791afc4
2026-08-11T22:42:25.7487098Z I0811 22:42:06.289461    4858 mockgcp_http.go:327] mockgcp response: GET https://compute.googleapis.com/compute/v1/projects/shared-reservations-project/regions/europe-west2/operations/operation-1786488126288-3ac18a47-16a7-44f4-bb62-e1c40791afc4 => 200
2026-08-11T22:42:25.7488549Z I0811 22:42:06.289521    4858 mockgcp_http.go:298] mockgcp request: POST https://compute.googleapis.com/compute/v1/projects/shared-reservations-project/regions/europe-west3/subnetworks
2026-08-11T22:42:25.7489824Z I0811 22:42:06.289833    4858 operations.go:125] "storing operation" fqn="projects/shared-reservations-project/regions/europe-west3/operations/operation-1786488126289-96f03e10-7549-48f7-bebd-1865dd153c40"
2026-08-11T22:42:25.7491112Z I0811 22:42:06.289955    4858 mockgcp_http.go:327] mockgcp response: POST https://compute.googleapis.com/compute/v1/projects/shared-reservations-project/regions/europe-west3/subnetworks => 200
2026-08-11T22:42:25.7492963Z I0811 22:42:06.290004    4858 mockgcp_http.go:298] mockgcp request: GET https://compute.googleapis.com/compute/v1/projects/shared-reservations-project/regions/europe-west3/operations/operation-1786488126289-96f03e10-7549-48f7-bebd-1865dd153c40
2026-08-11T22:42:25.7494904Z I0811 22:42:06.290223    4858 mockgcp_http.go:327] mockgcp response: GET https://compute.googleapis.com/compute/v1/projects/shared-reservations-project/regions/europe-west3/operations/operation-1786488126289-96f03e10-7549-48f7-bebd-1865dd153c40 => 200
2026-08-11T22:42:25.7496646Z I0811 22:42:06.290294    4858 mockgcp_http.go:298] mockgcp request: POST https://compute.googleapis.com/compute/v1/projects/shared-reservations-project/regions/southamerica-east1/subnetworks
2026-08-11T22:42:25.7498787Z I0811 22:42:06.290584    4858 operations.go:125] "storing operation" fqn="projects/shared-reservations-project/regions/southamerica-east1/operations/operation-1786488126290-990e012b-5218-4243-af2e-ab32431953a5"
2026-08-11T22:42:25.7500670Z I0811 22:42:06.290713    4858 mockgcp_http.go:327] mockgcp response: POST https://compute.googleapis.com/compute/v1/projects/shared-reservations-project/regions/southamerica-east1/subnetworks => 200
2026-08-11T22:42:25.7502188Z I0811 22:42:06.290763    4858 mockgcp_http.go:298] mockgcp request: GET https://compute.googleapis.com/compute/v1/projects/shared-reservations-project/regions/southamerica-east1/operations/operation-1786488126290-990e012b-5218-4243-af2e-ab32431953a5
2026-08-11T22:42:25.7504474Z I0811 22:42:06.291070    4858 mockgcp_http.go:327] mockgcp response: GET https://compute.googleapis.com/compute/v1/projects/shared-reservations-project/regions/southamerica-east1/operations/operation-1786488126290-990e012b-5218-4243-af2e-ab32431953a5 => 200
2026-08-11T22:42:25.7506480Z I0811 22:42:06.291124    4858 mockgcp_http.go:298] mockgcp request: POST https://compute.googleapis.com/compute/v1/projects/shared-reservations-project/regions/asia-south1/subnetworks
2026-08-11T22:42:25.7507800Z I0811 22:42:06.291410    4858 operations.go:125] "storing operation" fqn="projects/shared-reservations-project/regions/asia-south1/operations/operation-1786488126291-e3d66efd-c13c-4864-b076-efa2122aa221"
2026-08-11T22:42:25.7509094Z I0811 22:42:06.291504    4858 mockgcp_http.go:327] mockgcp response: POST https://compute.googleapis.com/compute/v1/projects/shared-reservations-project/regions/asia-south1/subnetworks => 200
2026-08-11T22:42:25.7510523Z I0811 22:42:06.291542    4858 mockgcp_http.go:298] mockgcp request: GET https://compute.googleapis.com/compute/v1/projects/shared-reservations-project/regions/asia-south1/operations/operation-1786488126291-e3d66efd-c13c-4864-b076-efa2122aa221
2026-08-11T22:42:25.7512339Z I0811 22:42:06.291697    4858 mockgcp_http.go:327] mockgcp response: GET https://compute.googleapis.com/compute/v1/projects/shared-reservations-project/regions/asia-south1/operations/operation-1786488126291-e3d66efd-c13c-4864-b076-efa2122aa221 => 200
2026-08-11T22:42:25.7514318Z I0811 22:42:06.291762    4858 mockgcp_http.go:298] mockgcp request: POST https://compute.googleapis.com/compute/v1/projects/shared-reservations-project/regions/northamerica-northeast1/subnetworks
2026-08-11T22:42:25.7515689Z I0811 22:42:06.291998    4858 operations.go:125] "storing operation" fqn="projects/shared-reservations-project/regions/northamerica-northeast1/operations/operation-1786488126291-43c25510-c56c-4a0a-a561-2b9ac16c87ef"
2026-08-11T22:42:25.7517058Z I0811 22:42:06.292132    4858 mockgcp_http.go:327] mockgcp response: POST https://compute.googleapis.com/compute/v1/projects/shared-reservations-project/regions/northamerica-northeast1/subnetworks => 200
2026-08-11T22:42:25.7518766Z I0811 22:42:06.292170    4858 mockgcp_http.go:298] mockgcp request: GET https://compute.googleapis.com/compute/v1/projects/shared-reservations-project/regions/northamerica-northeast1/operations/operation-1786488126291-43c25510-c56c-4a0a-a561-2b9ac16c87ef
2026-08-11T22:42:25.7520500Z I0811 22:42:06.292445    4858 mockgcp_http.go:327] mockgcp response: GET https://compute.googleapis.com/compute/v1/projects/shared-reservations-project/regions/northamerica-northeast1/operations/operation-1786488126291-43c25510-c56c-4a0a-a561-2b9ac16c87ef => 200
2026-08-11T22:42:25.7522043Z I0811 22:42:06.292506    4858 mockgcp_http.go:298] mockgcp request: POST https://compute.googleapis.com/compute/v1/projects/shared-reservations-project/regions/europe-west4/subnetworks
2026-08-11T22:42:25.7523717Z I0811 22:42:06.292804    4858 operations.go:125] "storing operation" fqn="projects/shared-reservations-project/regions/europe-west4/operations/operation-1786488126292-2a90691a-2683-47f9-957f-09eaf08c8aee"
2026-08-11T22:42:25.7525000Z I0811 22:42:06.292924    4858 mockgcp_http.go:327] mockgcp response: POST https://compute.googleapis.com/compute/v1/projects/shared-reservations-project/regions/europe-west4/subnetworks => 200
2026-08-11T22:42:25.7526645Z I0811 22:42:06.292975    4858 mockgcp_http.go:298] mockgcp request: GET https://compute.googleapis.com/compute/v1/projects/shared-reservations-project/regions/europe-west4/operations/operation-1786488126292-2a90691a-2683-47f9-957f-09eaf08c8aee
2026-08-11T22:42:25.7528466Z I0811 22:42:06.293326    4858 mockgcp_http.go:327] mockgcp response: GET https://compute.googleapis.com/compute/v1/projects/shared-reservations-project/regions/europe-west4/operations/operation-1786488126292-2a90691a-2683-47f9-957f-09eaf08c8aee => 200
2026-08-11T22:42:25.7529864Z I0811 22:42:06.293373    4858 mockgcp_http.go:298] mockgcp request: POST https://compute.googleapis.com/compute/v1/projects/shared-reservations-project/regions/europe-north1/subnetworks
2026-08-11T22:42:25.7531128Z I0811 22:42:06.293630    4858 operations.go:125] "storing operation" fqn="projects/shared-reservations-project/regions/europe-north1/operations/operation-1786488126293-017c02a8-e22e-4556-a6e9-d3eaedcfbbc1"
2026-08-11T22:42:25.7532756Z I0811 22:42:06.293713    4858 mockgcp_http.go:327] mockgcp response: POST https://compute.googleapis.com/compute/v1/projects/shared-reservations-project/regions/europe-north1/subnetworks => 200
2026-08-11T22:42:25.7534434Z I0811 22:42:06.293778    4858 mockgcp_http.go:298] mockgcp request: GET https://compute.googleapis.com/compute/v1/projects/shared-reservations-project/regions/europe-north1/operations/operation-1786488126293-017c02a8-e22e-4556-a6e9-d3eaedcfbbc1
2026-08-11T22:42:25.7536420Z I0811 22:42:06.294016    4858 mockgcp_http.go:327] mockgcp response: GET https://compute.googleapis.com/compute/v1/projects/shared-reservations-project/regions/europe-north1/operations/operation-1786488126293-017c02a8-e22e-4556-a6e9-d3eaedcfbbc1 => 200
2026-08-11T22:42:25.7538004Z I0811 22:42:06.294072    4858 mockgcp_http.go:298] mockgcp request: POST https://compute.googleapis.com/compute/v1/projects/shared-reservations-project/regions/us-west2/subnetworks
2026-08-11T22:42:25.7539495Z I0811 22:42:06.294372    4858 operations.go:125] "storing operation" fqn="projects/shared-reservations-project/regions/us-west2/operations/operation-1786488126294-3030a079-1409-4ca1-a508-a3c07e2a9957"
2026-08-11T22:42:25.7541064Z I0811 22:42:06.294500    4858 mockgcp_http.go:327] mockgcp response: POST https://compute.googleapis.com/compute/v1/projects/shared-reservations-project/regions/us-west2/subnetworks => 200
2026-08-11T22:42:25.7543354Z I0811 22:42:06.294542    4858 mockgcp_http.go:298] mockgcp request: GET https://compute.googleapis.com/compute/v1/projects/shared-reservations-project/regions/us-west2/operations/operation-1786488126294-3030a079-1409-4ca1-a508-a3c07e2a9957
2026-08-11T22:42:25.7545001Z I0811 22:42:06.294850    4858 mockgcp_http.go:327] mockgcp response: GET https://compute.googleapis.com/compute/v1/projects/shared-reservations-project/regions/us-west2/operations/operation-1786488126294-3030a079-1409-4ca1-a508-a3c07e2a9957 => 200
2026-08-11T22:42:25.7546407Z I0811 22:42:06.294906    4858 mockgcp_http.go:298] mockgcp request: POST https://compute.googleapis.com/compute/v1/projects/shared-reservations-project/regions/asia-east2/subnetworks
2026-08-11T22:42:25.7547684Z I0811 22:42:06.295186    4858 operations.go:125] "storing operation" fqn="projects/shared-reservations-project/regions/asia-east2/operations/operation-1786488126295-398d886d-1561-4b82-82b1-d0cca312986a"
2026-08-11T22:42:25.7549440Z I0811 22:42:06.295329    4858 mockgcp_http.go:327] mockgcp response: POST https://compute.googleapis.com/compute/v1/projects/shared-reservations-project/regions/asia-east2/subnetworks => 200
2026-08-11T22:42:25.7552621Z I0811 22:42:06.295381    4858 mockgcp_http.go:298] mockgcp request: GET https://compute.googleapis.com/compute/v1/projects/shared-reservations-project/regions/asia-east2/operations/operation-1786488126295-398d886d-1561-4b82-82b1-d0cca312986a
2026-08-11T22:42:25.7554670Z I0811 22:42:06.295630    4858 mockgcp_http.go:327] mockgcp response: GET https://compute.googleapis.com/compute/v1/projects/shared-reservations-project/regions/asia-east2/operations/operation-1786488126295-398d886d-1561-4b82-82b1-d0cca312986a => 200
2026-08-11T22:42:25.7556106Z I0811 22:42:06.295689    4858 mockgcp_http.go:298] mockgcp request: POST https://compute.googleapis.com/compute/v1/projects/shared-reservations-project/regions/europe-west6/subnetworks
2026-08-11T22:42:25.7557613Z I0811 22:42:06.295952    4858 operations.go:125] "storing operation" fqn="projects/shared-reservations-project/regions/europe-west6/operations/operation-1786488126295-df933e7b-84ec-4d2f-ba44-be2be6304903"
2026-08-11T22:42:25.7558946Z I0811 22:42:06.296103    4858 mockgcp_http.go:327] mockgcp response: POST https://compute.googleapis.com/compute/v1/projects/shared-reservations-project/regions/europe-west6/subnetworks => 200
2026-08-11T22:42:25.7560507Z I0811 22:42:06.296176    4858 mockgcp_http.go:298] mockgcp request: GET https://compute.googleapis.com/compute/v1/projects/shared-reservations-project/regions/europe-west6/operations/operation-1786488126295-df933e7b-84ec-4d2f-ba44-be2be6304903
2026-08-11T22:42:25.7562367Z I0811 22:42:06.296468    4858 mockgcp_http.go:327] mockgcp response: GET https://compute.googleapis.com/compute/v1/projects/shared-reservations-project/regions/europe-west6/operations/operation-1786488126295-df933e7b-84ec-4d2f-ba44-be2be6304903 => 200
2026-08-11T22:42:25.7564410Z I0811 22:42:06.296532    4858 mockgcp_http.go:298] mockgcp request: POST https://compute.googleapis.com/compute/v1/projects/shared-reservations-project/regions/asia-northeast2/subnetworks
2026-08-11T22:42:25.7565921Z I0811 22:42:06.296825    4858 operations.go:125] "storing operation" fqn="projects/shared-reservations-project/regions/asia-northeast2/operations/operation-1786488126296-f0d096d9-ba0c-4247-a4c4-bf825da4b26c"
2026-08-11T22:42:25.7567351Z I0811 22:42:06.296946    4858 mockgcp_http.go:327] mockgcp response: POST https://compute.googleapis.com/compute/v1/projects/shared-reservations-project/regions/asia-northeast2/subnetworks => 200
2026-08-11T22:42:25.7568872Z I0811 22:42:06.296990    4858 mockgcp_http.go:298] mockgcp request: GET https://compute.googleapis.com/compute/v1/projects/shared-reservations-project/regions/asia-northeast2/operations/operation-1786488126296-f0d096d9-ba0c-4247-a4c4-bf825da4b26c
2026-08-11T22:42:25.7570570Z I0811 22:42:06.297269    4858 mockgcp_http.go:327] mockgcp response: GET https://compute.googleapis.com/compute/v1/projects/shared-reservations-project/regions/asia-northeast2/operations/operation-1786488126296-f0d096d9-ba0c-4247-a4c4-bf825da4b26c => 200
2026-08-11T22:42:25.7572042Z I0811 22:42:06.297328    4858 mockgcp_http.go:298] mockgcp request: POST https://compute.googleapis.com/compute/v1/projects/shared-reservations-project/regions/asia-northeast3/subnetworks
2026-08-11T22:42:25.7573529Z I0811 22:42:06.297634    4858 operations.go:125] "storing operation" fqn="projects/shared-reservations-project/regions/asia-northeast3/operations/operation-1786488126297-3be6f141-c9e1-4023-818e-f8237dfa6e8b"
2026-08-11T22:42:25.7574868Z I0811 22:42:06.297745    4858 mockgcp_http.go:327] mockgcp response: POST https://compute.googleapis.com/compute/v1/projects/shared-reservations-project/regions/asia-northeast3/subnetworks => 200
2026-08-11T22:42:25.7576338Z I0811 22:42:06.297797    4858 mockgcp_http.go:298] mockgcp request: GET https://compute.googleapis.com/compute/v1/projects/shared-reservations-project/regions/asia-northeast3/operations/operation-1786488126297-3be6f141-c9e1-4023-818e-f8237dfa6e8b
2026-08-11T22:42:25.7578535Z I0811 22:42:06.298090    4858 mockgcp_http.go:327] mockgcp response: GET https://compute.googleapis.com/compute/v1/projects/shared-reservations-project/regions/asia-northeast3/operations/operation-1786488126297-3be6f141-c9e1-4023-818e-f8237dfa6e8b => 200
2026-08-11T22:42:25.7579942Z I0811 22:42:06.298145    4858 mockgcp_http.go:298] mockgcp request: POST https://compute.googleapis.com/compute/v1/projects/shared-reservations-project/regions/us-west3/subnetworks
2026-08-11T22:42:25.7581207Z I0811 22:42:06.298476    4858 operations.go:125] "storing operation" fqn="projects/shared-reservations-project/regions/us-west3/operations/operation-1786488126298-64581603-0e3d-45ae-9166-7948edee85f6"
2026-08-11T22:42:25.7582860Z I0811 22:42:06.298606    4858 mockgcp_http.go:327] mockgcp response: POST https://compute.googleapis.com/compute/v1/projects/shared-reservations-project/regions/us-west3/subnetworks => 200
2026-08-11T22:42:25.7584350Z I0811 22:42:06.298654    4858 mockgcp_http.go:298] mockgcp request: GET https://compute.googleapis.com/compute/v1/projects/shared-reservations-project/regions/us-west3/operations/operation-1786488126298-64581603-0e3d-45ae-9166-7948edee85f6
2026-08-11T22:42:25.7585974Z I0811 22:42:06.298927    4858 mockgcp_http.go:327] mockgcp response: GET https://compute.googleapis.com/compute/v1/projects/shared-reservations-project/regions/us-west3/operations/operation-1786488126298-64581603-0e3d-45ae-9166-7948edee85f6 => 200
2026-08-11T22:42:25.7587489Z I0811 22:42:06.298989    4858 mockgcp_http.go:298] mockgcp request: POST https://compute.googleapis.com/compute/v1/projects/shared-reservations-project/regions/us-west4/subnetworks
2026-08-11T22:42:25.7588726Z I0811 22:42:06.299297    4858 operations.go:125] "storing operation" fqn="projects/shared-reservations-project/regions/us-west4/operations/operation-1786488126299-009dcf6e-3746-4eb3-977a-5eba51d3d72f"
2026-08-11T22:42:25.7589990Z I0811 22:42:06.299459    4858 mockgcp_http.go:327] mockgcp response: POST https://compute.googleapis.com/compute/v1/projects/shared-reservations-project/regions/us-west4/subnetworks => 200
2026-08-11T22:42:25.7591710Z I0811 22:42:06.299507    4858 mockgcp_http.go:298] mockgcp request: GET https://compute.googleapis.com/compute/v1/projects/shared-reservations-project/regions/us-west4/operations/operation-1786488126299-009dcf6e-3746-4eb3-977a-5eba51d3d72f
2026-08-11T22:42:25.7593811Z I0811 22:42:06.299774    4858 mockgcp_http.go:327] mockgcp response: GET https://compute.googleapis.com/compute/v1/projects/shared-reservations-project/regions/us-west4/operations/operation-1786488126299-009dcf6e-3746-4eb3-977a-5eba51d3d72f => 200
2026-08-11T22:42:25.7595504Z I0811 22:42:06.299844    4858 mockgcp_http.go:298] mockgcp request: POST https://compute.googleapis.com/compute/v1/projects/shared-reservations-project/regions/asia-southeast2/subnetworks
2026-08-11T22:42:25.7597032Z I0811 22:42:06.300184    4858 operations.go:125] "storing operation" fqn="projects/shared-reservations-project/regions/asia-southeast2/operations/operation-1786488126300-888e8cfc-aee1-4a9a-9ba7-e33c5cc600a3"
2026-08-11T22:42:25.7598495Z I0811 22:42:06.300331    4858 mockgcp_http.go:327] mockgcp response: POST https://compute.googleapis.com/compute/v1/projects/shared-reservations-project/regions/asia-southeast2/subnetworks => 200
2026-08-11T22:42:25.7600205Z I0811 22:42:06.300382    4858 mockgcp_http.go:298] mockgcp request: GET https://compute.googleapis.com/compute/v1/projects/shared-reservations-project/regions/asia-southeast2/operations/operation-1786488126300-888e8cfc-aee1-4a9a-9ba7-e33c5cc600a3
2026-08-11T22:42:25.7602208Z I0811 22:42:06.300626    4858 mockgcp_http.go:327] mockgcp response: GET https://compute.googleapis.com/compute/v1/projects/shared-reservations-project/regions/asia-southeast2/operations/operation-1786488126300-888e8cfc-aee1-4a9a-9ba7-e33c5cc600a3 => 200
2026-08-11T22:42:25.7604122Z I0811 22:42:06.300688    4858 mockgcp_http.go:298] mockgcp request: POST https://compute.googleapis.com/compute/v1/projects/shared-reservations-project/regions/europe-central2/subnetworks
2026-08-11T22:42:25.7605475Z I0811 22:42:06.300984    4858 operations.go:125] "storing operation" fqn="projects/shared-reservations-project/regions/europe-central2/operations/operation-1786488126300-b594d129-ed8a-41f1-bdb0-bedfa9add7c6"
2026-08-11T22:42:25.7606829Z I0811 22:42:06.301146    4858 mockgcp_http.go:327] mockgcp response: POST https://compute.googleapis.com/compute/v1/projects/shared-reservations-project/regions/europe-central2/subnetworks => 200
2026-08-11T22:42:25.7608327Z I0811 22:42:06.301215    4858 mockgcp_http.go:298] mockgcp request: GET https://compute.googleapis.com/compute/v1/projects/shared-reservations-project/regions/europe-central2/operations/operation-1786488126300-b594d129-ed8a-41f1-bdb0-bedfa9add7c6
2026-08-11T22:42:25.7610175Z I0811 22:42:06.301500    4858 mockgcp_http.go:327] mockgcp response: GET https://compute.googleapis.com/compute/v1/projects/shared-reservations-project/regions/europe-central2/operations/operation-1786488126300-b594d129-ed8a-41f1-bdb0-bedfa9add7c6 => 200
2026-08-11T22:42:25.7611643Z I0811 22:42:06.301560    4858 mockgcp_http.go:298] mockgcp request: POST https://compute.googleapis.com/compute/v1/projects/shared-reservations-project/regions/northamerica-northeast2/subnetworks
2026-08-11T22:42:25.7613156Z I0811 22:42:06.301857    4858 operations.go:125] "storing operation" fqn="projects/shared-reservations-project/regions/northamerica-northeast2/operations/operation-1786488126301-16a13ded-3851-4a7d-89f9-a17fb610eb29"
2026-08-11T22:42:25.7614687Z I0811 22:42:06.301971    4858 mockgcp_http.go:327] mockgcp response: POST https://compute.googleapis.com/compute/v1/projects/shared-reservations-project/regions/northamerica-northeast2/subnetworks => 200
2026-08-11T22:42:25.7616232Z I0811 22:42:06.302026    4858 mockgcp_http.go:298] mockgcp request: GET https://compute.googleapis.com/compute/v1/projects/shared-reservations-project/regions/northamerica-northeast2/operations/operation-1786488126301-16a13ded-3851-4a7d-89f9-a17fb610eb29
2026-08-11T22:42:25.7617950Z I0811 22:42:06.302297    4858 mockgcp_http.go:327] mockgcp response: GET https://compute.googleapis.com/compute/v1/projects/shared-reservations-project/regions/northamerica-northeast2/operations/operation-1786488126301-16a13ded-3851-4a7d-89f9-a17fb610eb29 => 200
2026-08-11T22:42:25.7619602Z I0811 22:42:06.302359    4858 mockgcp_http.go:298] mockgcp request: POST https://compute.googleapis.com/compute/v1/projects/shared-reservations-project/regions/asia-south2/subnetworks
2026-08-11T22:42:25.7620901Z I0811 22:42:06.302664    4858 operations.go:125] "storing operation" fqn="projects/shared-reservations-project/regions/asia-south2/operations/operation-1786488126302-cbec09ac-ff5e-4f50-8dff-78fa1199e8a6"
2026-08-11T22:42:25.7622216Z I0811 22:42:06.302795    4858 mockgcp_http.go:327] mockgcp response: POST https://compute.googleapis.com/compute/v1/projects/shared-reservations-project/regions/asia-south2/subnetworks => 200
2026-08-11T22:42:25.7623846Z I0811 22:42:06.302847    4858 mockgcp_http.go:298] mockgcp request: GET https://compute.googleapis.com/compute/v1/projects/shared-reservations-project/regions/asia-south2/operations/operation-1786488126302-cbec09ac-ff5e-4f50-8dff-78fa1199e8a6
2026-08-11T22:42:25.7625469Z I0811 22:42:06.303064    4858 mockgcp_http.go:327] mockgcp response: GET https://compute.googleapis.com/compute/v1/projects/shared-reservations-project/regions/asia-south2/operations/operation-1786488126302-cbec09ac-ff5e-4f50-8dff-78fa1199e8a6 => 200
2026-08-11T22:42:25.7626922Z I0811 22:42:06.303119    4858 mockgcp_http.go:298] mockgcp request: POST https://compute.googleapis.com/compute/v1/projects/shared-reservations-project/regions/australia-southeast2/subnetworks
2026-08-11T22:42:25.7628277Z I0811 22:42:06.303422    4858 operations.go:125] "storing operation" fqn="projects/shared-reservations-project/regions/australia-southeast2/operations/operation-1786488126303-d56d084b-2165-4580-8e30-ffff5c3d94f0"
2026-08-11T22:42:25.7629630Z I0811 22:42:06.303544    4858 mockgcp_http.go:327] mockgcp response: POST https://compute.googleapis.com/compute/v1/projects/shared-reservations-project/regions/australia-southeast2/subnetworks => 200
2026-08-11T22:42:25.7631301Z I0811 22:42:06.303588    4858 mockgcp_http.go:298] mockgcp request: GET https://compute.googleapis.com/compute/v1/projects/shared-reservations-project/regions/australia-southeast2/operations/operation-1786488126303-d56d084b-2165-4580-8e30-ffff5c3d94f0
2026-08-11T22:42:25.7633485Z I0811 22:42:06.303850    4858 mockgcp_http.go:327] mockgcp response: GET https://compute.googleapis.com/compute/v1/projects/shared-reservations-project/regions/australia-southeast2/operations/operation-1786488126303-d56d084b-2165-4580-8e30-ffff5c3d94f0 => 200
2026-08-11T22:42:25.7636392Z I0811 22:42:06.303914    4858 mockgcp_http.go:298] mockgcp request: POST https://compute.googleapis.com/compute/v1/projects/shared-reservations-project/regions/southamerica-west1/subnetworks
2026-08-11T22:42:25.7638802Z I0811 22:42:06.304202    4858 operations.go:125] "storing operation" fqn="projects/shared-reservations-project/regions/southamerica-west1/operations/operation-1786488126304-a6df4e5c-7a42-4221-a890-f2950a06b50d"
2026-08-11T22:42:25.7641248Z I0811 22:42:06.304390    4858 mockgcp_http.go:327] mockgcp response: POST https://compute.googleapis.com/compute/v1/projects/shared-reservations-project/regions/southamerica-west1/subnetworks => 200
2026-08-11T22:42:25.7644386Z I0811 22:42:06.304438    4858 mockgcp_http.go:298] mockgcp request: GET https://compute.googleapis.com/compute/v1/projects/shared-reservations-project/regions/southamerica-west1/operations/operation-1786488126304-a6df4e5c-7a42-4221-a890-f2950a06b50d
2026-08-11T22:42:25.7647507Z I0811 22:42:06.304672    4858 mockgcp_http.go:327] mockgcp response: GET https://compute.googleapis.com/compute/v1/projects/shared-reservations-project/regions/southamerica-west1/operations/operation-1786488126304-a6df4e5c-7a42-4221-a890-f2950a06b50d => 200
2026-08-11T22:42:25.7650303Z I0811 22:42:06.304730    4858 mockgcp_http.go:298] mockgcp request: POST https://compute.googleapis.com/compute/v1/projects/shared-reservations-project/regions/europe-west8/subnetworks
2026-08-11T22:42:25.7653032Z I0811 22:42:06.304993    4858 operations.go:125] "storing operation" fqn="projects/shared-reservations-project/regions/europe-west8/operations/operation-1786488126304-0fb48873-8603-4641-9259-6e3c399db184"
2026-08-11T22:42:25.7655373Z I0811 22:42:06.305122    4858 mockgcp_http.go:327] mockgcp response: POST https://compute.googleapis.com/compute/v1/projects/shared-reservations-project/regions/europe-west8/subnetworks => 200
2026-08-11T22:42:25.7657969Z I0811 22:42:06.305171    4858 mockgcp_http.go:298] mockgcp request: GET https://compute.googleapis.com/compute/v1/projects/shared-reservations-project/regions/europe-west8/operations/operation-1786488126304-0fb48873-8603-4641-9259-6e3c399db184
2026-08-11T22:42:25.7660923Z I0811 22:42:06.305482    4858 mockgcp_http.go:327] mockgcp response: GET https://compute.googleapis.com/compute/v1/projects/shared-reservations-project/regions/europe-west8/operations/operation-1786488126304-0fb48873-8603-4641-9259-6e3c399db184 => 200
2026-08-11T22:42:25.7664128Z I0811 22:42:06.305555    4858 mockgcp_http.go:298] mockgcp request: POST https://compute.googleapis.com/compute/v1/projects/shared-reservations-project/regions/europe-west9/subnetworks
2026-08-11T22:42:25.7666483Z I0811 22:42:06.305900    4858 operations.go:125] "storing operation" fqn="projects/shared-reservations-project/regions/europe-west9/operations/operation-1786488126305-1bba72e5-2a33-4533-acc6-940837f0c867"
2026-08-11T22:42:25.7668931Z I0811 22:42:06.306044    4858 mockgcp_http.go:327] mockgcp response: POST https://compute.googleapis.com/compute/v1/projects/shared-reservations-project/regions/europe-west9/subnetworks => 200
2026-08-11T22:42:25.7671557Z I0811 22:42:06.306092    4858 mockgcp_http.go:298] mockgcp request: GET https://compute.googleapis.com/compute/v1/projects/shared-reservations-project/regions/europe-west9/operations/operation-1786488126305-1bba72e5-2a33-4533-acc6-940837f0c867
2026-08-11T22:42:25.7674706Z I0811 22:42:06.306399    4858 mockgcp_http.go:327] mockgcp response: GET https://compute.googleapis.com/compute/v1/projects/shared-reservations-project/regions/europe-west9/operations/operation-1786488126305-1bba72e5-2a33-4533-acc6-940837f0c867 => 200
2026-08-11T22:42:25.7677362Z I0811 22:42:06.306477    4858 mockgcp_http.go:298] mockgcp request: POST https://compute.googleapis.com/compute/v1/projects/shared-reservations-project/regions/us-east5/subnetworks
2026-08-11T22:42:25.7679636Z I0811 22:42:06.306763    4858 operations.go:125] "storing operation" fqn="projects/shared-reservations-project/regions/us-east5/operations/operation-1786488126306-785db3da-30d7-457e-9cdf-42778f44df99"
2026-08-11T22:42:25.7682145Z I0811 22:42:06.306943    4858 mockgcp_http.go:327] mockgcp response: POST https://compute.googleapis.com/compute/v1/projects/shared-reservations-project/regions/us-east5/subnetworks => 200
2026-08-11T22:42:25.7685055Z I0811 22:42:06.307019    4858 mockgcp_http.go:298] mockgcp request: GET https://compute.googleapis.com/compute/v1/projects/shared-reservations-project/regions/us-east5/operations/operation-1786488126306-785db3da-30d7-457e-9cdf-42778f44df99
2026-08-11T22:42:25.7688004Z I0811 22:42:06.307314    4858 mockgcp_http.go:327] mockgcp response: GET https://compute.googleapis.com/compute/v1/projects/shared-reservations-project/regions/us-east5/operations/operation-1786488126306-785db3da-30d7-457e-9cdf-42778f44df99 => 200
2026-08-11T22:42:25.7690777Z I0811 22:42:06.307371    4858 mockgcp_http.go:298] mockgcp request: POST https://compute.googleapis.com/compute/v1/projects/shared-reservations-project/regions/europe-southwest1/subnetworks
2026-08-11T22:42:25.7693351Z I0811 22:42:06.307640    4858 operations.go:125] "storing operation" fqn="projects/shared-reservations-project/regions/europe-southwest1/operations/operation-1786488126307-a8c7d2f2-119a-4e43-b4e3-cb9866fe777a"
2026-08-11T22:42:25.7695191Z I0811 22:42:06.307774    4858 mockgcp_http.go:327] mockgcp response: POST https://compute.googleapis.com/compute/v1/projects/shared-reservations-project/regions/europe-southwest1/subnetworks => 200
2026-08-11T22:42:25.7696653Z I0811 22:42:06.307828    4858 mockgcp_http.go:298] mockgcp request: GET https://compute.googleapis.com/compute/v1/projects/shared-reservations-project/regions/europe-southwest1/operations/operation-1786488126307-a8c7d2f2-119a-4e43-b4e3-cb9866fe777a
2026-08-11T22:42:25.7698328Z I0811 22:42:06.308134    4858 mockgcp_http.go:327] mockgcp response: GET https://compute.googleapis.com/compute/v1/projects/shared-reservations-project/regions/europe-southwest1/operations/operation-1786488126307-a8c7d2f2-119a-4e43-b4e3-cb9866fe777a => 200
2026-08-11T22:42:25.7699935Z I0811 22:42:06.308194    4858 mockgcp_http.go:298] mockgcp request: POST https://compute.googleapis.com/compute/v1/projects/shared-reservations-project/regions/us-south1/subnetworks
2026-08-11T22:42:25.7701388Z I0811 22:42:06.308521    4858 operations.go:125] "storing operation" fqn="projects/shared-reservations-project/regions/us-south1/operations/operation-1786488126308-3670ee25-0b6f-46c2-929e-726a2f5e9aae"
2026-08-11T22:42:25.7703339Z I0811 22:42:06.308635    4858 mockgcp_http.go:327] mockgcp response: POST https://compute.googleapis.com/compute/v1/projects/shared-reservations-project/regions/us-south1/subnetworks => 200
2026-08-11T22:42:25.7705117Z I0811 22:42:06.308686    4858 mockgcp_http.go:298] mockgcp request: GET https://compute.googleapis.com/compute/v1/projects/shared-reservations-project/regions/us-south1/operations/operation-1786488126308-3670ee25-0b6f-46c2-929e-726a2f5e9aae
2026-08-11T22:42:25.7707145Z I0811 22:42:06.308982    4858 mockgcp_http.go:327] mockgcp response: GET https://compute.googleapis.com/compute/v1/projects/shared-reservations-project/regions/us-south1/operations/operation-1786488126308-3670ee25-0b6f-46c2-929e-726a2f5e9aae => 200
2026-08-11T22:42:25.7708621Z I0811 22:42:06.309041    4858 mockgcp_http.go:298] mockgcp request: POST https://compute.googleapis.com/compute/v1/projects/shared-reservations-project/regions/me-west1/subnetworks
2026-08-11T22:42:25.7709878Z I0811 22:42:06.309378    4858 operations.go:125] "storing operation" fqn="projects/shared-reservations-project/regions/me-west1/operations/operation-1786488126309-3ed5cb5e-8c1d-42a7-98d6-70cddee9529f"
2026-08-11T22:42:25.7711337Z I0811 22:42:06.309504    4858 mockgcp_http.go:327] mockgcp response: POST https://compute.googleapis.com/compute/v1/projects/shared-reservations-project/regions/me-west1/subnetworks => 200
2026-08-11T22:42:25.7713063Z I0811 22:42:06.309632    4858 mockgcp_http.go:298] mockgcp request: GET https://compute.googleapis.com/compute/v1/projects/shared-reservations-project/regions/me-west1/operations/operation-1786488126309-3ed5cb5e-8c1d-42a7-98d6-70cddee9529f
2026-08-11T22:42:25.7714941Z I0811 22:42:06.309923    4858 mockgcp_http.go:327] mockgcp response: GET https://compute.googleapis.com/compute/v1/projects/shared-reservations-project/regions/me-west1/operations/operation-1786488126309-3ed5cb5e-8c1d-42a7-98d6-70cddee9529f => 200
2026-08-11T22:42:25.7716379Z I0811 22:42:06.309987    4858 mockgcp_http.go:298] mockgcp request: POST https://compute.googleapis.com/compute/v1/projects/shared-reservations-project/regions/europe-west12/subnetworks
2026-08-11T22:42:25.7717753Z I0811 22:42:06.310311    4858 operations.go:125] "storing operation" fqn="projects/shared-reservations-project/regions/europe-west12/operations/operation-1786488126310-2217730a-054a-41cf-b90a-85721359d6e2"
2026-08-11T22:42:25.7719255Z I0811 22:42:06.310420    4858 mockgcp_http.go:327] mockgcp response: POST https://compute.googleapis.com/compute/v1/projects/shared-reservations-project/regions/europe-west12/subnetworks => 200
2026-08-11T22:42:25.7720920Z I0811 22:42:06.310472    4858 mockgcp_http.go:298] mockgcp request: GET https://compute.googleapis.com/compute/v1/projects/shared-reservations-project/regions/europe-west12/operations/operation-1786488126310-2217730a-054a-41cf-b90a-85721359d6e2
2026-08-11T22:42:25.7722801Z I0811 22:42:06.310669    4858 mockgcp_http.go:327] mockgcp response: GET https://compute.googleapis.com/compute/v1/projects/shared-reservations-project/regions/europe-west12/operations/operation-1786488126310-2217730a-054a-41cf-b90a-85721359d6e2 => 200
2026-08-11T22:42:25.7724571Z I0811 22:42:06.310725    4858 mockgcp_http.go:298] mockgcp request: POST https://compute.googleapis.com/compute/v1/projects/shared-reservations-project/regions/me-central1/subnetworks
2026-08-11T22:42:25.7725903Z I0811 22:42:06.311036    4858 operations.go:125] "storing operation" fqn="projects/shared-reservations-project/regions/me-central1/operations/operation-1786488126311-04449ca3-7338-489b-b9d1-5856c59716ab"
2026-08-11T22:42:25.7727227Z I0811 22:42:06.311153    4858 mockgcp_http.go:327] mockgcp response: POST https://compute.googleapis.com/compute/v1/projects/shared-reservations-project/regions/me-central1/subnetworks => 200
2026-08-11T22:42:25.7728680Z I0811 22:42:06.311205    4858 mockgcp_http.go:298] mockgcp request: GET https://compute.googleapis.com/compute/v1/projects/shared-reservations-project/regions/me-central1/operations/operation-1786488126311-04449ca3-7338-489b-b9d1-5856c59716ab
2026-08-11T22:42:25.7730501Z I0811 22:42:06.311550    4858 mockgcp_http.go:327] mockgcp response: GET https://compute.googleapis.com/compute/v1/projects/shared-reservations-project/regions/me-central1/operations/operation-1786488126311-04449ca3-7338-489b-b9d1-5856c59716ab => 200
2026-08-11T22:42:25.7732012Z I0811 22:42:06.311629    4858 mockgcp_http.go:298] mockgcp request: POST https://compute.googleapis.com/compute/v1/projects/shared-reservations-project/regions/europe-west10/subnetworks
2026-08-11T22:42:25.7733583Z I0811 22:42:06.311981    4858 operations.go:125] "storing operation" fqn="projects/shared-reservations-project/regions/europe-west10/operations/operation-1786488126311-6fb4a5b1-e5ed-44bf-bb36-b548a2ab18dd"
2026-08-11T22:42:25.7735233Z I0811 22:42:06.312129    4858 mockgcp_http.go:327] mockgcp response: POST https://compute.googleapis.com/compute/v1/projects/shared-reservations-project/regions/europe-west10/subnetworks => 200
2026-08-11T22:42:25.7736685Z I0811 22:42:06.312180    4858 mockgcp_http.go:298] mockgcp request: GET https://compute.googleapis.com/compute/v1/projects/shared-reservations-project/regions/europe-west10/operations/operation-1786488126311-6fb4a5b1-e5ed-44bf-bb36-b548a2ab18dd
2026-08-11T22:42:25.7738515Z I0811 22:42:06.312502    4858 mockgcp_http.go:327] mockgcp response: GET https://compute.googleapis.com/compute/v1/projects/shared-reservations-project/regions/europe-west10/operations/operation-1786488126311-6fb4a5b1-e5ed-44bf-bb36-b548a2ab18dd => 200
2026-08-11T22:42:25.7740531Z I0811 22:42:06.312560    4858 mockgcp_http.go:298] mockgcp request: POST https://compute.googleapis.com/compute/v1/projects/shared-reservations-project/regions/africa-south1/subnetworks
2026-08-11T22:42:25.7741871Z I0811 22:42:06.312867    4858 operations.go:125] "storing operation" fqn="projects/shared-reservations-project/regions/africa-south1/operations/operation-1786488126312-a7925b0b-1089-4a22-9870-93aae27b30c2"
2026-08-11T22:42:25.7743600Z I0811 22:42:06.312966    4858 mockgcp_http.go:327] mockgcp response: POST https://compute.googleapis.com/compute/v1/projects/shared-reservations-project/regions/africa-south1/subnetworks => 200
2026-08-11T22:42:25.7745360Z I0811 22:42:06.313017    4858 mockgcp_http.go:298] mockgcp request: GET https://compute.googleapis.com/compute/v1/projects/shared-reservations-project/regions/africa-south1/operations/operation-1786488126312-a7925b0b-1089-4a22-9870-93aae27b30c2
2026-08-11T22:42:25.7747197Z I0811 22:42:06.313315    4858 mockgcp_http.go:327] mockgcp response: GET https://compute.googleapis.com/compute/v1/projects/shared-reservations-project/regions/africa-south1/operations/operation-1786488126312-a7925b0b-1089-4a22-9870-93aae27b30c2 => 200
2026-08-11T22:42:25.7748679Z I0811 22:42:06.313430    4858 mockgcp_http.go:298] mockgcp request: POST https://compute.googleapis.com/compute/v1/projects/shared-reservations-project/regions/northamerica-south1/subnetworks
2026-08-11T22:42:25.7750044Z I0811 22:42:06.313746    4858 operations.go:125] "storing operation" fqn="projects/shared-reservations-project/regions/northamerica-south1/operations/operation-1786488126313-1e60ee4c-cbaf-4a34-99b1-5bd7a41e0d30"
2026-08-11T22:42:25.7751980Z I0811 22:42:06.313917    4858 mockgcp_http.go:327] mockgcp response: POST https://compute.googleapis.com/compute/v1/projects/shared-reservations-project/regions/northamerica-south1/subnetworks => 200
2026-08-11T22:42:25.7754482Z I0811 22:42:06.313967    4858 mockgcp_http.go:298] mockgcp request: GET https://compute.googleapis.com/compute/v1/projects/shared-reservations-project/regions/northamerica-south1/operations/operation-1786488126313-1e60ee4c-cbaf-4a34-99b1-5bd7a41e0d30
2026-08-11T22:42:25.7756295Z I0811 22:42:06.314281    4858 mockgcp_http.go:327] mockgcp response: GET https://compute.googleapis.com/compute/v1/projects/shared-reservations-project/regions/northamerica-south1/operations/operation-1786488126313-1e60ee4c-cbaf-4a34-99b1-5bd7a41e0d30 => 200
2026-08-11T22:42:25.7757796Z I0811 22:42:06.314365    4858 mockgcp_http.go:298] mockgcp request: POST https://compute.googleapis.com/compute/v1/projects/shared-reservations-project/regions/europe-north2/subnetworks
2026-08-11T22:42:25.7759367Z I0811 22:42:06.314666    4858 operations.go:125] "storing operation" fqn="projects/shared-reservations-project/regions/europe-north2/operations/operation-1786488126314-802156a7-2bc1-49a0-bda7-582411a08822"
2026-08-11T22:42:25.7760728Z I0811 22:42:06.314816    4858 mockgcp_http.go:327] mockgcp response: POST https://compute.googleapis.com/compute/v1/projects/shared-reservations-project/regions/europe-north2/subnetworks => 200
2026-08-11T22:42:25.7762214Z I0811 22:42:06.314882    4858 mockgcp_http.go:298] mockgcp request: GET https://compute.googleapis.com/compute/v1/projects/shared-reservations-project/regions/europe-north2/operations/operation-1786488126314-802156a7-2bc1-49a0-bda7-582411a08822
2026-08-11T22:42:25.7764569Z I0811 22:42:06.315175    4858 mockgcp_http.go:327] mockgcp response: GET https://compute.googleapis.com/compute/v1/projects/shared-reservations-project/regions/europe-north2/operations/operation-1786488126314-802156a7-2bc1-49a0-bda7-582411a08822 => 200
2026-08-11T22:42:25.7765965Z I0811 22:42:06.315455    4858 mockgcp_http.go:298] mockgcp request: POST https://compute.googleapis.com/compute/v1/projects/shared-reservations-project/global/routes
2026-08-11T22:42:25.7767185Z I0811 22:42:06.315953    4858 operations.go:125] "storing operation" fqn="projects/shared-reservations-project/global/operations/operation-1786488126315-bb35909f-dc3d-4f7b-a248-16df48ed052a"
2026-08-11T22:42:25.7768656Z I0811 22:42:06.316064    4858 mockgcp_http.go:327] mockgcp response: POST https://compute.googleapis.com/compute/v1/projects/shared-reservations-project/global/routes => 200
2026-08-11T22:42:25.7770170Z I0811 22:42:06.316113    4858 mockgcp_http.go:298] mockgcp request: GET https://compute.googleapis.com/compute/v1/projects/shared-reservations-project/global/operations/operation-1786488126315-bb35909f-dc3d-4f7b-a248-16df48ed052a
2026-08-11T22:42:25.7771879Z I0811 22:42:06.316361    4858 mockgcp_http.go:327] mockgcp response: GET https://compute.googleapis.com/compute/v1/projects/shared-reservations-project/global/operations/operation-1786488126315-bb35909f-dc3d-4f7b-a248-16df48ed052a => 200
2026-08-11T22:42:25.7773579Z I0811 22:42:06.316482    4858 mockgcp_http.go:298] mockgcp request: GET https://compute.googleapis.com/compute/v1/projects/shared-reservations-project/aggregated/subnetworks
2026-08-11T22:42:25.7774951Z I0811 22:42:06.319190    4858 mockgcp_http.go:327] mockgcp response: GET https://compute.googleapis.com/compute/v1/projects/shared-reservations-project/aggregated/subnetworks => 200
2026-08-11T22:42:25.7776284Z I0811 22:42:06.321001    4858 mockgcp_http.go:298] mockgcp request: POST https://compute.googleapis.com/compute/v1/projects/shared-reservations-project/global/routes
2026-08-11T22:42:25.7777511Z I0811 22:42:06.321434    4858 operations.go:125] "storing operation" fqn="projects/shared-reservations-project/global/operations/operation-1786488126321-9fffffb2-f395-48dd-87a6-3ec832a9fe6f"
2026-08-11T22:42:25.7778867Z I0811 22:42:06.321537    4858 mockgcp_http.go:327] mockgcp response: POST https://compute.googleapis.com/compute/v1/projects/shared-reservations-project/global/routes => 200
2026-08-11T22:42:25.7780465Z I0811 22:42:06.321591    4858 mockgcp_http.go:298] mockgcp request: GET https://compute.googleapis.com/compute/v1/projects/shared-reservations-project/global/operations/operation-1786488126321-9fffffb2-f395-48dd-87a6-3ec832a9fe6f
2026-08-11T22:42:25.7782632Z I0811 22:42:06.322332    4858 mockgcp_http.go:327] mockgcp response: GET https://compute.googleapis.com/compute/v1/projects/shared-reservations-project/global/operations/operation-1786488126321-9fffffb2-f395-48dd-87a6-3ec832a9fe6f => 200
2026-08-11T22:42:25.7784169Z I0811 22:42:06.322443    4858 mockgcp_http.go:298] mockgcp request: POST https://compute.googleapis.com/compute/v1/projects/shared-reservations-project/global/routes
2026-08-11T22:42:25.7785572Z I0811 22:42:06.322934    4858 operations.go:125] "storing operation" fqn="projects/shared-reservations-project/global/operations/operation-1786488126322-a1f482fd-2d43-4ec3-b8d4-5ffb5392d0a1"
2026-08-11T22:42:25.7786806Z I0811 22:42:06.323120    4858 mockgcp_http.go:327] mockgcp response: POST https://compute.googleapis.com/compute/v1/projects/shared-reservations-project/global/routes => 200
2026-08-11T22:42:25.7788188Z I0811 22:42:06.323182    4858 mockgcp_http.go:298] mockgcp request: GET https://compute.googleapis.com/compute/v1/projects/shared-reservations-project/global/operations/operation-1786488126322-a1f482fd-2d43-4ec3-b8d4-5ffb5392d0a1
2026-08-11T22:42:25.7789758Z I0811 22:42:06.323484    4858 mockgcp_http.go:327] mockgcp response: GET https://compute.googleapis.com/compute/v1/projects/shared-reservations-project/global/operations/operation-1786488126322-a1f482fd-2d43-4ec3-b8d4-5ffb5392d0a1 => 200
2026-08-11T22:42:25.7791310Z I0811 22:42:06.323553    4858 mockgcp_http.go:298] mockgcp request: POST https://compute.googleapis.com/compute/v1/projects/shared-reservations-project/global/routes
2026-08-11T22:42:25.7792679Z I0811 22:42:06.324011    4858 operations.go:125] "storing operation" fqn="projects/shared-reservations-project/global/operations/operation-1786488126323-0e293173-02ac-482f-8cc0-b1fe4575a782"
2026-08-11T22:42:25.7793912Z I0811 22:42:06.324152    4858 mockgcp_http.go:327] mockgcp response: POST https://compute.googleapis.com/compute/v1/projects/shared-reservations-project/global/routes => 200
2026-08-11T22:42:25.7795239Z I0811 22:42:06.324227    4858 mockgcp_http.go:298] mockgcp request: GET https://compute.googleapis.com/compute/v1/projects/shared-reservations-project/global/operations/operation-1786488126323-0e293173-02ac-482f-8cc0-b1fe4575a782
2026-08-11T22:42:25.7797177Z I0811 22:42:06.324600    4858 mockgcp_http.go:327] mockgcp response: GET https://compute.googleapis.com/compute/v1/projects/shared-reservations-project/global/operations/operation-1786488126323-0e293173-02ac-482f-8cc0-b1fe4575a782 => 200
2026-08-11T22:42:25.7798777Z I0811 22:42:06.324687    4858 mockgcp_http.go:298] mockgcp request: POST https://compute.googleapis.com/compute/v1/projects/shared-reservations-project/global/routes
2026-08-11T22:42:25.7800010Z I0811 22:42:06.325155    4858 operations.go:125] "storing operation" fqn="projects/shared-reservations-project/global/operations/operation-1786488126325-32b5ee89-04e3-41bf-9a5c-66fd4f1d7999"
2026-08-11T22:42:25.7801379Z I0811 22:42:06.325293    4858 mockgcp_http.go:327] mockgcp response: POST https://compute.googleapis.com/compute/v1/projects/shared-reservations-project/global/routes => 200
2026-08-11T22:42:25.7803321Z I0811 22:42:06.325371    4858 mockgcp_http.go:298] mockgcp request: GET https://compute.googleapis.com/compute/v1/projects/shared-reservations-project/global/operations/operation-1786488126325-32b5ee89-04e3-41bf-9a5c-66fd4f1d7999
2026-08-11T22:42:25.7805094Z I0811 22:42:06.325640    4858 mockgcp_http.go:327] mockgcp response: GET https://compute.googleapis.com/compute/v1/projects/shared-reservations-project/global/operations/operation-1786488126325-32b5ee89-04e3-41bf-9a5c-66fd4f1d7999 => 200
2026-08-11T22:42:25.7806666Z I0811 22:42:06.325716    4858 mockgcp_http.go:298] mockgcp request: POST https://compute.googleapis.com/compute/v1/projects/shared-reservations-project/global/routes
2026-08-11T22:42:25.7808574Z I0811 22:42:06.326150    4858 operations.go:125] "storing operation" fqn="projects/shared-reservations-project/global/operations/operation-1786488126326-df46a964-2939-41a8-a30a-ee7765adaaa3"
2026-08-11T22:42:25.7810589Z I0811 22:42:06.329622    4858 mockgcp_http.go:327] mockgcp response: POST https://compute.googleapis.com/compute/v1/projects/shared-reservations-project/global/routes => 200
2026-08-11T22:42:25.7812876Z I0811 22:42:06.329708    4858 mockgcp_http.go:298] mockgcp request: GET https://compute.googleapis.com/compute/v1/projects/shared-reservations-project/global/operations/operation-1786488126326-df46a964-2939-41a8-a30a-ee7765adaaa3
2026-08-11T22:42:25.7815425Z I0811 22:42:06.330093    4858 mockgcp_http.go:327] mockgcp response: GET https://compute.googleapis.com/compute/v1/projects/shared-reservations-project/global/operations/operation-1786488126326-df46a964-2939-41a8-a30a-ee7765adaaa3 => 200
2026-08-11T22:42:25.7817604Z I0811 22:42:06.330166    4858 mockgcp_http.go:298] mockgcp request: POST https://compute.googleapis.com/compute/v1/projects/shared-reservations-project/global/routes
2026-08-11T22:42:25.7819420Z I0811 22:42:06.330734    4858 operations.go:125] "storing operation" fqn="projects/shared-reservations-project/global/operations/operation-1786488126330-a6db07f0-c2ea-4a34-8175-09854405893e"
2026-08-11T22:42:25.7821331Z I0811 22:42:06.330852    4858 mockgcp_http.go:327] mockgcp response: POST https://compute.googleapis.com/compute/v1/projects/shared-reservations-project/global/routes => 200
2026-08-11T22:42:25.7823752Z I0811 22:42:06.330915    4858 mockgcp_http.go:298] mockgcp request: GET https://compute.googleapis.com/compute/v1/projects/shared-reservations-project/global/operations/operation-1786488126330-a6db07f0-c2ea-4a34-8175-09854405893e
2026-08-11T22:42:25.7826382Z I0811 22:42:06.331176    4858 mockgcp_http.go:327] mockgcp response: GET https://compute.googleapis.com/compute/v1/projects/shared-reservations-project/global/operations/operation-1786488126330-a6db07f0-c2ea-4a34-8175-09854405893e => 200
2026-08-11T22:42:25.7828604Z I0811 22:42:06.331267    4858 mockgcp_http.go:298] mockgcp request: POST https://compute.googleapis.com/compute/v1/projects/shared-reservations-project/global/routes
2026-08-11T22:42:25.7830916Z I0811 22:42:06.331720    4858 operations.go:125] "storing operation" fqn="projects/shared-reservations-project/global/operations/operation-1786488126331-8b9b23b1-9337-4f32-b925-9c47afa6a7a5"
2026-08-11T22:42:25.7833156Z I0811 22:42:06.331829    4858 mockgcp_http.go:327] mockgcp response: POST https://compute.googleapis.com/compute/v1/projects/shared-reservations-project/global/routes => 200
2026-08-11T22:42:25.7835478Z I0811 22:42:06.331891    4858 mockgcp_http.go:298] mockgcp request: GET https://compute.googleapis.com/compute/v1/projects/shared-reservations-project/global/operations/operation-1786488126331-8b9b23b1-9337-4f32-b925-9c47afa6a7a5
2026-08-11T22:42:25.7838438Z I0811 22:42:06.332143    4858 mockgcp_http.go:327] mockgcp response: GET https://compute.googleapis.com/compute/v1/projects/shared-reservations-project/global/operations/operation-1786488126331-8b9b23b1-9337-4f32-b925-9c47afa6a7a5 => 200
2026-08-11T22:42:25.7840967Z I0811 22:42:06.332216    4858 mockgcp_http.go:298] mockgcp request: POST https://compute.googleapis.com/compute/v1/projects/shared-reservations-project/global/routes
2026-08-11T22:42:25.7843339Z I0811 22:42:06.334368    4858 operations.go:125] "storing operation" fqn="projects/shared-reservations-project/global/operations/operation-1786488126334-44bd3b2c-c0e8-4a1f-951d-3edbb93ac8a9"
2026-08-11T22:42:25.7845560Z I0811 22:42:06.334507    4858 mockgcp_http.go:327] mockgcp response: POST https://compute.googleapis.com/compute/v1/projects/shared-reservations-project/global/routes => 200
2026-08-11T22:42:25.7847831Z I0811 22:42:06.334580    4858 mockgcp_http.go:298] mockgcp request: GET https://compute.googleapis.com/compute/v1/projects/shared-reservations-project/global/operations/operation-1786488126334-44bd3b2c-c0e8-4a1f-951d-3edbb93ac8a9
2026-08-11T22:42:25.7850712Z I0811 22:42:06.334859    4858 mockgcp_http.go:327] mockgcp response: GET https://compute.googleapis.com/compute/v1/projects/shared-reservations-project/global/operations/operation-1786488126334-44bd3b2c-c0e8-4a1f-951d-3edbb93ac8a9 => 200
2026-08-11T22:42:25.7853233Z I0811 22:42:06.334941    4858 mockgcp_http.go:298] mockgcp request: POST https://compute.googleapis.com/compute/v1/projects/shared-reservations-project/global/routes
2026-08-11T22:42:25.7855137Z I0811 22:42:06.335407    4858 operations.go:125] "storing operation" fqn="projects/shared-reservations-project/global/operations/operation-1786488126335-8d2a9956-4f25-4643-bf0b-72cac1f8fa4b"
2026-08-11T22:42:25.7857123Z I0811 22:42:06.335520    4858 mockgcp_http.go:327] mockgcp response: POST https://compute.googleapis.com/compute/v1/projects/shared-reservations-project/global/routes => 200
2026-08-11T22:42:25.7858773Z I0811 22:42:06.335583    4858 mockgcp_http.go:298] mockgcp request: GET https://compute.googleapis.com/compute/v1/projects/shared-reservations-project/global/operations/operation-1786488126335-8d2a9956-4f25-4643-bf0b-72cac1f8fa4b
2026-08-11T22:42:25.7860674Z I0811 22:42:06.335842    4858 mockgcp_http.go:327] mockgcp response: GET https://compute.googleapis.com/compute/v1/projects/shared-reservations-project/global/operations/operation-1786488126335-8d2a9956-4f25-4643-bf0b-72cac1f8fa4b => 200
2026-08-11T22:42:25.7862171Z I0811 22:42:06.335916    4858 mockgcp_http.go:298] mockgcp request: POST https://compute.googleapis.com/compute/v1/projects/shared-reservations-project/global/routes
2026-08-11T22:42:25.7864311Z I0811 22:42:06.338569    4858 operations.go:125] "storing operation" fqn="projects/shared-reservations-project/global/operations/operation-1786488126338-0c01947f-6bf4-4353-9934-8a54e7976102"
2026-08-11T22:42:25.7866543Z I0811 22:42:06.338718    4858 mockgcp_http.go:327] mockgcp response: POST https://compute.googleapis.com/compute/v1/projects/shared-reservations-project/global/routes => 200
2026-08-11T22:42:25.7869014Z I0811 22:42:06.338788    4858 mockgcp_http.go:298] mockgcp request: GET https://compute.googleapis.com/compute/v1/projects/shared-reservations-project/global/operations/operation-1786488126338-0c01947f-6bf4-4353-9934-8a54e7976102
2026-08-11T22:42:25.7872054Z I0811 22:42:06.339095    4858 mockgcp_http.go:327] mockgcp response: GET https://compute.googleapis.com/compute/v1/projects/shared-reservations-project/global/operations/operation-1786488126338-0c01947f-6bf4-4353-9934-8a54e7976102 => 200
2026-08-11T22:42:25.7874515Z I0811 22:42:06.339174    4858 mockgcp_http.go:298] mockgcp request: POST https://compute.googleapis.com/compute/v1/projects/shared-reservations-project/global/routes
2026-08-11T22:42:25.7876551Z I0811 22:42:06.339667    4858 operations.go:125] "storing operation" fqn="projects/shared-reservations-project/global/operations/operation-1786488126339-acc62578-a7ce-40dc-a6f2-90a4efbd7c33"
2026-08-11T22:42:25.7878569Z I0811 22:42:06.339789    4858 mockgcp_http.go:327] mockgcp response: POST https://compute.googleapis.com/compute/v1/projects/shared-reservations-project/global/routes => 200
2026-08-11T22:42:25.7881204Z I0811 22:42:06.339857    4858 mockgcp_http.go:298] mockgcp request: GET https://compute.googleapis.com/compute/v1/projects/shared-reservations-project/global/operations/operation-1786488126339-acc62578-a7ce-40dc-a6f2-90a4efbd7c33
2026-08-11T22:42:25.7884129Z I0811 22:42:06.340133    4858 mockgcp_http.go:327] mockgcp response: GET https://compute.googleapis.com/compute/v1/projects/shared-reservations-project/global/operations/operation-1786488126339-acc62578-a7ce-40dc-a6f2-90a4efbd7c33 => 200
2026-08-11T22:42:25.7885561Z I0811 22:42:06.340213    4858 mockgcp_http.go:298] mockgcp request: POST https://compute.googleapis.com/compute/v1/projects/shared-reservations-project/global/routes
2026-08-11T22:42:25.7886722Z I0811 22:42:06.340686    4858 operations.go:125] "storing operation" fqn="projects/shared-reservations-project/global/operations/operation-1786488126340-88ccac61-6b8e-4383-a34c-abb5563acf25"
2026-08-11T22:42:25.7887894Z I0811 22:42:06.340794    4858 mockgcp_http.go:327] mockgcp response: POST https://compute.googleapis.com/compute/v1/projects/shared-reservations-project/global/routes => 200
2026-08-11T22:42:25.7889196Z I0811 22:42:06.340858    4858 mockgcp_http.go:298] mockgcp request: GET https://compute.googleapis.com/compute/v1/projects/shared-reservations-project/global/operations/operation-1786488126340-88ccac61-6b8e-4383-a34c-abb5563acf25
2026-08-11T22:42:25.7890722Z I0811 22:42:06.341116    4858 mockgcp_http.go:327] mockgcp response: GET https://compute.googleapis.com/compute/v1/projects/shared-reservations-project/global/operations/operation-1786488126340-88ccac61-6b8e-4383-a34c-abb5563acf25 => 200
2026-08-11T22:42:25.7892100Z I0811 22:42:06.341189    4858 mockgcp_http.go:298] mockgcp request: POST https://compute.googleapis.com/compute/v1/projects/shared-reservations-project/global/routes
2026-08-11T22:42:25.7894370Z I0811 22:42:06.347616    4858 operations.go:125] "storing operation" fqn="projects/shared-reservations-project/global/operations/operation-1786488126347-da77bf78-7d7a-4727-b6dd-5422debf5476"
2026-08-11T22:42:25.7896503Z I0811 22:42:06.347803    4858 mockgcp_http.go:327] mockgcp response: POST https://compute.googleapis.com/compute/v1/projects/shared-reservations-project/global/routes => 200
2026-08-11T22:42:25.7898925Z I0811 22:42:06.347899    4858 mockgcp_http.go:298] mockgcp request: GET https://compute.googleapis.com/compute/v1/projects/shared-reservations-project/global/operations/operation-1786488126347-da77bf78-7d7a-4727-b6dd-5422debf5476
2026-08-11T22:42:25.7901639Z I0811 22:42:06.348260    4858 mockgcp_http.go:327] mockgcp response: GET https://compute.googleapis.com/compute/v1/projects/shared-reservations-project/global/operations/operation-1786488126347-da77bf78-7d7a-4727-b6dd-5422debf5476 => 200
2026-08-11T22:42:25.7904209Z I0811 22:42:06.348342    4858 mockgcp_http.go:298] mockgcp request: POST https://compute.googleapis.com/compute/v1/projects/shared-reservations-project/global/routes
2026-08-11T22:42:25.7906267Z I0811 22:42:06.348842    4858 operations.go:125] "storing operation" fqn="projects/shared-reservations-project/global/operations/operation-1786488126348-d55f5519-7205-4cd5-86d4-b35df5028a90"
2026-08-11T22:42:25.7908649Z I0811 22:42:06.348960    4858 mockgcp_http.go:327] mockgcp response: POST https://compute.googleapis.com/compute/v1/projects/shared-reservations-project/global/routes => 200
2026-08-11T22:42:25.7911061Z I0811 22:42:06.349019    4858 mockgcp_http.go:298] mockgcp request: GET https://compute.googleapis.com/compute/v1/projects/shared-reservations-project/global/operations/operation-1786488126348-d55f5519-7205-4cd5-86d4-b35df5028a90
2026-08-11T22:42:25.7914047Z I0811 22:42:06.355493    4858 mockgcp_http.go:327] mockgcp response: GET https://compute.googleapis.com/compute/v1/projects/shared-reservations-project/global/operations/operation-1786488126348-d55f5519-7205-4cd5-86d4-b35df5028a90 => 200
2026-08-11T22:42:25.7916599Z I0811 22:42:06.355642    4858 mockgcp_http.go:298] mockgcp request: POST https://compute.googleapis.com/compute/v1/projects/shared-reservations-project/global/routes
2026-08-11T22:42:25.7918704Z I0811 22:42:06.356409    4858 operations.go:125] "storing operation" fqn="projects/shared-reservations-project/global/operations/operation-1786488126356-93567d83-1e95-4f9d-8369-bba6e3fc25ab"
2026-08-11T22:42:25.7920835Z I0811 22:42:06.356562    4858 mockgcp_http.go:327] mockgcp response: POST https://compute.googleapis.com/compute/v1/projects/shared-reservations-project/global/routes => 200
2026-08-11T22:42:25.7923246Z I0811 22:42:06.356632    4858 mockgcp_http.go:298] mockgcp request: GET https://compute.googleapis.com/compute/v1/projects/shared-reservations-project/global/operations/operation-1786488126356-93567d83-1e95-4f9d-8369-bba6e3fc25ab
2026-08-11T22:42:25.7926083Z I0811 22:42:06.359628    4858 mockgcp_http.go:327] mockgcp response: GET https://compute.googleapis.com/compute/v1/projects/shared-reservations-project/global/operations/operation-1786488126356-93567d83-1e95-4f9d-8369-bba6e3fc25ab => 200
2026-08-11T22:42:25.7928488Z I0811 22:42:06.359757    4858 mockgcp_http.go:298] mockgcp request: POST https://compute.googleapis.com/compute/v1/projects/shared-reservations-project/global/routes
2026-08-11T22:42:25.7930581Z I0811 22:42:06.360489    4858 operations.go:125] "storing operation" fqn="projects/shared-reservations-project/global/operations/operation-1786488126360-cabe69fc-780a-433f-863a-76775968444b"
2026-08-11T22:42:25.7932887Z I0811 22:42:06.360624    4858 mockgcp_http.go:327] mockgcp response: POST https://compute.googleapis.com/compute/v1/projects/shared-reservations-project/global/routes => 200
2026-08-11T22:42:25.7935297Z I0811 22:42:06.360689    4858 mockgcp_http.go:298] mockgcp request: GET https://compute.googleapis.com/compute/v1/projects/shared-reservations-project/global/operations/operation-1786488126360-cabe69fc-780a-433f-863a-76775968444b
2026-08-11T22:42:25.7938168Z I0811 22:42:06.361014    4858 mockgcp_http.go:327] mockgcp response: GET https://compute.googleapis.com/compute/v1/projects/shared-reservations-project/global/operations/operation-1786488126360-cabe69fc-780a-433f-863a-76775968444b => 200
2026-08-11T22:42:25.7940522Z I0811 22:42:06.361135    4858 mockgcp_http.go:298] mockgcp request: POST https://compute.googleapis.com/compute/v1/projects/shared-reservations-project/global/routes
2026-08-11T22:42:25.7942740Z I0811 22:42:06.361694    4858 operations.go:125] "storing operation" fqn="projects/shared-reservations-project/global/operations/operation-1786488126361-3d9d7fe8-136e-490e-84fe-2b31e6cc7de7"
2026-08-11T22:42:25.7944856Z I0811 22:42:06.361810    4858 mockgcp_http.go:327] mockgcp response: POST https://compute.googleapis.com/compute/v1/projects/shared-reservations-project/global/routes => 200
2026-08-11T22:42:25.7947246Z I0811 22:42:06.361875    4858 mockgcp_http.go:298] mockgcp request: GET https://compute.googleapis.com/compute/v1/projects/shared-reservations-project/global/operations/operation-1786488126361-3d9d7fe8-136e-490e-84fe-2b31e6cc7de7
2026-08-11T22:42:25.7950075Z I0811 22:42:06.362148    4858 mockgcp_http.go:327] mockgcp response: GET https://compute.googleapis.com/compute/v1/projects/shared-reservations-project/global/operations/operation-1786488126361-3d9d7fe8-136e-490e-84fe-2b31e6cc7de7 => 200
2026-08-11T22:42:25.7952875Z I0811 22:42:06.362218    4858 mockgcp_http.go:298] mockgcp request: POST https://compute.googleapis.com/compute/v1/projects/shared-reservations-project/global/routes
2026-08-11T22:42:25.7954991Z I0811 22:42:06.367487    4858 operations.go:125] "storing operation" fqn="projects/shared-reservations-project/global/operations/operation-1786488126367-edc479fc-3de1-4c2f-82ad-f021b61c995f"
2026-08-11T22:42:25.7957115Z I0811 22:42:06.371484    4858 mockgcp_http.go:327] mockgcp response: POST https://compute.googleapis.com/compute/v1/projects/shared-reservations-project/global/routes => 200
2026-08-11T22:42:25.7959679Z I0811 22:42:06.371587    4858 mockgcp_http.go:298] mockgcp request: GET https://compute.googleapis.com/compute/v1/projects/shared-reservations-project/global/operations/operation-1786488126367-edc479fc-3de1-4c2f-82ad-f021b61c995f
2026-08-11T22:42:25.7962649Z I0811 22:42:06.371927    4858 mockgcp_http.go:327] mockgcp response: GET https://compute.googleapis.com/compute/v1/projects/shared-reservations-project/global/operations/operation-1786488126367-edc479fc-3de1-4c2f-82ad-f021b61c995f => 200
2026-08-11T22:42:25.7965024Z I0811 22:42:06.371990    4858 mockgcp_http.go:298] mockgcp request: POST https://compute.googleapis.com/compute/v1/projects/shared-reservations-project/global/routes
2026-08-11T22:42:25.7967395Z I0811 22:42:06.373671    4858 operations.go:125] "storing operation" fqn="projects/shared-reservations-project/global/operations/operation-1786488126373-c73021b5-72c0-4102-a022-692791aacdea"
2026-08-11T22:42:25.7969588Z I0811 22:42:06.373819    4858 mockgcp_http.go:327] mockgcp response: POST https://compute.googleapis.com/compute/v1/projects/shared-reservations-project/global/routes => 200
2026-08-11T22:42:25.7972077Z I0811 22:42:06.373881    4858 mockgcp_http.go:298] mockgcp request: GET https://compute.googleapis.com/compute/v1/projects/shared-reservations-project/global/operations/operation-1786488126373-c73021b5-72c0-4102-a022-692791aacdea
2026-08-11T22:42:25.7975031Z I0811 22:42:06.374631    4858 mockgcp_http.go:327] mockgcp response: GET https://compute.googleapis.com/compute/v1/projects/shared-reservations-project/global/operations/operation-1786488126373-c73021b5-72c0-4102-a022-692791aacdea => 200
2026-08-11T22:42:25.7977483Z I0811 22:42:06.374707    4858 mockgcp_http.go:298] mockgcp request: POST https://compute.googleapis.com/compute/v1/projects/shared-reservations-project/global/routes
2026-08-11T22:42:25.7979556Z I0811 22:42:06.376393    4858 operations.go:125] "storing operation" fqn="projects/shared-reservations-project/global/operations/operation-1786488126376-7dbe1240-97ed-4c06-b828-396e06fab3b2"
2026-08-11T22:42:25.7981680Z I0811 22:42:06.376657    4858 mockgcp_http.go:327] mockgcp response: POST https://compute.googleapis.com/compute/v1/projects/shared-reservations-project/global/routes => 200
2026-08-11T22:42:25.7984210Z I0811 22:42:06.376711    4858 mockgcp_http.go:298] mockgcp request: GET https://compute.googleapis.com/compute/v1/projects/shared-reservations-project/global/operations/operation-1786488126376-7dbe1240-97ed-4c06-b828-396e06fab3b2
2026-08-11T22:42:25.7987019Z I0811 22:42:06.377448    4858 mockgcp_http.go:327] mockgcp response: GET https://compute.googleapis.com/compute/v1/projects/shared-reservations-project/global/operations/operation-1786488126376-7dbe1240-97ed-4c06-b828-396e06fab3b2 => 200
2026-08-11T22:42:25.7989371Z I0811 22:42:06.377521    4858 mockgcp_http.go:298] mockgcp request: POST https://compute.googleapis.com/compute/v1/projects/shared-reservations-project/global/routes
2026-08-11T22:42:25.7991451Z I0811 22:42:06.377948    4858 operations.go:125] "storing operation" fqn="projects/shared-reservations-project/global/operations/operation-1786488126377-fab6aee0-151b-4151-98aa-55e98999bcc5"
2026-08-11T22:42:25.7995337Z I0811 22:42:06.378043    4858 mockgcp_http.go:327] mockgcp response: POST https://compute.googleapis.com/compute/v1/projects/shared-reservations-project/global/routes => 200
2026-08-11T22:42:25.7998043Z I0811 22:42:06.378086    4858 mockgcp_http.go:298] mockgcp request: GET https://compute.googleapis.com/compute/v1/projects/shared-reservations-project/global/operations/operation-1786488126377-fab6aee0-151b-4151-98aa-55e98999bcc5
2026-08-11T22:42:25.8000884Z I0811 22:42:06.379213    4858 mockgcp_http.go:327] mockgcp response: GET https://compute.googleapis.com/compute/v1/projects/shared-reservations-project/global/operations/operation-1786488126377-fab6aee0-151b-4151-98aa-55e98999bcc5 => 200
2026-08-11T22:42:25.8003383Z I0811 22:42:06.379332    4858 mockgcp_http.go:298] mockgcp request: POST https://compute.googleapis.com/compute/v1/projects/shared-reservations-project/global/routes
2026-08-11T22:42:25.8005967Z I0811 22:42:06.379892    4858 operations.go:125] "storing operation" fqn="projects/shared-reservations-project/global/operations/operation-1786488126379-ce684b04-77cf-49f5-9f75-303aa7354b51"
2026-08-11T22:42:25.8008078Z I0811 22:42:06.380023    4858 mockgcp_http.go:327] mockgcp response: POST https://compute.googleapis.com/compute/v1/projects/shared-reservations-project/global/routes => 200
2026-08-11T22:42:25.8010454Z I0811 22:42:06.380089    4858 mockgcp_http.go:298] mockgcp request: GET https://compute.googleapis.com/compute/v1/projects/shared-reservations-project/global/operations/operation-1786488126379-ce684b04-77cf-49f5-9f75-303aa7354b51
2026-08-11T22:42:25.8013432Z I0811 22:42:06.384427    4858 mockgcp_http.go:327] mockgcp response: GET https://compute.googleapis.com/compute/v1/projects/shared-reservations-project/global/operations/operation-1786488126379-ce684b04-77cf-49f5-9f75-303aa7354b51 => 200
2026-08-11T22:42:25.8015787Z I0811 22:42:06.384554    4858 mockgcp_http.go:298] mockgcp request: POST https://compute.googleapis.com/compute/v1/projects/shared-reservations-project/global/routes
2026-08-11T22:42:25.8017862Z I0811 22:42:06.385136    4858 operations.go:125] "storing operation" fqn="projects/shared-reservations-project/global/operations/operation-1786488126385-606737d6-77c4-43d5-ac30-2c3add17830a"
2026-08-11T22:42:25.8019991Z I0811 22:42:06.385269    4858 mockgcp_http.go:327] mockgcp response: POST https://compute.googleapis.com/compute/v1/projects/shared-reservations-project/global/routes => 200
2026-08-11T22:42:25.8022026Z I0811 22:42:06.385322    4858 mockgcp_http.go:298] mockgcp request: GET https://compute.googleapis.com/compute/v1/projects/shared-reservations-project/global/operations/operation-1786488126385-606737d6-77c4-43d5-ac30-2c3add17830a
2026-08-11T22:42:25.8023963Z I0811 22:42:06.385566    4858 mockgcp_http.go:327] mockgcp response: GET https://compute.googleapis.com/compute/v1/projects/shared-reservations-project/global/operations/operation-1786488126385-606737d6-77c4-43d5-ac30-2c3add17830a => 200
2026-08-11T22:42:25.8025288Z I0811 22:42:06.385623    4858 mockgcp_http.go:298] mockgcp request: POST https://compute.googleapis.com/compute/v1/projects/shared-reservations-project/global/routes
2026-08-11T22:42:25.8026454Z I0811 22:42:06.385966    4858 operations.go:125] "storing operation" fqn="projects/shared-reservations-project/global/operations/operation-1786488126385-b23a5b7d-758c-4904-9829-d060977d6bbc"
2026-08-11T22:42:25.8027614Z I0811 22:42:06.386065    4858 mockgcp_http.go:327] mockgcp response: POST https://compute.googleapis.com/compute/v1/projects/shared-reservations-project/global/routes => 200
2026-08-11T22:42:25.8029135Z I0811 22:42:06.386106    4858 mockgcp_http.go:298] mockgcp request: GET https://compute.googleapis.com/compute/v1/projects/shared-reservations-project/global/operations/operation-1786488126385-b23a5b7d-758c-4904-9829-d060977d6bbc
2026-08-11T22:42:25.8031180Z I0811 22:42:06.386340    4858 mockgcp_http.go:327] mockgcp response: GET https://compute.googleapis.com/compute/v1/projects/shared-reservations-project/global/operations/operation-1786488126385-b23a5b7d-758c-4904-9829-d060977d6bbc => 200
2026-08-11T22:42:25.8033441Z I0811 22:42:06.386395    4858 mockgcp_http.go:298] mockgcp request: POST https://compute.googleapis.com/compute/v1/projects/shared-reservations-project/global/routes
2026-08-11T22:42:25.8035893Z I0811 22:42:06.386726    4858 operations.go:125] "storing operation" fqn="projects/shared-reservations-project/global/operations/operation-1786488126386-d14c3816-4e9d-49c8-b280-c7138c6f6f07"
2026-08-11T22:42:25.8037996Z I0811 22:42:06.386813    4858 mockgcp_http.go:327] mockgcp response: POST https://compute.googleapis.com/compute/v1/projects/shared-reservations-project/global/routes => 200
2026-08-11T22:42:25.8040093Z I0811 22:42:06.386856    4858 mockgcp_http.go:298] mockgcp request: GET https://compute.googleapis.com/compute/v1/projects/shared-reservations-project/global/operations/operation-1786488126386-d14c3816-4e9d-49c8-b280-c7138c6f6f07
2026-08-11T22:42:25.8042972Z I0811 22:42:06.387067    4858 mockgcp_http.go:327] mockgcp response: GET https://compute.googleapis.com/compute/v1/projects/shared-reservations-project/global/operations/operation-1786488126386-d14c3816-4e9d-49c8-b280-c7138c6f6f07 => 200
2026-08-11T22:42:25.8044992Z I0811 22:42:06.387122    4858 mockgcp_http.go:298] mockgcp request: POST https://compute.googleapis.com/compute/v1/projects/shared-reservations-project/global/routes
2026-08-11T22:42:25.8046892Z I0811 22:42:06.388455    4858 operations.go:125] "storing operation" fqn="projects/shared-reservations-project/global/operations/operation-1786488126388-7b75f7d8-d1e6-44ee-9ffd-fbc8f85e3c33"
2026-08-11T22:42:25.8049019Z I0811 22:42:06.388586    4858 mockgcp_http.go:327] mockgcp response: POST https://compute.googleapis.com/compute/v1/projects/shared-reservations-project/global/routes => 200
2026-08-11T22:42:25.8051366Z I0811 22:42:06.388639    4858 mockgcp_http.go:298] mockgcp request: GET https://compute.googleapis.com/compute/v1/projects/shared-reservations-project/global/operations/operation-1786488126388-7b75f7d8-d1e6-44ee-9ffd-fbc8f85e3c33
2026-08-11T22:42:25.8054925Z I0811 22:42:06.388870    4858 mockgcp_http.go:327] mockgcp response: GET https://compute.googleapis.com/compute/v1/projects/shared-reservations-project/global/operations/operation-1786488126388-7b75f7d8-d1e6-44ee-9ffd-fbc8f85e3c33 => 200
2026-08-11T22:42:25.8057268Z I0811 22:42:06.388932    4858 mockgcp_http.go:298] mockgcp request: POST https://compute.googleapis.com/compute/v1/projects/shared-reservations-project/global/routes
2026-08-11T22:42:25.8059187Z I0811 22:42:06.389836    4858 operations.go:125] "storing operation" fqn="projects/shared-reservations-project/global/operations/operation-1786488126389-797bcd6b-9718-4f19-9de7-1b7ca63577b6"
2026-08-11T22:42:25.8082597Z I0811 22:42:06.389943    4858 mockgcp_http.go:327] mockgcp response: POST https://compute.googleapis.com/compute/v1/projects/shared-reservations-project/global/routes => 200
2026-08-11T22:42:25.8085049Z I0811 22:42:06.389989    4858 mockgcp_http.go:298] mockgcp request: GET https://compute.googleapis.com/compute/v1/projects/shared-reservations-project/global/operations/operation-1786488126389-797bcd6b-9718-4f19-9de7-1b7ca63577b6
2026-08-11T22:42:25.8087872Z I0811 22:42:06.390216    4858 mockgcp_http.go:327] mockgcp response: GET https://compute.googleapis.com/compute/v1/projects/shared-reservations-project/global/operations/operation-1786488126389-797bcd6b-9718-4f19-9de7-1b7ca63577b6 => 200
2026-08-11T22:42:25.8090071Z I0811 22:42:06.390290    4858 mockgcp_http.go:298] mockgcp request: POST https://compute.googleapis.com/compute/v1/projects/shared-reservations-project/global/routes
2026-08-11T22:42:25.8092076Z I0811 22:42:06.390636    4858 operations.go:125] "storing operation" fqn="projects/shared-reservations-project/global/operations/operation-1786488126390-c38d29de-9f85-420b-a075-97ac00c145c5"
2026-08-11T22:42:25.8094339Z I0811 22:42:06.390744    4858 mockgcp_http.go:327] mockgcp response: POST https://compute.googleapis.com/compute/v1/projects/shared-reservations-project/global/routes => 200
2026-08-11T22:42:25.8096628Z I0811 22:42:06.390788    4858 mockgcp_http.go:298] mockgcp request: GET https://compute.googleapis.com/compute/v1/projects/shared-reservations-project/global/operations/operation-1786488126390-c38d29de-9f85-420b-a075-97ac00c145c5
2026-08-11T22:42:25.8098496Z I0811 22:42:06.390995    4858 mockgcp_http.go:327] mockgcp response: GET https://compute.googleapis.com/compute/v1/projects/shared-reservations-project/global/operations/operation-1786488126390-c38d29de-9f85-420b-a075-97ac00c145c5 => 200
2026-08-11T22:42:25.8099877Z I0811 22:42:06.391045    4858 mockgcp_http.go:298] mockgcp request: POST https://compute.googleapis.com/compute/v1/projects/shared-reservations-project/global/routes
2026-08-11T22:42:25.8101389Z I0811 22:42:06.391400    4858 operations.go:125] "storing operation" fqn="projects/shared-reservations-project/global/operations/operation-1786488126391-b57fb502-5c66-4670-a4ca-19faea1de753"
2026-08-11T22:42:25.8103004Z I0811 22:42:06.391517    4858 mockgcp_http.go:327] mockgcp response: POST https://compute.googleapis.com/compute/v1/projects/shared-reservations-project/global/routes => 200
2026-08-11T22:42:25.8104359Z I0811 22:42:06.391572    4858 mockgcp_http.go:298] mockgcp request: GET https://compute.googleapis.com/compute/v1/projects/shared-reservations-project/global/operations/operation-1786488126391-b57fb502-5c66-4670-a4ca-19faea1de753
2026-08-11T22:42:25.8105889Z I0811 22:42:06.391791    4858 mockgcp_http.go:327] mockgcp response: GET https://compute.googleapis.com/compute/v1/projects/shared-reservations-project/global/operations/operation-1786488126391-b57fb502-5c66-4670-a4ca-19faea1de753 => 200
2026-08-11T22:42:25.8107190Z I0811 22:42:06.391854    4858 mockgcp_http.go:298] mockgcp request: POST https://compute.googleapis.com/compute/v1/projects/shared-reservations-project/global/routes
2026-08-11T22:42:25.8108393Z I0811 22:42:06.392183    4858 operations.go:125] "storing operation" fqn="projects/shared-reservations-project/global/operations/operation-1786488126392-157baaa5-2d25-4ae9-bf1b-d6791c7816ef"
2026-08-11T22:42:25.8109739Z I0811 22:42:06.392305    4858 mockgcp_http.go:327] mockgcp response: POST https://compute.googleapis.com/compute/v1/projects/shared-reservations-project/global/routes => 200
2026-08-11T22:42:25.8111082Z I0811 22:42:06.392359    4858 mockgcp_http.go:298] mockgcp request: GET https://compute.googleapis.com/compute/v1/projects/shared-reservations-project/global/operations/operation-1786488126392-157baaa5-2d25-4ae9-bf1b-d6791c7816ef
2026-08-11T22:42:25.8113363Z I0811 22:42:06.392580    4858 mockgcp_http.go:327] mockgcp response: GET https://compute.googleapis.com/compute/v1/projects/shared-reservations-project/global/operations/operation-1786488126392-157baaa5-2d25-4ae9-bf1b-d6791c7816ef => 200
2026-08-11T22:42:25.8114888Z I0811 22:42:06.392639    4858 mockgcp_http.go:298] mockgcp request: POST https://compute.googleapis.com/compute/v1/projects/shared-reservations-project/global/routes
2026-08-11T22:42:25.8116036Z I0811 22:42:06.392939    4858 operations.go:125] "storing operation" fqn="projects/shared-reservations-project/global/operations/operation-1786488126392-c1654d62-dc0e-438b-9362-4f426ecdca5a"
2026-08-11T22:42:25.8117195Z I0811 22:42:06.393023    4858 mockgcp_http.go:327] mockgcp response: POST https://compute.googleapis.com/compute/v1/projects/shared-reservations-project/global/routes => 200
2026-08-11T22:42:25.8118487Z I0811 22:42:06.393065    4858 mockgcp_http.go:298] mockgcp request: GET https://compute.googleapis.com/compute/v1/projects/shared-reservations-project/global/operations/operation-1786488126392-c1654d62-dc0e-438b-9362-4f426ecdca5a
2026-08-11T22:42:25.8120006Z I0811 22:42:06.393325    4858 mockgcp_http.go:327] mockgcp response: GET https://compute.googleapis.com/compute/v1/projects/shared-reservations-project/global/operations/operation-1786488126392-c1654d62-dc0e-438b-9362-4f426ecdca5a => 200
2026-08-11T22:42:25.8122024Z I0811 22:42:06.393376    4858 mockgcp_http.go:298] mockgcp request: POST https://compute.googleapis.com/compute/v1/projects/shared-reservations-project/global/routes
2026-08-11T22:42:25.8123952Z I0811 22:42:06.393702    4858 operations.go:125] "storing operation" fqn="projects/shared-reservations-project/global/operations/operation-1786488126393-6a70d26f-9865-47d2-b6b2-668e3eb6341d"
2026-08-11T22:42:25.8125729Z I0811 22:42:06.393787    4858 mockgcp_http.go:327] mockgcp response: POST https://compute.googleapis.com/compute/v1/projects/shared-reservations-project/global/routes => 200
2026-08-11T22:42:25.8127083Z I0811 22:42:06.393828    4858 mockgcp_http.go:298] mockgcp request: GET https://compute.googleapis.com/compute/v1/projects/shared-reservations-project/global/operations/operation-1786488126393-6a70d26f-9865-47d2-b6b2-668e3eb6341d
2026-08-11T22:42:25.8128610Z I0811 22:42:06.394024    4858 mockgcp_http.go:327] mockgcp response: GET https://compute.googleapis.com/compute/v1/projects/shared-reservations-project/global/operations/operation-1786488126393-6a70d26f-9865-47d2-b6b2-668e3eb6341d => 200
2026-08-11T22:42:25.8130059Z I0811 22:42:06.394072    4858 mockgcp_http.go:298] mockgcp request: POST https://compute.googleapis.com/compute/v1/projects/shared-reservations-project/global/routes
2026-08-11T22:42:25.8131420Z I0811 22:42:06.397329    4858 operations.go:125] "storing operation" fqn="projects/shared-reservations-project/global/operations/operation-1786488126397-4a39a5ff-76c1-4603-a31a-17edfcb9808d"
2026-08-11T22:42:25.8133257Z I0811 22:42:06.397484    4858 mockgcp_http.go:327] mockgcp response: POST https://compute.googleapis.com/compute/v1/projects/shared-reservations-project/global/routes => 200
2026-08-11T22:42:25.8135557Z I0811 22:42:06.397554    4858 mockgcp_http.go:298] mockgcp request: GET https://compute.googleapis.com/compute/v1/projects/shared-reservations-project/global/operations/operation-1786488126397-4a39a5ff-76c1-4603-a31a-17edfcb9808d
2026-08-11T22:42:25.8138289Z I0811 22:42:06.397950    4858 mockgcp_http.go:327] mockgcp response: GET https://compute.googleapis.com/compute/v1/projects/shared-reservations-project/global/operations/operation-1786488126397-4a39a5ff-76c1-4603-a31a-17edfcb9808d => 200
2026-08-11T22:42:25.8140690Z I0811 22:42:06.398021    4858 mockgcp_http.go:298] mockgcp request: POST https://compute.googleapis.com/compute/v1/projects/shared-reservations-project/global/routes
2026-08-11T22:42:25.8142794Z I0811 22:42:06.399913    4858 operations.go:125] "storing operation" fqn="projects/shared-reservations-project/global/operations/operation-1786488126399-ddd6e007-fb68-480d-9532-d4eb0af6c5f2"
2026-08-11T22:42:25.8144903Z I0811 22:42:06.400055    4858 mockgcp_http.go:327] mockgcp response: POST https://compute.googleapis.com/compute/v1/projects/shared-reservations-project/global/routes => 200
2026-08-11T22:42:25.8147193Z I0811 22:42:06.400108    4858 mockgcp_http.go:298] mockgcp request: GET https://compute.googleapis.com/compute/v1/projects/shared-reservations-project/global/operations/operation-1786488126399-ddd6e007-fb68-480d-9532-d4eb0af6c5f2
2026-08-11T22:42:25.8149312Z I0811 22:42:06.400522    4858 mockgcp_http.go:327] mockgcp response: GET https://compute.googleapis.com/compute/v1/projects/shared-reservations-project/global/operations/operation-1786488126399-ddd6e007-fb68-480d-9532-d4eb0af6c5f2 => 200
2026-08-11T22:42:25.8150848Z I0811 22:42:06.400591    4858 mockgcp_http.go:298] mockgcp request: POST https://compute.googleapis.com/compute/v1/projects/shared-reservations-project/global/routes
2026-08-11T22:42:25.8152145Z I0811 22:42:06.401015    4858 operations.go:125] "storing operation" fqn="projects/shared-reservations-project/global/operations/operation-1786488126400-dc5edc34-066d-4aac-9bd2-42b73aa724bc"
2026-08-11T22:42:25.8153659Z I0811 22:42:06.401160    4858 mockgcp_http.go:327] mockgcp response: POST https://compute.googleapis.com/compute/v1/projects/shared-reservations-project/global/routes => 200
2026-08-11T22:42:25.8155013Z I0811 22:42:06.401254    4858 mockgcp_http.go:298] mockgcp request: GET https://compute.googleapis.com/compute/v1/projects/shared-reservations-project/global/operations/operation-1786488126400-dc5edc34-066d-4aac-9bd2-42b73aa724bc
2026-08-11T22:42:25.8157012Z I0811 22:42:06.401715    4858 mockgcp_http.go:327] mockgcp response: GET https://compute.googleapis.com/compute/v1/projects/shared-reservations-project/global/operations/operation-1786488126400-dc5edc34-066d-4aac-9bd2-42b73aa724bc => 200
2026-08-11T22:42:25.8158344Z I0811 22:42:06.401885    4858 mockgcp_http.go:298] mockgcp request: POST https://compute.googleapis.com/compute/v1/projects/shared-reservations-project/global/routes
2026-08-11T22:42:25.8159525Z I0811 22:42:06.403038    4858 operations.go:125] "storing operation" fqn="projects/shared-reservations-project/global/operations/operation-1786488126403-5d1cd5d6-821f-4ccb-b29f-5cacd4a9ffe2"
2026-08-11T22:42:25.8160748Z I0811 22:42:06.403206    4858 mockgcp_http.go:327] mockgcp response: POST https://compute.googleapis.com/compute/v1/projects/shared-reservations-project/global/routes => 200
2026-08-11T22:42:25.8162240Z I0811 22:42:06.403281    4858 mockgcp_http.go:298] mockgcp request: GET https://compute.googleapis.com/compute/v1/projects/shared-reservations-project/global/operations/operation-1786488126403-5d1cd5d6-821f-4ccb-b29f-5cacd4a9ffe2
2026-08-11T22:42:25.8164007Z I0811 22:42:06.403494    4858 mockgcp_http.go:327] mockgcp response: GET https://compute.googleapis.com/compute/v1/projects/shared-reservations-project/global/operations/operation-1786488126403-5d1cd5d6-821f-4ccb-b29f-5cacd4a9ffe2 => 200
2026-08-11T22:42:25.8165320Z I0811 22:42:06.403548    4858 mockgcp_http.go:298] mockgcp request: POST https://compute.googleapis.com/compute/v1/projects/shared-reservations-project/global/routes
2026-08-11T22:42:25.8166499Z I0811 22:42:06.403869    4858 operations.go:125] "storing operation" fqn="projects/shared-reservations-project/global/operations/operation-1786488126403-8468e8ed-6bcc-48ea-9926-09b7525c2ab2"
2026-08-11T22:42:25.8167795Z I0811 22:42:06.403951    4858 mockgcp_http.go:327] mockgcp response: POST https://compute.googleapis.com/compute/v1/projects/shared-reservations-project/global/routes => 200
2026-08-11T22:42:25.8169127Z I0811 22:42:06.403993    4858 mockgcp_http.go:298] mockgcp request: GET https://compute.googleapis.com/compute/v1/projects/shared-reservations-project/global/operations/operation-1786488126403-8468e8ed-6bcc-48ea-9926-09b7525c2ab2
2026-08-11T22:42:25.8170690Z I0811 22:42:06.404234    4858 mockgcp_http.go:327] mockgcp response: GET https://compute.googleapis.com/compute/v1/projects/shared-reservations-project/global/operations/operation-1786488126403-8468e8ed-6bcc-48ea-9926-09b7525c2ab2 => 200
2026-08-11T22:42:25.8171995Z I0811 22:42:06.404311    4858 mockgcp_http.go:298] mockgcp request: POST https://compute.googleapis.com/compute/v1/projects/shared-reservations-project/global/routes
2026-08-11T22:42:25.8173261Z I0811 22:42:06.404687    4858 operations.go:125] "storing operation" fqn="projects/shared-reservations-project/global/operations/operation-1786488126404-18f53849-b61b-4f41-8218-17fb585ad8b6"
2026-08-11T22:42:25.8174455Z I0811 22:42:06.404809    4858 mockgcp_http.go:327] mockgcp response: POST https://compute.googleapis.com/compute/v1/projects/shared-reservations-project/global/routes => 200
2026-08-11T22:42:25.8175763Z I0811 22:42:06.404865    4858 mockgcp_http.go:298] mockgcp request: GET https://compute.googleapis.com/compute/v1/projects/shared-reservations-project/global/operations/operation-1786488126404-18f53849-b61b-4f41-8218-17fb585ad8b6
2026-08-11T22:42:25.8177320Z I0811 22:42:06.405123    4858 mockgcp_http.go:327] mockgcp response: GET https://compute.googleapis.com/compute/v1/projects/shared-reservations-project/global/operations/operation-1786488126404-18f53849-b61b-4f41-8218-17fb585ad8b6 => 200
2026-08-11T22:42:25.8178847Z I0811 22:42:06.405184    4858 mockgcp_http.go:298] mockgcp request: POST https://compute.googleapis.com/compute/v1/projects/shared-reservations-project/global/routes
2026-08-11T22:42:25.8180013Z I0811 22:42:06.405533    4858 operations.go:125] "storing operation" fqn="projects/shared-reservations-project/global/operations/operation-1786488126405-fad59f76-4194-4d8f-b293-7eb68c90069d"
2026-08-11T22:42:25.8181324Z I0811 22:42:06.405642    4858 mockgcp_http.go:327] mockgcp response: POST https://compute.googleapis.com/compute/v1/projects/shared-reservations-project/global/routes => 200
2026-08-11T22:42:25.8182837Z I0811 22:42:06.405693    4858 mockgcp_http.go:298] mockgcp request: GET https://compute.googleapis.com/compute/v1/projects/shared-reservations-project/global/operations/operation-1786488126405-fad59f76-4194-4d8f-b293-7eb68c90069d
2026-08-11T22:42:25.8184410Z I0811 22:42:06.405971    4858 mockgcp_http.go:327] mockgcp response: GET https://compute.googleapis.com/compute/v1/projects/shared-reservations-project/global/operations/operation-1786488126405-fad59f76-4194-4d8f-b293-7eb68c90069d => 200
2026-08-11T22:42:25.8185745Z I0811 22:42:06.406024    4858 mockgcp_http.go:298] mockgcp request: POST https://compute.googleapis.com/compute/v1/projects/shared-reservations-project/global/routes
2026-08-11T22:42:25.8187029Z I0811 22:42:06.406347    4858 operations.go:125] "storing operation" fqn="projects/shared-reservations-project/global/operations/operation-1786488126406-ea1f6927-d654-499a-9f86-76191bf1787e"
2026-08-11T22:42:25.8188237Z I0811 22:42:06.406455    4858 mockgcp_http.go:327] mockgcp response: POST https://compute.googleapis.com/compute/v1/projects/shared-reservations-project/global/routes => 200
2026-08-11T22:42:25.8189564Z I0811 22:42:06.406501    4858 mockgcp_http.go:298] mockgcp request: GET https://compute.googleapis.com/compute/v1/projects/shared-reservations-project/global/operations/operation-1786488126406-ea1f6927-d654-499a-9f86-76191bf1787e
2026-08-11T22:42:25.8191116Z I0811 22:42:06.406810    4858 mockgcp_http.go:327] mockgcp response: GET https://compute.googleapis.com/compute/v1/projects/shared-reservations-project/global/operations/operation-1786488126406-ea1f6927-d654-499a-9f86-76191bf1787e => 200
2026-08-11T22:42:25.8192605Z I0811 22:42:06.406870    4858 mockgcp_http.go:298] mockgcp request: POST https://compute.googleapis.com/compute/v1/projects/shared-reservations-project/global/routes
2026-08-11T22:42:25.8193787Z I0811 22:42:06.407212    4858 operations.go:125] "storing operation" fqn="projects/shared-reservations-project/global/operations/operation-1786488126407-05707a74-1ee4-41ba-a847-cda33f389560"
2026-08-11T22:42:25.8194983Z I0811 22:42:06.407346    4858 mockgcp_http.go:327] mockgcp response: POST https://compute.googleapis.com/compute/v1/projects/shared-reservations-project/global/routes => 200
2026-08-11T22:42:25.8196299Z I0811 22:42:06.407393    4858 mockgcp_http.go:298] mockgcp request: GET https://compute.googleapis.com/compute/v1/projects/shared-reservations-project/global/operations/operation-1786488126407-05707a74-1ee4-41ba-a847-cda33f389560
2026-08-11T22:42:25.8198115Z I0811 22:42:06.407667    4858 mockgcp_http.go:327] mockgcp response: GET https://compute.googleapis.com/compute/v1/projects/shared-reservations-project/global/operations/operation-1786488126407-05707a74-1ee4-41ba-a847-cda33f389560 => 200
2026-08-11T22:42:25.8199641Z I0811 22:42:06.819367    4858 mockgcp_http.go:298] mockgcp request: GET https://compute.googleapis.com/compute/v1/projects/shared-reservations-project/global/operations/operation-1786488126279-3a802c33-f61d-470d-8ce4-1c92fa1157a2
2026-08-11T22:42:25.8201193Z I0811 22:42:06.819908    4858 mockgcp_http.go:327] mockgcp response: GET https://compute.googleapis.com/compute/v1/projects/shared-reservations-project/global/operations/operation-1786488126279-3a802c33-f61d-470d-8ce4-1c92fa1157a2 => 200
2026-08-11T22:42:25.8202635Z I0811 22:42:06.820210    4858 mockgcp_http.go:327] mockgcp response: POST https://cloudresourcemanager.googleapis.com/v1/projects?alt=json&prettyPrint=false => 200
2026-08-11T22:42:25.8203936Z I0811 22:42:06.920563    4858 mockgcp_http.go:298] mockgcp request: GET https://cloudresourcemanager.googleapis.com/v1/operations/operation-1786488126820-3b67ecb8-2d8c-441b-b504-850a60e98fb3?alt=json&prettyPrint=false
2026-08-11T22:42:25.8205661Z I0811 22:42:06.920747    4858 mockgcp_http.go:327] mockgcp response: GET https://cloudresourcemanager.googleapis.com/v1/operations/operation-1786488126820-3b67ecb8-2d8c-441b-b504-850a60e98fb3?alt=json&prettyPrint=false => 200
2026-08-11T22:42:25.8207230Z I0811 22:42:06.920806    4858 mockgcp_http.go:298] mockgcp request: GET https://cloudresourcemanager.googleapis.com/v1/projects/shared-reservations-project?alt=json&prettyPrint=false
2026-08-11T22:42:25.8208878Z I0811 22:42:06.921188    4858 mockgcp_http.go:327] mockgcp response: GET https://cloudresourcemanager.googleapis.com/v1/projects/shared-reservations-project?alt=json&prettyPrint=false => 200
2026-08-11T22:42:25.8210002Z I0811 22:42:06.921288    4858 mockgcp_http.go:298] mockgcp request: POST https://cloudresourcemanager.googleapis.com/v1/projects?alt=json&prettyPrint=false
2026-08-11T22:42:25.8211162Z I0811 22:42:06.921596    4858 mockgcp_http.go:298] mockgcp request: POST https://compute.googleapis.com/compute/v1/projects/kcc-identity-platform/global/networks
2026-08-11T22:42:25.8212350Z I0811 22:42:06.921941    4858 operations.go:125] "storing operation" fqn="projects/kcc-identity-platform/global/operations/operation-1786488126921-61a8bd6c-7d9d-40d4-936d-42c1984cf109"
2026-08-11T22:42:25.8213700Z I0811 22:42:06.922062    4858 mockgcp_http.go:298] mockgcp request: POST https://compute.googleapis.com/compute/v1/projects/kcc-identity-platform/regions/us-central1/subnetworks
2026-08-11T22:42:25.8214839Z I0811 22:42:06.922131    4858 mockgcp_http.go:327] mockgcp response: POST https://compute.googleapis.com/compute/v1/projects/kcc-identity-platform/global/networks => 200
2026-08-11T22:42:25.8216792Z I0811 22:42:06.922193    4858 mockgcp_http.go:298] mockgcp request: GET https://compute.googleapis.com/compute/v1/projects/kcc-identity-platform/global/operations/operation-1786488126921-61a8bd6c-7d9d-40d4-936d-42c1984cf109
2026-08-11T22:42:25.8218750Z I0811 22:42:06.922479    4858 operations.go:125] "storing operation" fqn="projects/kcc-identity-platform/regions/us-central1/operations/operation-1786488126922-001d56bd-2132-4ab8-ad57-8bf7e260c9a3"
2026-08-11T22:42:25.8220248Z I0811 22:42:06.922528    4858 mockgcp_http.go:327] mockgcp response: GET https://compute.googleapis.com/compute/v1/projects/kcc-identity-platform/global/operations/operation-1786488126921-61a8bd6c-7d9d-40d4-936d-42c1984cf109 => 200
2026-08-11T22:42:25.8221605Z I0811 22:42:06.922575    4858 mockgcp_http.go:327] mockgcp response: POST https://compute.googleapis.com/compute/v1/projects/kcc-identity-platform/regions/us-central1/subnetworks => 200
2026-08-11T22:42:25.8223249Z I0811 22:42:06.922623    4858 mockgcp_http.go:298] mockgcp request: GET https://compute.googleapis.com/compute/v1/projects/kcc-identity-platform/regions/us-central1/operations/operation-1786488126922-001d56bd-2132-4ab8-ad57-8bf7e260c9a3
2026-08-11T22:42:25.8224998Z I0811 22:42:06.922948    4858 mockgcp_http.go:327] mockgcp response: GET https://compute.googleapis.com/compute/v1/projects/kcc-identity-platform/regions/us-central1/operations/operation-1786488126922-001d56bd-2132-4ab8-ad57-8bf7e260c9a3 => 200
2026-08-11T22:42:25.8226502Z I0811 22:42:06.923012    4858 mockgcp_http.go:298] mockgcp request: POST https://compute.googleapis.com/compute/v1/projects/kcc-identity-platform/regions/europe-west1/subnetworks
2026-08-11T22:42:25.8228474Z I0811 22:42:06.923298    4858 operations.go:125] "storing operation" fqn="projects/kcc-identity-platform/regions/europe-west1/operations/operation-1786488126923-6ed43ad1-ae82-4268-b0d1-0fa60f9a0aec"
2026-08-11T22:42:25.8230488Z I0811 22:42:06.923437    4858 mockgcp_http.go:327] mockgcp response: POST https://compute.googleapis.com/compute/v1/projects/kcc-identity-platform/regions/europe-west1/subnetworks => 200
2026-08-11T22:42:25.8232794Z I0811 22:42:06.923489    4858 mockgcp_http.go:298] mockgcp request: GET https://compute.googleapis.com/compute/v1/projects/kcc-identity-platform/regions/europe-west1/operations/operation-1786488126923-6ed43ad1-ae82-4268-b0d1-0fa60f9a0aec
2026-08-11T22:42:25.8234452Z I0811 22:42:06.923743    4858 mockgcp_http.go:327] mockgcp response: GET https://compute.googleapis.com/compute/v1/projects/kcc-identity-platform/regions/europe-west1/operations/operation-1786488126923-6ed43ad1-ae82-4268-b0d1-0fa60f9a0aec => 200
2026-08-11T22:42:25.8236073Z I0811 22:42:06.923806    4858 mockgcp_http.go:298] mockgcp request: POST https://compute.googleapis.com/compute/v1/projects/kcc-identity-platform/regions/us-west1/subnetworks
2026-08-11T22:42:25.8237283Z I0811 22:42:06.924091    4858 operations.go:125] "storing operation" fqn="projects/kcc-identity-platform/regions/us-west1/operations/operation-1786488126924-064a2238-8841-497e-94e6-f876ce4b51b1"
2026-08-11T22:42:25.8238493Z I0811 22:42:06.924210    4858 mockgcp_http.go:327] mockgcp response: POST https://compute.googleapis.com/compute/v1/projects/kcc-identity-platform/regions/us-west1/subnetworks => 200
2026-08-11T22:42:25.8240078Z I0811 22:42:06.924284    4858 mockgcp_http.go:298] mockgcp request: GET https://compute.googleapis.com/compute/v1/projects/kcc-identity-platform/regions/us-west1/operations/operation-1786488126924-064a2238-8841-497e-94e6-f876ce4b51b1
2026-08-11T22:42:25.8242241Z I0811 22:42:06.924512    4858 mockgcp_http.go:327] mockgcp response: GET https://compute.googleapis.com/compute/v1/projects/kcc-identity-platform/regions/us-west1/operations/operation-1786488126924-064a2238-8841-497e-94e6-f876ce4b51b1 => 200
2026-08-11T22:42:25.8244800Z I0811 22:42:06.924570    4858 mockgcp_http.go:298] mockgcp request: POST https://compute.googleapis.com/compute/v1/projects/kcc-identity-platform/regions/asia-east1/subnetworks
2026-08-11T22:42:25.8246928Z I0811 22:42:06.924838    4858 operations.go:125] "storing operation" fqn="projects/kcc-identity-platform/regions/asia-east1/operations/operation-1786488126924-63a9fb6d-12bf-4ff0-b197-2f879efcaf6d"
2026-08-11T22:42:25.8249099Z I0811 22:42:06.924964    4858 mockgcp_http.go:327] mockgcp response: POST https://compute.googleapis.com/compute/v1/projects/kcc-identity-platform/regions/asia-east1/subnetworks => 200
2026-08-11T22:42:25.8251625Z I0811 22:42:06.925019    4858 mockgcp_http.go:298] mockgcp request: GET https://compute.googleapis.com/compute/v1/projects/kcc-identity-platform/regions/asia-east1/operations/operation-1786488126924-63a9fb6d-12bf-4ff0-b197-2f879efcaf6d
2026-08-11T22:42:25.8254463Z I0811 22:42:06.925337    4858 mockgcp_http.go:327] mockgcp response: GET https://compute.googleapis.com/compute/v1/projects/kcc-identity-platform/regions/asia-east1/operations/operation-1786488126924-63a9fb6d-12bf-4ff0-b197-2f879efcaf6d => 200
2026-08-11T22:42:25.8256870Z I0811 22:42:06.925402    4858 mockgcp_http.go:298] mockgcp request: POST https://compute.googleapis.com/compute/v1/projects/kcc-identity-platform/regions/us-east1/subnetworks
2026-08-11T22:42:25.8258899Z I0811 22:42:06.925674    4858 operations.go:125] "storing operation" fqn="projects/kcc-identity-platform/regions/us-east1/operations/operation-1786488126925-a8546542-af82-4f1b-a3f2-c5bc165a284f"
2026-08-11T22:42:25.8260849Z I0811 22:42:06.925792    4858 mockgcp_http.go:327] mockgcp response: POST https://compute.googleapis.com/compute/v1/projects/kcc-identity-platform/regions/us-east1/subnetworks => 200
2026-08-11T22:42:25.8263237Z I0811 22:42:06.925842    4858 mockgcp_http.go:298] mockgcp request: GET https://compute.googleapis.com/compute/v1/projects/kcc-identity-platform/regions/us-east1/operations/operation-1786488126925-a8546542-af82-4f1b-a3f2-c5bc165a284f
2026-08-11T22:42:25.8265784Z I0811 22:42:06.926086    4858 mockgcp_http.go:327] mockgcp response: GET https://compute.googleapis.com/compute/v1/projects/kcc-identity-platform/regions/us-east1/operations/operation-1786488126925-a8546542-af82-4f1b-a3f2-c5bc165a284f => 200
2026-08-11T22:42:25.8268086Z I0811 22:42:06.926140    4858 mockgcp_http.go:298] mockgcp request: POST https://compute.googleapis.com/compute/v1/projects/kcc-identity-platform/regions/asia-northeast1/subnetworks
2026-08-11T22:42:25.8270204Z I0811 22:42:06.926434    4858 operations.go:125] "storing operation" fqn="projects/kcc-identity-platform/regions/asia-northeast1/operations/operation-1786488126926-2334ee2f-d0a8-41de-bbee-ffad9e4c7b3f"
2026-08-11T22:42:25.8272722Z I0811 22:42:06.926559    4858 mockgcp_http.go:327] mockgcp response: POST https://compute.googleapis.com/compute/v1/projects/kcc-identity-platform/regions/asia-northeast1/subnetworks => 200
2026-08-11T22:42:25.8275193Z I0811 22:42:06.926612    4858 mockgcp_http.go:298] mockgcp request: GET https://compute.googleapis.com/compute/v1/projects/kcc-identity-platform/regions/asia-northeast1/operations/operation-1786488126926-2334ee2f-d0a8-41de-bbee-ffad9e4c7b3f
2026-08-11T22:42:25.8277812Z I0811 22:42:06.926882    4858 mockgcp_http.go:327] mockgcp response: GET https://compute.googleapis.com/compute/v1/projects/kcc-identity-platform/regions/asia-northeast1/operations/operation-1786488126926-2334ee2f-d0a8-41de-bbee-ffad9e4c7b3f => 200
2026-08-11T22:42:25.8280364Z I0811 22:42:06.926936    4858 mockgcp_http.go:298] mockgcp request: POST https://compute.googleapis.com/compute/v1/projects/kcc-identity-platform/regions/asia-southeast1/subnetworks
2026-08-11T22:42:25.8282571Z I0811 22:42:06.927207    4858 operations.go:125] "storing operation" fqn="projects/kcc-identity-platform/regions/asia-southeast1/operations/operation-1786488126927-887a346c-f7d7-411d-baf0-6d157264f7ea"
2026-08-11T22:42:25.8284664Z I0811 22:42:06.927342    4858 mockgcp_http.go:327] mockgcp response: POST https://compute.googleapis.com/compute/v1/projects/kcc-identity-platform/regions/asia-southeast1/subnetworks => 200
2026-08-11T22:42:25.8287103Z I0811 22:42:06.927393    4858 mockgcp_http.go:298] mockgcp request: GET https://compute.googleapis.com/compute/v1/projects/kcc-identity-platform/regions/asia-southeast1/operations/operation-1786488126927-887a346c-f7d7-411d-baf0-6d157264f7ea
2026-08-11T22:42:25.8289750Z I0811 22:42:06.927608    4858 mockgcp_http.go:327] mockgcp response: GET https://compute.googleapis.com/compute/v1/projects/kcc-identity-platform/regions/asia-southeast1/operations/operation-1786488126927-887a346c-f7d7-411d-baf0-6d157264f7ea => 200
2026-08-11T22:42:25.8291993Z I0811 22:42:06.927663    4858 mockgcp_http.go:298] mockgcp request: POST https://compute.googleapis.com/compute/v1/projects/kcc-identity-platform/regions/us-east4/subnetworks
2026-08-11T22:42:25.8295509Z I0811 22:42:06.927941    4858 operations.go:125] "storing operation" fqn="projects/kcc-identity-platform/regions/us-east4/operations/operation-1786488126927-30605ecd-abf3-47c6-a104-4d4c88bac648"
2026-08-11T22:42:25.8297656Z I0811 22:42:06.928078    4858 mockgcp_http.go:327] mockgcp response: POST https://compute.googleapis.com/compute/v1/projects/kcc-identity-platform/regions/us-east4/subnetworks => 200
2026-08-11T22:42:25.8300032Z I0811 22:42:06.928143    4858 mockgcp_http.go:298] mockgcp request: GET https://compute.googleapis.com/compute/v1/projects/kcc-identity-platform/regions/us-east4/operations/operation-1786488126927-30605ecd-abf3-47c6-a104-4d4c88bac648
2026-08-11T22:42:25.8302863Z I0811 22:42:06.928440    4858 mockgcp_http.go:327] mockgcp response: GET https://compute.googleapis.com/compute/v1/projects/kcc-identity-platform/regions/us-east4/operations/operation-1786488126927-30605ecd-abf3-47c6-a104-4d4c88bac648 => 200
2026-08-11T22:42:25.8305233Z I0811 22:42:06.928496    4858 mockgcp_http.go:298] mockgcp request: POST https://compute.googleapis.com/compute/v1/projects/kcc-identity-platform/regions/australia-southeast1/subnetworks
2026-08-11T22:42:25.8307435Z I0811 22:42:06.928754    4858 operations.go:125] "storing operation" fqn="projects/kcc-identity-platform/regions/australia-southeast1/operations/operation-1786488126928-c70edaa8-a513-49e6-8a4d-4fbff931ba7f"
2026-08-11T22:42:25.8309677Z I0811 22:42:06.928869    4858 mockgcp_http.go:327] mockgcp response: POST https://compute.googleapis.com/compute/v1/projects/kcc-identity-platform/regions/australia-southeast1/subnetworks => 200
2026-08-11T22:42:25.8312151Z I0811 22:42:06.928923    4858 mockgcp_http.go:298] mockgcp request: GET https://compute.googleapis.com/compute/v1/projects/kcc-identity-platform/regions/australia-southeast1/operations/operation-1786488126928-c70edaa8-a513-49e6-8a4d-4fbff931ba7f
2026-08-11T22:42:25.8315580Z I0811 22:42:06.929212    4858 mockgcp_http.go:327] mockgcp response: GET https://compute.googleapis.com/compute/v1/projects/kcc-identity-platform/regions/australia-southeast1/operations/operation-1786488126928-c70edaa8-a513-49e6-8a4d-4fbff931ba7f => 200
2026-08-11T22:42:25.8317981Z I0811 22:42:06.929278    4858 mockgcp_http.go:298] mockgcp request: POST https://compute.googleapis.com/compute/v1/projects/kcc-identity-platform/regions/europe-west2/subnetworks
2026-08-11T22:42:25.8320049Z I0811 22:42:06.929534    4858 operations.go:125] "storing operation" fqn="projects/kcc-identity-platform/regions/europe-west2/operations/operation-1786488126929-34030bbf-0e9f-446c-8ed2-0217b6aed2d6"
2026-08-11T22:42:25.8322576Z I0811 22:42:06.929651    4858 mockgcp_http.go:327] mockgcp response: POST https://compute.googleapis.com/compute/v1/projects/kcc-identity-platform/regions/europe-west2/subnetworks => 200
2026-08-11T22:42:25.8324940Z I0811 22:42:06.929701    4858 mockgcp_http.go:298] mockgcp request: GET https://compute.googleapis.com/compute/v1/projects/kcc-identity-platform/regions/europe-west2/operations/operation-1786488126929-34030bbf-0e9f-446c-8ed2-0217b6aed2d6
2026-08-11T22:42:25.8327702Z I0811 22:42:06.929956    4858 mockgcp_http.go:327] mockgcp response: GET https://compute.googleapis.com/compute/v1/projects/kcc-identity-platform/regions/europe-west2/operations/operation-1786488126929-34030bbf-0e9f-446c-8ed2-0217b6aed2d6 => 200
2026-08-11T22:42:25.8329915Z I0811 22:42:06.930014    4858 mockgcp_http.go:298] mockgcp request: POST https://compute.googleapis.com/compute/v1/projects/kcc-identity-platform/regions/europe-west3/subnetworks
2026-08-11T22:42:25.8331717Z I0811 22:42:06.930305    4858 operations.go:125] "storing operation" fqn="projects/kcc-identity-platform/regions/europe-west3/operations/operation-1786488126930-3ab01323-5aac-4033-92fd-ddec3b56ef87"
2026-08-11T22:42:25.8334107Z I0811 22:42:06.930432    4858 mockgcp_http.go:327] mockgcp response: POST https://compute.googleapis.com/compute/v1/projects/kcc-identity-platform/regions/europe-west3/subnetworks => 200
2026-08-11T22:42:25.8336637Z I0811 22:42:06.930480    4858 mockgcp_http.go:298] mockgcp request: GET https://compute.googleapis.com/compute/v1/projects/kcc-identity-platform/regions/europe-west3/operations/operation-1786488126930-3ab01323-5aac-4033-92fd-ddec3b56ef87
2026-08-11T22:42:25.8339412Z I0811 22:42:06.930777    4858 mockgcp_http.go:327] mockgcp response: GET https://compute.googleapis.com/compute/v1/projects/kcc-identity-platform/regions/europe-west3/operations/operation-1786488126930-3ab01323-5aac-4033-92fd-ddec3b56ef87 => 200
2026-08-11T22:42:25.8341780Z I0811 22:42:06.930836    4858 mockgcp_http.go:298] mockgcp request: POST https://compute.googleapis.com/compute/v1/projects/kcc-identity-platform/regions/southamerica-east1/subnetworks
2026-08-11T22:42:25.8344283Z I0811 22:42:06.931108    4858 operations.go:125] "storing operation" fqn="projects/kcc-identity-platform/regions/southamerica-east1/operations/operation-1786488126931-9ddb5686-a990-43b5-9549-ca23acfa1cab"
2026-08-11T22:42:25.8346506Z I0811 22:42:06.931216    4858 mockgcp_http.go:327] mockgcp response: POST https://compute.googleapis.com/compute/v1/projects/kcc-identity-platform/regions/southamerica-east1/subnetworks => 200
2026-08-11T22:42:25.8349018Z I0811 22:42:06.931284    4858 mockgcp_http.go:298] mockgcp request: GET https://compute.googleapis.com/compute/v1/projects/kcc-identity-platform/regions/southamerica-east1/operations/operation-1786488126931-9ddb5686-a990-43b5-9549-ca23acfa1cab
2026-08-11T22:42:25.8351899Z I0811 22:42:06.931543    4858 mockgcp_http.go:327] mockgcp response: GET https://compute.googleapis.com/compute/v1/projects/kcc-identity-platform/regions/southamerica-east1/operations/operation-1786488126931-9ddb5686-a990-43b5-9549-ca23acfa1cab => 200
2026-08-11T22:42:25.8354921Z I0811 22:42:06.931605    4858 mockgcp_http.go:298] mockgcp request: POST https://compute.googleapis.com/compute/v1/projects/kcc-identity-platform/regions/asia-south1/subnetworks
2026-08-11T22:42:25.8357473Z I0811 22:42:06.931875    4858 operations.go:125] "storing operation" fqn="projects/kcc-identity-platform/regions/asia-south1/operations/operation-1786488126931-3a2e257e-9a95-43a1-8e10-d356c5cc49c4"
2026-08-11T22:42:25.8359601Z I0811 22:42:06.932009    4858 mockgcp_http.go:327] mockgcp response: POST https://compute.googleapis.com/compute/v1/projects/kcc-identity-platform/regions/asia-south1/subnetworks => 200
2026-08-11T22:42:25.8362121Z I0811 22:42:06.932082    4858 mockgcp_http.go:298] mockgcp request: GET https://compute.googleapis.com/compute/v1/projects/kcc-identity-platform/regions/asia-south1/operations/operation-1786488126931-3a2e257e-9a95-43a1-8e10-d356c5cc49c4
2026-08-11T22:42:25.8365929Z I0811 22:42:06.932362    4858 mockgcp_http.go:327] mockgcp response: GET https://compute.googleapis.com/compute/v1/projects/kcc-identity-platform/regions/asia-south1/operations/operation-1786488126931-3a2e257e-9a95-43a1-8e10-d356c5cc49c4 => 200
2026-08-11T22:42:25.8369270Z I0811 22:42:06.932418    4858 mockgcp_http.go:298] mockgcp request: POST https://compute.googleapis.com/compute/v1/projects/kcc-identity-platform/regions/northamerica-northeast1/subnetworks
2026-08-11T22:42:25.8372136Z I0811 22:42:06.932689    4858 operations.go:125] "storing operation" fqn="projects/kcc-identity-platform/regions/northamerica-northeast1/operations/operation-1786488126932-f7076ff1-c2d1-4b88-b81c-e3ac5422147e"
2026-08-11T22:42:25.8374859Z I0811 22:42:06.932814    4858 mockgcp_http.go:327] mockgcp response: POST https://compute.googleapis.com/compute/v1/projects/kcc-identity-platform/regions/northamerica-northeast1/subnetworks => 200
2026-08-11T22:42:25.8377838Z I0811 22:42:06.932858    4858 mockgcp_http.go:298] mockgcp request: GET https://compute.googleapis.com/compute/v1/projects/kcc-identity-platform/regions/northamerica-northeast1/operations/operation-1786488126932-f7076ff1-c2d1-4b88-b81c-e3ac5422147e
2026-08-11T22:42:25.8381055Z I0811 22:42:06.933130    4858 mockgcp_http.go:327] mockgcp response: GET https://compute.googleapis.com/compute/v1/projects/kcc-identity-platform/regions/northamerica-northeast1/operations/operation-1786488126932-f7076ff1-c2d1-4b88-b81c-e3ac5422147e => 200
2026-08-11T22:42:25.8383730Z I0811 22:42:06.933192    4858 mockgcp_http.go:298] mockgcp request: POST https://compute.googleapis.com/compute/v1/projects/kcc-identity-platform/regions/europe-west4/subnetworks
2026-08-11T22:42:25.8385854Z I0811 22:42:06.933495    4858 operations.go:125] "storing operation" fqn="projects/kcc-identity-platform/regions/europe-west4/operations/operation-1786488126933-6c5a8c79-e242-48d5-9241-7b3fbc35fdef"
2026-08-11T22:42:25.8388013Z I0811 22:42:06.933623    4858 mockgcp_http.go:327] mockgcp response: POST https://compute.googleapis.com/compute/v1/projects/kcc-identity-platform/regions/europe-west4/subnetworks => 200
2026-08-11T22:42:25.8390416Z I0811 22:42:06.933673    4858 mockgcp_http.go:298] mockgcp request: GET https://compute.googleapis.com/compute/v1/projects/kcc-identity-platform/regions/europe-west4/operations/operation-1786488126933-6c5a8c79-e242-48d5-9241-7b3fbc35fdef
2026-08-11T22:42:25.8393314Z I0811 22:42:06.933942    4858 mockgcp_http.go:327] mockgcp response: GET https://compute.googleapis.com/compute/v1/projects/kcc-identity-platform/regions/europe-west4/operations/operation-1786488126933-6c5a8c79-e242-48d5-9241-7b3fbc35fdef => 200
2026-08-11T22:42:25.8395828Z I0811 22:42:06.933996    4858 mockgcp_http.go:298] mockgcp request: POST https://compute.googleapis.com/compute/v1/projects/kcc-identity-platform/regions/europe-north1/subnetworks
2026-08-11T22:42:25.8398048Z I0811 22:42:06.934284    4858 operations.go:125] "storing operation" fqn="projects/kcc-identity-platform/regions/europe-north1/operations/operation-1786488126934-9a184c6b-5eba-4cc6-be57-3dee03b766ca"
2026-08-11T22:42:25.8400316Z I0811 22:42:06.934410    4858 mockgcp_http.go:327] mockgcp response: POST https://compute.googleapis.com/compute/v1/projects/kcc-identity-platform/regions/europe-north1/subnetworks => 200
2026-08-11T22:42:25.8403112Z I0811 22:42:06.934456    4858 mockgcp_http.go:298] mockgcp request: GET https://compute.googleapis.com/compute/v1/projects/kcc-identity-platform/regions/europe-north1/operations/operation-1786488126934-9a184c6b-5eba-4cc6-be57-3dee03b766ca
2026-08-11T22:42:25.8405916Z I0811 22:42:06.934726    4858 mockgcp_http.go:327] mockgcp response: GET https://compute.googleapis.com/compute/v1/projects/kcc-identity-platform/regions/europe-north1/operations/operation-1786488126934-9a184c6b-5eba-4cc6-be57-3dee03b766ca => 200
2026-08-11T22:42:25.8408299Z I0811 22:42:06.934782    4858 mockgcp_http.go:298] mockgcp request: POST https://compute.googleapis.com/compute/v1/projects/kcc-identity-platform/regions/us-west2/subnetworks
2026-08-11T22:42:25.8410626Z I0811 22:42:06.935052    4858 operations.go:125] "storing operation" fqn="projects/kcc-identity-platform/regions/us-west2/operations/operation-1786488126935-04ac7238-6f60-4cdb-8454-e44b18ab5ae5"
2026-08-11T22:42:25.8412847Z I0811 22:42:06.935183    4858 mockgcp_http.go:327] mockgcp response: POST https://compute.googleapis.com/compute/v1/projects/kcc-identity-platform/regions/us-west2/subnetworks => 200
2026-08-11T22:42:25.8415147Z I0811 22:42:06.935233    4858 mockgcp_http.go:298] mockgcp request: GET https://compute.googleapis.com/compute/v1/projects/kcc-identity-platform/regions/us-west2/operations/operation-1786488126935-04ac7238-6f60-4cdb-8454-e44b18ab5ae5
2026-08-11T22:42:25.8417849Z I0811 22:42:06.935505    4858 mockgcp_http.go:327] mockgcp response: GET https://compute.googleapis.com/compute/v1/projects/kcc-identity-platform/regions/us-west2/operations/operation-1786488126935-04ac7238-6f60-4cdb-8454-e44b18ab5ae5 => 200
2026-08-11T22:42:25.8420250Z I0811 22:42:06.935570    4858 mockgcp_http.go:298] mockgcp request: POST https://compute.googleapis.com/compute/v1/projects/kcc-identity-platform/regions/asia-east2/subnetworks
2026-08-11T22:42:25.8422562Z I0811 22:42:06.935833    4858 operations.go:125] "storing operation" fqn="projects/kcc-identity-platform/regions/asia-east2/operations/operation-1786488126935-76ee8a16-7cbf-449f-850b-1013632387b9"
2026-08-11T22:42:25.8424781Z I0811 22:42:06.935962    4858 mockgcp_http.go:327] mockgcp response: POST https://compute.googleapis.com/compute/v1/projects/kcc-identity-platform/regions/asia-east2/subnetworks => 200
2026-08-11T22:42:25.8427275Z I0811 22:42:06.936021    4858 mockgcp_http.go:298] mockgcp request: GET https://compute.googleapis.com/compute/v1/projects/kcc-identity-platform/regions/asia-east2/operations/operation-1786488126935-76ee8a16-7cbf-449f-850b-1013632387b9
2026-08-11T22:42:25.8430123Z I0811 22:42:06.936350    4858 mockgcp_http.go:327] mockgcp response: GET https://compute.googleapis.com/compute/v1/projects/kcc-identity-platform/regions/asia-east2/operations/operation-1786488126935-76ee8a16-7cbf-449f-850b-1013632387b9 => 200
2026-08-11T22:42:25.8432668Z I0811 22:42:06.936408    4858 mockgcp_http.go:298] mockgcp request: POST https://compute.googleapis.com/compute/v1/projects/kcc-identity-platform/regions/europe-west6/subnetworks
2026-08-11T22:42:25.8434963Z I0811 22:42:06.936672    4858 operations.go:125] "storing operation" fqn="projects/kcc-identity-platform/regions/europe-west6/operations/operation-1786488126936-1976b382-ea7d-4c09-9f3c-34f0f9ca65f6"
2026-08-11T22:42:25.8437229Z I0811 22:42:06.936787    4858 mockgcp_http.go:327] mockgcp response: POST https://compute.googleapis.com/compute/v1/projects/kcc-identity-platform/regions/europe-west6/subnetworks => 200
2026-08-11T22:42:25.8439749Z I0811 22:42:06.936841    4858 mockgcp_http.go:298] mockgcp request: GET https://compute.googleapis.com/compute/v1/projects/kcc-identity-platform/regions/europe-west6/operations/operation-1786488126936-1976b382-ea7d-4c09-9f3c-34f0f9ca65f6
2026-08-11T22:42:25.8442835Z I0811 22:42:06.937093    4858 mockgcp_http.go:327] mockgcp response: GET https://compute.googleapis.com/compute/v1/projects/kcc-identity-platform/regions/europe-west6/operations/operation-1786488126936-1976b382-ea7d-4c09-9f3c-34f0f9ca65f6 => 200
2026-08-11T22:42:25.8445908Z I0811 22:42:06.937150    4858 mockgcp_http.go:298] mockgcp request: POST https://compute.googleapis.com/compute/v1/projects/kcc-identity-platform/regions/asia-northeast2/subnetworks
2026-08-11T22:42:25.8448182Z I0811 22:42:06.937446    4858 operations.go:125] "storing operation" fqn="projects/kcc-identity-platform/regions/asia-northeast2/operations/operation-1786488126937-5c6e7f86-38b4-41fa-8795-c2e41f01695a"
2026-08-11T22:42:25.8450477Z I0811 22:42:06.937549    4858 mockgcp_http.go:327] mockgcp response: POST https://compute.googleapis.com/compute/v1/projects/kcc-identity-platform/regions/asia-northeast2/subnetworks => 200
2026-08-11T22:42:25.8453605Z I0811 22:42:06.937611    4858 mockgcp_http.go:298] mockgcp request: GET https://compute.googleapis.com/compute/v1/projects/kcc-identity-platform/regions/asia-northeast2/operations/operation-1786488126937-5c6e7f86-38b4-41fa-8795-c2e41f01695a
2026-08-11T22:42:25.8457601Z I0811 22:42:06.937883    4858 mockgcp_http.go:327] mockgcp response: GET https://compute.googleapis.com/compute/v1/projects/kcc-identity-platform/regions/asia-northeast2/operations/operation-1786488126937-5c6e7f86-38b4-41fa-8795-c2e41f01695a => 200
2026-08-11T22:42:25.8460141Z I0811 22:42:06.937958    4858 mockgcp_http.go:298] mockgcp request: POST https://compute.googleapis.com/compute/v1/projects/kcc-identity-platform/regions/asia-northeast3/subnetworks
2026-08-11T22:42:25.8462560Z I0811 22:42:06.938263    4858 operations.go:125] "storing operation" fqn="projects/kcc-identity-platform/regions/asia-northeast3/operations/operation-1786488126938-e7611ef0-3c41-4805-9119-30101fa6db2b"
2026-08-11T22:42:25.8464846Z I0811 22:42:06.938390    4858 mockgcp_http.go:327] mockgcp response: POST https://compute.googleapis.com/compute/v1/projects/kcc-identity-platform/regions/asia-northeast3/subnetworks => 200
2026-08-11T22:42:25.8467461Z I0811 22:42:06.938436    4858 mockgcp_http.go:298] mockgcp request: GET https://compute.googleapis.com/compute/v1/projects/kcc-identity-platform/regions/asia-northeast3/operations/operation-1786488126938-e7611ef0-3c41-4805-9119-30101fa6db2b
2026-08-11T22:42:25.8470417Z I0811 22:42:06.938683    4858 mockgcp_http.go:327] mockgcp response: GET https://compute.googleapis.com/compute/v1/projects/kcc-identity-platform/regions/asia-northeast3/operations/operation-1786488126938-e7611ef0-3c41-4805-9119-30101fa6db2b => 200
2026-08-11T22:42:25.8473006Z I0811 22:42:06.938741    4858 mockgcp_http.go:298] mockgcp request: POST https://compute.googleapis.com/compute/v1/projects/kcc-identity-platform/regions/us-west3/subnetworks
2026-08-11T22:42:25.8475162Z I0811 22:42:06.938992    4858 operations.go:125] "storing operation" fqn="projects/kcc-identity-platform/regions/us-west3/operations/operation-1786488126938-16bc0dd4-648c-4768-956c-503b4e30bd4e"
2026-08-11T22:42:25.8477381Z I0811 22:42:06.939101    4858 mockgcp_http.go:327] mockgcp response: POST https://compute.googleapis.com/compute/v1/projects/kcc-identity-platform/regions/us-west3/subnetworks => 200
2026-08-11T22:42:25.8479870Z I0811 22:42:06.939157    4858 mockgcp_http.go:298] mockgcp request: GET https://compute.googleapis.com/compute/v1/projects/kcc-identity-platform/regions/us-west3/operations/operation-1786488126938-16bc0dd4-648c-4768-956c-503b4e30bd4e
2026-08-11T22:42:25.8482839Z I0811 22:42:06.939440    4858 mockgcp_http.go:327] mockgcp response: GET https://compute.googleapis.com/compute/v1/projects/kcc-identity-platform/regions/us-west3/operations/operation-1786488126938-16bc0dd4-648c-4768-956c-503b4e30bd4e => 200
2026-08-11T22:42:25.8485243Z I0811 22:42:06.939502    4858 mockgcp_http.go:298] mockgcp request: POST https://compute.googleapis.com/compute/v1/projects/kcc-identity-platform/regions/us-west4/subnetworks
2026-08-11T22:42:25.8487346Z I0811 22:42:06.939765    4858 operations.go:125] "storing operation" fqn="projects/kcc-identity-platform/regions/us-west4/operations/operation-1786488126939-d4d039bc-ffeb-4ec5-b3bc-3de696abe092"
2026-08-11T22:42:25.8489642Z I0811 22:42:06.939867    4858 mockgcp_http.go:327] mockgcp response: POST https://compute.googleapis.com/compute/v1/projects/kcc-identity-platform/regions/us-west4/subnetworks => 200
2026-08-11T22:42:25.8492760Z I0811 22:42:06.939918    4858 mockgcp_http.go:298] mockgcp request: GET https://compute.googleapis.com/compute/v1/projects/kcc-identity-platform/regions/us-west4/operations/operation-1786488126939-d4d039bc-ffeb-4ec5-b3bc-3de696abe092
2026-08-11T22:42:25.8495704Z I0811 22:42:06.940191    4858 mockgcp_http.go:327] mockgcp response: GET https://compute.googleapis.com/compute/v1/projects/kcc-identity-platform/regions/us-west4/operations/operation-1786488126939-d4d039bc-ffeb-4ec5-b3bc-3de696abe092 => 200
2026-08-11T22:42:25.8498112Z I0811 22:42:06.940269    4858 mockgcp_http.go:298] mockgcp request: POST https://compute.googleapis.com/compute/v1/projects/kcc-identity-platform/regions/asia-southeast2/subnetworks
2026-08-11T22:42:25.8500816Z I0811 22:42:06.940586    4858 operations.go:125] "storing operation" fqn="projects/kcc-identity-platform/regions/asia-southeast2/operations/operation-1786488126940-9972dfbb-e1cb-456a-b9c9-c1d8548b83a2"
2026-08-11T22:42:25.8503256Z I0811 22:42:06.940716    4858 mockgcp_http.go:327] mockgcp response: POST https://compute.googleapis.com/compute/v1/projects/kcc-identity-platform/regions/asia-southeast2/subnetworks => 200
2026-08-11T22:42:25.8505647Z I0811 22:42:06.940767    4858 mockgcp_http.go:298] mockgcp request: GET https://compute.googleapis.com/compute/v1/projects/kcc-identity-platform/regions/asia-southeast2/operations/operation-1786488126940-9972dfbb-e1cb-456a-b9c9-c1d8548b83a2
2026-08-11T22:42:25.8508372Z I0811 22:42:06.941035    4858 mockgcp_http.go:327] mockgcp response: GET https://compute.googleapis.com/compute/v1/projects/kcc-identity-platform/regions/asia-southeast2/operations/operation-1786488126940-9972dfbb-e1cb-456a-b9c9-c1d8548b83a2 => 200
2026-08-11T22:42:25.8510576Z I0811 22:42:06.941096    4858 mockgcp_http.go:298] mockgcp request: POST https://compute.googleapis.com/compute/v1/projects/kcc-identity-platform/regions/europe-central2/subnetworks
2026-08-11T22:42:25.8512574Z I0811 22:42:06.941382    4858 operations.go:125] "storing operation" fqn="projects/kcc-identity-platform/regions/europe-central2/operations/operation-1786488126941-aa876b64-fbe2-45ed-9ab1-281a1bb5cef7"
2026-08-11T22:42:25.8514855Z I0811 22:42:06.941485    4858 mockgcp_http.go:327] mockgcp response: POST https://compute.googleapis.com/compute/v1/projects/kcc-identity-platform/regions/europe-central2/subnetworks => 200
2026-08-11T22:42:25.8517520Z I0811 22:42:06.941539    4858 mockgcp_http.go:298] mockgcp request: GET https://compute.googleapis.com/compute/v1/projects/kcc-identity-platform/regions/europe-central2/operations/operation-1786488126941-aa876b64-fbe2-45ed-9ab1-281a1bb5cef7
2026-08-11T22:42:25.8520476Z I0811 22:42:06.941816    4858 mockgcp_http.go:327] mockgcp response: GET https://compute.googleapis.com/compute/v1/projects/kcc-identity-platform/regions/europe-central2/operations/operation-1786488126941-aa876b64-fbe2-45ed-9ab1-281a1bb5cef7 => 200
2026-08-11T22:42:25.8524024Z I0811 22:42:06.941880    4858 mockgcp_http.go:298] mockgcp request: POST https://compute.googleapis.com/compute/v1/projects/kcc-identity-platform/regions/northamerica-northeast2/subnetworks
2026-08-11T22:42:25.8526281Z I0811 22:42:06.942129    4858 operations.go:125] "storing operation" fqn="projects/kcc-identity-platform/regions/northamerica-northeast2/operations/operation-1786488126942-0604bfd9-e7b4-4248-a7fd-8ccf63b9ef37"
2026-08-11T22:42:25.8528556Z I0811 22:42:06.942294    4858 mockgcp_http.go:327] mockgcp response: POST https://compute.googleapis.com/compute/v1/projects/kcc-identity-platform/regions/northamerica-northeast2/subnetworks => 200
2026-08-11T22:42:25.8530997Z I0811 22:42:06.942336    4858 mockgcp_http.go:298] mockgcp request: GET https://compute.googleapis.com/compute/v1/projects/kcc-identity-platform/regions/northamerica-northeast2/operations/operation-1786488126942-0604bfd9-e7b4-4248-a7fd-8ccf63b9ef37
2026-08-11T22:42:25.8534468Z I0811 22:42:06.942576    4858 mockgcp_http.go:327] mockgcp response: GET https://compute.googleapis.com/compute/v1/projects/kcc-identity-platform/regions/northamerica-northeast2/operations/operation-1786488126942-0604bfd9-e7b4-4248-a7fd-8ccf63b9ef37 => 200
2026-08-11T22:42:25.8536877Z I0811 22:42:06.942638    4858 mockgcp_http.go:298] mockgcp request: POST https://compute.googleapis.com/compute/v1/projects/kcc-identity-platform/regions/asia-south2/subnetworks
2026-08-11T22:42:25.8539167Z I0811 22:42:06.942964    4858 operations.go:125] "storing operation" fqn="projects/kcc-identity-platform/regions/asia-south2/operations/operation-1786488126942-01e1cb23-1e96-40cc-a0b1-843e9586fc48"
2026-08-11T22:42:25.8541403Z I0811 22:42:06.943086    4858 mockgcp_http.go:327] mockgcp response: POST https://compute.googleapis.com/compute/v1/projects/kcc-identity-platform/regions/asia-south2/subnetworks => 200
2026-08-11T22:42:25.8544356Z I0811 22:42:06.943133    4858 mockgcp_http.go:298] mockgcp request: GET https://compute.googleapis.com/compute/v1/projects/kcc-identity-platform/regions/asia-south2/operations/operation-1786488126942-01e1cb23-1e96-40cc-a0b1-843e9586fc48
2026-08-11T22:42:25.8547113Z I0811 22:42:06.943405    4858 mockgcp_http.go:327] mockgcp response: GET https://compute.googleapis.com/compute/v1/projects/kcc-identity-platform/regions/asia-south2/operations/operation-1786488126942-01e1cb23-1e96-40cc-a0b1-843e9586fc48 => 200
2026-08-11T22:42:25.8549597Z I0811 22:42:06.943453    4858 mockgcp_http.go:298] mockgcp request: POST https://compute.googleapis.com/compute/v1/projects/kcc-identity-platform/regions/australia-southeast2/subnetworks
2026-08-11T22:42:25.8551927Z I0811 22:42:06.943727    4858 operations.go:125] "storing operation" fqn="projects/kcc-identity-platform/regions/australia-southeast2/operations/operation-1786488126943-400afe31-5d24-48a1-92af-ed9c8dd41e11"
2026-08-11T22:42:25.8554362Z I0811 22:42:06.943873    4858 mockgcp_http.go:327] mockgcp response: POST https://compute.googleapis.com/compute/v1/projects/kcc-identity-platform/regions/australia-southeast2/subnetworks => 200
2026-08-11T22:42:25.8556883Z I0811 22:42:06.943922    4858 mockgcp_http.go:298] mockgcp request: GET https://compute.googleapis.com/compute/v1/projects/kcc-identity-platform/regions/australia-southeast2/operations/operation-1786488126943-400afe31-5d24-48a1-92af-ed9c8dd41e11
2026-08-11T22:42:25.8559894Z I0811 22:42:06.944183    4858 mockgcp_http.go:327] mockgcp response: GET https://compute.googleapis.com/compute/v1/projects/kcc-identity-platform/regions/australia-southeast2/operations/operation-1786488126943-400afe31-5d24-48a1-92af-ed9c8dd41e11 => 200
2026-08-11T22:42:25.8562631Z I0811 22:42:06.944259    4858 mockgcp_http.go:298] mockgcp request: POST https://compute.googleapis.com/compute/v1/projects/kcc-identity-platform/regions/southamerica-west1/subnetworks
2026-08-11T22:42:25.8564838Z I0811 22:42:06.944552    4858 operations.go:125] "storing operation" fqn="projects/kcc-identity-platform/regions/southamerica-west1/operations/operation-1786488126944-cf5be8b0-7d63-4ca4-85dd-c9a08c258eb4"
2026-08-11T22:42:25.8567133Z I0811 22:42:06.944667    4858 mockgcp_http.go:327] mockgcp response: POST https://compute.googleapis.com/compute/v1/projects/kcc-identity-platform/regions/southamerica-west1/subnetworks => 200
2026-08-11T22:42:25.8569813Z I0811 22:42:06.944719    4858 mockgcp_http.go:298] mockgcp request: GET https://compute.googleapis.com/compute/v1/projects/kcc-identity-platform/regions/southamerica-west1/operations/operation-1786488126944-cf5be8b0-7d63-4ca4-85dd-c9a08c258eb4
2026-08-11T22:42:25.8572948Z I0811 22:42:06.945013    4858 mockgcp_http.go:327] mockgcp response: GET https://compute.googleapis.com/compute/v1/projects/kcc-identity-platform/regions/southamerica-west1/operations/operation-1786488126944-cf5be8b0-7d63-4ca4-85dd-c9a08c258eb4 => 200
2026-08-11T22:42:25.8575379Z I0811 22:42:06.945078    4858 mockgcp_http.go:298] mockgcp request: POST https://compute.googleapis.com/compute/v1/projects/kcc-identity-platform/regions/europe-west8/subnetworks
2026-08-11T22:42:25.8578136Z I0811 22:42:06.945361    4858 operations.go:125] "storing operation" fqn="projects/kcc-identity-platform/regions/europe-west8/operations/operation-1786488126945-a25845ac-47a1-471b-8958-ae81510f4a04"
2026-08-11T22:42:25.8580222Z I0811 22:42:06.945460    4858 mockgcp_http.go:327] mockgcp response: POST https://compute.googleapis.com/compute/v1/projects/kcc-identity-platform/regions/europe-west8/subnetworks => 200
2026-08-11T22:42:25.8583417Z I0811 22:42:06.945514    4858 mockgcp_http.go:298] mockgcp request: GET https://compute.googleapis.com/compute/v1/projects/kcc-identity-platform/regions/europe-west8/operations/operation-1786488126945-a25845ac-47a1-471b-8958-ae81510f4a04
2026-08-11T22:42:25.8587693Z I0811 22:42:06.945771    4858 mockgcp_http.go:327] mockgcp response: GET https://compute.googleapis.com/compute/v1/projects/kcc-identity-platform/regions/europe-west8/operations/operation-1786488126945-a25845ac-47a1-471b-8958-ae81510f4a04 => 200
2026-08-11T22:42:25.8590105Z I0811 22:42:06.945818    4858 mockgcp_http.go:298] mockgcp request: POST https://compute.googleapis.com/compute/v1/projects/kcc-identity-platform/regions/europe-west9/subnetworks
2026-08-11T22:42:25.8592242Z I0811 22:42:06.946096    4858 operations.go:125] "storing operation" fqn="projects/kcc-identity-platform/regions/europe-west9/operations/operation-1786488126946-1fec5dff-1a22-4d36-8adc-571420e32bc8"
2026-08-11T22:42:25.8594563Z I0811 22:42:06.946237    4858 mockgcp_http.go:327] mockgcp response: POST https://compute.googleapis.com/compute/v1/projects/kcc-identity-platform/regions/europe-west9/subnetworks => 200
2026-08-11T22:42:25.8596954Z I0811 22:42:06.946310    4858 mockgcp_http.go:298] mockgcp request: GET https://compute.googleapis.com/compute/v1/projects/kcc-identity-platform/regions/europe-west9/operations/operation-1786488126946-1fec5dff-1a22-4d36-8adc-571420e32bc8
2026-08-11T22:42:25.8599854Z I0811 22:42:06.946556    4858 mockgcp_http.go:327] mockgcp response: GET https://compute.googleapis.com/compute/v1/projects/kcc-identity-platform/regions/europe-west9/operations/operation-1786488126946-1fec5dff-1a22-4d36-8adc-571420e32bc8 => 200
2026-08-11T22:42:25.8602327Z I0811 22:42:06.946619    4858 mockgcp_http.go:298] mockgcp request: POST https://compute.googleapis.com/compute/v1/projects/kcc-identity-platform/regions/us-east5/subnetworks
2026-08-11T22:42:25.8604628Z I0811 22:42:06.946868    4858 operations.go:125] "storing operation" fqn="projects/kcc-identity-platform/regions/us-east5/operations/operation-1786488126946-8e46332d-70ec-4123-a364-e7a751358c3e"
2026-08-11T22:42:25.8606810Z I0811 22:42:06.946973    4858 mockgcp_http.go:327] mockgcp response: POST https://compute.googleapis.com/compute/v1/projects/kcc-identity-platform/regions/us-east5/subnetworks => 200
2026-08-11T22:42:25.8609228Z I0811 22:42:06.947031    4858 mockgcp_http.go:298] mockgcp request: GET https://compute.googleapis.com/compute/v1/projects/kcc-identity-platform/regions/us-east5/operations/operation-1786488126946-8e46332d-70ec-4123-a364-e7a751358c3e
2026-08-11T22:42:25.8611971Z I0811 22:42:06.947289    4858 mockgcp_http.go:327] mockgcp response: GET https://compute.googleapis.com/compute/v1/projects/kcc-identity-platform/regions/us-east5/operations/operation-1786488126946-8e46332d-70ec-4123-a364-e7a751358c3e => 200
2026-08-11T22:42:25.8614587Z I0811 22:42:06.947345    4858 mockgcp_http.go:298] mockgcp request: POST https://compute.googleapis.com/compute/v1/projects/kcc-identity-platform/regions/europe-southwest1/subnetworks
2026-08-11T22:42:25.8616886Z I0811 22:42:06.947583    4858 operations.go:125] "storing operation" fqn="projects/kcc-identity-platform/regions/europe-southwest1/operations/operation-1786488126947-1a6e1158-0f74-4df3-9741-d3f403b9fad5"
2026-08-11T22:42:25.8619218Z I0811 22:42:06.947711    4858 mockgcp_http.go:327] mockgcp response: POST https://compute.googleapis.com/compute/v1/projects/kcc-identity-platform/regions/europe-southwest1/subnetworks => 200
2026-08-11T22:42:25.8621683Z I0811 22:42:06.947765    4858 mockgcp_http.go:298] mockgcp request: GET https://compute.googleapis.com/compute/v1/projects/kcc-identity-platform/regions/europe-southwest1/operations/operation-1786488126947-1a6e1158-0f74-4df3-9741-d3f403b9fad5
2026-08-11T22:42:25.8625222Z I0811 22:42:06.948015    4858 mockgcp_http.go:327] mockgcp response: GET https://compute.googleapis.com/compute/v1/projects/kcc-identity-platform/regions/europe-southwest1/operations/operation-1786488126947-1a6e1158-0f74-4df3-9741-d3f403b9fad5 => 200
2026-08-11T22:42:25.8627652Z I0811 22:42:06.948086    4858 mockgcp_http.go:298] mockgcp request: POST https://compute.googleapis.com/compute/v1/projects/kcc-identity-platform/regions/us-south1/subnetworks
2026-08-11T22:42:25.8629613Z I0811 22:42:06.948320    4858 operations.go:125] "storing operation" fqn="projects/kcc-identity-platform/regions/us-south1/operations/operation-1786488126948-17c177f0-a48f-4096-9e3d-b797ff2bee95"
2026-08-11T22:42:25.8632120Z I0811 22:42:06.948409    4858 mockgcp_http.go:327] mockgcp response: POST https://compute.googleapis.com/compute/v1/projects/kcc-identity-platform/regions/us-south1/subnetworks => 200
2026-08-11T22:42:25.8634689Z I0811 22:42:06.948462    4858 mockgcp_http.go:298] mockgcp request: GET https://compute.googleapis.com/compute/v1/projects/kcc-identity-platform/regions/us-south1/operations/operation-1786488126948-17c177f0-a48f-4096-9e3d-b797ff2bee95
2026-08-11T22:42:25.8637424Z I0811 22:42:06.948700    4858 mockgcp_http.go:327] mockgcp response: GET https://compute.googleapis.com/compute/v1/projects/kcc-identity-platform/regions/us-south1/operations/operation-1786488126948-17c177f0-a48f-4096-9e3d-b797ff2bee95 => 200
2026-08-11T22:42:25.8639780Z I0811 22:42:06.948756    4858 mockgcp_http.go:298] mockgcp request: POST https://compute.googleapis.com/compute/v1/projects/kcc-identity-platform/regions/me-west1/subnetworks
2026-08-11T22:42:25.8641838Z I0811 22:42:06.949016    4858 operations.go:125] "storing operation" fqn="projects/kcc-identity-platform/regions/me-west1/operations/operation-1786488126948-57fa3124-faf0-46ed-bc13-4ada22f7da27"
2026-08-11T22:42:25.8644174Z I0811 22:42:06.949143    4858 mockgcp_http.go:327] mockgcp response: POST https://compute.googleapis.com/compute/v1/projects/kcc-identity-platform/regions/me-west1/subnetworks => 200
2026-08-11T22:42:25.8646568Z I0811 22:42:06.949193    4858 mockgcp_http.go:298] mockgcp request: GET https://compute.googleapis.com/compute/v1/projects/kcc-identity-platform/regions/me-west1/operations/operation-1786488126948-57fa3124-faf0-46ed-bc13-4ada22f7da27
2026-08-11T22:42:25.8649354Z I0811 22:42:06.949474    4858 mockgcp_http.go:327] mockgcp response: GET https://compute.googleapis.com/compute/v1/projects/kcc-identity-platform/regions/me-west1/operations/operation-1786488126948-57fa3124-faf0-46ed-bc13-4ada22f7da27 => 200
2026-08-11T22:42:25.8651786Z I0811 22:42:06.949546    4858 mockgcp_http.go:298] mockgcp request: POST https://compute.googleapis.com/compute/v1/projects/kcc-identity-platform/regions/europe-west12/subnetworks
2026-08-11T22:42:25.8653969Z I0811 22:42:06.949838    4858 operations.go:125] "storing operation" fqn="projects/kcc-identity-platform/regions/europe-west12/operations/operation-1786488126949-365302f1-4065-46b9-9c41-44baf626c210"
2026-08-11T22:42:25.8656096Z I0811 22:42:06.949957    4858 mockgcp_http.go:327] mockgcp response: POST https://compute.googleapis.com/compute/v1/projects/kcc-identity-platform/regions/europe-west12/subnetworks => 200
2026-08-11T22:42:25.8658440Z I0811 22:42:06.950009    4858 mockgcp_http.go:298] mockgcp request: GET https://compute.googleapis.com/compute/v1/projects/kcc-identity-platform/regions/europe-west12/operations/operation-1786488126949-365302f1-4065-46b9-9c41-44baf626c210
2026-08-11T22:42:25.8661169Z I0811 22:42:06.950281    4858 mockgcp_http.go:327] mockgcp response: GET https://compute.googleapis.com/compute/v1/projects/kcc-identity-platform/regions/europe-west12/operations/operation-1786488126949-365302f1-4065-46b9-9c41-44baf626c210 => 200
2026-08-11T22:42:25.8663737Z I0811 22:42:06.950335    4858 mockgcp_http.go:298] mockgcp request: POST https://compute.googleapis.com/compute/v1/projects/kcc-identity-platform/regions/me-central1/subnetworks
2026-08-11T22:42:25.8666188Z I0811 22:42:06.950616    4858 operations.go:125] "storing operation" fqn="projects/kcc-identity-platform/regions/me-central1/operations/operation-1786488126950-5827ceab-a934-487a-88ab-5a881d5dd4ad"
2026-08-11T22:42:25.8668469Z I0811 22:42:06.950726    4858 mockgcp_http.go:327] mockgcp response: POST https://compute.googleapis.com/compute/v1/projects/kcc-identity-platform/regions/me-central1/subnetworks => 200
2026-08-11T22:42:25.8670846Z I0811 22:42:06.950780    4858 mockgcp_http.go:298] mockgcp request: GET https://compute.googleapis.com/compute/v1/projects/kcc-identity-platform/regions/me-central1/operations/operation-1786488126950-5827ceab-a934-487a-88ab-5a881d5dd4ad
2026-08-11T22:42:25.8673939Z I0811 22:42:06.951017    4858 mockgcp_http.go:327] mockgcp response: GET https://compute.googleapis.com/compute/v1/projects/kcc-identity-platform/regions/me-central1/operations/operation-1786488126950-5827ceab-a934-487a-88ab-5a881d5dd4ad => 200
2026-08-11T22:42:25.8676269Z I0811 22:42:06.951071    4858 mockgcp_http.go:298] mockgcp request: POST https://compute.googleapis.com/compute/v1/projects/kcc-identity-platform/regions/europe-west10/subnetworks
2026-08-11T22:42:25.8678384Z I0811 22:42:06.951346    4858 operations.go:125] "storing operation" fqn="projects/kcc-identity-platform/regions/europe-west10/operations/operation-1786488126951-7d5818af-ecfa-407f-8b30-b91c02734773"
2026-08-11T22:42:25.8680560Z I0811 22:42:06.951459    4858 mockgcp_http.go:327] mockgcp response: POST https://compute.googleapis.com/compute/v1/projects/kcc-identity-platform/regions/europe-west10/subnetworks => 200
2026-08-11T22:42:25.8683156Z I0811 22:42:06.951513    4858 mockgcp_http.go:298] mockgcp request: GET https://compute.googleapis.com/compute/v1/projects/kcc-identity-platform/regions/europe-west10/operations/operation-1786488126951-7d5818af-ecfa-407f-8b30-b91c02734773
2026-08-11T22:42:25.8685976Z I0811 22:42:06.951746    4858 mockgcp_http.go:327] mockgcp response: GET https://compute.googleapis.com/compute/v1/projects/kcc-identity-platform/regions/europe-west10/operations/operation-1786488126951-7d5818af-ecfa-407f-8b30-b91c02734773 => 200
2026-08-11T22:42:25.8688454Z I0811 22:42:06.951804    4858 mockgcp_http.go:298] mockgcp request: POST https://compute.googleapis.com/compute/v1/projects/kcc-identity-platform/regions/africa-south1/subnetworks
2026-08-11T22:42:25.8690533Z I0811 22:42:06.952068    4858 operations.go:125] "storing operation" fqn="projects/kcc-identity-platform/regions/africa-south1/operations/operation-1786488126952-e3788101-3fd8-4030-b34a-a1f5d9d2332e"
2026-08-11T22:42:25.8692920Z I0811 22:42:06.952169    4858 mockgcp_http.go:327] mockgcp response: POST https://compute.googleapis.com/compute/v1/projects/kcc-identity-platform/regions/africa-south1/subnetworks => 200
2026-08-11T22:42:25.8695296Z I0811 22:42:06.952221    4858 mockgcp_http.go:298] mockgcp request: GET https://compute.googleapis.com/compute/v1/projects/kcc-identity-platform/regions/africa-south1/operations/operation-1786488126952-e3788101-3fd8-4030-b34a-a1f5d9d2332e
2026-08-11T22:42:25.8698100Z I0811 22:42:06.952539    4858 mockgcp_http.go:327] mockgcp response: GET https://compute.googleapis.com/compute/v1/projects/kcc-identity-platform/regions/africa-south1/operations/operation-1786488126952-e3788101-3fd8-4030-b34a-a1f5d9d2332e => 200
2026-08-11T22:42:25.8700592Z I0811 22:42:06.952601    4858 mockgcp_http.go:298] mockgcp request: POST https://compute.googleapis.com/compute/v1/projects/kcc-identity-platform/regions/northamerica-south1/subnetworks
2026-08-11T22:42:25.8703037Z I0811 22:42:06.952874    4858 operations.go:125] "storing operation" fqn="projects/kcc-identity-platform/regions/northamerica-south1/operations/operation-1786488126952-0671218b-3443-4335-82e8-01225dad5191"
2026-08-11T22:42:25.8705245Z I0811 22:42:06.952988    4858 mockgcp_http.go:327] mockgcp response: POST https://compute.googleapis.com/compute/v1/projects/kcc-identity-platform/regions/northamerica-south1/subnetworks => 200
2026-08-11T22:42:25.8708084Z I0811 22:42:06.953041    4858 mockgcp_http.go:298] mockgcp request: GET https://compute.googleapis.com/compute/v1/projects/kcc-identity-platform/regions/northamerica-south1/operations/operation-1786488126952-0671218b-3443-4335-82e8-01225dad5191
2026-08-11T22:42:25.8710942Z I0811 22:42:06.953306    4858 mockgcp_http.go:327] mockgcp response: GET https://compute.googleapis.com/compute/v1/projects/kcc-identity-platform/regions/northamerica-south1/operations/operation-1786488126952-0671218b-3443-4335-82e8-01225dad5191 => 200
2026-08-11T22:42:25.8713609Z I0811 22:42:06.953372    4858 mockgcp_http.go:298] mockgcp request: POST https://compute.googleapis.com/compute/v1/projects/kcc-identity-platform/regions/europe-north2/subnetworks
2026-08-11T22:42:25.8715994Z I0811 22:42:06.953658    4858 operations.go:125] "storing operation" fqn="projects/kcc-identity-platform/regions/europe-north2/operations/operation-1786488126953-a0fea075-0908-4514-9878-508793e3f7ad"
2026-08-11T22:42:25.8718160Z I0811 22:42:06.953777    4858 mockgcp_http.go:327] mockgcp response: POST https://compute.googleapis.com/compute/v1/projects/kcc-identity-platform/regions/europe-north2/subnetworks => 200
2026-08-11T22:42:25.8720598Z I0811 22:42:06.953828    4858 mockgcp_http.go:298] mockgcp request: GET https://compute.googleapis.com/compute/v1/projects/kcc-identity-platform/regions/europe-north2/operations/operation-1786488126953-a0fea075-0908-4514-9878-508793e3f7ad
2026-08-11T22:42:25.8723562Z I0811 22:42:06.954098    4858 mockgcp_http.go:327] mockgcp response: GET https://compute.googleapis.com/compute/v1/projects/kcc-identity-platform/regions/europe-north2/operations/operation-1786488126953-a0fea075-0908-4514-9878-508793e3f7ad => 200
2026-08-11T22:42:25.8725813Z I0811 22:42:06.954208    4858 mockgcp_http.go:298] mockgcp request: POST https://compute.googleapis.com/compute/v1/projects/kcc-identity-platform/global/routes
2026-08-11T22:42:25.8727731Z I0811 22:42:06.954548    4858 operations.go:125] "storing operation" fqn="projects/kcc-identity-platform/global/operations/operation-1786488126954-f88461ba-41bd-483c-94a8-671b583e6f8d"
2026-08-11T22:42:25.8729667Z I0811 22:42:06.954670    4858 mockgcp_http.go:327] mockgcp response: POST https://compute.googleapis.com/compute/v1/projects/kcc-identity-platform/global/routes => 200
2026-08-11T22:42:25.8731945Z I0811 22:42:06.954720    4858 mockgcp_http.go:298] mockgcp request: GET https://compute.googleapis.com/compute/v1/projects/kcc-identity-platform/global/operations/operation-1786488126954-f88461ba-41bd-483c-94a8-671b583e6f8d
2026-08-11T22:42:25.8735126Z I0811 22:42:06.954961    4858 mockgcp_http.go:327] mockgcp response: GET https://compute.googleapis.com/compute/v1/projects/kcc-identity-platform/global/operations/operation-1786488126954-f88461ba-41bd-483c-94a8-671b583e6f8d => 200
2026-08-11T22:42:25.8737467Z I0811 22:42:06.955019    4858 mockgcp_http.go:298] mockgcp request: GET https://compute.googleapis.com/compute/v1/projects/kcc-identity-platform/aggregated/subnetworks
2026-08-11T22:42:25.8739418Z I0811 22:42:06.956720    4858 mockgcp_http.go:327] mockgcp response: GET https://compute.googleapis.com/compute/v1/projects/kcc-identity-platform/aggregated/subnetworks => 200
2026-08-11T22:42:25.8741573Z I0811 22:42:06.958004    4858 mockgcp_http.go:298] mockgcp request: POST https://compute.googleapis.com/compute/v1/projects/kcc-identity-platform/global/routes
2026-08-11T22:42:25.8743712Z I0811 22:42:06.958428    4858 operations.go:125] "storing operation" fqn="projects/kcc-identity-platform/global/operations/operation-1786488126958-b7d892eb-3136-4e9b-ac65-875cd67e98e9"
2026-08-11T22:42:25.8746470Z I0811 22:42:06.958575    4858 mockgcp_http.go:327] mockgcp response: POST https://compute.googleapis.com/compute/v1/projects/kcc-identity-platform/global/routes => 200
2026-08-11T22:42:25.8748809Z I0811 22:42:06.958626    4858 mockgcp_http.go:298] mockgcp request: GET https://compute.googleapis.com/compute/v1/projects/kcc-identity-platform/global/operations/operation-1786488126958-b7d892eb-3136-4e9b-ac65-875cd67e98e9
2026-08-11T22:42:25.8751833Z I0811 22:42:06.958895    4858 mockgcp_http.go:327] mockgcp response: GET https://compute.googleapis.com/compute/v1/projects/kcc-identity-platform/global/operations/operation-1786488126958-b7d892eb-3136-4e9b-ac65-875cd67e98e9 => 200
2026-08-11T22:42:25.8754137Z I0811 22:42:06.958957    4858 mockgcp_http.go:298] mockgcp request: POST https://compute.googleapis.com/compute/v1/projects/kcc-identity-platform/global/routes
2026-08-11T22:42:25.8756431Z I0811 22:42:06.959290    4858 operations.go:125] "storing operation" fqn="projects/kcc-identity-platform/global/operations/operation-1786488126959-c75a2e47-fbf7-4702-9683-3ccbdf42c702"
2026-08-11T22:42:25.8758695Z I0811 22:42:06.959420    4858 mockgcp_http.go:327] mockgcp response: POST https://compute.googleapis.com/compute/v1/projects/kcc-identity-platform/global/routes => 200
2026-08-11T22:42:25.8760949Z I0811 22:42:06.959473    4858 mockgcp_http.go:298] mockgcp request: GET https://compute.googleapis.com/compute/v1/projects/kcc-identity-platform/global/operations/operation-1786488126959-c75a2e47-fbf7-4702-9683-3ccbdf42c702
2026-08-11T22:42:25.8763639Z I0811 22:42:06.959747    4858 mockgcp_http.go:327] mockgcp response: GET https://compute.googleapis.com/compute/v1/projects/kcc-identity-platform/global/operations/operation-1786488126959-c75a2e47-fbf7-4702-9683-3ccbdf42c702 => 200
2026-08-11T22:42:25.8765840Z I0811 22:42:06.959806    4858 mockgcp_http.go:298] mockgcp request: POST https://compute.googleapis.com/compute/v1/projects/kcc-identity-platform/global/routes
2026-08-11T22:42:25.8767846Z I0811 22:42:06.960079    4858 operations.go:125] "storing operation" fqn="projects/kcc-identity-platform/global/operations/operation-1786488126960-edefd4b0-24e8-461f-ad44-878a90f88a46"
2026-08-11T22:42:25.8769877Z I0811 22:42:06.960203    4858 mockgcp_http.go:327] mockgcp response: POST https://compute.googleapis.com/compute/v1/projects/kcc-identity-platform/global/routes => 200
2026-08-11T22:42:25.8772025Z I0811 22:42:06.960265    4858 mockgcp_http.go:298] mockgcp request: GET https://compute.googleapis.com/compute/v1/projects/kcc-identity-platform/global/operations/operation-1786488126960-edefd4b0-24e8-461f-ad44-878a90f88a46
2026-08-11T22:42:25.8774771Z I0811 22:42:06.960517    4858 mockgcp_http.go:327] mockgcp response: GET https://compute.googleapis.com/compute/v1/projects/kcc-identity-platform/global/operations/operation-1786488126960-edefd4b0-24e8-461f-ad44-878a90f88a46 => 200
2026-08-11T22:42:25.8777004Z I0811 22:42:06.960562    4858 mockgcp_http.go:298] mockgcp request: POST https://compute.googleapis.com/compute/v1/projects/kcc-identity-platform/global/routes
2026-08-11T22:42:25.8778950Z I0811 22:42:06.960827    4858 operations.go:125] "storing operation" fqn="projects/kcc-identity-platform/global/operations/operation-1786488126960-f054470c-2311-483b-b6a4-5309a339ca8e"
2026-08-11T22:42:25.8780982Z I0811 22:42:06.960949    4858 mockgcp_http.go:327] mockgcp response: POST https://compute.googleapis.com/compute/v1/projects/kcc-identity-platform/global/routes => 200
2026-08-11T22:42:25.8783374Z I0811 22:42:06.960998    4858 mockgcp_http.go:298] mockgcp request: GET https://compute.googleapis.com/compute/v1/projects/kcc-identity-platform/global/operations/operation-1786488126960-f054470c-2311-483b-b6a4-5309a339ca8e
2026-08-11T22:42:25.8786077Z I0811 22:42:06.961285    4858 mockgcp_http.go:327] mockgcp response: GET https://compute.googleapis.com/compute/v1/projects/kcc-identity-platform/global/operations/operation-1786488126960-f054470c-2311-483b-b6a4-5309a339ca8e => 200
2026-08-11T22:42:25.8788285Z I0811 22:42:06.961345    4858 mockgcp_http.go:298] mockgcp request: POST https://compute.googleapis.com/compute/v1/projects/kcc-identity-platform/global/routes
2026-08-11T22:42:25.8790241Z I0811 22:42:06.961616    4858 operations.go:125] "storing operation" fqn="projects/kcc-identity-platform/global/operations/operation-1786488126961-817fab35-ecdf-4a25-b195-058f41f8ebce"
2026-08-11T22:42:25.8792624Z I0811 22:42:06.961741    4858 mockgcp_http.go:327] mockgcp response: POST https://compute.googleapis.com/compute/v1/projects/kcc-identity-platform/global/routes => 200
2026-08-11T22:42:25.8794896Z I0811 22:42:06.961792    4858 mockgcp_http.go:298] mockgcp request: GET https://compute.googleapis.com/compute/v1/projects/kcc-identity-platform/global/operations/operation-1786488126961-817fab35-ecdf-4a25-b195-058f41f8ebce
2026-08-11T22:42:25.8797425Z I0811 22:42:06.962021    4858 mockgcp_http.go:327] mockgcp response: GET https://compute.googleapis.com/compute/v1/projects/kcc-identity-platform/global/operations/operation-1786488126961-817fab35-ecdf-4a25-b195-058f41f8ebce => 200
2026-08-11T22:42:25.8799853Z I0811 22:42:06.962082    4858 mockgcp_http.go:298] mockgcp request: POST https://compute.googleapis.com/compute/v1/projects/kcc-identity-platform/global/routes
2026-08-11T22:42:25.8801685Z I0811 22:42:06.962374    4858 operations.go:125] "storing operation" fqn="projects/kcc-identity-platform/global/operations/operation-1786488126962-ae7a50fb-98da-4ef1-adc6-26a22dd1adba"
2026-08-11T22:42:25.8803795Z I0811 22:42:06.962476    4858 mockgcp_http.go:327] mockgcp response: POST https://compute.googleapis.com/compute/v1/projects/kcc-identity-platform/global/routes => 200
2026-08-11T22:42:25.8806058Z I0811 22:42:06.962529    4858 mockgcp_http.go:298] mockgcp request: GET https://compute.googleapis.com/compute/v1/projects/kcc-identity-platform/global/operations/operation-1786488126962-ae7a50fb-98da-4ef1-adc6-26a22dd1adba
2026-08-11T22:42:25.8809146Z I0811 22:42:06.962786    4858 mockgcp_http.go:327] mockgcp response: GET https://compute.googleapis.com/compute/v1/projects/kcc-identity-platform/global/operations/operation-1786488126962-ae7a50fb-98da-4ef1-adc6-26a22dd1adba => 200
2026-08-11T22:42:25.8811453Z I0811 22:42:06.962851    4858 mockgcp_http.go:298] mockgcp request: POST https://compute.googleapis.com/compute/v1/projects/kcc-identity-platform/global/routes
2026-08-11T22:42:25.8813686Z I0811 22:42:06.963167    4858 operations.go:125] "storing operation" fqn="projects/kcc-identity-platform/global/operations/operation-1786488126963-2c836e8a-ef8b-437c-80ab-26ce422fdd6c"
2026-08-11T22:42:25.8816127Z I0811 22:42:06.963302    4858 mockgcp_http.go:327] mockgcp response: POST https://compute.googleapis.com/compute/v1/projects/kcc-identity-platform/global/routes => 200
2026-08-11T22:42:25.8819108Z I0811 22:42:06.963355    4858 mockgcp_http.go:298] mockgcp request: GET https://compute.googleapis.com/compute/v1/projects/kcc-identity-platform/global/operations/operation-1786488126963-2c836e8a-ef8b-437c-80ab-26ce422fdd6c
2026-08-11T22:42:25.8821687Z I0811 22:42:06.963590    4858 mockgcp_http.go:327] mockgcp response: GET https://compute.googleapis.com/compute/v1/projects/kcc-identity-platform/global/operations/operation-1786488126963-2c836e8a-ef8b-437c-80ab-26ce422fdd6c => 200
2026-08-11T22:42:25.8823954Z I0811 22:42:06.963649    4858 mockgcp_http.go:298] mockgcp request: POST https://compute.googleapis.com/compute/v1/projects/kcc-identity-platform/global/routes
2026-08-11T22:42:25.8825969Z I0811 22:42:06.963923    4858 operations.go:125] "storing operation" fqn="projects/kcc-identity-platform/global/operations/operation-1786488126963-82e3d121-eff7-4901-8f3a-37fdf98030a8"
2026-08-11T22:42:25.8827876Z I0811 22:42:06.964053    4858 mockgcp_http.go:327] mockgcp response: POST https://compute.googleapis.com/compute/v1/projects/kcc-identity-platform/global/routes => 200
2026-08-11T22:42:25.8830159Z I0811 22:42:06.964103    4858 mockgcp_http.go:298] mockgcp request: GET https://compute.googleapis.com/compute/v1/projects/kcc-identity-platform/global/operations/operation-1786488126963-82e3d121-eff7-4901-8f3a-37fdf98030a8
2026-08-11T22:42:25.8832887Z I0811 22:42:06.964360    4858 mockgcp_http.go:327] mockgcp response: GET https://compute.googleapis.com/compute/v1/projects/kcc-identity-platform/global/operations/operation-1786488126963-82e3d121-eff7-4901-8f3a-37fdf98030a8 => 200
2026-08-11T22:42:25.8835448Z I0811 22:42:06.964417    4858 mockgcp_http.go:298] mockgcp request: POST https://compute.googleapis.com/compute/v1/projects/kcc-identity-platform/global/routes
2026-08-11T22:42:25.8837432Z I0811 22:42:06.964683    4858 operations.go:125] "storing operation" fqn="projects/kcc-identity-platform/global/operations/operation-1786488126964-6ecfd4a1-04a9-4000-ae0d-d0d34ebbe5c6"
2026-08-11T22:42:25.8839660Z I0811 22:42:06.964803    4858 mockgcp_http.go:327] mockgcp response: POST https://compute.googleapis.com/compute/v1/projects/kcc-identity-platform/global/routes => 200
2026-08-11T22:42:25.8842096Z I0811 22:42:06.964853    4858 mockgcp_http.go:298] mockgcp request: GET https://compute.googleapis.com/compute/v1/projects/kcc-identity-platform/global/operations/operation-1786488126964-6ecfd4a1-04a9-4000-ae0d-d0d34ebbe5c6
2026-08-11T22:42:25.8845009Z I0811 22:42:06.965100    4858 mockgcp_http.go:327] mockgcp response: GET https://compute.googleapis.com/compute/v1/projects/kcc-identity-platform/global/operations/operation-1786488126964-6ecfd4a1-04a9-4000-ae0d-d0d34ebbe5c6 => 200
2026-08-11T22:42:25.8847448Z I0811 22:42:06.965157    4858 mockgcp_http.go:298] mockgcp request: POST https://compute.googleapis.com/compute/v1/projects/kcc-identity-platform/global/routes
2026-08-11T22:42:25.8849559Z I0811 22:42:06.965470    4858 operations.go:125] "storing operation" fqn="projects/kcc-identity-platform/global/operations/operation-1786488126965-0f80f86b-7d93-46f0-bd08-96880cf55780"
2026-08-11T22:42:25.8852221Z I0811 22:42:06.965571    4858 mockgcp_http.go:327] mockgcp response: POST https://compute.googleapis.com/compute/v1/projects/kcc-identity-platform/global/routes => 200
2026-08-11T22:42:25.8854747Z I0811 22:42:06.965619    4858 mockgcp_http.go:298] mockgcp request: GET https://compute.googleapis.com/compute/v1/projects/kcc-identity-platform/global/operations/operation-1786488126965-0f80f86b-7d93-46f0-bd08-96880cf55780
2026-08-11T22:42:25.8857216Z I0811 22:42:06.965832    4858 mockgcp_http.go:327] mockgcp response: GET https://compute.googleapis.com/compute/v1/projects/kcc-identity-platform/global/operations/operation-1786488126965-0f80f86b-7d93-46f0-bd08-96880cf55780 => 200
2026-08-11T22:42:25.8859424Z I0811 22:42:06.965889    4858 mockgcp_http.go:298] mockgcp request: POST https://compute.googleapis.com/compute/v1/projects/kcc-identity-platform/global/routes
2026-08-11T22:42:25.8861651Z I0811 22:42:06.966155    4858 operations.go:125] "storing operation" fqn="projects/kcc-identity-platform/global/operations/operation-1786488126966-d3561393-9ad2-4637-9c20-750b18e71095"
2026-08-11T22:42:25.8863527Z I0811 22:42:06.966296    4858 mockgcp_http.go:327] mockgcp response: POST https://compute.googleapis.com/compute/v1/projects/kcc-identity-platform/global/routes => 200
2026-08-11T22:42:25.8865871Z I0811 22:42:06.966362    4858 mockgcp_http.go:298] mockgcp request: GET https://compute.googleapis.com/compute/v1/projects/kcc-identity-platform/global/operations/operation-1786488126966-d3561393-9ad2-4637-9c20-750b18e71095
2026-08-11T22:42:25.8868273Z I0811 22:42:06.966603    4858 mockgcp_http.go:327] mockgcp response: GET https://compute.googleapis.com/compute/v1/projects/kcc-identity-platform/global/operations/operation-1786488126966-d3561393-9ad2-4637-9c20-750b18e71095 => 200
2026-08-11T22:42:25.8870297Z I0811 22:42:06.966664    4858 mockgcp_http.go:298] mockgcp request: POST https://compute.googleapis.com/compute/v1/projects/kcc-identity-platform/global/routes
2026-08-11T22:42:25.8872144Z I0811 22:42:06.966976    4858 operations.go:125] "storing operation" fqn="projects/kcc-identity-platform/global/operations/operation-1786488126966-d4761a91-1731-43ab-ad52-3768aaa2a775"
2026-08-11T22:42:25.8874143Z I0811 22:42:06.967111    4858 mockgcp_http.go:327] mockgcp response: POST https://compute.googleapis.com/compute/v1/projects/kcc-identity-platform/global/routes => 200
2026-08-11T22:42:25.8876296Z I0811 22:42:06.967159    4858 mockgcp_http.go:298] mockgcp request: GET https://compute.googleapis.com/compute/v1/projects/kcc-identity-platform/global/operations/operation-1786488126966-d4761a91-1731-43ab-ad52-3768aaa2a775
2026-08-11T22:42:25.8879047Z I0811 22:42:06.967409    4858 mockgcp_http.go:327] mockgcp response: GET https://compute.googleapis.com/compute/v1/projects/kcc-identity-platform/global/operations/operation-1786488126966-d4761a91-1731-43ab-ad52-3768aaa2a775 => 200
2026-08-11T22:42:25.8881235Z I0811 22:42:06.967467    4858 mockgcp_http.go:298] mockgcp request: POST https://compute.googleapis.com/compute/v1/projects/kcc-identity-platform/global/routes
2026-08-11T22:42:25.8883331Z I0811 22:42:06.967818    4858 operations.go:125] "storing operation" fqn="projects/kcc-identity-platform/global/operations/operation-1786488126967-417aad27-9d44-4a2e-9148-e40f831b37de"
2026-08-11T22:42:25.8885496Z I0811 22:42:06.967930    4858 mockgcp_http.go:327] mockgcp response: POST https://compute.googleapis.com/compute/v1/projects/kcc-identity-platform/global/routes => 200
2026-08-11T22:42:25.8887855Z I0811 22:42:06.967978    4858 mockgcp_http.go:298] mockgcp request: GET https://compute.googleapis.com/compute/v1/projects/kcc-identity-platform/global/operations/operation-1786488126967-417aad27-9d44-4a2e-9148-e40f831b37de
2026-08-11T22:42:25.8890328Z I0811 22:42:06.968267    4858 mockgcp_http.go:327] mockgcp response: GET https://compute.googleapis.com/compute/v1/projects/kcc-identity-platform/global/operations/operation-1786488126967-417aad27-9d44-4a2e-9148-e40f831b37de => 200
2026-08-11T22:42:25.8891825Z I0811 22:42:06.968347    4858 mockgcp_http.go:298] mockgcp request: POST https://compute.googleapis.com/compute/v1/projects/kcc-identity-platform/global/routes
2026-08-11T22:42:25.8893235Z I0811 22:42:06.968639    4858 operations.go:125] "storing operation" fqn="projects/kcc-identity-platform/global/operations/operation-1786488126968-60c428be-b09b-4dfa-84e6-51f9b60e286f"
2026-08-11T22:42:25.8894390Z I0811 22:42:06.968758    4858 mockgcp_http.go:327] mockgcp response: POST https://compute.googleapis.com/compute/v1/projects/kcc-identity-platform/global/routes => 200
2026-08-11T22:42:25.8895689Z I0811 22:42:06.968812    4858 mockgcp_http.go:298] mockgcp request: GET https://compute.googleapis.com/compute/v1/projects/kcc-identity-platform/global/operations/operation-1786488126968-60c428be-b09b-4dfa-84e6-51f9b60e286f
2026-08-11T22:42:25.8897196Z I0811 22:42:06.969048    4858 mockgcp_http.go:327] mockgcp response: GET https://compute.googleapis.com/compute/v1/projects/kcc-identity-platform/global/operations/operation-1786488126968-60c428be-b09b-4dfa-84e6-51f9b60e286f => 200
2026-08-11T22:42:25.8898490Z I0811 22:42:06.969106    4858 mockgcp_http.go:298] mockgcp request: POST https://compute.googleapis.com/compute/v1/projects/kcc-identity-platform/global/routes
2026-08-11T22:42:25.8899597Z I0811 22:42:06.969411    4858 operations.go:125] "storing operation" fqn="projects/kcc-identity-platform/global/operations/operation-1786488126969-acd0a315-7e94-4e23-84a4-0e8c6ce9296e"
2026-08-11T22:42:25.8901124Z I0811 22:42:06.969519    4858 mockgcp_http.go:327] mockgcp response: POST https://compute.googleapis.com/compute/v1/projects/kcc-identity-platform/global/routes => 200
2026-08-11T22:42:25.8902612Z I0811 22:42:06.969570    4858 mockgcp_http.go:298] mockgcp request: GET https://compute.googleapis.com/compute/v1/projects/kcc-identity-platform/global/operations/operation-1786488126969-acd0a315-7e94-4e23-84a4-0e8c6ce9296e
2026-08-11T22:42:25.8904150Z I0811 22:42:06.969797    4858 mockgcp_http.go:327] mockgcp response: GET https://compute.googleapis.com/compute/v1/projects/kcc-identity-platform/global/operations/operation-1786488126969-acd0a315-7e94-4e23-84a4-0e8c6ce9296e => 200
2026-08-11T22:42:25.8905419Z I0811 22:42:06.969852    4858 mockgcp_http.go:298] mockgcp request: POST https://compute.googleapis.com/compute/v1/projects/kcc-identity-platform/global/routes
2026-08-11T22:42:25.8906558Z I0811 22:42:06.970125    4858 operations.go:125] "storing operation" fqn="projects/kcc-identity-platform/global/operations/operation-1786488126970-820862e4-cda4-413a-8ffe-7dabd6ea4927"
2026-08-11T22:42:25.8907970Z I0811 22:42:06.970208    4858 mockgcp_http.go:327] mockgcp response: POST https://compute.googleapis.com/compute/v1/projects/kcc-identity-platform/global/routes => 200
2026-08-11T22:42:25.8909251Z I0811 22:42:06.970276    4858 mockgcp_http.go:298] mockgcp request: GET https://compute.googleapis.com/compute/v1/projects/kcc-identity-platform/global/operations/operation-1786488126970-820862e4-cda4-413a-8ffe-7dabd6ea4927
2026-08-11T22:42:25.8910770Z I0811 22:42:06.970549    4858 mockgcp_http.go:327] mockgcp response: GET https://compute.googleapis.com/compute/v1/projects/kcc-identity-platform/global/operations/operation-1786488126970-820862e4-cda4-413a-8ffe-7dabd6ea4927 => 200
2026-08-11T22:42:25.8912576Z I0811 22:42:06.970605    4858 mockgcp_http.go:298] mockgcp request: POST https://compute.googleapis.com/compute/v1/projects/kcc-identity-platform/global/routes
2026-08-11T22:42:25.8913854Z I0811 22:42:06.970885    4858 operations.go:125] "storing operation" fqn="projects/kcc-identity-platform/global/operations/operation-1786488126970-11213963-8239-4c21-bb11-2d47ff721415"
2026-08-11T22:42:25.8915008Z I0811 22:42:06.970977    4858 mockgcp_http.go:327] mockgcp response: POST https://compute.googleapis.com/compute/v1/projects/kcc-identity-platform/global/routes => 200
2026-08-11T22:42:25.8916288Z I0811 22:42:06.971029    4858 mockgcp_http.go:298] mockgcp request: GET https://compute.googleapis.com/compute/v1/projects/kcc-identity-platform/global/operations/operation-1786488126970-11213963-8239-4c21-bb11-2d47ff721415
2026-08-11T22:42:25.8917774Z I0811 22:42:06.971305    4858 mockgcp_http.go:327] mockgcp response: GET https://compute.googleapis.com/compute/v1/projects/kcc-identity-platform/global/operations/operation-1786488126970-11213963-8239-4c21-bb11-2d47ff721415 => 200
2026-08-11T22:42:25.8919032Z I0811 22:42:06.971366    4858 mockgcp_http.go:298] mockgcp request: POST https://compute.googleapis.com/compute/v1/projects/kcc-identity-platform/global/routes
2026-08-11T22:42:25.8920131Z I0811 22:42:06.971653    4858 operations.go:125] "storing operation" fqn="projects/kcc-identity-platform/global/operations/operation-1786488126971-5e7bca45-64a8-4579-986a-8dc76801be65"
2026-08-11T22:42:25.8921236Z I0811 22:42:06.971758    4858 mockgcp_http.go:327] mockgcp response: POST https://compute.googleapis.com/compute/v1/projects/kcc-identity-platform/global/routes => 200
2026-08-11T22:42:25.8922596Z I0811 22:42:06.971822    4858 mockgcp_http.go:298] mockgcp request: GET https://compute.googleapis.com/compute/v1/projects/kcc-identity-platform/global/operations/operation-1786488126971-5e7bca45-64a8-4579-986a-8dc76801be65
2026-08-11T22:42:25.8924100Z I0811 22:42:06.972062    4858 mockgcp_http.go:327] mockgcp response: GET https://compute.googleapis.com/compute/v1/projects/kcc-identity-platform/global/operations/operation-1786488126971-5e7bca45-64a8-4579-986a-8dc76801be65 => 200
2026-08-11T22:42:25.8925548Z I0811 22:42:06.972107    4858 mockgcp_http.go:298] mockgcp request: POST https://compute.googleapis.com/compute/v1/projects/kcc-identity-platform/global/routes
2026-08-11T22:42:25.8926665Z I0811 22:42:06.972404    4858 operations.go:125] "storing operation" fqn="projects/kcc-identity-platform/global/operations/operation-1786488126972-733f92d3-5f98-4b9a-8266-44b9f2c063b8"
2026-08-11T22:42:25.8927769Z I0811 22:42:06.972522    4858 mockgcp_http.go:327] mockgcp response: POST https://compute.googleapis.com/compute/v1/projects/kcc-identity-platform/global/routes => 200
2026-08-11T22:42:25.8929011Z I0811 22:42:06.972574    4858 mockgcp_http.go:298] mockgcp request: GET https://compute.googleapis.com/compute/v1/projects/kcc-identity-platform/global/operations/operation-1786488126972-733f92d3-5f98-4b9a-8266-44b9f2c063b8
2026-08-11T22:42:25.8930483Z I0811 22:42:06.973830    4858 mockgcp_http.go:327] mockgcp response: GET https://compute.googleapis.com/compute/v1/projects/kcc-identity-platform/global/operations/operation-1786488126972-733f92d3-5f98-4b9a-8266-44b9f2c063b8 => 200
2026-08-11T22:42:25.8931926Z I0811 22:42:06.973905    4858 mockgcp_http.go:298] mockgcp request: POST https://compute.googleapis.com/compute/v1/projects/kcc-identity-platform/global/routes
2026-08-11T22:42:25.8933222Z I0811 22:42:06.974313    4858 operations.go:125] "storing operation" fqn="projects/kcc-identity-platform/global/operations/operation-1786488126974-24c4e06f-8213-43c7-8a35-3d79cddcae40"
2026-08-11T22:42:25.8934343Z I0811 22:42:06.974416    4858 mockgcp_http.go:327] mockgcp response: POST https://compute.googleapis.com/compute/v1/projects/kcc-identity-platform/global/routes => 200
2026-08-11T22:42:25.8935595Z I0811 22:42:06.974458    4858 mockgcp_http.go:298] mockgcp request: GET https://compute.googleapis.com/compute/v1/projects/kcc-identity-platform/global/operations/operation-1786488126974-24c4e06f-8213-43c7-8a35-3d79cddcae40
2026-08-11T22:42:25.8937245Z I0811 22:42:06.974664    4858 mockgcp_http.go:327] mockgcp response: GET https://compute.googleapis.com/compute/v1/projects/kcc-identity-platform/global/operations/operation-1786488126974-24c4e06f-8213-43c7-8a35-3d79cddcae40 => 200
2026-08-11T22:42:25.8938496Z I0811 22:42:06.974710    4858 mockgcp_http.go:298] mockgcp request: POST https://compute.googleapis.com/compute/v1/projects/kcc-identity-platform/global/routes
2026-08-11T22:42:25.8939586Z I0811 22:42:06.975001    4858 operations.go:125] "storing operation" fqn="projects/kcc-identity-platform/global/operations/operation-1786488126974-5ea59568-e7ad-40eb-97b5-2abb12740ed3"
2026-08-11T22:42:25.8940683Z I0811 22:42:06.975073    4858 mockgcp_http.go:327] mockgcp response: POST https://compute.googleapis.com/compute/v1/projects/kcc-identity-platform/global/routes => 200
2026-08-11T22:42:25.8941957Z I0811 22:42:06.975109    4858 mockgcp_http.go:298] mockgcp request: GET https://compute.googleapis.com/compute/v1/projects/kcc-identity-platform/global/operations/operation-1786488126974-5ea59568-e7ad-40eb-97b5-2abb12740ed3
2026-08-11T22:42:25.8943747Z I0811 22:42:06.975327    4858 mockgcp_http.go:327] mockgcp response: GET https://compute.googleapis.com/compute/v1/projects/kcc-identity-platform/global/operations/operation-1786488126974-5ea59568-e7ad-40eb-97b5-2abb12740ed3 => 200
2026-08-11T22:42:25.8944993Z I0811 22:42:06.975386    4858 mockgcp_http.go:298] mockgcp request: POST https://compute.googleapis.com/compute/v1/projects/kcc-identity-platform/global/routes
2026-08-11T22:42:25.8946070Z I0811 22:42:06.975758    4858 operations.go:125] "storing operation" fqn="projects/kcc-identity-platform/global/operations/operation-1786488126975-ef31a131-3a9f-4318-8291-81bd1df9608f"
2026-08-11T22:42:25.8947167Z I0811 22:42:06.975904    4858 mockgcp_http.go:327] mockgcp response: POST https://compute.googleapis.com/compute/v1/projects/kcc-identity-platform/global/routes => 200
2026-08-11T22:42:25.8948440Z I0811 22:42:06.975973    4858 mockgcp_http.go:298] mockgcp request: GET https://compute.googleapis.com/compute/v1/projects/kcc-identity-platform/global/operations/operation-1786488126975-ef31a131-3a9f-4318-8291-81bd1df9608f
2026-08-11T22:42:25.8950331Z I0811 22:42:06.976371    4858 mockgcp_http.go:327] mockgcp response: GET https://compute.googleapis.com/compute/v1/projects/kcc-identity-platform/global/operations/operation-1786488126975-ef31a131-3a9f-4318-8291-81bd1df9608f => 200
2026-08-11T22:42:25.8951582Z I0811 22:42:06.976438    4858 mockgcp_http.go:298] mockgcp request: POST https://compute.googleapis.com/compute/v1/projects/kcc-identity-platform/global/routes
2026-08-11T22:42:25.8952805Z I0811 22:42:06.976834    4858 operations.go:125] "storing operation" fqn="projects/kcc-identity-platform/global/operations/operation-1786488126976-5845c549-4af2-4fd3-a86f-42103bbed4e3"
2026-08-11T22:42:25.8953922Z I0811 22:42:06.976927    4858 mockgcp_http.go:327] mockgcp response: POST https://compute.googleapis.com/compute/v1/projects/kcc-identity-platform/global/routes => 200
2026-08-11T22:42:25.8955183Z I0811 22:42:06.976971    4858 mockgcp_http.go:298] mockgcp request: GET https://compute.googleapis.com/compute/v1/projects/kcc-identity-platform/global/operations/operation-1786488126976-5845c549-4af2-4fd3-a86f-42103bbed4e3
2026-08-11T22:42:25.8956951Z I0811 22:42:06.977325    4858 mockgcp_http.go:327] mockgcp response: GET https://compute.googleapis.com/compute/v1/projects/kcc-identity-platform/global/operations/operation-1786488126976-5845c549-4af2-4fd3-a86f-42103bbed4e3 => 200
2026-08-11T22:42:25.8958293Z I0811 22:42:06.977393    4858 mockgcp_http.go:298] mockgcp request: POST https://compute.googleapis.com/compute/v1/projects/kcc-identity-platform/global/routes
2026-08-11T22:42:25.8959445Z I0811 22:42:06.977807    4858 operations.go:125] "storing operation" fqn="projects/kcc-identity-platform/global/operations/operation-1786488126977-32fc28e1-c1b6-41f1-8dcb-e47c4cf86d45"
2026-08-11T22:42:25.8961138Z I0811 22:42:06.977914    4858 mockgcp_http.go:327] mockgcp response: POST https://compute.googleapis.com/compute/v1/projects/kcc-identity-platform/global/routes => 200
2026-08-11T22:42:25.8962984Z I0811 22:42:06.977970    4858 mockgcp_http.go:298] mockgcp request: GET https://compute.googleapis.com/compute/v1/projects/kcc-identity-platform/global/operations/operation-1786488126977-32fc28e1-c1b6-41f1-8dcb-e47c4cf86d45
2026-08-11T22:42:25.8964506Z I0811 22:42:06.978309    4858 mockgcp_http.go:327] mockgcp response: GET https://compute.googleapis.com/compute/v1/projects/kcc-identity-platform/global/operations/operation-1786488126977-32fc28e1-c1b6-41f1-8dcb-e47c4cf86d45 => 200
2026-08-11T22:42:25.8965769Z I0811 22:42:06.978378    4858 mockgcp_http.go:298] mockgcp request: POST https://compute.googleapis.com/compute/v1/projects/kcc-identity-platform/global/routes
2026-08-11T22:42:25.8966880Z I0811 22:42:06.978753    4858 operations.go:125] "storing operation" fqn="projects/kcc-identity-platform/global/operations/operation-1786488126978-2532d346-6e84-4c5b-9538-3b06f0d90122"
2026-08-11T22:42:25.8968052Z I0811 22:42:06.978865    4858 mockgcp_http.go:327] mockgcp response: POST https://compute.googleapis.com/compute/v1/projects/kcc-identity-platform/global/routes => 200
2026-08-11T22:42:25.8969332Z I0811 22:42:06.978919    4858 mockgcp_http.go:298] mockgcp request: GET https://compute.googleapis.com/compute/v1/projects/kcc-identity-platform/global/operations/operation-1786488126978-2532d346-6e84-4c5b-9538-3b06f0d90122
2026-08-11T22:42:25.8970821Z I0811 22:42:06.979189    4858 mockgcp_http.go:327] mockgcp response: GET https://compute.googleapis.com/compute/v1/projects/kcc-identity-platform/global/operations/operation-1786488126978-2532d346-6e84-4c5b-9538-3b06f0d90122 => 200
2026-08-11T22:42:25.8972075Z I0811 22:42:06.979232    4858 mockgcp_http.go:298] mockgcp request: POST https://compute.googleapis.com/compute/v1/projects/kcc-identity-platform/global/routes
2026-08-11T22:42:25.8973289Z I0811 22:42:06.979599    4858 operations.go:125] "storing operation" fqn="projects/kcc-identity-platform/global/operations/operation-1786488126979-213b9193-0640-44a5-885e-02f09148427b"
2026-08-11T22:42:25.8974629Z I0811 22:42:06.979718    4858 mockgcp_http.go:327] mockgcp response: POST https://compute.googleapis.com/compute/v1/projects/kcc-identity-platform/global/routes => 200
2026-08-11T22:42:25.8975893Z I0811 22:42:06.979773    4858 mockgcp_http.go:298] mockgcp request: GET https://compute.googleapis.com/compute/v1/projects/kcc-identity-platform/global/operations/operation-1786488126979-213b9193-0640-44a5-885e-02f09148427b
2026-08-11T22:42:25.8977433Z I0811 22:42:06.979989    4858 mockgcp_http.go:327] mockgcp response: GET https://compute.googleapis.com/compute/v1/projects/kcc-identity-platform/global/operations/operation-1786488126979-213b9193-0640-44a5-885e-02f09148427b => 200
2026-08-11T22:42:25.8978699Z I0811 22:42:06.980042    4858 mockgcp_http.go:298] mockgcp request: POST https://compute.googleapis.com/compute/v1/projects/kcc-identity-platform/global/routes
2026-08-11T22:42:25.8979800Z I0811 22:42:06.980397    4858 operations.go:125] "storing operation" fqn="projects/kcc-identity-platform/global/operations/operation-1786488126980-5b701a95-231d-4f2a-943e-12ce1fe39115"
2026-08-11T22:42:25.8981275Z I0811 22:42:06.980504    4858 mockgcp_http.go:327] mockgcp response: POST https://compute.googleapis.com/compute/v1/projects/kcc-identity-platform/global/routes => 200
2026-08-11T22:42:25.8982914Z I0811 22:42:06.980553    4858 mockgcp_http.go:298] mockgcp request: GET https://compute.googleapis.com/compute/v1/projects/kcc-identity-platform/global/operations/operation-1786488126980-5b701a95-231d-4f2a-943e-12ce1fe39115
2026-08-11T22:42:25.8984496Z I0811 22:42:06.980875    4858 mockgcp_http.go:327] mockgcp response: GET https://compute.googleapis.com/compute/v1/projects/kcc-identity-platform/global/operations/operation-1786488126980-5b701a95-231d-4f2a-943e-12ce1fe39115 => 200
2026-08-11T22:42:25.8986019Z I0811 22:42:06.980931    4858 mockgcp_http.go:298] mockgcp request: POST https://compute.googleapis.com/compute/v1/projects/kcc-identity-platform/global/routes
2026-08-11T22:42:25.8987280Z I0811 22:42:06.981290    4858 operations.go:125] "storing operation" fqn="projects/kcc-identity-platform/global/operations/operation-1786488126981-833040ad-7ec3-401c-91a8-7ab06ec542ec"
2026-08-11T22:42:25.8988423Z I0811 22:42:06.981437    4858 mockgcp_http.go:327] mockgcp response: POST https://compute.googleapis.com/compute/v1/projects/kcc-identity-platform/global/routes => 200
2026-08-11T22:42:25.8989708Z I0811 22:42:06.981482    4858 mockgcp_http.go:298] mockgcp request: GET https://compute.googleapis.com/compute/v1/projects/kcc-identity-platform/global/operations/operation-1786488126981-833040ad-7ec3-401c-91a8-7ab06ec542ec
2026-08-11T22:42:25.8991193Z I0811 22:42:06.981922    4858 mockgcp_http.go:327] mockgcp response: GET https://compute.googleapis.com/compute/v1/projects/kcc-identity-platform/global/operations/operation-1786488126981-833040ad-7ec3-401c-91a8-7ab06ec542ec => 200
2026-08-11T22:42:25.8992855Z I0811 22:42:06.981987    4858 mockgcp_http.go:298] mockgcp request: POST https://compute.googleapis.com/compute/v1/projects/kcc-identity-platform/global/routes
2026-08-11T22:42:25.8993964Z I0811 22:42:06.982557    4858 operations.go:125] "storing operation" fqn="projects/kcc-identity-platform/global/operations/operation-1786488126982-f2926d37-2a1a-4d83-9025-00289e672b87"
2026-08-11T22:42:25.8995091Z I0811 22:42:06.982685    4858 mockgcp_http.go:327] mockgcp response: POST https://compute.googleapis.com/compute/v1/projects/kcc-identity-platform/global/routes => 200
2026-08-11T22:42:25.8996348Z I0811 22:42:06.982732    4858 mockgcp_http.go:298] mockgcp request: GET https://compute.googleapis.com/compute/v1/projects/kcc-identity-platform/global/operations/operation-1786488126982-f2926d37-2a1a-4d83-9025-00289e672b87
2026-08-11T22:42:25.8997831Z I0811 22:42:06.983010    4858 mockgcp_http.go:327] mockgcp response: GET https://compute.googleapis.com/compute/v1/projects/kcc-identity-platform/global/operations/operation-1786488126982-f2926d37-2a1a-4d83-9025-00289e672b87 => 200
2026-08-11T22:42:25.8999262Z I0811 22:42:06.983106    4858 mockgcp_http.go:298] mockgcp request: POST https://compute.googleapis.com/compute/v1/projects/kcc-identity-platform/global/routes
2026-08-11T22:42:25.9000581Z I0811 22:42:06.983504    4858 operations.go:125] "storing operation" fqn="projects/kcc-identity-platform/global/operations/operation-1786488126983-d10b1ba5-5287-4440-ace1-27f7c38a0193"
2026-08-11T22:42:25.9001713Z I0811 22:42:06.983642    4858 mockgcp_http.go:327] mockgcp response: POST https://compute.googleapis.com/compute/v1/projects/kcc-identity-platform/global/routes => 200
2026-08-11T22:42:25.9003285Z I0811 22:42:06.983691    4858 mockgcp_http.go:298] mockgcp request: GET https://compute.googleapis.com/compute/v1/projects/kcc-identity-platform/global/operations/operation-1786488126983-d10b1ba5-5287-4440-ace1-27f7c38a0193
2026-08-11T22:42:25.9004801Z I0811 22:42:06.983957    4858 mockgcp_http.go:327] mockgcp response: GET https://compute.googleapis.com/compute/v1/projects/kcc-identity-platform/global/operations/operation-1786488126983-d10b1ba5-5287-4440-ace1-27f7c38a0193 => 200
2026-08-11T22:42:25.9006078Z I0811 22:42:06.984016    4858 mockgcp_http.go:298] mockgcp request: POST https://compute.googleapis.com/compute/v1/projects/kcc-identity-platform/global/routes
2026-08-11T22:42:25.9007550Z I0811 22:42:06.984369    4858 operations.go:125] "storing operation" fqn="projects/kcc-identity-platform/global/operations/operation-1786488126984-75bf4efc-6e34-4967-be2f-48b921208a20"
2026-08-11T22:42:25.9008689Z I0811 22:42:06.984455    4858 mockgcp_http.go:327] mockgcp response: POST https://compute.googleapis.com/compute/v1/projects/kcc-identity-platform/global/routes => 200
2026-08-11T22:42:25.9009960Z I0811 22:42:06.984497    4858 mockgcp_http.go:298] mockgcp request: GET https://compute.googleapis.com/compute/v1/projects/kcc-identity-platform/global/operations/operation-1786488126984-75bf4efc-6e34-4967-be2f-48b921208a20
2026-08-11T22:42:25.9012167Z I0811 22:42:06.984697    4858 mockgcp_http.go:327] mockgcp response: GET https://compute.googleapis.com/compute/v1/projects/kcc-identity-platform/global/operations/operation-1786488126984-75bf4efc-6e34-4967-be2f-48b921208a20 => 200
2026-08-11T22:42:25.9013835Z I0811 22:42:06.984757    4858 mockgcp_http.go:298] mockgcp request: POST https://compute.googleapis.com/compute/v1/projects/kcc-identity-platform/global/routes
2026-08-11T22:42:25.9014975Z I0811 22:42:06.985121    4858 operations.go:125] "storing operation" fqn="projects/kcc-identity-platform/global/operations/operation-1786488126985-45e26622-4b7c-4674-a8f2-4dc600a8b842"
2026-08-11T22:42:25.9016097Z I0811 22:42:06.985217    4858 mockgcp_http.go:327] mockgcp response: POST https://compute.googleapis.com/compute/v1/projects/kcc-identity-platform/global/routes => 200
2026-08-11T22:42:25.9017360Z I0811 22:42:06.985353    4858 mockgcp_http.go:298] mockgcp request: GET https://compute.googleapis.com/compute/v1/projects/kcc-identity-platform/global/operations/operation-1786488126985-45e26622-4b7c-4674-a8f2-4dc600a8b842
2026-08-11T22:42:25.9018853Z I0811 22:42:06.985614    4858 mockgcp_http.go:327] mockgcp response: GET https://compute.googleapis.com/compute/v1/projects/kcc-identity-platform/global/operations/operation-1786488126985-45e26622-4b7c-4674-a8f2-4dc600a8b842 => 200
2026-08-11T22:42:25.9020137Z I0811 22:42:06.985677    4858 mockgcp_http.go:298] mockgcp request: POST https://compute.googleapis.com/compute/v1/projects/kcc-identity-platform/global/routes
2026-08-11T22:42:25.9021228Z I0811 22:42:06.986040    4858 operations.go:125] "storing operation" fqn="projects/kcc-identity-platform/global/operations/operation-1786488126986-ad9ac8a3-5831-488c-ac28-247c46225345"
2026-08-11T22:42:25.9022336Z I0811 22:42:06.986149    4858 mockgcp_http.go:327] mockgcp response: POST https://compute.googleapis.com/compute/v1/projects/kcc-identity-platform/global/routes => 200
2026-08-11T22:42:25.9023838Z I0811 22:42:06.986220    4858 mockgcp_http.go:298] mockgcp request: GET https://compute.googleapis.com/compute/v1/projects/kcc-identity-platform/global/operations/operation-1786488126986-ad9ac8a3-5831-488c-ac28-247c46225345
2026-08-11T22:42:25.9025319Z I0811 22:42:06.986497    4858 mockgcp_http.go:327] mockgcp response: GET https://compute.googleapis.com/compute/v1/projects/kcc-identity-platform/global/operations/operation-1786488126986-ad9ac8a3-5831-488c-ac28-247c46225345 => 200
2026-08-11T22:42:25.9026555Z I0811 22:42:06.986584    4858 mockgcp_http.go:298] mockgcp request: POST https://compute.googleapis.com/compute/v1/projects/kcc-identity-platform/global/routes
2026-08-11T22:42:25.9027635Z I0811 22:42:06.986948    4858 operations.go:125] "storing operation" fqn="projects/kcc-identity-platform/global/operations/operation-1786488126986-1e3710c8-e068-4f1f-985b-c339fa7ac6d4"
2026-08-11T22:42:25.9028734Z I0811 22:42:06.987064    4858 mockgcp_http.go:327] mockgcp response: POST https://compute.googleapis.com/compute/v1/projects/kcc-identity-platform/global/routes => 200
2026-08-11T22:42:25.9029990Z I0811 22:42:06.987119    4858 mockgcp_http.go:298] mockgcp request: GET https://compute.googleapis.com/compute/v1/projects/kcc-identity-platform/global/operations/operation-1786488126986-1e3710c8-e068-4f1f-985b-c339fa7ac6d4
2026-08-11T22:42:25.9031874Z I0811 22:42:06.987416    4858 mockgcp_http.go:327] mockgcp response: GET https://compute.googleapis.com/compute/v1/projects/kcc-identity-platform/global/operations/operation-1786488126986-1e3710c8-e068-4f1f-985b-c339fa7ac6d4 => 200
2026-08-11T22:42:25.9033396Z I0811 22:42:06.987481    4858 mockgcp_http.go:298] mockgcp request: POST https://compute.googleapis.com/compute/v1/projects/kcc-identity-platform/global/routes
2026-08-11T22:42:25.9034507Z I0811 22:42:06.987845    4858 operations.go:125] "storing operation" fqn="projects/kcc-identity-platform/global/operations/operation-1786488126987-02de39b3-26a8-4a39-a48f-b3ce20cea940"
2026-08-11T22:42:25.9035617Z I0811 22:42:06.987976    4858 mockgcp_http.go:327] mockgcp response: POST https://compute.googleapis.com/compute/v1/projects/kcc-identity-platform/global/routes => 200
2026-08-11T22:42:25.9037008Z I0811 22:42:06.988023    4858 mockgcp_http.go:298] mockgcp request: GET https://compute.googleapis.com/compute/v1/projects/kcc-identity-platform/global/operations/operation-1786488126987-02de39b3-26a8-4a39-a48f-b3ce20cea940
2026-08-11T22:42:25.9038502Z I0811 22:42:06.988296    4858 mockgcp_http.go:327] mockgcp response: GET https://compute.googleapis.com/compute/v1/projects/kcc-identity-platform/global/operations/operation-1786488126987-02de39b3-26a8-4a39-a48f-b3ce20cea940 => 200
2026-08-11T22:42:25.9039740Z I0811 22:42:06.988352    4858 mockgcp_http.go:298] mockgcp request: POST https://compute.googleapis.com/compute/v1/projects/kcc-identity-platform/global/routes
2026-08-11T22:42:25.9040822Z I0811 22:42:06.988705    4858 operations.go:125] "storing operation" fqn="projects/kcc-identity-platform/global/operations/operation-1786488126988-0b90bedd-4e06-4bd0-86a2-d9f97c14090b"
2026-08-11T22:42:25.9042255Z I0811 22:42:06.988827    4858 mockgcp_http.go:327] mockgcp response: POST https://compute.googleapis.com/compute/v1/projects/kcc-identity-platform/global/routes => 200
2026-08-11T22:42:25.9043766Z I0811 22:42:06.988877    4858 mockgcp_http.go:298] mockgcp request: GET https://compute.googleapis.com/compute/v1/projects/kcc-identity-platform/global/operations/operation-1786488126988-0b90bedd-4e06-4bd0-86a2-d9f97c14090b
2026-08-11T22:42:25.9045255Z I0811 22:42:06.989174    4858 mockgcp_http.go:327] mockgcp response: GET https://compute.googleapis.com/compute/v1/projects/kcc-identity-platform/global/operations/operation-1786488126988-0b90bedd-4e06-4bd0-86a2-d9f97c14090b => 200
2026-08-11T22:42:25.9046547Z I0811 22:42:06.989226    4858 mockgcp_http.go:298] mockgcp request: POST https://compute.googleapis.com/compute/v1/projects/kcc-identity-platform/global/routes
2026-08-11T22:42:25.9047634Z I0811 22:42:06.989536    4858 operations.go:125] "storing operation" fqn="projects/kcc-identity-platform/global/operations/operation-1786488126989-11115f7d-53ab-41ca-9d6f-fda69cc417c1"
2026-08-11T22:42:25.9049098Z I0811 22:42:06.989654    4858 mockgcp_http.go:327] mockgcp response: POST https://compute.googleapis.com/compute/v1/projects/kcc-identity-platform/global/routes => 200
2026-08-11T22:42:25.9051760Z I0811 22:42:06.989705    4858 mockgcp_http.go:298] mockgcp request: GET https://compute.googleapis.com/compute/v1/projects/kcc-identity-platform/global/operations/operation-1786488126989-11115f7d-53ab-41ca-9d6f-fda69cc417c1
2026-08-11T22:42:25.9053619Z I0811 22:42:06.989965    4858 mockgcp_http.go:327] mockgcp response: GET https://compute.googleapis.com/compute/v1/projects/kcc-identity-platform/global/operations/operation-1786488126989-11115f7d-53ab-41ca-9d6f-fda69cc417c1 => 200
2026-08-11T22:42:25.9054944Z I0811 22:42:06.990025    4858 mockgcp_http.go:298] mockgcp request: POST https://compute.googleapis.com/compute/v1/projects/kcc-identity-platform/global/routes
2026-08-11T22:42:25.9056393Z I0811 22:42:06.990381    4858 operations.go:125] "storing operation" fqn="projects/kcc-identity-platform/global/operations/operation-1786488126990-45f7b0e6-93c6-4412-936f-009cb35c84a6"
2026-08-11T22:42:25.9057820Z I0811 22:42:06.990519    4858 mockgcp_http.go:327] mockgcp response: POST https://compute.googleapis.com/compute/v1/projects/kcc-identity-platform/global/routes => 200
2026-08-11T22:42:25.9060253Z I0811 22:42:06.990564    4858 mockgcp_http.go:298] mockgcp request: GET https://compute.googleapis.com/compute/v1/projects/kcc-identity-platform/global/operations/operation-1786488126990-45f7b0e6-93c6-4412-936f-009cb35c84a6
2026-08-11T22:42:25.9062071Z I0811 22:42:06.990860    4858 mockgcp_http.go:327] mockgcp response: GET https://compute.googleapis.com/compute/v1/projects/kcc-identity-platform/global/operations/operation-1786488126990-45f7b0e6-93c6-4412-936f-009cb35c84a6 => 200
2026-08-11T22:42:25.9063981Z I0811 22:42:06.990919    4858 mockgcp_http.go:298] mockgcp request: POST https://compute.googleapis.com/compute/v1/projects/kcc-identity-platform/global/routes
2026-08-11T22:42:25.9065408Z I0811 22:42:06.991212    4858 operations.go:125] "storing operation" fqn="projects/kcc-identity-platform/global/operations/operation-1786488126991-1db69e38-b993-4211-a23e-b7beec937f96"
2026-08-11T22:42:25.9067159Z I0811 22:42:06.991377    4858 mockgcp_http.go:327] mockgcp response: POST https://compute.googleapis.com/compute/v1/projects/kcc-identity-platform/global/routes => 200
2026-08-11T22:42:25.9069421Z I0811 22:42:06.991427    4858 mockgcp_http.go:298] mockgcp request: GET https://compute.googleapis.com/compute/v1/projects/kcc-identity-platform/global/operations/operation-1786488126991-1db69e38-b993-4211-a23e-b7beec937f96
2026-08-11T22:42:25.9071966Z I0811 22:42:06.991749    4858 mockgcp_http.go:327] mockgcp response: GET https://compute.googleapis.com/compute/v1/projects/kcc-identity-platform/global/operations/operation-1786488126991-1db69e38-b993-4211-a23e-b7beec937f96 => 200
2026-08-11T22:42:25.9074150Z I0811 22:42:06.991846    4858 mockgcp_http.go:298] mockgcp request: POST https://compute.googleapis.com/compute/v1/projects/kcc-identity-platform/global/routes
2026-08-11T22:42:25.9075769Z I0811 22:42:06.992197    4858 operations.go:125] "storing operation" fqn="projects/kcc-identity-platform/global/operations/operation-1786488126992-1ca78823-4b50-41a1-a59c-c903e6d22855"
2026-08-11T22:42:25.9077169Z I0811 22:42:06.992330    4858 mockgcp_http.go:327] mockgcp response: POST https://compute.googleapis.com/compute/v1/projects/kcc-identity-platform/global/routes => 200
2026-08-11T22:42:25.9078709Z I0811 22:42:06.992369    4858 mockgcp_http.go:298] mockgcp request: GET https://compute.googleapis.com/compute/v1/projects/kcc-identity-platform/global/operations/operation-1786488126992-1ca78823-4b50-41a1-a59c-c903e6d22855
2026-08-11T22:42:25.9080399Z I0811 22:42:06.992635    4858 mockgcp_http.go:327] mockgcp response: GET https://compute.googleapis.com/compute/v1/projects/kcc-identity-platform/global/operations/operation-1786488126992-1ca78823-4b50-41a1-a59c-c903e6d22855 => 200
2026-08-11T22:42:25.9081739Z I0811 22:42:06.992688    4858 mockgcp_http.go:298] mockgcp request: POST https://compute.googleapis.com/compute/v1/projects/kcc-identity-platform/global/routes
2026-08-11T22:42:25.9082984Z I0811 22:42:06.993010    4858 operations.go:125] "storing operation" fqn="projects/kcc-identity-platform/global/operations/operation-1786488126992-f080355f-73a7-4df7-a773-d40d60bd53b7"
2026-08-11T22:42:25.9084147Z I0811 22:42:06.993130    4858 mockgcp_http.go:327] mockgcp response: POST https://compute.googleapis.com/compute/v1/projects/kcc-identity-platform/global/routes => 200
2026-08-11T22:42:25.9085848Z I0811 22:42:06.993192    4858 mockgcp_http.go:298] mockgcp request: GET https://compute.googleapis.com/compute/v1/projects/kcc-identity-platform/global/operations/operation-1786488126992-f080355f-73a7-4df7-a773-d40d60bd53b7
2026-08-11T22:42:25.9088457Z I0811 22:42:06.993468    4858 mockgcp_http.go:327] mockgcp response: GET https://compute.googleapis.com/compute/v1/projects/kcc-identity-platform/global/operations/operation-1786488126992-f080355f-73a7-4df7-a773-d40d60bd53b7 => 200
2026-08-11T22:42:25.9090434Z I0811 22:42:07.513819    4858 mockgcp_http.go:298] mockgcp request: GET https://compute.googleapis.com/compute/v1/projects/kcc-identity-platform/global/operations/operation-1786488126921-61a8bd6c-7d9d-40d4-936d-42c1984cf109
2026-08-11T22:42:25.9092856Z I0811 22:42:07.514380    4858 mockgcp_http.go:327] mockgcp response: GET https://compute.googleapis.com/compute/v1/projects/kcc-identity-platform/global/operations/operation-1786488126921-61a8bd6c-7d9d-40d4-936d-42c1984cf109 => 200
2026-08-11T22:42:25.9094541Z I0811 22:42:07.514592    4858 mockgcp_http.go:327] mockgcp response: POST https://cloudresourcemanager.googleapis.com/v1/projects?alt=json&prettyPrint=false => 200
2026-08-11T22:42:25.9096235Z I0811 22:42:07.614919    4858 mockgcp_http.go:298] mockgcp request: GET https://cloudresourcemanager.googleapis.com/v1/operations/operation-1786488127514-b6e3f373-aa21-4d16-8ac5-98bce8735e71?alt=json&prettyPrint=false
2026-08-11T22:42:25.9098050Z I0811 22:42:07.615087    4858 mockgcp_http.go:327] mockgcp response: GET https://cloudresourcemanager.googleapis.com/v1/operations/operation-1786488127514-b6e3f373-aa21-4d16-8ac5-98bce8735e71?alt=json&prettyPrint=false => 200
2026-08-11T22:42:25.9099490Z I0811 22:42:07.615145    4858 mockgcp_http.go:298] mockgcp request: GET https://cloudresourcemanager.googleapis.com/v1/projects/kcc-identity-platform?alt=json&prettyPrint=false
2026-08-11T22:42:25.9100688Z I0811 22:42:07.615597    4858 mockgcp_http.go:327] mockgcp response: GET https://cloudresourcemanager.googleapis.com/v1/projects/kcc-identity-platform?alt=json&prettyPrint=false => 200
2026-08-11T22:42:25.9101797Z I0811 22:42:07.615665    4858 mockgcp_http.go:298] mockgcp request: POST https://cloudresourcemanager.googleapis.com/v1/projects?alt=json&prettyPrint=false
2026-08-11T22:42:25.9104090Z I0811 22:42:07.615989    4858 mockgcp_http.go:298] mockgcp request: POST https://compute.googleapis.com/compute/v1/projects/kcc-recaptcha-enterprise/global/networks
2026-08-11T22:42:25.9105889Z I0811 22:42:07.616354    4858 operations.go:125] "storing operation" fqn="projects/kcc-recaptcha-enterprise/global/operations/operation-1786488127616-efb01192-86b2-4d7a-b810-60ddb6d50ab1"
2026-08-11T22:42:25.9107307Z I0811 22:42:07.616475    4858 mockgcp_http.go:298] mockgcp request: POST https://compute.googleapis.com/compute/v1/projects/kcc-recaptcha-enterprise/regions/us-central1/subnetworks
2026-08-11T22:42:25.9108438Z I0811 22:42:07.616507    4858 mockgcp_http.go:327] mockgcp response: POST https://compute.googleapis.com/compute/v1/projects/kcc-recaptcha-enterprise/global/networks => 200
2026-08-11T22:42:25.9109751Z I0811 22:42:07.616567    4858 mockgcp_http.go:298] mockgcp request: GET https://compute.googleapis.com/compute/v1/projects/kcc-recaptcha-enterprise/global/operations/operation-1786488127616-efb01192-86b2-4d7a-b810-60ddb6d50ab1
2026-08-11T22:42:25.9111345Z I0811 22:42:07.616845    4858 operations.go:125] "storing operation" fqn="projects/kcc-recaptcha-enterprise/regions/us-central1/operations/operation-1786488127616-7f41f263-b45a-4ae6-95b5-0858e1222d80"
2026-08-11T22:42:25.9112971Z I0811 22:42:07.616852    4858 mockgcp_http.go:327] mockgcp response: GET https://compute.googleapis.com/compute/v1/projects/kcc-recaptcha-enterprise/global/operations/operation-1786488127616-efb01192-86b2-4d7a-b810-60ddb6d50ab1 => 200
2026-08-11T22:42:25.9114625Z I0811 22:42:07.616987    4858 mockgcp_http.go:327] mockgcp response: POST https://compute.googleapis.com/compute/v1/projects/kcc-recaptcha-enterprise/regions/us-central1/subnetworks => 200
2026-08-11T22:42:25.9116601Z I0811 22:42:07.617042    4858 mockgcp_http.go:298] mockgcp request: GET https://compute.googleapis.com/compute/v1/projects/kcc-recaptcha-enterprise/regions/us-central1/operations/operation-1786488127616-7f41f263-b45a-4ae6-95b5-0858e1222d80
2026-08-11T22:42:25.9118469Z I0811 22:42:07.617312    4858 mockgcp_http.go:327] mockgcp response: GET https://compute.googleapis.com/compute/v1/projects/kcc-recaptcha-enterprise/regions/us-central1/operations/operation-1786488127616-7f41f263-b45a-4ae6-95b5-0858e1222d80 => 200
2026-08-11T22:42:25.9120303Z I0811 22:42:07.617377    4858 mockgcp_http.go:298] mockgcp request: POST https://compute.googleapis.com/compute/v1/projects/kcc-recaptcha-enterprise/regions/europe-west1/subnetworks
2026-08-11T22:42:25.9122014Z I0811 22:42:07.617664    4858 operations.go:125] "storing operation" fqn="projects/kcc-recaptcha-enterprise/regions/europe-west1/operations/operation-1786488127617-77f8bc4b-f6c3-493d-97bb-dbdef97cefcf"
2026-08-11T22:42:25.9123528Z I0811 22:42:07.617791    4858 mockgcp_http.go:327] mockgcp response: POST https://compute.googleapis.com/compute/v1/projects/kcc-recaptcha-enterprise/regions/europe-west1/subnetworks => 200
2026-08-11T22:42:25.9125042Z I0811 22:42:07.617839    4858 mockgcp_http.go:298] mockgcp request: GET https://compute.googleapis.com/compute/v1/projects/kcc-recaptcha-enterprise/regions/europe-west1/operations/operation-1786488127617-77f8bc4b-f6c3-493d-97bb-dbdef97cefcf
2026-08-11T22:42:25.9127373Z I0811 22:42:07.618114    4858 mockgcp_http.go:327] mockgcp response: GET https://compute.googleapis.com/compute/v1/projects/kcc-recaptcha-enterprise/regions/europe-west1/operations/operation-1786488127617-77f8bc4b-f6c3-493d-97bb-dbdef97cefcf => 200
2026-08-11T22:42:25.9128973Z I0811 22:42:07.618177    4858 mockgcp_http.go:298] mockgcp request: POST https://compute.googleapis.com/compute/v1/projects/kcc-recaptcha-enterprise/regions/us-west1/subnetworks
2026-08-11T22:42:25.9130817Z I0811 22:42:07.618449    4858 operations.go:125] "storing operation" fqn="projects/kcc-recaptcha-enterprise/regions/us-west1/operations/operation-1786488127618-676e8f21-b0cb-42e5-8acc-ccc0eb1a3aad"
2026-08-11T22:42:25.9133638Z I0811 22:42:07.618553    4858 mockgcp_http.go:327] mockgcp response: POST https://compute.googleapis.com/compute/v1/projects/kcc-recaptcha-enterprise/regions/us-west1/subnetworks => 200
2026-08-11T22:42:25.9136094Z I0811 22:42:07.618607    4858 mockgcp_http.go:298] mockgcp request: GET https://compute.googleapis.com/compute/v1/projects/kcc-recaptcha-enterprise/regions/us-west1/operations/operation-1786488127618-676e8f21-b0cb-42e5-8acc-ccc0eb1a3aad
2026-08-11T22:42:25.9138856Z I0811 22:42:07.618898    4858 mockgcp_http.go:327] mockgcp response: GET https://compute.googleapis.com/compute/v1/projects/kcc-recaptcha-enterprise/regions/us-west1/operations/operation-1786488127618-676e8f21-b0cb-42e5-8acc-ccc0eb1a3aad => 200
2026-08-11T22:42:25.9140519Z I0811 22:42:07.618959    4858 mockgcp_http.go:298] mockgcp request: POST https://compute.googleapis.com/compute/v1/projects/kcc-recaptcha-enterprise/regions/asia-east1/subnetworks
2026-08-11T22:42:25.9141953Z I0811 22:42:07.619230    4858 operations.go:125] "storing operation" fqn="projects/kcc-recaptcha-enterprise/regions/asia-east1/operations/operation-1786488127619-d1f87342-4424-41ce-9ea9-37735e24ed04"
2026-08-11T22:42:25.9143660Z I0811 22:42:07.619374    4858 mockgcp_http.go:327] mockgcp response: POST https://compute.googleapis.com/compute/v1/projects/kcc-recaptcha-enterprise/regions/asia-east1/subnetworks => 200
2026-08-11T22:42:25.9145068Z I0811 22:42:07.619431    4858 mockgcp_http.go:298] mockgcp request: GET https://compute.googleapis.com/compute/v1/projects/kcc-recaptcha-enterprise/regions/asia-east1/operations/operation-1786488127619-d1f87342-4424-41ce-9ea9-37735e24ed04
2026-08-11T22:42:25.9146695Z I0811 22:42:07.619680    4858 mockgcp_http.go:327] mockgcp response: GET https://compute.googleapis.com/compute/v1/projects/kcc-recaptcha-enterprise/regions/asia-east1/operations/operation-1786488127619-d1f87342-4424-41ce-9ea9-37735e24ed04 => 200
2026-08-11T22:42:25.9148073Z I0811 22:42:07.619742    4858 mockgcp_http.go:298] mockgcp request: POST https://compute.googleapis.com/compute/v1/projects/kcc-recaptcha-enterprise/regions/us-east1/subnetworks
2026-08-11T22:42:25.9149286Z I0811 22:42:07.619999    4858 operations.go:125] "storing operation" fqn="projects/kcc-recaptcha-enterprise/regions/us-east1/operations/operation-1786488127619-cbd3719b-45b2-4365-977d-646a70941cdd"
2026-08-11T22:42:25.9150526Z I0811 22:42:07.620146    4858 mockgcp_http.go:327] mockgcp response: POST https://compute.googleapis.com/compute/v1/projects/kcc-recaptcha-enterprise/regions/us-east1/subnetworks => 200
2026-08-11T22:42:25.9152262Z I0811 22:42:07.620194    4858 mockgcp_http.go:298] mockgcp request: GET https://compute.googleapis.com/compute/v1/projects/kcc-recaptcha-enterprise/regions/us-east1/operations/operation-1786488127619-cbd3719b-45b2-4365-977d-646a70941cdd
2026-08-11T22:42:25.9155385Z I0811 22:42:07.620470    4858 mockgcp_http.go:327] mockgcp response: GET https://compute.googleapis.com/compute/v1/projects/kcc-recaptcha-enterprise/regions/us-east1/operations/operation-1786488127619-cbd3719b-45b2-4365-977d-646a70941cdd => 200
2026-08-11T22:42:25.9157951Z I0811 22:42:07.620529    4858 mockgcp_http.go:298] mockgcp request: POST https://compute.googleapis.com/compute/v1/projects/kcc-recaptcha-enterprise/regions/asia-northeast1/subnetworks
2026-08-11T22:42:25.9160320Z I0811 22:42:07.620834    4858 operations.go:125] "storing operation" fqn="projects/kcc-recaptcha-enterprise/regions/asia-northeast1/operations/operation-1786488127620-7f12f5d5-6b4a-4846-a8c1-992041d8fdbe"
2026-08-11T22:42:25.9162606Z I0811 22:42:07.620941    4858 mockgcp_http.go:327] mockgcp response: POST https://compute.googleapis.com/compute/v1/projects/kcc-recaptcha-enterprise/regions/asia-northeast1/subnetworks => 200
2026-08-11T22:42:25.9165043Z I0811 22:42:07.620991    4858 mockgcp_http.go:298] mockgcp request: GET https://compute.googleapis.com/compute/v1/projects/kcc-recaptcha-enterprise/regions/asia-northeast1/operations/operation-1786488127620-7f12f5d5-6b4a-4846-a8c1-992041d8fdbe
2026-08-11T22:42:25.9167857Z I0811 22:42:07.621258    4858 mockgcp_http.go:327] mockgcp response: GET https://compute.googleapis.com/compute/v1/projects/kcc-recaptcha-enterprise/regions/asia-northeast1/operations/operation-1786488127620-7f12f5d5-6b4a-4846-a8c1-992041d8fdbe => 200
2026-08-11T22:42:25.9170236Z I0811 22:42:07.621324    4858 mockgcp_http.go:298] mockgcp request: POST https://compute.googleapis.com/compute/v1/projects/kcc-recaptcha-enterprise/regions/asia-southeast1/subnetworks
2026-08-11T22:42:25.9172640Z I0811 22:42:07.621610    4858 operations.go:125] "storing operation" fqn="projects/kcc-recaptcha-enterprise/regions/asia-southeast1/operations/operation-1786488127621-bcc39303-7ec2-4f72-9952-648b98008ad0"
2026-08-11T22:42:25.9174924Z I0811 22:42:07.621730    4858 mockgcp_http.go:327] mockgcp response: POST https://compute.googleapis.com/compute/v1/projects/kcc-recaptcha-enterprise/regions/asia-southeast1/subnetworks => 200
2026-08-11T22:42:25.9177318Z I0811 22:42:07.621787    4858 mockgcp_http.go:298] mockgcp request: GET https://compute.googleapis.com/compute/v1/projects/kcc-recaptcha-enterprise/regions/asia-southeast1/operations/operation-1786488127621-bcc39303-7ec2-4f72-9952-648b98008ad0
2026-08-11T22:42:25.9180348Z I0811 22:42:07.622038    4858 mockgcp_http.go:327] mockgcp response: GET https://compute.googleapis.com/compute/v1/projects/kcc-recaptcha-enterprise/regions/asia-southeast1/operations/operation-1786488127621-bcc39303-7ec2-4f72-9952-648b98008ad0 => 200
2026-08-11T22:42:25.9183046Z I0811 22:42:07.622097    4858 mockgcp_http.go:298] mockgcp request: POST https://compute.googleapis.com/compute/v1/projects/kcc-recaptcha-enterprise/regions/us-east4/subnetworks
2026-08-11T22:42:25.9185243Z I0811 22:42:07.622369    4858 operations.go:125] "storing operation" fqn="projects/kcc-recaptcha-enterprise/regions/us-east4/operations/operation-1786488127622-cd0440fb-7db7-42dc-8b07-dc30d1b24832"
2026-08-11T22:42:25.9187468Z I0811 22:42:07.622547    4858 mockgcp_http.go:327] mockgcp response: POST https://compute.googleapis.com/compute/v1/projects/kcc-recaptcha-enterprise/regions/us-east4/subnetworks => 200
2026-08-11T22:42:25.9189969Z I0811 22:42:07.622600    4858 mockgcp_http.go:298] mockgcp request: GET https://compute.googleapis.com/compute/v1/projects/kcc-recaptcha-enterprise/regions/us-east4/operations/operation-1786488127622-cd0440fb-7db7-42dc-8b07-dc30d1b24832
2026-08-11T22:42:25.9192993Z I0811 22:42:07.622847    4858 mockgcp_http.go:327] mockgcp response: GET https://compute.googleapis.com/compute/v1/projects/kcc-recaptcha-enterprise/regions/us-east4/operations/operation-1786488127622-cd0440fb-7db7-42dc-8b07-dc30d1b24832 => 200
2026-08-11T22:42:25.9195892Z I0811 22:42:07.622907    4858 mockgcp_http.go:298] mockgcp request: POST https://compute.googleapis.com/compute/v1/projects/kcc-recaptcha-enterprise/regions/australia-southeast1/subnetworks
2026-08-11T22:42:25.9198232Z I0811 22:42:07.623181    4858 operations.go:125] "storing operation" fqn="projects/kcc-recaptcha-enterprise/regions/australia-southeast1/operations/operation-1786488127623-8d17c202-9e85-4db2-a453-228d598b5916"
2026-08-11T22:42:25.9200600Z I0811 22:42:07.623319    4858 mockgcp_http.go:327] mockgcp response: POST https://compute.googleapis.com/compute/v1/projects/kcc-recaptcha-enterprise/regions/australia-southeast1/subnetworks => 200
2026-08-11T22:42:25.9203618Z I0811 22:42:07.623372    4858 mockgcp_http.go:298] mockgcp request: GET https://compute.googleapis.com/compute/v1/projects/kcc-recaptcha-enterprise/regions/australia-southeast1/operations/operation-1786488127623-8d17c202-9e85-4db2-a453-228d598b5916
2026-08-11T22:42:25.9206580Z I0811 22:42:07.623640    4858 mockgcp_http.go:327] mockgcp response: GET https://compute.googleapis.com/compute/v1/projects/kcc-recaptcha-enterprise/regions/australia-southeast1/operations/operation-1786488127623-8d17c202-9e85-4db2-a453-228d598b5916 => 200
2026-08-11T22:42:25.9209132Z I0811 22:42:07.623752    4858 mockgcp_http.go:298] mockgcp request: POST https://compute.googleapis.com/compute/v1/projects/kcc-recaptcha-enterprise/regions/europe-west2/subnetworks
2026-08-11T22:42:25.9211251Z I0811 22:42:07.624046    4858 operations.go:125] "storing operation" fqn="projects/kcc-recaptcha-enterprise/regions/europe-west2/operations/operation-1786488127624-daf1113f-55a1-4d47-bcc7-85ffc936ef3a"
2026-08-11T22:42:25.9213781Z I0811 22:42:07.624175    4858 mockgcp_http.go:327] mockgcp response: POST https://compute.googleapis.com/compute/v1/projects/kcc-recaptcha-enterprise/regions/europe-west2/subnetworks => 200
2026-08-11T22:42:25.9216295Z I0811 22:42:07.624230    4858 mockgcp_http.go:298] mockgcp request: GET https://compute.googleapis.com/compute/v1/projects/kcc-recaptcha-enterprise/regions/europe-west2/operations/operation-1786488127624-daf1113f-55a1-4d47-bcc7-85ffc936ef3a
2026-08-11T22:42:25.9219180Z I0811 22:42:07.624496    4858 mockgcp_http.go:327] mockgcp response: GET https://compute.googleapis.com/compute/v1/projects/kcc-recaptcha-enterprise/regions/europe-west2/operations/operation-1786488127624-daf1113f-55a1-4d47-bcc7-85ffc936ef3a => 200
2026-08-11T22:42:25.9221646Z I0811 22:42:07.624559    4858 mockgcp_http.go:298] mockgcp request: POST https://compute.googleapis.com/compute/v1/projects/kcc-recaptcha-enterprise/regions/europe-west3/subnetworks
2026-08-11T22:42:25.9224016Z I0811 22:42:07.624853    4858 operations.go:125] "storing operation" fqn="projects/kcc-recaptcha-enterprise/regions/europe-west3/operations/operation-1786488127624-137bf0b4-cdf1-4819-90e9-0576e8c7965f"
2026-08-11T22:42:25.9226249Z I0811 22:42:07.624984    4858 mockgcp_http.go:327] mockgcp response: POST https://compute.googleapis.com/compute/v1/projects/kcc-recaptcha-enterprise/regions/europe-west3/subnetworks => 200
2026-08-11T22:42:25.9228772Z I0811 22:42:07.625038    4858 mockgcp_http.go:298] mockgcp request: GET https://compute.googleapis.com/compute/v1/projects/kcc-recaptcha-enterprise/regions/europe-west3/operations/operation-1786488127624-137bf0b4-cdf1-4819-90e9-0576e8c7965f
2026-08-11T22:42:25.9231669Z I0811 22:42:07.625287    4858 mockgcp_http.go:327] mockgcp response: GET https://compute.googleapis.com/compute/v1/projects/kcc-recaptcha-enterprise/regions/europe-west3/operations/operation-1786488127624-137bf0b4-cdf1-4819-90e9-0576e8c7965f => 200
2026-08-11T22:42:25.9234316Z I0811 22:42:07.625344    4858 mockgcp_http.go:298] mockgcp request: POST https://compute.googleapis.com/compute/v1/projects/kcc-recaptcha-enterprise/regions/southamerica-east1/subnetworks
2026-08-11T22:42:25.9236919Z I0811 22:42:07.625615    4858 operations.go:125] "storing operation" fqn="projects/kcc-recaptcha-enterprise/regions/southamerica-east1/operations/operation-1786488127625-834fafda-6388-4f45-8bbf-20a37655ccdb"
2026-08-11T22:42:25.9239228Z I0811 22:42:07.625738    4858 mockgcp_http.go:327] mockgcp response: POST https://compute.googleapis.com/compute/v1/projects/kcc-recaptcha-enterprise/regions/southamerica-east1/subnetworks => 200
2026-08-11T22:42:25.9241767Z I0811 22:42:07.625795    4858 mockgcp_http.go:298] mockgcp request: GET https://compute.googleapis.com/compute/v1/projects/kcc-recaptcha-enterprise/regions/southamerica-east1/operations/operation-1786488127625-834fafda-6388-4f45-8bbf-20a37655ccdb
2026-08-11T22:42:25.9245240Z I0811 22:42:07.626058    4858 mockgcp_http.go:327] mockgcp response: GET https://compute.googleapis.com/compute/v1/projects/kcc-recaptcha-enterprise/regions/southamerica-east1/operations/operation-1786488127625-834fafda-6388-4f45-8bbf-20a37655ccdb => 200
2026-08-11T22:42:25.9247782Z I0811 22:42:07.626115    4858 mockgcp_http.go:298] mockgcp request: POST https://compute.googleapis.com/compute/v1/projects/kcc-recaptcha-enterprise/regions/asia-south1/subnetworks
2026-08-11T22:42:25.9249972Z I0811 22:42:07.626427    4858 operations.go:125] "storing operation" fqn="projects/kcc-recaptcha-enterprise/regions/asia-south1/operations/operation-1786488127626-706ab455-fa17-4682-9df7-17cc9f3a1473"
2026-08-11T22:42:25.9252201Z I0811 22:42:07.626534    4858 mockgcp_http.go:327] mockgcp response: POST https://compute.googleapis.com/compute/v1/projects/kcc-recaptcha-enterprise/regions/asia-south1/subnetworks => 200
2026-08-11T22:42:25.9254828Z I0811 22:42:07.626594    4858 mockgcp_http.go:298] mockgcp request: GET https://compute.googleapis.com/compute/v1/projects/kcc-recaptcha-enterprise/regions/asia-south1/operations/operation-1786488127626-706ab455-fa17-4682-9df7-17cc9f3a1473
2026-08-11T22:42:25.9257607Z I0811 22:42:07.626861    4858 mockgcp_http.go:327] mockgcp response: GET https://compute.googleapis.com/compute/v1/projects/kcc-recaptcha-enterprise/regions/asia-south1/operations/operation-1786488127626-706ab455-fa17-4682-9df7-17cc9f3a1473 => 200
2026-08-11T22:42:25.9260171Z I0811 22:42:07.626924    4858 mockgcp_http.go:298] mockgcp request: POST https://compute.googleapis.com/compute/v1/projects/kcc-recaptcha-enterprise/regions/northamerica-northeast1/subnetworks
2026-08-11T22:42:25.9262712Z I0811 22:42:07.627191    4858 operations.go:125] "storing operation" fqn="projects/kcc-recaptcha-enterprise/regions/northamerica-northeast1/operations/operation-1786488127627-c6a0e075-03e2-4ef8-97bf-2e433b4de72b"
2026-08-11T22:42:25.9265145Z I0811 22:42:07.627320    4858 mockgcp_http.go:327] mockgcp response: POST https://compute.googleapis.com/compute/v1/projects/kcc-recaptcha-enterprise/regions/northamerica-northeast1/subnetworks => 200
2026-08-11T22:42:25.9267882Z I0811 22:42:07.627377    4858 mockgcp_http.go:298] mockgcp request: GET https://compute.googleapis.com/compute/v1/projects/kcc-recaptcha-enterprise/regions/northamerica-northeast1/operations/operation-1786488127627-c6a0e075-03e2-4ef8-97bf-2e433b4de72b
2026-08-11T22:42:25.9270987Z I0811 22:42:07.627611    4858 mockgcp_http.go:327] mockgcp response: GET https://compute.googleapis.com/compute/v1/projects/kcc-recaptcha-enterprise/regions/northamerica-northeast1/operations/operation-1786488127627-c6a0e075-03e2-4ef8-97bf-2e433b4de72b => 200
2026-08-11T22:42:25.9273705Z I0811 22:42:07.627664    4858 mockgcp_http.go:298] mockgcp request: POST https://compute.googleapis.com/compute/v1/projects/kcc-recaptcha-enterprise/regions/europe-west4/subnetworks
2026-08-11T22:42:25.9275914Z I0811 22:42:07.627908    4858 operations.go:125] "storing operation" fqn="projects/kcc-recaptcha-enterprise/regions/europe-west4/operations/operation-1786488127627-579e2557-6155-44ae-adda-44175461674f"
2026-08-11T22:42:25.9278120Z I0811 22:42:07.628043    4858 mockgcp_http.go:327] mockgcp response: POST https://compute.googleapis.com/compute/v1/projects/kcc-recaptcha-enterprise/regions/europe-west4/subnetworks => 200
2026-08-11T22:42:25.9280876Z I0811 22:42:07.628095    4858 mockgcp_http.go:298] mockgcp request: GET https://compute.googleapis.com/compute/v1/projects/kcc-recaptcha-enterprise/regions/europe-west4/operations/operation-1786488127627-579e2557-6155-44ae-adda-44175461674f
2026-08-11T22:42:25.9283942Z I0811 22:42:07.628379    4858 mockgcp_http.go:327] mockgcp response: GET https://compute.googleapis.com/compute/v1/projects/kcc-recaptcha-enterprise/regions/europe-west4/operations/operation-1786488127627-579e2557-6155-44ae-adda-44175461674f => 200
2026-08-11T22:42:25.9286383Z I0811 22:42:07.628440    4858 mockgcp_http.go:298] mockgcp request: POST https://compute.googleapis.com/compute/v1/projects/kcc-recaptcha-enterprise/regions/europe-north1/subnetworks
2026-08-11T22:42:25.9288781Z I0811 22:42:07.628721    4858 operations.go:125] "storing operation" fqn="projects/kcc-recaptcha-enterprise/regions/europe-north1/operations/operation-1786488127628-df4bd787-ff42-47e1-b7d7-8b764f63a95d"
2026-08-11T22:42:25.9291047Z I0811 22:42:07.628846    4858 mockgcp_http.go:327] mockgcp response: POST https://compute.googleapis.com/compute/v1/projects/kcc-recaptcha-enterprise/regions/europe-north1/subnetworks => 200
2026-08-11T22:42:25.9293695Z I0811 22:42:07.628889    4858 mockgcp_http.go:298] mockgcp request: GET https://compute.googleapis.com/compute/v1/projects/kcc-recaptcha-enterprise/regions/europe-north1/operations/operation-1786488127628-df4bd787-ff42-47e1-b7d7-8b764f63a95d
2026-08-11T22:42:25.9296638Z I0811 22:42:07.629135    4858 mockgcp_http.go:327] mockgcp response: GET https://compute.googleapis.com/compute/v1/projects/kcc-recaptcha-enterprise/regions/europe-north1/operations/operation-1786488127628-df4bd787-ff42-47e1-b7d7-8b764f63a95d => 200
2026-08-11T22:42:25.9299054Z I0811 22:42:07.629196    4858 mockgcp_http.go:298] mockgcp request: POST https://compute.googleapis.com/compute/v1/projects/kcc-recaptcha-enterprise/regions/us-west2/subnetworks
2026-08-11T22:42:25.9301208Z I0811 22:42:07.629493    4858 operations.go:125] "storing operation" fqn="projects/kcc-recaptcha-enterprise/regions/us-west2/operations/operation-1786488127629-92f87c3e-08df-4f07-a339-e22d0b18d748"
2026-08-11T22:42:25.9303483Z I0811 22:42:07.629614    4858 mockgcp_http.go:327] mockgcp response: POST https://compute.googleapis.com/compute/v1/projects/kcc-recaptcha-enterprise/regions/us-west2/subnetworks => 200
2026-08-11T22:42:25.9305771Z I0811 22:42:07.629664    4858 mockgcp_http.go:298] mockgcp request: GET https://compute.googleapis.com/compute/v1/projects/kcc-recaptcha-enterprise/regions/us-west2/operations/operation-1786488127629-92f87c3e-08df-4f07-a339-e22d0b18d748
2026-08-11T22:42:25.9308493Z I0811 22:42:07.629923    4858 mockgcp_http.go:327] mockgcp response: GET https://compute.googleapis.com/compute/v1/projects/kcc-recaptcha-enterprise/regions/us-west2/operations/operation-1786488127629-92f87c3e-08df-4f07-a339-e22d0b18d748 => 200
2026-08-11T22:42:25.9310834Z I0811 22:42:07.629974    4858 mockgcp_http.go:298] mockgcp request: POST https://compute.googleapis.com/compute/v1/projects/kcc-recaptcha-enterprise/regions/asia-east2/subnetworks
2026-08-11T22:42:25.9313396Z I0811 22:42:07.630217    4858 operations.go:125] "storing operation" fqn="projects/kcc-recaptcha-enterprise/regions/asia-east2/operations/operation-1786488127630-bdbf44ae-f0fa-4bd7-a0b1-6d77f8274d73"
2026-08-11T22:42:25.9315654Z I0811 22:42:07.630334    4858 mockgcp_http.go:327] mockgcp response: POST https://compute.googleapis.com/compute/v1/projects/kcc-recaptcha-enterprise/regions/asia-east2/subnetworks => 200
2026-08-11T22:42:25.9318174Z I0811 22:42:07.630384    4858 mockgcp_http.go:298] mockgcp request: GET https://compute.googleapis.com/compute/v1/projects/kcc-recaptcha-enterprise/regions/asia-east2/operations/operation-1786488127630-bdbf44ae-f0fa-4bd7-a0b1-6d77f8274d73
2026-08-11T22:42:25.9321078Z I0811 22:42:07.630663    4858 mockgcp_http.go:327] mockgcp response: GET https://compute.googleapis.com/compute/v1/projects/kcc-recaptcha-enterprise/regions/asia-east2/operations/operation-1786488127630-bdbf44ae-f0fa-4bd7-a0b1-6d77f8274d73 => 200
2026-08-11T22:42:25.9324057Z I0811 22:42:07.630723    4858 mockgcp_http.go:298] mockgcp request: POST https://compute.googleapis.com/compute/v1/projects/kcc-recaptcha-enterprise/regions/europe-west6/subnetworks
2026-08-11T22:42:25.9326286Z I0811 22:42:07.630999    4858 operations.go:125] "storing operation" fqn="projects/kcc-recaptcha-enterprise/regions/europe-west6/operations/operation-1786488127630-6b393a0d-68fe-4bce-918b-d976fba71d33"
2026-08-11T22:42:25.9328567Z I0811 22:42:07.631107    4858 mockgcp_http.go:327] mockgcp response: POST https://compute.googleapis.com/compute/v1/projects/kcc-recaptcha-enterprise/regions/europe-west6/subnetworks => 200
2026-08-11T22:42:25.9331307Z I0811 22:42:07.631169    4858 mockgcp_http.go:298] mockgcp request: GET https://compute.googleapis.com/compute/v1/projects/kcc-recaptcha-enterprise/regions/europe-west6/operations/operation-1786488127630-6b393a0d-68fe-4bce-918b-d976fba71d33
2026-08-11T22:42:25.9335763Z I0811 22:42:07.631478    4858 mockgcp_http.go:327] mockgcp response: GET https://compute.googleapis.com/compute/v1/projects/kcc-recaptcha-enterprise/regions/europe-west6/operations/operation-1786488127630-6b393a0d-68fe-4bce-918b-d976fba71d33 => 200
2026-08-11T22:42:25.9338565Z I0811 22:42:07.631541    4858 mockgcp_http.go:298] mockgcp request: POST https://compute.googleapis.com/compute/v1/projects/kcc-recaptcha-enterprise/regions/asia-northeast2/subnetworks
2026-08-11T22:42:25.9341087Z I0811 22:42:07.631844    4858 operations.go:125] "storing operation" fqn="projects/kcc-recaptcha-enterprise/regions/asia-northeast2/operations/operation-1786488127631-efe343dd-d1c2-4eb8-8d7c-9d797b4437ec"
2026-08-11T22:42:25.9344346Z I0811 22:42:07.631985    4858 mockgcp_http.go:327] mockgcp response: POST https://compute.googleapis.com/compute/v1/projects/kcc-recaptcha-enterprise/regions/asia-northeast2/subnetworks => 200
2026-08-11T22:42:25.9347379Z I0811 22:42:07.632037    4858 mockgcp_http.go:298] mockgcp request: GET https://compute.googleapis.com/compute/v1/projects/kcc-recaptcha-enterprise/regions/asia-northeast2/operations/operation-1786488127631-efe343dd-d1c2-4eb8-8d7c-9d797b4437ec
2026-08-11T22:42:25.9350650Z I0811 22:42:07.632315    4858 mockgcp_http.go:327] mockgcp response: GET https://compute.googleapis.com/compute/v1/projects/kcc-recaptcha-enterprise/regions/asia-northeast2/operations/operation-1786488127631-efe343dd-d1c2-4eb8-8d7c-9d797b4437ec => 200
2026-08-11T22:42:25.9353499Z I0811 22:42:07.632372    4858 mockgcp_http.go:298] mockgcp request: POST https://compute.googleapis.com/compute/v1/projects/kcc-recaptcha-enterprise/regions/asia-northeast3/subnetworks
2026-08-11T22:42:25.9355979Z I0811 22:42:07.632637    4858 operations.go:125] "storing operation" fqn="projects/kcc-recaptcha-enterprise/regions/asia-northeast3/operations/operation-1786488127632-8528c6b5-3dce-4fcb-ac31-3a8ad6beb259"
2026-08-11T22:42:25.9358589Z I0811 22:42:07.632750    4858 mockgcp_http.go:327] mockgcp response: POST https://compute.googleapis.com/compute/v1/projects/kcc-recaptcha-enterprise/regions/asia-northeast3/subnetworks => 200
2026-08-11T22:42:25.9361378Z I0811 22:42:07.632804    4858 mockgcp_http.go:298] mockgcp request: GET https://compute.googleapis.com/compute/v1/projects/kcc-recaptcha-enterprise/regions/asia-northeast3/operations/operation-1786488127632-8528c6b5-3dce-4fcb-ac31-3a8ad6beb259
2026-08-11T22:42:25.9364736Z I0811 22:42:07.633067    4858 mockgcp_http.go:327] mockgcp response: GET https://compute.googleapis.com/compute/v1/projects/kcc-recaptcha-enterprise/regions/asia-northeast3/operations/operation-1786488127632-8528c6b5-3dce-4fcb-ac31-3a8ad6beb259 => 200
2026-08-11T22:42:25.9367674Z I0811 22:42:07.633128    4858 mockgcp_http.go:298] mockgcp request: POST https://compute.googleapis.com/compute/v1/projects/kcc-recaptcha-enterprise/regions/us-west3/subnetworks
2026-08-11T22:42:25.9370134Z I0811 22:42:07.633425    4858 operations.go:125] "storing operation" fqn="projects/kcc-recaptcha-enterprise/regions/us-west3/operations/operation-1786488127633-f031c861-1917-414f-8b20-3332f64b8f9a"
2026-08-11T22:42:25.9373001Z I0811 22:42:07.633559    4858 mockgcp_http.go:327] mockgcp response: POST https://compute.googleapis.com/compute/v1/projects/kcc-recaptcha-enterprise/regions/us-west3/subnetworks => 200
2026-08-11T22:42:25.9375602Z I0811 22:42:07.633602    4858 mockgcp_http.go:298] mockgcp request: GET https://compute.googleapis.com/compute/v1/projects/kcc-recaptcha-enterprise/regions/us-west3/operations/operation-1786488127633-f031c861-1917-414f-8b20-3332f64b8f9a
2026-08-11T22:42:25.9379404Z I0811 22:42:07.633853    4858 mockgcp_http.go:327] mockgcp response: GET https://compute.googleapis.com/compute/v1/projects/kcc-recaptcha-enterprise/regions/us-west3/operations/operation-1786488127633-f031c861-1917-414f-8b20-3332f64b8f9a => 200
2026-08-11T22:42:25.9382279Z I0811 22:42:07.633909    4858 mockgcp_http.go:298] mockgcp request: POST https://compute.googleapis.com/compute/v1/projects/kcc-recaptcha-enterprise/regions/us-west4/subnetworks
2026-08-11T22:42:25.9384716Z I0811 22:42:07.634171    4858 operations.go:125] "storing operation" fqn="projects/kcc-recaptcha-enterprise/regions/us-west4/operations/operation-1786488127634-ad2a4489-fd78-4753-9134-1282dcb52a9f"
2026-08-11T22:42:25.9387157Z I0811 22:42:07.634337    4858 mockgcp_http.go:327] mockgcp response: POST https://compute.googleapis.com/compute/v1/projects/kcc-recaptcha-enterprise/regions/us-west4/subnetworks => 200
2026-08-11T22:42:25.9389728Z I0811 22:42:07.634394    4858 mockgcp_http.go:298] mockgcp request: GET https://compute.googleapis.com/compute/v1/projects/kcc-recaptcha-enterprise/regions/us-west4/operations/operation-1786488127634-ad2a4489-fd78-4753-9134-1282dcb52a9f
2026-08-11T22:42:25.9423000Z I0811 22:42:07.634635    4858 mockgcp_http.go:327] mockgcp response: GET https://compute.googleapis.com/compute/v1/projects/kcc-recaptcha-enterprise/regions/us-west4/operations/operation-1786488127634-ad2a4489-fd78-4753-9134-1282dcb52a9f => 200
2026-08-11T22:42:25.9426071Z I0811 22:42:07.634699    4858 mockgcp_http.go:298] mockgcp request: POST https://compute.googleapis.com/compute/v1/projects/kcc-recaptcha-enterprise/regions/asia-southeast2/subnetworks
2026-08-11T22:42:25.9428654Z I0811 22:42:07.635009    4858 operations.go:125] "storing operation" fqn="projects/kcc-recaptcha-enterprise/regions/asia-southeast2/operations/operation-1786488127634-0d554ce3-87f3-44b7-8485-840095a7c031"
2026-08-11T22:42:25.9431453Z I0811 22:42:07.635145    4858 mockgcp_http.go:327] mockgcp response: POST https://compute.googleapis.com/compute/v1/projects/kcc-recaptcha-enterprise/regions/asia-southeast2/subnetworks => 200
2026-08-11T22:42:25.9434602Z I0811 22:42:07.635194    4858 mockgcp_http.go:298] mockgcp request: GET https://compute.googleapis.com/compute/v1/projects/kcc-recaptcha-enterprise/regions/asia-southeast2/operations/operation-1786488127634-0d554ce3-87f3-44b7-8485-840095a7c031
2026-08-11T22:42:25.9437698Z I0811 22:42:07.635465    4858 mockgcp_http.go:327] mockgcp response: GET https://compute.googleapis.com/compute/v1/projects/kcc-recaptcha-enterprise/regions/asia-southeast2/operations/operation-1786488127634-0d554ce3-87f3-44b7-8485-840095a7c031 => 200
2026-08-11T22:42:25.9440544Z I0811 22:42:07.635528    4858 mockgcp_http.go:298] mockgcp request: POST https://compute.googleapis.com/compute/v1/projects/kcc-recaptcha-enterprise/regions/europe-central2/subnetworks
2026-08-11T22:42:25.9443157Z I0811 22:42:07.635814    4858 operations.go:125] "storing operation" fqn="projects/kcc-recaptcha-enterprise/regions/europe-central2/operations/operation-1786488127635-380a7e7b-94e1-4fcd-8aea-9d3d6d8ab42e"
2026-08-11T22:42:25.9445789Z I0811 22:42:07.635934    4858 mockgcp_http.go:327] mockgcp response: POST https://compute.googleapis.com/compute/v1/projects/kcc-recaptcha-enterprise/regions/europe-central2/subnetworks => 200
2026-08-11T22:42:25.9448478Z I0811 22:42:07.635983    4858 mockgcp_http.go:298] mockgcp request: GET https://compute.googleapis.com/compute/v1/projects/kcc-recaptcha-enterprise/regions/europe-central2/operations/operation-1786488127635-380a7e7b-94e1-4fcd-8aea-9d3d6d8ab42e
2026-08-11T22:42:25.9451831Z I0811 22:42:07.636237    4858 mockgcp_http.go:327] mockgcp response: GET https://compute.googleapis.com/compute/v1/projects/kcc-recaptcha-enterprise/regions/europe-central2/operations/operation-1786488127635-380a7e7b-94e1-4fcd-8aea-9d3d6d8ab42e => 200
2026-08-11T22:42:25.9456336Z I0811 22:42:07.636320    4858 mockgcp_http.go:298] mockgcp request: POST https://compute.googleapis.com/compute/v1/projects/kcc-recaptcha-enterprise/regions/northamerica-northeast2/subnetworks
2026-08-11T22:42:25.9458867Z I0811 22:42:07.636575    4858 operations.go:125] "storing operation" fqn="projects/kcc-recaptcha-enterprise/regions/northamerica-northeast2/operations/operation-1786488127636-6d5ea6ee-7bce-47b5-8e61-607bceda2a19"
2026-08-11T22:42:25.9461739Z I0811 22:42:07.636682    4858 mockgcp_http.go:327] mockgcp response: POST https://compute.googleapis.com/compute/v1/projects/kcc-recaptcha-enterprise/regions/northamerica-northeast2/subnetworks => 200
2026-08-11T22:42:25.9464977Z I0811 22:42:07.636741    4858 mockgcp_http.go:298] mockgcp request: GET https://compute.googleapis.com/compute/v1/projects/kcc-recaptcha-enterprise/regions/northamerica-northeast2/operations/operation-1786488127636-6d5ea6ee-7bce-47b5-8e61-607bceda2a19
2026-08-11T22:42:25.9468360Z I0811 22:42:07.637013    4858 mockgcp_http.go:327] mockgcp response: GET https://compute.googleapis.com/compute/v1/projects/kcc-recaptcha-enterprise/regions/northamerica-northeast2/operations/operation-1786488127636-6d5ea6ee-7bce-47b5-8e61-607bceda2a19 => 200
2026-08-11T22:42:25.9471176Z I0811 22:42:07.637076    4858 mockgcp_http.go:298] mockgcp request: POST https://compute.googleapis.com/compute/v1/projects/kcc-recaptcha-enterprise/regions/asia-south2/subnetworks
2026-08-11T22:42:25.9473396Z I0811 22:42:07.637362    4858 operations.go:125] "storing operation" fqn="projects/kcc-recaptcha-enterprise/regions/asia-south2/operations/operation-1786488127637-8f6db413-475b-464d-a061-be5b48deba35"
2026-08-11T22:42:25.9476217Z I0811 22:42:07.637466    4858 mockgcp_http.go:327] mockgcp response: POST https://compute.googleapis.com/compute/v1/projects/kcc-recaptcha-enterprise/regions/asia-south2/subnetworks => 200
2026-08-11T22:42:25.9478807Z I0811 22:42:07.637519    4858 mockgcp_http.go:298] mockgcp request: GET https://compute.googleapis.com/compute/v1/projects/kcc-recaptcha-enterprise/regions/asia-south2/operations/operation-1786488127637-8f6db413-475b-464d-a061-be5b48deba35
2026-08-11T22:42:25.9513922Z I0811 22:42:07.637774    4858 mockgcp_http.go:327] mockgcp response: GET https://compute.googleapis.com/compute/v1/projects/kcc-recaptcha-enterprise/regions/asia-south2/operations/operation-1786488127637-8f6db413-475b-464d-a061-be5b48deba35 => 200
2026-08-11T22:42:25.9527762Z I0811 22:42:07.637841    4858 mockgcp_http.go:298] mockgcp request: POST https://compute.googleapis.com/compute/v1/projects/kcc-recaptcha-enterprise/regions/australia-southeast2/subnetworks
2026-08-11T22:42:25.9530787Z I0811 22:42:07.638122    4858 operations.go:125] "storing operation" fqn="projects/kcc-recaptcha-enterprise/regions/australia-southeast2/operations/operation-1786488127638-9ffb1a62-211a-4f4a-a0fd-37e0f73ce57b"
2026-08-11T22:42:25.9533682Z I0811 22:42:07.638267    4858 mockgcp_http.go:327] mockgcp response: POST https://compute.googleapis.com/compute/v1/projects/kcc-recaptcha-enterprise/regions/australia-southeast2/subnetworks => 200
2026-08-11T22:42:25.9536417Z I0811 22:42:07.638320    4858 mockgcp_http.go:298] mockgcp request: GET https://compute.googleapis.com/compute/v1/projects/kcc-recaptcha-enterprise/regions/australia-southeast2/operations/operation-1786488127638-9ffb1a62-211a-4f4a-a0fd-37e0f73ce57b
2026-08-11T22:42:25.9546864Z I0811 22:42:07.638558    4858 mockgcp_http.go:327] mockgcp response: GET https://compute.googleapis.com/compute/v1/projects/kcc-recaptcha-enterprise/regions/australia-southeast2/operations/operation-1786488127638-9ffb1a62-211a-4f4a-a0fd-37e0f73ce57b => 200
2026-08-11T22:42:25.9553756Z I0811 22:42:07.638619    4858 mockgcp_http.go:298] mockgcp request: POST https://compute.googleapis.com/compute/v1/projects/kcc-recaptcha-enterprise/regions/southamerica-west1/subnetworks
2026-08-11T22:42:25.9556002Z I0811 22:42:07.638869    4858 operations.go:125] "storing operation" fqn="projects/kcc-recaptcha-enterprise/regions/southamerica-west1/operations/operation-1786488127638-e7737ec4-6d73-4685-b32e-b59ca2727231"
2026-08-11T22:42:25.9558334Z I0811 22:42:07.638991    4858 mockgcp_http.go:327] mockgcp response: POST https://compute.googleapis.com/compute/v1/projects/kcc-recaptcha-enterprise/regions/southamerica-west1/subnetworks => 200
2026-08-11T22:42:25.9561164Z I0811 22:42:07.639085    4858 mockgcp_http.go:298] mockgcp request: GET https://compute.googleapis.com/compute/v1/projects/kcc-recaptcha-enterprise/regions/southamerica-west1/operations/operation-1786488127638-e7737ec4-6d73-4685-b32e-b59ca2727231
2026-08-11T22:42:25.9564461Z I0811 22:42:07.639381    4858 mockgcp_http.go:327] mockgcp response: GET https://compute.googleapis.com/compute/v1/projects/kcc-recaptcha-enterprise/regions/southamerica-west1/operations/operation-1786488127638-e7737ec4-6d73-4685-b32e-b59ca2727231 => 200
2026-08-11T22:42:25.9566924Z I0811 22:42:07.639441    4858 mockgcp_http.go:298] mockgcp request: POST https://compute.googleapis.com/compute/v1/projects/kcc-recaptcha-enterprise/regions/europe-west8/subnetworks
2026-08-11T22:42:25.9569247Z I0811 22:42:07.639731    4858 operations.go:125] "storing operation" fqn="projects/kcc-recaptcha-enterprise/regions/europe-west8/operations/operation-1786488127639-f8d9a54c-d015-4183-a223-0b264be41710"
2026-08-11T22:42:25.9571529Z I0811 22:42:07.639847    4858 mockgcp_http.go:327] mockgcp response: POST https://compute.googleapis.com/compute/v1/projects/kcc-recaptcha-enterprise/regions/europe-west8/subnetworks => 200
2026-08-11T22:42:25.9574275Z I0811 22:42:07.639893    4858 mockgcp_http.go:298] mockgcp request: GET https://compute.googleapis.com/compute/v1/projects/kcc-recaptcha-enterprise/regions/europe-west8/operations/operation-1786488127639-f8d9a54c-d015-4183-a223-0b264be41710
2026-08-11T22:42:25.9577193Z I0811 22:42:07.640189    4858 mockgcp_http.go:327] mockgcp response: GET https://compute.googleapis.com/compute/v1/projects/kcc-recaptcha-enterprise/regions/europe-west8/operations/operation-1786488127639-f8d9a54c-d015-4183-a223-0b264be41710 => 200
2026-08-11T22:42:25.9579702Z I0811 22:42:07.640275    4858 mockgcp_http.go:298] mockgcp request: POST https://compute.googleapis.com/compute/v1/projects/kcc-recaptcha-enterprise/regions/europe-west9/subnetworks
2026-08-11T22:42:25.9581948Z I0811 22:42:07.640558    4858 operations.go:125] "storing operation" fqn="projects/kcc-recaptcha-enterprise/regions/europe-west9/operations/operation-1786488127640-8d58a450-f4e2-4b16-9b9e-7ecda7b538b5"
2026-08-11T22:42:25.9584469Z I0811 22:42:07.640701    4858 mockgcp_http.go:327] mockgcp response: POST https://compute.googleapis.com/compute/v1/projects/kcc-recaptcha-enterprise/regions/europe-west9/subnetworks => 200
2026-08-11T22:42:25.9587069Z I0811 22:42:07.640760    4858 mockgcp_http.go:298] mockgcp request: GET https://compute.googleapis.com/compute/v1/projects/kcc-recaptcha-enterprise/regions/europe-west9/operations/operation-1786488127640-8d58a450-f4e2-4b16-9b9e-7ecda7b538b5
2026-08-11T22:42:25.9589902Z I0811 22:42:07.640991    4858 mockgcp_http.go:327] mockgcp response: GET https://compute.googleapis.com/compute/v1/projects/kcc-recaptcha-enterprise/regions/europe-west9/operations/operation-1786488127640-8d58a450-f4e2-4b16-9b9e-7ecda7b538b5 => 200
2026-08-11T22:42:25.9592301Z I0811 22:42:07.641053    4858 mockgcp_http.go:298] mockgcp request: POST https://compute.googleapis.com/compute/v1/projects/kcc-recaptcha-enterprise/regions/us-east5/subnetworks
2026-08-11T22:42:25.9594670Z I0811 22:42:07.641340    4858 operations.go:125] "storing operation" fqn="projects/kcc-recaptcha-enterprise/regions/us-east5/operations/operation-1786488127641-8be6e580-4832-4107-961f-e43fc9c325c4"
2026-08-11T22:42:25.9597064Z I0811 22:42:07.641459    4858 mockgcp_http.go:327] mockgcp response: POST https://compute.googleapis.com/compute/v1/projects/kcc-recaptcha-enterprise/regions/us-east5/subnetworks => 200
2026-08-11T22:42:25.9599491Z I0811 22:42:07.641506    4858 mockgcp_http.go:298] mockgcp request: GET https://compute.googleapis.com/compute/v1/projects/kcc-recaptcha-enterprise/regions/us-east5/operations/operation-1786488127641-8be6e580-4832-4107-961f-e43fc9c325c4
2026-08-11T22:42:25.9602279Z I0811 22:42:07.641766    4858 mockgcp_http.go:327] mockgcp response: GET https://compute.googleapis.com/compute/v1/projects/kcc-recaptcha-enterprise/regions/us-east5/operations/operation-1786488127641-8be6e580-4832-4107-961f-e43fc9c325c4 => 200
2026-08-11T22:42:25.9604906Z I0811 22:42:07.641821    4858 mockgcp_http.go:298] mockgcp request: POST https://compute.googleapis.com/compute/v1/projects/kcc-recaptcha-enterprise/regions/europe-southwest1/subnetworks
2026-08-11T22:42:25.9606227Z I0811 22:42:07.642108    4858 operations.go:125] "storing operation" fqn="projects/kcc-recaptcha-enterprise/regions/europe-southwest1/operations/operation-1786488127642-8f506869-3952-4c5e-92cf-adf412300d53"
2026-08-11T22:42:25.9607674Z I0811 22:42:07.642225    4858 mockgcp_http.go:327] mockgcp response: POST https://compute.googleapis.com/compute/v1/projects/kcc-recaptcha-enterprise/regions/europe-southwest1/subnetworks => 200
2026-08-11T22:42:25.9609273Z I0811 22:42:07.642299    4858 mockgcp_http.go:298] mockgcp request: GET https://compute.googleapis.com/compute/v1/projects/kcc-recaptcha-enterprise/regions/europe-southwest1/operations/operation-1786488127642-8f506869-3952-4c5e-92cf-adf412300d53
2026-08-11T22:42:25.9610935Z I0811 22:42:07.642573    4858 mockgcp_http.go:327] mockgcp response: GET https://compute.googleapis.com/compute/v1/projects/kcc-recaptcha-enterprise/regions/europe-southwest1/operations/operation-1786488127642-8f506869-3952-4c5e-92cf-adf412300d53 => 200
2026-08-11T22:42:25.9612333Z I0811 22:42:07.642622    4858 mockgcp_http.go:298] mockgcp request: POST https://compute.googleapis.com/compute/v1/projects/kcc-recaptcha-enterprise/regions/us-south1/subnetworks
2026-08-11T22:42:25.9614301Z I0811 22:42:07.642899    4858 operations.go:125] "storing operation" fqn="projects/kcc-recaptcha-enterprise/regions/us-south1/operations/operation-1786488127642-aab3018e-8ff3-40f1-b213-b15b6e35fddc"
2026-08-11T22:42:25.9615667Z I0811 22:42:07.643010    4858 mockgcp_http.go:327] mockgcp response: POST https://compute.googleapis.com/compute/v1/projects/kcc-recaptcha-enterprise/regions/us-south1/subnetworks => 200
2026-08-11T22:42:25.9617044Z I0811 22:42:07.643067    4858 mockgcp_http.go:298] mockgcp request: GET https://compute.googleapis.com/compute/v1/projects/kcc-recaptcha-enterprise/regions/us-south1/operations/operation-1786488127642-aab3018e-8ff3-40f1-b213-b15b6e35fddc
2026-08-11T22:42:25.9619752Z I0811 22:42:07.643363    4858 mockgcp_http.go:327] mockgcp response: GET https://compute.googleapis.com/compute/v1/projects/kcc-recaptcha-enterprise/regions/us-south1/operations/operation-1786488127642-aab3018e-8ff3-40f1-b213-b15b6e35fddc => 200
2026-08-11T22:42:25.9621648Z I0811 22:42:07.643420    4858 mockgcp_http.go:298] mockgcp request: POST https://compute.googleapis.com/compute/v1/projects/kcc-recaptcha-enterprise/regions/me-west1/subnetworks
2026-08-11T22:42:25.9624325Z I0811 22:42:07.643687    4858 operations.go:125] "storing operation" fqn="projects/kcc-recaptcha-enterprise/regions/me-west1/operations/operation-1786488127643-c37cf516-b066-4040-87f8-8928ddefbd9d"
2026-08-11T22:42:25.9626588Z I0811 22:42:07.643800    4858 mockgcp_http.go:327] mockgcp response: POST https://compute.googleapis.com/compute/v1/projects/kcc-recaptcha-enterprise/regions/me-west1/subnetworks => 200
2026-08-11T22:42:25.9629068Z I0811 22:42:07.643849    4858 mockgcp_http.go:298] mockgcp request: GET https://compute.googleapis.com/compute/v1/projects/kcc-recaptcha-enterprise/regions/me-west1/operations/operation-1786488127643-c37cf516-b066-4040-87f8-8928ddefbd9d
2026-08-11T22:42:25.9632309Z I0811 22:42:07.644119    4858 mockgcp_http.go:327] mockgcp response: GET https://compute.googleapis.com/compute/v1/projects/kcc-recaptcha-enterprise/regions/me-west1/operations/operation-1786488127643-c37cf516-b066-4040-87f8-8928ddefbd9d => 200
2026-08-11T22:42:25.9635076Z I0811 22:42:07.644178    4858 mockgcp_http.go:298] mockgcp request: POST https://compute.googleapis.com/compute/v1/projects/kcc-recaptcha-enterprise/regions/europe-west12/subnetworks
2026-08-11T22:42:25.9637369Z I0811 22:42:07.644495    4858 operations.go:125] "storing operation" fqn="projects/kcc-recaptcha-enterprise/regions/europe-west12/operations/operation-1786488127644-8f001d4d-7027-4d7f-805c-18827362e292"
2026-08-11T22:42:25.9640031Z I0811 22:42:07.644606    4858 mockgcp_http.go:327] mockgcp response: POST https://compute.googleapis.com/compute/v1/projects/kcc-recaptcha-enterprise/regions/europe-west12/subnetworks => 200
2026-08-11T22:42:25.9642759Z I0811 22:42:07.644651    4858 mockgcp_http.go:298] mockgcp request: GET https://compute.googleapis.com/compute/v1/projects/kcc-recaptcha-enterprise/regions/europe-west12/operations/operation-1786488127644-8f001d4d-7027-4d7f-805c-18827362e292
2026-08-11T22:42:25.9645118Z I0811 22:42:07.644892    4858 mockgcp_http.go:327] mockgcp response: GET https://compute.googleapis.com/compute/v1/projects/kcc-recaptcha-enterprise/regions/europe-west12/operations/operation-1786488127644-8f001d4d-7027-4d7f-805c-18827362e292 => 200
2026-08-11T22:42:25.9647152Z I0811 22:42:07.644962    4858 mockgcp_http.go:298] mockgcp request: POST https://compute.googleapis.com/compute/v1/projects/kcc-recaptcha-enterprise/regions/me-central1/subnetworks
2026-08-11T22:42:25.9648845Z I0811 22:42:07.645222    4858 operations.go:125] "storing operation" fqn="projects/kcc-recaptcha-enterprise/regions/me-central1/operations/operation-1786488127645-db21c8db-fea8-43e9-abb1-205ef7aa0e9e"
2026-08-11T22:42:25.9650793Z I0811 22:42:07.645368    4858 mockgcp_http.go:327] mockgcp response: POST https://compute.googleapis.com/compute/v1/projects/kcc-recaptcha-enterprise/regions/me-central1/subnetworks => 200
2026-08-11T22:42:25.9653463Z I0811 22:42:07.645418    4858 mockgcp_http.go:298] mockgcp request: GET https://compute.googleapis.com/compute/v1/projects/kcc-recaptcha-enterprise/regions/me-central1/operations/operation-1786488127645-db21c8db-fea8-43e9-abb1-205ef7aa0e9e
2026-08-11T22:42:25.9656436Z I0811 22:42:07.645642    4858 mockgcp_http.go:327] mockgcp response: GET https://compute.googleapis.com/compute/v1/projects/kcc-recaptcha-enterprise/regions/me-central1/operations/operation-1786488127645-db21c8db-fea8-43e9-abb1-205ef7aa0e9e => 200
2026-08-11T22:42:25.9658538Z I0811 22:42:07.645702    4858 mockgcp_http.go:298] mockgcp request: POST https://compute.googleapis.com/compute/v1/projects/kcc-recaptcha-enterprise/regions/europe-west10/subnetworks
2026-08-11T22:42:25.9660014Z I0811 22:42:07.645948    4858 operations.go:125] "storing operation" fqn="projects/kcc-recaptcha-enterprise/regions/europe-west10/operations/operation-1786488127645-4e24b85c-42d4-4a96-9b15-535702a78541"
2026-08-11T22:42:25.9662187Z I0811 22:42:07.646067    4858 mockgcp_http.go:327] mockgcp response: POST https://compute.googleapis.com/compute/v1/projects/kcc-recaptcha-enterprise/regions/europe-west10/subnetworks => 200
2026-08-11T22:42:25.9664389Z I0811 22:42:07.646117    4858 mockgcp_http.go:298] mockgcp request: GET https://compute.googleapis.com/compute/v1/projects/kcc-recaptcha-enterprise/regions/europe-west10/operations/operation-1786488127645-4e24b85c-42d4-4a96-9b15-535702a78541
2026-08-11T22:42:25.9666759Z I0811 22:42:07.646412    4858 mockgcp_http.go:327] mockgcp response: GET https://compute.googleapis.com/compute/v1/projects/kcc-recaptcha-enterprise/regions/europe-west10/operations/operation-1786488127645-4e24b85c-42d4-4a96-9b15-535702a78541 => 200
2026-08-11T22:42:25.9669372Z I0811 22:42:07.646474    4858 mockgcp_http.go:298] mockgcp request: POST https://compute.googleapis.com/compute/v1/projects/kcc-recaptcha-enterprise/regions/africa-south1/subnetworks
2026-08-11T22:42:25.9671522Z I0811 22:42:07.646729    4858 operations.go:125] "storing operation" fqn="projects/kcc-recaptcha-enterprise/regions/africa-south1/operations/operation-1786488127646-73bba6f8-e2cd-4a8c-9390-29ce8eda713a"
2026-08-11T22:42:25.9673194Z I0811 22:42:07.646828    4858 mockgcp_http.go:327] mockgcp response: POST https://compute.googleapis.com/compute/v1/projects/kcc-recaptcha-enterprise/regions/africa-south1/subnetworks => 200
2026-08-11T22:42:25.9675569Z I0811 22:42:07.646878    4858 mockgcp_http.go:298] mockgcp request: GET https://compute.googleapis.com/compute/v1/projects/kcc-recaptcha-enterprise/regions/africa-south1/operations/operation-1786488127646-73bba6f8-e2cd-4a8c-9390-29ce8eda713a
2026-08-11T22:42:25.9678745Z I0811 22:42:07.647126    4858 mockgcp_http.go:327] mockgcp response: GET https://compute.googleapis.com/compute/v1/projects/kcc-recaptcha-enterprise/regions/africa-south1/operations/operation-1786488127646-73bba6f8-e2cd-4a8c-9390-29ce8eda713a => 200
2026-08-11T22:42:25.9681456Z I0811 22:42:07.647187    4858 mockgcp_http.go:298] mockgcp request: POST https://compute.googleapis.com/compute/v1/projects/kcc-recaptcha-enterprise/regions/northamerica-south1/subnetworks
2026-08-11T22:42:25.9683604Z I0811 22:42:07.647439    4858 operations.go:125] "storing operation" fqn="projects/kcc-recaptcha-enterprise/regions/northamerica-south1/operations/operation-1786488127647-00f04ab5-4cc9-49e8-9767-a7fbcb95fd61"
2026-08-11T22:42:25.9685708Z I0811 22:42:07.647547    4858 mockgcp_http.go:327] mockgcp response: POST https://compute.googleapis.com/compute/v1/projects/kcc-recaptcha-enterprise/regions/northamerica-south1/subnetworks => 200
2026-08-11T22:42:25.9687889Z I0811 22:42:07.647600    4858 mockgcp_http.go:298] mockgcp request: GET https://compute.googleapis.com/compute/v1/projects/kcc-recaptcha-enterprise/regions/northamerica-south1/operations/operation-1786488127647-00f04ab5-4cc9-49e8-9767-a7fbcb95fd61
2026-08-11T22:42:25.9689976Z I0811 22:42:07.647848    4858 mockgcp_http.go:327] mockgcp response: GET https://compute.googleapis.com/compute/v1/projects/kcc-recaptcha-enterprise/regions/northamerica-south1/operations/operation-1786488127647-00f04ab5-4cc9-49e8-9767-a7fbcb95fd61 => 200
2026-08-11T22:42:25.9691685Z I0811 22:42:07.647909    4858 mockgcp_http.go:298] mockgcp request: POST https://compute.googleapis.com/compute/v1/projects/kcc-recaptcha-enterprise/regions/europe-north2/subnetworks
2026-08-11T22:42:25.9693236Z I0811 22:42:07.648184    4858 operations.go:125] "storing operation" fqn="projects/kcc-recaptcha-enterprise/regions/europe-north2/operations/operation-1786488127648-63afacfb-7570-4ccb-9299-524383f6a183"
2026-08-11T22:42:25.9694520Z I0811 22:42:07.648323    4858 mockgcp_http.go:327] mockgcp response: POST https://compute.googleapis.com/compute/v1/projects/kcc-recaptcha-enterprise/regions/europe-north2/subnetworks => 200
2026-08-11T22:42:25.9696194Z I0811 22:42:07.648364    4858 mockgcp_http.go:298] mockgcp request: GET https://compute.googleapis.com/compute/v1/projects/kcc-recaptcha-enterprise/regions/europe-north2/operations/operation-1786488127648-63afacfb-7570-4ccb-9299-524383f6a183
2026-08-11T22:42:25.9698793Z I0811 22:42:07.648628    4858 mockgcp_http.go:327] mockgcp response: GET https://compute.googleapis.com/compute/v1/projects/kcc-recaptcha-enterprise/regions/europe-north2/operations/operation-1786488127648-63afacfb-7570-4ccb-9299-524383f6a183 => 200
2026-08-11T22:42:25.9701055Z I0811 22:42:07.648716    4858 mockgcp_http.go:298] mockgcp request: POST https://compute.googleapis.com/compute/v1/projects/kcc-recaptcha-enterprise/global/routes
2026-08-11T22:42:25.9702746Z I0811 22:42:07.649047    4858 operations.go:125] "storing operation" fqn="projects/kcc-recaptcha-enterprise/global/operations/operation-1786488127649-6c2c3159-c0ce-4dcf-8a97-c6c04d95abe9"
2026-08-11T22:42:25.9703944Z I0811 22:42:07.649152    4858 mockgcp_http.go:327] mockgcp response: POST https://compute.googleapis.com/compute/v1/projects/kcc-recaptcha-enterprise/global/routes => 200
2026-08-11T22:42:25.9705463Z I0811 22:42:07.649203    4858 mockgcp_http.go:298] mockgcp request: GET https://compute.googleapis.com/compute/v1/projects/kcc-recaptcha-enterprise/global/operations/operation-1786488127649-6c2c3159-c0ce-4dcf-8a97-c6c04d95abe9
2026-08-11T22:42:25.9707747Z I0811 22:42:07.649489    4858 mockgcp_http.go:327] mockgcp response: GET https://compute.googleapis.com/compute/v1/projects/kcc-recaptcha-enterprise/global/operations/operation-1786488127649-6c2c3159-c0ce-4dcf-8a97-c6c04d95abe9 => 200
2026-08-11T22:42:25.9709165Z I0811 22:42:07.649547    4858 mockgcp_http.go:298] mockgcp request: GET https://compute.googleapis.com/compute/v1/projects/kcc-recaptcha-enterprise/aggregated/subnetworks
2026-08-11T22:42:25.9710791Z I0811 22:42:07.651265    4858 mockgcp_http.go:327] mockgcp response: GET https://compute.googleapis.com/compute/v1/projects/kcc-recaptcha-enterprise/aggregated/subnetworks => 200
2026-08-11T22:42:25.9712066Z I0811 22:42:07.652518    4858 mockgcp_http.go:298] mockgcp request: POST https://compute.googleapis.com/compute/v1/projects/kcc-recaptcha-enterprise/global/routes
2026-08-11T22:42:25.9714020Z I0811 22:42:07.652911    4858 operations.go:125] "storing operation" fqn="projects/kcc-recaptcha-enterprise/global/operations/operation-1786488127652-aa188766-bdb8-4a45-be82-47f1e7eab805"
2026-08-11T22:42:25.9714750Z I0811 22:42:07.653034    4858 mockgcp_http.go:327] mockgcp response: POST https://compute.googleapis.com/compute/v1/projects/kcc-recaptcha-enterprise/global/routes => 200
2026-08-11T22:42:25.9715942Z I0811 22:42:07.653091    4858 mockgcp_http.go:298] mockgcp request: GET https://compute.googleapis.com/compute/v1/projects/kcc-recaptcha-enterprise/global/operations/operation-1786488127652-aa188766-bdb8-4a45-be82-47f1e7eab805
2026-08-11T22:42:25.9717010Z I0811 22:42:07.653375    4858 mockgcp_http.go:327] mockgcp response: GET https://compute.googleapis.com/compute/v1/projects/kcc-recaptcha-enterprise/global/operations/operation-1786488127652-aa188766-bdb8-4a45-be82-47f1e7eab805 => 200
2026-08-11T22:42:25.9717525Z I0811 22:42:07.653438    4858 mockgcp_http.go:298] mockgcp request: POST https://compute.googleapis.com/compute/v1/projects/kcc-recaptcha-enterprise/global/routes
2026-08-11T22:42:25.9718482Z I0811 22:42:07.653737    4858 operations.go:125] "storing operation" fqn="projects/kcc-recaptcha-enterprise/global/operations/operation-1786488127653-d95343eb-8534-474d-90e4-2459a41f5225"
2026-08-11T22:42:25.9719052Z I0811 22:42:07.653859    4858 mockgcp_http.go:327] mockgcp response: POST https://compute.googleapis.com/compute/v1/projects/kcc-recaptcha-enterprise/global/routes => 200
2026-08-11T22:42:25.9719785Z I0811 22:42:07.653911    4858 mockgcp_http.go:298] mockgcp request: GET https://compute.googleapis.com/compute/v1/projects/kcc-recaptcha-enterprise/global/operations/operation-1786488127653-d95343eb-8534-474d-90e4-2459a41f5225
2026-08-11T22:42:25.9720714Z I0811 22:42:07.654150    4858 mockgcp_http.go:327] mockgcp response: GET https://compute.googleapis.com/compute/v1/projects/kcc-recaptcha-enterprise/global/operations/operation-1786488127653-d95343eb-8534-474d-90e4-2459a41f5225 => 200
2026-08-11T22:42:25.9721216Z I0811 22:42:07.654214    4858 mockgcp_http.go:298] mockgcp request: POST https://compute.googleapis.com/compute/v1/projects/kcc-recaptcha-enterprise/global/routes
2026-08-11T22:42:25.9722028Z I0811 22:42:07.654524    4858 operations.go:125] "storing operation" fqn="projects/kcc-recaptcha-enterprise/global/operations/operation-1786488127654-c3f01135-57d9-46b7-8c8d-627710eb1c69"
2026-08-11T22:42:25.9723085Z I0811 22:42:07.654630    4858 mockgcp_http.go:327] mockgcp response: POST https://compute.googleapis.com/compute/v1/projects/kcc-recaptcha-enterprise/global/routes => 200
2026-08-11T22:42:25.9724207Z I0811 22:42:07.654679    4858 mockgcp_http.go:298] mockgcp request: GET https://compute.googleapis.com/compute/v1/projects/kcc-recaptcha-enterprise/global/operations/operation-1786488127654-c3f01135-57d9-46b7-8c8d-627710eb1c69
2026-08-11T22:42:25.9725557Z I0811 22:42:07.654935    4858 mockgcp_http.go:327] mockgcp response: GET https://compute.googleapis.com/compute/v1/projects/kcc-recaptcha-enterprise/global/operations/operation-1786488127654-c3f01135-57d9-46b7-8c8d-627710eb1c69 => 200
2026-08-11T22:42:25.9726409Z I0811 22:42:07.654996    4858 mockgcp_http.go:298] mockgcp request: POST https://compute.googleapis.com/compute/v1/projects/kcc-recaptcha-enterprise/global/routes
2026-08-11T22:42:25.9727346Z I0811 22:42:07.655279    4858 operations.go:125] "storing operation" fqn="projects/kcc-recaptcha-enterprise/global/operations/operation-1786488127655-51bb18e9-26eb-43ea-8430-0f825ca64f5a"
2026-08-11T22:42:25.9728267Z I0811 22:42:07.655402    4858 mockgcp_http.go:327] mockgcp response: POST https://compute.googleapis.com/compute/v1/projects/kcc-recaptcha-enterprise/global/routes => 200
2026-08-11T22:42:25.9729791Z I0811 22:42:07.655457    4858 mockgcp_http.go:298] mockgcp request: GET https://compute.googleapis.com/compute/v1/projects/kcc-recaptcha-enterprise/global/operations/operation-1786488127655-51bb18e9-26eb-43ea-8430-0f825ca64f5a
2026-08-11T22:42:25.9731212Z I0811 22:42:07.655714    4858 mockgcp_http.go:327] mockgcp response: GET https://compute.googleapis.com/compute/v1/projects/kcc-recaptcha-enterprise/global/operations/operation-1786488127655-51bb18e9-26eb-43ea-8430-0f825ca64f5a => 200
2026-08-11T22:42:25.9732102Z I0811 22:42:07.655768    4858 mockgcp_http.go:298] mockgcp request: POST https://compute.googleapis.com/compute/v1/projects/kcc-recaptcha-enterprise/global/routes
2026-08-11T22:42:25.9734014Z I0811 22:42:07.656094    4858 operations.go:125] "storing operation" fqn="projects/kcc-recaptcha-enterprise/global/operations/operation-1786488127656-da0b0a96-b414-44f8-ac7d-7e1ad1d3d574"
2026-08-11T22:42:25.9735000Z I0811 22:42:07.656232    4858 mockgcp_http.go:327] mockgcp response: POST https://compute.googleapis.com/compute/v1/projects/kcc-recaptcha-enterprise/global/routes => 200
2026-08-11T22:42:25.9736339Z I0811 22:42:07.656291    4858 mockgcp_http.go:298] mockgcp request: GET https://compute.googleapis.com/compute/v1/projects/kcc-recaptcha-enterprise/global/operations/operation-1786488127656-da0b0a96-b414-44f8-ac7d-7e1ad1d3d574
2026-08-11T22:42:25.9737587Z I0811 22:42:07.656540    4858 mockgcp_http.go:327] mockgcp response: GET https://compute.googleapis.com/compute/v1/projects/kcc-recaptcha-enterprise/global/operations/operation-1786488127656-da0b0a96-b414-44f8-ac7d-7e1ad1d3d574 => 200
2026-08-11T22:42:25.9738613Z I0811 22:42:07.656596    4858 mockgcp_http.go:298] mockgcp request: POST https://compute.googleapis.com/compute/v1/projects/kcc-recaptcha-enterprise/global/routes
2026-08-11T22:42:25.9739656Z I0811 22:42:07.656857    4858 operations.go:125] "storing operation" fqn="projects/kcc-recaptcha-enterprise/global/operations/operation-1786488127656-a332df6a-7f12-4ef4-a72b-93b647703db9"
2026-08-11T22:42:25.9740488Z I0811 22:42:07.656953    4858 mockgcp_http.go:327] mockgcp response: POST https://compute.googleapis.com/compute/v1/projects/kcc-recaptcha-enterprise/global/routes => 200
2026-08-11T22:42:25.9741314Z I0811 22:42:07.657004    4858 mockgcp_http.go:298] mockgcp request: GET https://compute.googleapis.com/compute/v1/projects/kcc-recaptcha-enterprise/global/operations/operation-1786488127656-a332df6a-7f12-4ef4-a72b-93b647703db9
2026-08-11T22:42:25.9742819Z I0811 22:42:07.657279    4858 mockgcp_http.go:327] mockgcp response: GET https://compute.googleapis.com/compute/v1/projects/kcc-recaptcha-enterprise/global/operations/operation-1786488127656-a332df6a-7f12-4ef4-a72b-93b647703db9 => 200
2026-08-11T22:42:25.9743691Z I0811 22:42:07.657341    4858 mockgcp_http.go:298] mockgcp request: POST https://compute.googleapis.com/compute/v1/projects/kcc-recaptcha-enterprise/global/routes
2026-08-11T22:42:25.9745002Z I0811 22:42:07.657682    4858 operations.go:125] "storing operation" fqn="projects/kcc-recaptcha-enterprise/global/operations/operation-1786488127657-3b17d7f8-25ed-492c-bc16-1e6fdcfedad9"
2026-08-11T22:42:25.9745901Z I0811 22:42:07.657810    4858 mockgcp_http.go:327] mockgcp response: POST https://compute.googleapis.com/compute/v1/projects/kcc-recaptcha-enterprise/global/routes => 200
2026-08-11T22:42:25.9747494Z I0811 22:42:07.657854    4858 mockgcp_http.go:298] mockgcp request: GET https://compute.googleapis.com/compute/v1/projects/kcc-recaptcha-enterprise/global/operations/operation-1786488127657-3b17d7f8-25ed-492c-bc16-1e6fdcfedad9
2026-08-11T22:42:25.9748859Z I0811 22:42:07.658112    4858 mockgcp_http.go:327] mockgcp response: GET https://compute.googleapis.com/compute/v1/projects/kcc-recaptcha-enterprise/global/operations/operation-1786488127657-3b17d7f8-25ed-492c-bc16-1e6fdcfedad9 => 200
2026-08-11T22:42:25.9750496Z I0811 22:42:07.658172    4858 mockgcp_http.go:298] mockgcp request: POST https://compute.googleapis.com/compute/v1/projects/kcc-recaptcha-enterprise/global/routes
2026-08-11T22:42:25.9751734Z I0811 22:42:07.658467    4858 operations.go:125] "storing operation" fqn="projects/kcc-recaptcha-enterprise/global/operations/operation-1786488127658-bf3c0b74-153a-4b73-9928-f43278a7cfbf"
2026-08-11T22:42:25.9752853Z I0811 22:42:07.658561    4858 mockgcp_http.go:327] mockgcp response: POST https://compute.googleapis.com/compute/v1/projects/kcc-recaptcha-enterprise/global/routes => 200
2026-08-11T22:42:25.9754210Z I0811 22:42:07.658610    4858 mockgcp_http.go:298] mockgcp request: GET https://compute.googleapis.com/compute/v1/projects/kcc-recaptcha-enterprise/global/operations/operation-1786488127658-bf3c0b74-153a-4b73-9928-f43278a7cfbf
2026-08-11T22:42:25.9755557Z I0811 22:42:07.658868    4858 mockgcp_http.go:327] mockgcp response: GET https://compute.googleapis.com/compute/v1/projects/kcc-recaptcha-enterprise/global/operations/operation-1786488127658-bf3c0b74-153a-4b73-9928-f43278a7cfbf => 200
2026-08-11T22:42:25.9756473Z I0811 22:42:07.658932    4858 mockgcp_http.go:298] mockgcp request: POST https://compute.googleapis.com/compute/v1/projects/kcc-recaptcha-enterprise/global/routes
2026-08-11T22:42:25.9757495Z I0811 22:42:07.659256    4858 operations.go:125] "storing operation" fqn="projects/kcc-recaptcha-enterprise/global/operations/operation-1786488127659-2578c443-74f9-4c09-8cbd-a9ea101f6150"
2026-08-11T22:42:25.9758327Z I0811 22:42:07.659385    4858 mockgcp_http.go:327] mockgcp response: POST https://compute.googleapis.com/compute/v1/projects/kcc-recaptcha-enterprise/global/routes => 200
2026-08-11T22:42:25.9759343Z I0811 22:42:07.659431    4858 mockgcp_http.go:298] mockgcp request: GET https://compute.googleapis.com/compute/v1/projects/kcc-recaptcha-enterprise/global/operations/operation-1786488127659-2578c443-74f9-4c09-8cbd-a9ea101f6150
2026-08-11T22:42:25.9760289Z I0811 22:42:07.659680    4858 mockgcp_http.go:327] mockgcp response: GET https://compute.googleapis.com/compute/v1/projects/kcc-recaptcha-enterprise/global/operations/operation-1786488127659-2578c443-74f9-4c09-8cbd-a9ea101f6150 => 200
2026-08-11T22:42:25.9761171Z I0811 22:42:07.659745    4858 mockgcp_http.go:298] mockgcp request: POST https://compute.googleapis.com/compute/v1/projects/kcc-recaptcha-enterprise/global/routes
2026-08-11T22:42:25.9762200Z I0811 22:42:07.660018    4858 operations.go:125] "storing operation" fqn="projects/kcc-recaptcha-enterprise/global/operations/operation-1786488127660-2d8e6246-6508-493a-97b9-df1292d312b0"
2026-08-11T22:42:25.9763303Z I0811 22:42:07.660124    4858 mockgcp_http.go:327] mockgcp response: POST https://compute.googleapis.com/compute/v1/projects/kcc-recaptcha-enterprise/global/routes => 200
2026-08-11T22:42:25.9764617Z I0811 22:42:07.660228    4858 mockgcp_http.go:298] mockgcp request: GET https://compute.googleapis.com/compute/v1/projects/kcc-recaptcha-enterprise/global/operations/operation-1786488127660-2d8e6246-6508-493a-97b9-df1292d312b0
2026-08-11T22:42:25.9765960Z I0811 22:42:07.660503    4858 mockgcp_http.go:327] mockgcp response: GET https://compute.googleapis.com/compute/v1/projects/kcc-recaptcha-enterprise/global/operations/operation-1786488127660-2d8e6246-6508-493a-97b9-df1292d312b0 => 200
2026-08-11T22:42:25.9766759Z I0811 22:42:07.660565    4858 mockgcp_http.go:298] mockgcp request: POST https://compute.googleapis.com/compute/v1/projects/kcc-recaptcha-enterprise/global/routes
2026-08-11T22:42:25.9767824Z I0811 22:42:07.660846    4858 operations.go:125] "storing operation" fqn="projects/kcc-recaptcha-enterprise/global/operations/operation-1786488127660-e63ab32c-a7fe-446e-bea1-3d19c34d1c0f"
2026-08-11T22:42:25.9768417Z I0811 22:42:07.660975    4858 mockgcp_http.go:327] mockgcp response: POST https://compute.googleapis.com/compute/v1/projects/kcc-recaptcha-enterprise/global/routes => 200
2026-08-11T22:42:25.9769760Z I0811 22:42:07.661024    4858 mockgcp_http.go:298] mockgcp request: GET https://compute.googleapis.com/compute/v1/projects/kcc-recaptcha-enterprise/global/operations/operation-1786488127660-e63ab32c-a7fe-446e-bea1-3d19c34d1c0f
2026-08-11T22:42:25.9771825Z I0811 22:42:07.661295    4858 mockgcp_http.go:327] mockgcp response: GET https://compute.googleapis.com/compute/v1/projects/kcc-recaptcha-enterprise/global/operations/operation-1786488127660-e63ab32c-a7fe-446e-bea1-3d19c34d1c0f => 200
2026-08-11T22:42:25.9772992Z I0811 22:42:07.661374    4858 mockgcp_http.go:298] mockgcp request: POST https://compute.googleapis.com/compute/v1/projects/kcc-recaptcha-enterprise/global/routes
2026-08-11T22:42:25.9774028Z I0811 22:42:07.661652    4858 operations.go:125] "storing operation" fqn="projects/kcc-recaptcha-enterprise/global/operations/operation-1786488127661-3e684079-5e6e-4ff6-91d9-6f19cfeedf5a"
2026-08-11T22:42:25.9774952Z I0811 22:42:07.661762    4858 mockgcp_http.go:327] mockgcp response: POST https://compute.googleapis.com/compute/v1/projects/kcc-recaptcha-enterprise/global/routes => 200
2026-08-11T22:42:25.9776231Z I0811 22:42:07.661809    4858 mockgcp_http.go:298] mockgcp request: GET https://compute.googleapis.com/compute/v1/projects/kcc-recaptcha-enterprise/global/operations/operation-1786488127661-3e684079-5e6e-4ff6-91d9-6f19cfeedf5a
2026-08-11T22:42:25.9777626Z I0811 22:42:07.662124    4858 mockgcp_http.go:327] mockgcp response: GET https://compute.googleapis.com/compute/v1/projects/kcc-recaptcha-enterprise/global/operations/operation-1786488127661-3e684079-5e6e-4ff6-91d9-6f19cfeedf5a => 200
2026-08-11T22:42:25.9778522Z I0811 22:42:07.662186    4858 mockgcp_http.go:298] mockgcp request: POST https://compute.googleapis.com/compute/v1/projects/kcc-recaptcha-enterprise/global/routes
2026-08-11T22:42:25.9779582Z I0811 22:42:07.662499    4858 operations.go:125] "storing operation" fqn="projects/kcc-recaptcha-enterprise/global/operations/operation-1786488127662-8136538b-1c3c-4473-b4a7-9db60fa12396"
2026-08-11T22:42:25.9780507Z I0811 22:42:07.662618    4858 mockgcp_http.go:327] mockgcp response: POST https://compute.googleapis.com/compute/v1/projects/kcc-recaptcha-enterprise/global/routes => 200
2026-08-11T22:42:25.9781818Z I0811 22:42:07.662667    4858 mockgcp_http.go:298] mockgcp request: GET https://compute.googleapis.com/compute/v1/projects/kcc-recaptcha-enterprise/global/operations/operation-1786488127662-8136538b-1c3c-4473-b4a7-9db60fa12396
2026-08-11T22:42:25.9783325Z I0811 22:42:07.662922    4858 mockgcp_http.go:327] mockgcp response: GET https://compute.googleapis.com/compute/v1/projects/kcc-recaptcha-enterprise/global/operations/operation-1786488127662-8136538b-1c3c-4473-b4a7-9db60fa12396 => 200
2026-08-11T22:42:25.9784209Z I0811 22:42:07.662984    4858 mockgcp_http.go:298] mockgcp request: POST https://compute.googleapis.com/compute/v1/projects/kcc-recaptcha-enterprise/global/routes
2026-08-11T22:42:25.9785300Z I0811 22:42:07.663296    4858 operations.go:125] "storing operation" fqn="projects/kcc-recaptcha-enterprise/global/operations/operation-1786488127663-41368504-d788-4139-bca1-cf054862ac8b"
2026-08-11T22:42:25.9786237Z I0811 22:42:07.663463    4858 mockgcp_http.go:327] mockgcp response: POST https://compute.googleapis.com/compute/v1/projects/kcc-recaptcha-enterprise/global/routes => 200
2026-08-11T22:42:25.9787556Z I0811 22:42:07.663521    4858 mockgcp_http.go:298] mockgcp request: GET https://compute.googleapis.com/compute/v1/projects/kcc-recaptcha-enterprise/global/operations/operation-1786488127663-41368504-d788-4139-bca1-cf054862ac8b
2026-08-11T22:42:25.9789253Z I0811 22:42:07.663750    4858 mockgcp_http.go:327] mockgcp response: GET https://compute.googleapis.com/compute/v1/projects/kcc-recaptcha-enterprise/global/operations/operation-1786488127663-41368504-d788-4139-bca1-cf054862ac8b => 200
2026-08-11T22:42:25.9790120Z I0811 22:42:07.663805    4858 mockgcp_http.go:298] mockgcp request: POST https://compute.googleapis.com/compute/v1/projects/kcc-recaptcha-enterprise/global/routes
2026-08-11T22:42:25.9791079Z I0811 22:42:07.664099    4858 operations.go:125] "storing operation" fqn="projects/kcc-recaptcha-enterprise/global/operations/operation-1786488127664-15a683ff-fbb3-4258-9990-205c1461775b"
2026-08-11T22:42:25.9792197Z I0811 22:42:07.664231    4858 mockgcp_http.go:327] mockgcp response: POST https://compute.googleapis.com/compute/v1/projects/kcc-recaptcha-enterprise/global/routes => 200
2026-08-11T22:42:25.9793676Z I0811 22:42:07.664292    4858 mockgcp_http.go:298] mockgcp request: GET https://compute.googleapis.com/compute/v1/projects/kcc-recaptcha-enterprise/global/operations/operation-1786488127664-15a683ff-fbb3-4258-9990-205c1461775b
2026-08-11T22:42:25.9794933Z I0811 22:42:07.664533    4858 mockgcp_http.go:327] mockgcp response: GET https://compute.googleapis.com/compute/v1/projects/kcc-recaptcha-enterprise/global/operations/operation-1786488127664-15a683ff-fbb3-4258-9990-205c1461775b => 200
2026-08-11T22:42:25.9795717Z I0811 22:42:07.664591    4858 mockgcp_http.go:298] mockgcp request: POST https://compute.googleapis.com/compute/v1/projects/kcc-recaptcha-enterprise/global/routes
2026-08-11T22:42:25.9796645Z I0811 22:42:07.664877    4858 operations.go:125] "storing operation" fqn="projects/kcc-recaptcha-enterprise/global/operations/operation-1786488127664-a5cd9ae7-db1b-4c2a-aeb5-bc50d1c60925"
2026-08-11T22:42:25.9797566Z I0811 22:42:07.664982    4858 mockgcp_http.go:327] mockgcp response: POST https://compute.googleapis.com/compute/v1/projects/kcc-recaptcha-enterprise/global/routes => 200
2026-08-11T22:42:25.9798901Z I0811 22:42:07.665036    4858 mockgcp_http.go:298] mockgcp request: GET https://compute.googleapis.com/compute/v1/projects/kcc-recaptcha-enterprise/global/operations/operation-1786488127664-a5cd9ae7-db1b-4c2a-aeb5-bc50d1c60925
2026-08-11T22:42:25.9800275Z I0811 22:42:07.665332    4858 mockgcp_http.go:327] mockgcp response: GET https://compute.googleapis.com/compute/v1/projects/kcc-recaptcha-enterprise/global/operations/operation-1786488127664-a5cd9ae7-db1b-4c2a-aeb5-bc50d1c60925 => 200
2026-08-11T22:42:25.9801159Z I0811 22:42:07.665392    4858 mockgcp_http.go:298] mockgcp request: POST https://compute.googleapis.com/compute/v1/projects/kcc-recaptcha-enterprise/global/routes
2026-08-11T22:42:25.9801958Z I0811 22:42:07.665656    4858 operations.go:125] "storing operation" fqn="projects/kcc-recaptcha-enterprise/global/operations/operation-1786488127665-cd7ba0a0-cea6-4a0b-adf7-505d7e9945cb"
2026-08-11T22:42:25.9802966Z I0811 22:42:07.665764    4858 mockgcp_http.go:327] mockgcp response: POST https://compute.googleapis.com/compute/v1/projects/kcc-recaptcha-enterprise/global/routes => 200
2026-08-11T22:42:25.9804105Z I0811 22:42:07.665812    4858 mockgcp_http.go:298] mockgcp request: GET https://compute.googleapis.com/compute/v1/projects/kcc-recaptcha-enterprise/global/operations/operation-1786488127665-cd7ba0a0-cea6-4a0b-adf7-505d7e9945cb
2026-08-11T22:42:25.9805455Z I0811 22:42:07.666068    4858 mockgcp_http.go:327] mockgcp response: GET https://compute.googleapis.com/compute/v1/projects/kcc-recaptcha-enterprise/global/operations/operation-1786488127665-cd7ba0a0-cea6-4a0b-adf7-505d7e9945cb => 200
2026-08-11T22:42:25.9806325Z I0811 22:42:07.666117    4858 mockgcp_http.go:298] mockgcp request: POST https://compute.googleapis.com/compute/v1/projects/kcc-recaptcha-enterprise/global/routes
2026-08-11T22:42:25.9807377Z I0811 22:42:07.666431    4858 operations.go:125] "storing operation" fqn="projects/kcc-recaptcha-enterprise/global/operations/operation-1786488127666-6d219956-ddda-4629-b4df-330e4366c974"
2026-08-11T22:42:25.9808611Z I0811 22:42:07.666547    4858 mockgcp_http.go:327] mockgcp response: POST https://compute.googleapis.com/compute/v1/projects/kcc-recaptcha-enterprise/global/routes => 200
2026-08-11T22:42:25.9809832Z I0811 22:42:07.666600    4858 mockgcp_http.go:298] mockgcp request: GET https://compute.googleapis.com/compute/v1/projects/kcc-recaptcha-enterprise/global/operations/operation-1786488127666-6d219956-ddda-4629-b4df-330e4366c974
2026-08-11T22:42:25.9811194Z I0811 22:42:07.666856    4858 mockgcp_http.go:327] mockgcp response: GET https://compute.googleapis.com/compute/v1/projects/kcc-recaptcha-enterprise/global/operations/operation-1786488127666-6d219956-ddda-4629-b4df-330e4366c974 => 200
2026-08-11T22:42:25.9812337Z I0811 22:42:07.666910    4858 mockgcp_http.go:298] mockgcp request: POST https://compute.googleapis.com/compute/v1/projects/kcc-recaptcha-enterprise/global/routes
2026-08-11T22:42:25.9813544Z I0811 22:42:07.667177    4858 operations.go:125] "storing operation" fqn="projects/kcc-recaptcha-enterprise/global/operations/operation-1786488127667-23bc510f-5792-4ce4-85a9-87dd8f225b0f"
2026-08-11T22:42:25.9814491Z I0811 22:42:07.667308    4858 mockgcp_http.go:327] mockgcp response: POST https://compute.googleapis.com/compute/v1/projects/kcc-recaptcha-enterprise/global/routes => 200
2026-08-11T22:42:25.9815729Z I0811 22:42:07.667362    4858 mockgcp_http.go:298] mockgcp request: GET https://compute.googleapis.com/compute/v1/projects/kcc-recaptcha-enterprise/global/operations/operation-1786488127667-23bc510f-5792-4ce4-85a9-87dd8f225b0f
2026-08-11T22:42:25.9817094Z I0811 22:42:07.667619    4858 mockgcp_http.go:327] mockgcp response: GET https://compute.googleapis.com/compute/v1/projects/kcc-recaptcha-enterprise/global/operations/operation-1786488127667-23bc510f-5792-4ce4-85a9-87dd8f225b0f => 200
2026-08-11T22:42:25.9817971Z I0811 22:42:07.667682    4858 mockgcp_http.go:298] mockgcp request: POST https://compute.googleapis.com/compute/v1/projects/kcc-recaptcha-enterprise/global/routes
2026-08-11T22:42:25.9819020Z I0811 22:42:07.667945    4858 operations.go:125] "storing operation" fqn="projects/kcc-recaptcha-enterprise/global/operations/operation-1786488127667-f4b35c4f-3253-442a-8cf8-7ce63c1e6da2"
2026-08-11T22:42:25.9819926Z I0811 22:42:07.668063    4858 mockgcp_http.go:327] mockgcp response: POST https://compute.googleapis.com/compute/v1/projects/kcc-recaptcha-enterprise/global/routes => 200
2026-08-11T22:42:25.9821038Z I0811 22:42:07.668115    4858 mockgcp_http.go:298] mockgcp request: GET https://compute.googleapis.com/compute/v1/projects/kcc-recaptcha-enterprise/global/operations/operation-1786488127667-f4b35c4f-3253-442a-8cf8-7ce63c1e6da2
2026-08-11T22:42:25.9821823Z I0811 22:42:07.668356    4858 mockgcp_http.go:327] mockgcp response: GET https://compute.googleapis.com/compute/v1/projects/kcc-recaptcha-enterprise/global/operations/operation-1786488127667-f4b35c4f-3253-442a-8cf8-7ce63c1e6da2 => 200
2026-08-11T22:42:25.9822632Z I0811 22:42:07.668432    4858 mockgcp_http.go:298] mockgcp request: POST https://compute.googleapis.com/compute/v1/projects/kcc-recaptcha-enterprise/global/routes
2026-08-11T22:42:25.9823708Z I0811 22:42:07.668731    4858 operations.go:125] "storing operation" fqn="projects/kcc-recaptcha-enterprise/global/operations/operation-1786488127668-86399cfd-ee1a-4a98-bfda-41c69d04fb53"
2026-08-11T22:42:25.9824646Z I0811 22:42:07.668859    4858 mockgcp_http.go:327] mockgcp response: POST https://compute.googleapis.com/compute/v1/projects/kcc-recaptcha-enterprise/global/routes => 200
2026-08-11T22:42:25.9825958Z I0811 22:42:07.668913    4858 mockgcp_http.go:298] mockgcp request: GET https://compute.googleapis.com/compute/v1/projects/kcc-recaptcha-enterprise/global/operations/operation-1786488127668-86399cfd-ee1a-4a98-bfda-41c69d04fb53
2026-08-11T22:42:25.9827240Z I0811 22:42:07.669142    4858 mockgcp_http.go:327] mockgcp response: GET https://compute.googleapis.com/compute/v1/projects/kcc-recaptcha-enterprise/global/operations/operation-1786488127668-86399cfd-ee1a-4a98-bfda-41c69d04fb53 => 200
2026-08-11T22:42:25.9828354Z I0811 22:42:07.669201    4858 mockgcp_http.go:298] mockgcp request: POST https://compute.googleapis.com/compute/v1/projects/kcc-recaptcha-enterprise/global/routes
2026-08-11T22:42:25.9829373Z I0811 22:42:07.669546    4858 operations.go:125] "storing operation" fqn="projects/kcc-recaptcha-enterprise/global/operations/operation-1786488127669-f2acecaa-5309-4d7c-991b-99e202cbb8ee"
2026-08-11T22:42:25.9830057Z I0811 22:42:07.669652    4858 mockgcp_http.go:327] mockgcp response: POST https://compute.googleapis.com/compute/v1/projects/kcc-recaptcha-enterprise/global/routes => 200
2026-08-11T22:42:25.9831179Z I0811 22:42:07.669707    4858 mockgcp_http.go:298] mockgcp request: GET https://compute.googleapis.com/compute/v1/projects/kcc-recaptcha-enterprise/global/operations/operation-1786488127669-f2acecaa-5309-4d7c-991b-99e202cbb8ee
2026-08-11T22:42:25.9832535Z I0811 22:42:07.669976    4858 mockgcp_http.go:327] mockgcp response: GET https://compute.googleapis.com/compute/v1/projects/kcc-recaptcha-enterprise/global/operations/operation-1786488127669-f2acecaa-5309-4d7c-991b-99e202cbb8ee => 200
2026-08-11T22:42:25.9833480Z I0811 22:42:07.670037    4858 mockgcp_http.go:298] mockgcp request: POST https://compute.googleapis.com/compute/v1/projects/kcc-recaptcha-enterprise/global/routes
2026-08-11T22:42:25.9834537Z I0811 22:42:07.670348    4858 operations.go:125] "storing operation" fqn="projects/kcc-recaptcha-enterprise/global/operations/operation-1786488127670-a3e439de-87a6-4c7f-a563-b2d1c75ed1a6"
2026-08-11T22:42:25.9835486Z I0811 22:42:07.670451    4858 mockgcp_http.go:327] mockgcp response: POST https://compute.googleapis.com/compute/v1/projects/kcc-recaptcha-enterprise/global/routes => 200
2026-08-11T22:42:25.9836815Z I0811 22:42:07.670498    4858 mockgcp_http.go:298] mockgcp request: GET https://compute.googleapis.com/compute/v1/projects/kcc-recaptcha-enterprise/global/operations/operation-1786488127670-a3e439de-87a6-4c7f-a563-b2d1c75ed1a6
2026-08-11T22:42:25.9837852Z I0811 22:42:07.670760    4858 mockgcp_http.go:327] mockgcp response: GET https://compute.googleapis.com/compute/v1/projects/kcc-recaptcha-enterprise/global/operations/operation-1786488127670-a3e439de-87a6-4c7f-a563-b2d1c75ed1a6 => 200
2026-08-11T22:42:25.9838732Z I0811 22:42:07.670822    4858 mockgcp_http.go:298] mockgcp request: POST https://compute.googleapis.com/compute/v1/projects/kcc-recaptcha-enterprise/global/routes
2026-08-11T22:42:25.9839775Z I0811 22:42:07.671079    4858 operations.go:125] "storing operation" fqn="projects/kcc-recaptcha-enterprise/global/operations/operation-1786488127671-a42f8433-25b7-4579-a2ad-dad18687dfb6"
2026-08-11T22:42:25.9840670Z I0811 22:42:07.671202    4858 mockgcp_http.go:327] mockgcp response: POST https://compute.googleapis.com/compute/v1/projects/kcc-recaptcha-enterprise/global/routes => 200
2026-08-11T22:42:25.9841956Z I0811 22:42:07.671271    4858 mockgcp_http.go:298] mockgcp request: GET https://compute.googleapis.com/compute/v1/projects/kcc-recaptcha-enterprise/global/operations/operation-1786488127671-a42f8433-25b7-4579-a2ad-dad18687dfb6
2026-08-11T22:42:25.9843220Z I0811 22:42:07.671521    4858 mockgcp_http.go:327] mockgcp response: GET https://compute.googleapis.com/compute/v1/projects/kcc-recaptcha-enterprise/global/operations/operation-1786488127671-a42f8433-25b7-4579-a2ad-dad18687dfb6 => 200
2026-08-11T22:42:25.9843875Z I0811 22:42:07.671578    4858 mockgcp_http.go:298] mockgcp request: POST https://compute.googleapis.com/compute/v1/projects/kcc-recaptcha-enterprise/global/routes
2026-08-11T22:42:25.9844502Z I0811 22:42:07.671868    4858 operations.go:125] "storing operation" fqn="projects/kcc-recaptcha-enterprise/global/operations/operation-1786488127671-7632c8bb-7d39-4cd0-82d3-a392668f6637"
2026-08-11T22:42:25.9845256Z I0811 22:42:07.671998    4858 mockgcp_http.go:327] mockgcp response: POST https://compute.googleapis.com/compute/v1/projects/kcc-recaptcha-enterprise/global/routes => 200
2026-08-11T22:42:25.9846279Z I0811 22:42:07.672044    4858 mockgcp_http.go:298] mockgcp request: GET https://compute.googleapis.com/compute/v1/projects/kcc-recaptcha-enterprise/global/operations/operation-1786488127671-7632c8bb-7d39-4cd0-82d3-a392668f6637
2026-08-11T22:42:25.9847840Z I0811 22:42:07.672279    4858 mockgcp_http.go:327] mockgcp response: GET https://compute.googleapis.com/compute/v1/projects/kcc-recaptcha-enterprise/global/operations/operation-1786488127671-7632c8bb-7d39-4cd0-82d3-a392668f6637 => 200
2026-08-11T22:42:25.9848353Z I0811 22:42:07.672337    4858 mockgcp_http.go:298] mockgcp request: POST https://compute.googleapis.com/compute/v1/projects/kcc-recaptcha-enterprise/global/routes
2026-08-11T22:42:25.9849213Z I0811 22:42:07.672604    4858 operations.go:125] "storing operation" fqn="projects/kcc-recaptcha-enterprise/global/operations/operation-1786488127672-959860fd-550f-4a21-8b03-983d54fa6b13"
2026-08-11T22:42:25.9850128Z I0811 22:42:07.672736    4858 mockgcp_http.go:327] mockgcp response: POST https://compute.googleapis.com/compute/v1/projects/kcc-recaptcha-enterprise/global/routes => 200
2026-08-11T22:42:25.9850994Z I0811 22:42:07.672782    4858 mockgcp_http.go:298] mockgcp request: GET https://compute.googleapis.com/compute/v1/projects/kcc-recaptcha-enterprise/global/operations/operation-1786488127672-959860fd-550f-4a21-8b03-983d54fa6b13
2026-08-11T22:42:25.9852117Z I0811 22:42:07.673028    4858 mockgcp_http.go:327] mockgcp response: GET https://compute.googleapis.com/compute/v1/projects/kcc-recaptcha-enterprise/global/operations/operation-1786488127672-959860fd-550f-4a21-8b03-983d54fa6b13 => 200
2026-08-11T22:42:25.9852837Z I0811 22:42:07.673091    4858 mockgcp_http.go:298] mockgcp request: POST https://compute.googleapis.com/compute/v1/projects/kcc-recaptcha-enterprise/global/routes
2026-08-11T22:42:25.9853428Z I0811 22:42:07.673433    4858 operations.go:125] "storing operation" fqn="projects/kcc-recaptcha-enterprise/global/operations/operation-1786488127673-70649cfe-a758-4633-916c-7b0fa01d4c09"
2026-08-11T22:42:25.9853941Z I0811 22:42:07.673527    4858 mockgcp_http.go:327] mockgcp response: POST https://compute.googleapis.com/compute/v1/projects/kcc-recaptcha-enterprise/global/routes => 200
2026-08-11T22:42:25.9854664Z I0811 22:42:07.673581    4858 mockgcp_http.go:298] mockgcp request: GET https://compute.googleapis.com/compute/v1/projects/kcc-recaptcha-enterprise/global/operations/operation-1786488127673-70649cfe-a758-4633-916c-7b0fa01d4c09
2026-08-11T22:42:25.9855662Z I0811 22:42:07.673826    4858 mockgcp_http.go:327] mockgcp response: GET https://compute.googleapis.com/compute/v1/projects/kcc-recaptcha-enterprise/global/operations/operation-1786488127673-70649cfe-a758-4633-916c-7b0fa01d4c09 => 200
2026-08-11T22:42:25.9856411Z I0811 22:42:07.673884    4858 mockgcp_http.go:298] mockgcp request: POST https://compute.googleapis.com/compute/v1/projects/kcc-recaptcha-enterprise/global/routes
2026-08-11T22:42:25.9857182Z I0811 22:42:07.674162    4858 operations.go:125] "storing operation" fqn="projects/kcc-recaptcha-enterprise/global/operations/operation-1786488127674-1374fb6c-3a62-45a4-9454-0c6d9d006135"
2026-08-11T22:42:25.9857873Z I0811 22:42:07.674305    4858 mockgcp_http.go:327] mockgcp response: POST https://compute.googleapis.com/compute/v1/projects/kcc-recaptcha-enterprise/global/routes => 200
2026-08-11T22:42:25.9858794Z I0811 22:42:07.674358    4858 mockgcp_http.go:298] mockgcp request: GET https://compute.googleapis.com/compute/v1/projects/kcc-recaptcha-enterprise/global/operations/operation-1786488127674-1374fb6c-3a62-45a4-9454-0c6d9d006135
2026-08-11T22:42:25.9859837Z I0811 22:42:07.674631    4858 mockgcp_http.go:327] mockgcp response: GET https://compute.googleapis.com/compute/v1/projects/kcc-recaptcha-enterprise/global/operations/operation-1786488127674-1374fb6c-3a62-45a4-9454-0c6d9d006135 => 200
2026-08-11T22:42:25.9860611Z I0811 22:42:07.674686    4858 mockgcp_http.go:298] mockgcp request: POST https://compute.googleapis.com/compute/v1/projects/kcc-recaptcha-enterprise/global/routes
2026-08-11T22:42:25.9861660Z I0811 22:42:07.674980    4858 operations.go:125] "storing operation" fqn="projects/kcc-recaptcha-enterprise/global/operations/operation-1786488127674-b0a2a85f-181a-49c8-a89b-4192a94d7286"
2026-08-11T22:42:25.9862956Z I0811 22:42:07.675097    4858 mockgcp_http.go:327] mockgcp response: POST https://compute.googleapis.com/compute/v1/projects/kcc-recaptcha-enterprise/global/routes => 200
2026-08-11T22:42:25.9864148Z I0811 22:42:07.675139    4858 mockgcp_http.go:298] mockgcp request: GET https://compute.googleapis.com/compute/v1/projects/kcc-recaptcha-enterprise/global/operations/operation-1786488127674-b0a2a85f-181a-49c8-a89b-4192a94d7286
2026-08-11T22:42:25.9865498Z I0811 22:42:07.675407    4858 mockgcp_http.go:327] mockgcp response: GET https://compute.googleapis.com/compute/v1/projects/kcc-recaptcha-enterprise/global/operations/operation-1786488127674-b0a2a85f-181a-49c8-a89b-4192a94d7286 => 200
2026-08-11T22:42:25.9866537Z I0811 22:42:07.675460    4858 mockgcp_http.go:298] mockgcp request: POST https://compute.googleapis.com/compute/v1/projects/kcc-recaptcha-enterprise/global/routes
2026-08-11T22:42:25.9867483Z I0811 22:42:07.675734    4858 operations.go:125] "storing operation" fqn="projects/kcc-recaptcha-enterprise/global/operations/operation-1786488127675-79b22b73-6234-44a7-87b4-0ab595aa0662"
2026-08-11T22:42:25.9868361Z I0811 22:42:07.675867    4858 mockgcp_http.go:327] mockgcp response: POST https://compute.googleapis.com/compute/v1/projects/kcc-recaptcha-enterprise/global/routes => 200
2026-08-11T22:42:25.9869486Z I0811 22:42:07.675917    4858 mockgcp_http.go:298] mockgcp request: GET https://compute.googleapis.com/compute/v1/projects/kcc-recaptcha-enterprise/global/operations/operation-1786488127675-79b22b73-6234-44a7-87b4-0ab595aa0662
2026-08-11T22:42:25.9870839Z I0811 22:42:07.676163    4858 mockgcp_http.go:327] mockgcp response: GET https://compute.googleapis.com/compute/v1/projects/kcc-recaptcha-enterprise/global/operations/operation-1786488127675-79b22b73-6234-44a7-87b4-0ab595aa0662 => 200
2026-08-11T22:42:25.9871621Z I0811 22:42:07.676224    4858 mockgcp_http.go:298] mockgcp request: POST https://compute.googleapis.com/compute/v1/projects/kcc-recaptcha-enterprise/global/routes
2026-08-11T22:42:25.9872672Z I0811 22:42:07.676529    4858 operations.go:125] "storing operation" fqn="projects/kcc-recaptcha-enterprise/global/operations/operation-1786488127676-9c5ddb12-5161-4ac5-932a-12ce2b1f0e2d"
2026-08-11T22:42:25.9873472Z I0811 22:42:07.676643    4858 mockgcp_http.go:327] mockgcp response: POST https://compute.googleapis.com/compute/v1/projects/kcc-recaptcha-enterprise/global/routes => 200
2026-08-11T22:42:25.9874582Z I0811 22:42:07.676689    4858 mockgcp_http.go:298] mockgcp request: GET https://compute.googleapis.com/compute/v1/projects/kcc-recaptcha-enterprise/global/operations/operation-1786488127676-9c5ddb12-5161-4ac5-932a-12ce2b1f0e2d
2026-08-11T22:42:25.9875814Z I0811 22:42:07.676943    4858 mockgcp_http.go:327] mockgcp response: GET https://compute.googleapis.com/compute/v1/projects/kcc-recaptcha-enterprise/global/operations/operation-1786488127676-9c5ddb12-5161-4ac5-932a-12ce2b1f0e2d => 200
2026-08-11T22:42:25.9876554Z I0811 22:42:07.677000    4858 mockgcp_http.go:298] mockgcp request: POST https://compute.googleapis.com/compute/v1/projects/kcc-recaptcha-enterprise/global/routes
2026-08-11T22:42:25.9877451Z I0811 22:42:07.677293    4858 operations.go:125] "storing operation" fqn="projects/kcc-recaptcha-enterprise/global/operations/operation-1786488127677-00501cf6-1154-4108-8887-faa9975686f5"
2026-08-11T22:42:25.9878221Z I0811 22:42:07.677380    4858 mockgcp_http.go:327] mockgcp response: POST https://compute.googleapis.com/compute/v1/projects/kcc-recaptcha-enterprise/global/routes => 200
2026-08-11T22:42:25.9879479Z I0811 22:42:07.677421    4858 mockgcp_http.go:298] mockgcp request: GET https://compute.googleapis.com/compute/v1/projects/kcc-recaptcha-enterprise/global/operations/operation-1786488127677-00501cf6-1154-4108-8887-faa9975686f5
2026-08-11T22:42:25.9880707Z I0811 22:42:07.677667    4858 mockgcp_http.go:327] mockgcp response: GET https://compute.googleapis.com/compute/v1/projects/kcc-recaptcha-enterprise/global/operations/operation-1786488127677-00501cf6-1154-4108-8887-faa9975686f5 => 200
2026-08-11T22:42:25.9881778Z I0811 22:42:07.677725    4858 mockgcp_http.go:298] mockgcp request: POST https://compute.googleapis.com/compute/v1/projects/kcc-recaptcha-enterprise/global/routes
2026-08-11T22:42:25.9882888Z I0811 22:42:07.677994    4858 operations.go:125] "storing operation" fqn="projects/kcc-recaptcha-enterprise/global/operations/operation-1786488127677-7b494fab-e059-479f-8e30-f7aa3f817228"
2026-08-11T22:42:25.9883789Z I0811 22:42:07.678105    4858 mockgcp_http.go:327] mockgcp response: POST https://compute.googleapis.com/compute/v1/projects/kcc-recaptcha-enterprise/global/routes => 200
2026-08-11T22:42:25.9885249Z I0811 22:42:07.678152    4858 mockgcp_http.go:298] mockgcp request: GET https://compute.googleapis.com/compute/v1/projects/kcc-recaptcha-enterprise/global/operations/operation-1786488127677-7b494fab-e059-479f-8e30-f7aa3f817228
2026-08-11T22:42:25.9886593Z I0811 22:42:07.678419    4858 mockgcp_http.go:327] mockgcp response: GET https://compute.googleapis.com/compute/v1/projects/kcc-recaptcha-enterprise/global/operations/operation-1786488127677-7b494fab-e059-479f-8e30-f7aa3f817228 => 200
2026-08-11T22:42:25.9887384Z I0811 22:42:07.678476    4858 mockgcp_http.go:298] mockgcp request: POST https://compute.googleapis.com/compute/v1/projects/kcc-recaptcha-enterprise/global/routes
2026-08-11T22:42:25.9888350Z I0811 22:42:07.678757    4858 operations.go:125] "storing operation" fqn="projects/kcc-recaptcha-enterprise/global/operations/operation-1786488127678-dc54c3fa-6d53-413b-99e2-0e9a46ca8591"
2026-08-11T22:42:25.9889216Z I0811 22:42:07.678859    4858 mockgcp_http.go:327] mockgcp response: POST https://compute.googleapis.com/compute/v1/projects/kcc-recaptcha-enterprise/global/routes => 200
2026-08-11T22:42:25.9890473Z I0811 22:42:07.678910    4858 mockgcp_http.go:298] mockgcp request: GET https://compute.googleapis.com/compute/v1/projects/kcc-recaptcha-enterprise/global/operations/operation-1786488127678-dc54c3fa-6d53-413b-99e2-0e9a46ca8591
2026-08-11T22:42:25.9891720Z I0811 22:42:07.679147    4858 mockgcp_http.go:327] mockgcp response: GET https://compute.googleapis.com/compute/v1/projects/kcc-recaptcha-enterprise/global/operations/operation-1786488127678-dc54c3fa-6d53-413b-99e2-0e9a46ca8591 => 200
2026-08-11T22:42:25.9892741Z I0811 22:42:07.679206    4858 mockgcp_http.go:298] mockgcp request: POST https://compute.googleapis.com/compute/v1/projects/kcc-recaptcha-enterprise/global/routes
2026-08-11T22:42:25.9893690Z I0811 22:42:07.679519    4858 operations.go:125] "storing operation" fqn="projects/kcc-recaptcha-enterprise/global/operations/operation-1786488127679-cbe5ff2a-b936-441d-a00c-ed9cfa706afe"
2026-08-11T22:42:25.9894553Z I0811 22:42:07.679688    4858 mockgcp_http.go:327] mockgcp response: POST https://compute.googleapis.com/compute/v1/projects/kcc-recaptcha-enterprise/global/routes => 200
2026-08-11T22:42:25.9895826Z I0811 22:42:07.679742    4858 mockgcp_http.go:298] mockgcp request: GET https://compute.googleapis.com/compute/v1/projects/kcc-recaptcha-enterprise/global/operations/operation-1786488127679-cbe5ff2a-b936-441d-a00c-ed9cfa706afe
2026-08-11T22:42:25.9897184Z I0811 22:42:07.679987    4858 mockgcp_http.go:327] mockgcp response: GET https://compute.googleapis.com/compute/v1/projects/kcc-recaptcha-enterprise/global/operations/operation-1786488127679-cbe5ff2a-b936-441d-a00c-ed9cfa706afe => 200
2026-08-11T22:42:25.9897993Z I0811 22:42:07.680045    4858 mockgcp_http.go:298] mockgcp request: POST https://compute.googleapis.com/compute/v1/projects/kcc-recaptcha-enterprise/global/routes
2026-08-11T22:42:25.9899015Z I0811 22:42:07.680344    4858 operations.go:125] "storing operation" fqn="projects/kcc-recaptcha-enterprise/global/operations/operation-1786488127680-a45b6d2d-c42c-4725-88d9-bf765f18f21a"
2026-08-11T22:42:25.9899820Z I0811 22:42:07.680458    4858 mockgcp_http.go:327] mockgcp response: POST https://compute.googleapis.com/compute/v1/projects/kcc-recaptcha-enterprise/global/routes => 200
2026-08-11T22:42:25.9901210Z I0811 22:42:07.680511    4858 mockgcp_http.go:298] mockgcp request: GET https://compute.googleapis.com/compute/v1/projects/kcc-recaptcha-enterprise/global/operations/operation-1786488127680-a45b6d2d-c42c-4725-88d9-bf765f18f21a
2026-08-11T22:42:25.9902639Z I0811 22:42:07.680765    4858 mockgcp_http.go:327] mockgcp response: GET https://compute.googleapis.com/compute/v1/projects/kcc-recaptcha-enterprise/global/operations/operation-1786488127680-a45b6d2d-c42c-4725-88d9-bf765f18f21a => 200
2026-08-11T22:42:25.9903468Z I0811 22:42:07.680828    4858 mockgcp_http.go:298] mockgcp request: POST https://compute.googleapis.com/compute/v1/projects/kcc-recaptcha-enterprise/global/routes
2026-08-11T22:42:25.9904596Z I0811 22:42:07.681124    4858 operations.go:125] "storing operation" fqn="projects/kcc-recaptcha-enterprise/global/operations/operation-1786488127681-64848f14-4ae9-4e5c-8e9d-7bbfb5e4e146"
2026-08-11T22:42:25.9906827Z I0811 22:42:07.681223    4858 mockgcp_http.go:327] mockgcp response: POST https://compute.googleapis.com/compute/v1/projects/kcc-recaptcha-enterprise/global/routes => 200
2026-08-11T22:42:25.9908623Z I0811 22:42:07.681288    4858 mockgcp_http.go:298] mockgcp request: GET https://compute.googleapis.com/compute/v1/projects/kcc-recaptcha-enterprise/global/operations/operation-1786488127681-64848f14-4ae9-4e5c-8e9d-7bbfb5e4e146
2026-08-11T22:42:25.9910847Z I0811 22:42:07.681567    4858 mockgcp_http.go:327] mockgcp response: GET https://compute.googleapis.com/compute/v1/projects/kcc-recaptcha-enterprise/global/operations/operation-1786488127681-64848f14-4ae9-4e5c-8e9d-7bbfb5e4e146 => 200
2026-08-11T22:42:25.9911920Z I0811 22:42:07.681629    4858 mockgcp_http.go:298] mockgcp request: POST https://compute.googleapis.com/compute/v1/projects/kcc-recaptcha-enterprise/global/routes
2026-08-11T22:42:25.9913100Z I0811 22:42:07.681885    4858 operations.go:125] "storing operation" fqn="projects/kcc-recaptcha-enterprise/global/operations/operation-1786488127681-b71daef1-7d54-4284-8aa3-8bbc7e4f9abd"
2026-08-11T22:42:25.9913989Z I0811 22:42:07.681995    4858 mockgcp_http.go:327] mockgcp response: POST https://compute.googleapis.com/compute/v1/projects/kcc-recaptcha-enterprise/global/routes => 200
2026-08-11T22:42:25.9915200Z I0811 22:42:07.682047    4858 mockgcp_http.go:298] mockgcp request: GET https://compute.googleapis.com/compute/v1/projects/kcc-recaptcha-enterprise/global/operations/operation-1786488127681-b71daef1-7d54-4284-8aa3-8bbc7e4f9abd
2026-08-11T22:42:25.9916457Z I0811 22:42:07.682328    4858 mockgcp_http.go:327] mockgcp response: GET https://compute.googleapis.com/compute/v1/projects/kcc-recaptcha-enterprise/global/operations/operation-1786488127681-b71daef1-7d54-4284-8aa3-8bbc7e4f9abd => 200
2026-08-11T22:42:25.9917238Z I0811 22:42:07.682383    4858 mockgcp_http.go:298] mockgcp request: POST https://compute.googleapis.com/compute/v1/projects/kcc-recaptcha-enterprise/global/routes
2026-08-11T22:42:25.9918204Z I0811 22:42:07.682640    4858 operations.go:125] "storing operation" fqn="projects/kcc-recaptcha-enterprise/global/operations/operation-1786488127682-cf53fde5-736e-45cb-ace5-7a3897e777b6"
2026-08-11T22:42:25.9919125Z I0811 22:42:07.682760    4858 mockgcp_http.go:327] mockgcp response: POST https://compute.googleapis.com/compute/v1/projects/kcc-recaptcha-enterprise/global/routes => 200
2026-08-11T22:42:25.9920283Z I0811 22:42:07.682821    4858 mockgcp_http.go:298] mockgcp request: GET https://compute.googleapis.com/compute/v1/projects/kcc-recaptcha-enterprise/global/operations/operation-1786488127682-cf53fde5-736e-45cb-ace5-7a3897e777b6
2026-08-11T22:42:25.9921529Z I0811 22:42:07.683082    4858 mockgcp_http.go:327] mockgcp response: GET https://compute.googleapis.com/compute/v1/projects/kcc-recaptcha-enterprise/global/operations/operation-1786488127682-cf53fde5-736e-45cb-ace5-7a3897e777b6 => 200
2026-08-11T22:42:25.9922344Z I0811 22:42:07.683143    4858 mockgcp_http.go:298] mockgcp request: POST https://compute.googleapis.com/compute/v1/projects/kcc-recaptcha-enterprise/global/routes
2026-08-11T22:42:25.9923765Z I0811 22:42:07.683439    4858 operations.go:125] "storing operation" fqn="projects/kcc-recaptcha-enterprise/global/operations/operation-1786488127683-e48961f4-4046-4f3b-a14a-fd76bd8f855e"
2026-08-11T22:42:25.9924607Z I0811 22:42:07.683554    4858 mockgcp_http.go:327] mockgcp response: POST https://compute.googleapis.com/compute/v1/projects/kcc-recaptcha-enterprise/global/routes => 200
2026-08-11T22:42:25.9925801Z I0811 22:42:07.683603    4858 mockgcp_http.go:298] mockgcp request: GET https://compute.googleapis.com/compute/v1/projects/kcc-recaptcha-enterprise/global/operations/operation-1786488127683-e48961f4-4046-4f3b-a14a-fd76bd8f855e
2026-08-11T22:42:25.9927241Z I0811 22:42:07.683852    4858 mockgcp_http.go:327] mockgcp response: GET https://compute.googleapis.com/compute/v1/projects/kcc-recaptcha-enterprise/global/operations/operation-1786488127683-e48961f4-4046-4f3b-a14a-fd76bd8f855e => 200
2026-08-11T22:42:25.9928011Z I0811 22:42:07.683910    4858 mockgcp_http.go:298] mockgcp request: POST https://compute.googleapis.com/compute/v1/projects/kcc-recaptcha-enterprise/global/routes
2026-08-11T22:42:25.9928986Z I0811 22:42:07.684231    4858 operations.go:125] "storing operation" fqn="projects/kcc-recaptcha-enterprise/global/operations/operation-1786488127684-73b916cd-8acd-4d15-a4f4-792308ecc148"
2026-08-11T22:42:25.9929835Z I0811 22:42:07.684339    4858 mockgcp_http.go:327] mockgcp response: POST https://compute.googleapis.com/compute/v1/projects/kcc-recaptcha-enterprise/global/routes => 200
2026-08-11T22:42:25.9931061Z I0811 22:42:07.684392    4858 mockgcp_http.go:298] mockgcp request: GET https://compute.googleapis.com/compute/v1/projects/kcc-recaptcha-enterprise/global/operations/operation-1786488127684-73b916cd-8acd-4d15-a4f4-792308ecc148
2026-08-11T22:42:25.9932340Z I0811 22:42:07.684662    4858 mockgcp_http.go:327] mockgcp response: GET https://compute.googleapis.com/compute/v1/projects/kcc-recaptcha-enterprise/global/operations/operation-1786488127684-73b916cd-8acd-4d15-a4f4-792308ecc148 => 200
2026-08-11T22:42:25.9934274Z I0811 22:42:07.855262    4858 mockgcp_http.go:298] mockgcp request: GET https://compute.googleapis.com/compute/v1/projects/kcc-recaptcha-enterprise/global/operations/operation-1786488127616-efb01192-86b2-4d7a-b810-60ddb6d50ab1
2026-08-11T22:42:25.9935603Z I0811 22:42:07.855615    4858 mockgcp_http.go:327] mockgcp response: GET https://compute.googleapis.com/compute/v1/projects/kcc-recaptcha-enterprise/global/operations/operation-1786488127616-efb01192-86b2-4d7a-b810-60ddb6d50ab1 => 200
2026-08-11T22:42:25.9936398Z I0811 22:42:07.856232    4858 mockgcp_http.go:327] mockgcp response: POST https://cloudresourcemanager.googleapis.com/v1/projects?alt=json&prettyPrint=false => 200
2026-08-11T22:42:25.9937612Z I0811 22:42:07.956686    4858 mockgcp_http.go:298] mockgcp request: GET https://cloudresourcemanager.googleapis.com/v1/operations/operation-1786488127855-286bd514-9b4b-4667-a4ab-977f4e49e241?alt=json&prettyPrint=false
2026-08-11T22:42:25.9938911Z I0811 22:42:07.956833    4858 mockgcp_http.go:327] mockgcp response: GET https://cloudresourcemanager.googleapis.com/v1/operations/operation-1786488127855-286bd514-9b4b-4667-a4ab-977f4e49e241?alt=json&prettyPrint=false => 200
2026-08-11T22:42:25.9939850Z I0811 22:42:07.956889    4858 mockgcp_http.go:298] mockgcp request: GET https://cloudresourcemanager.googleapis.com/v1/projects/kcc-recaptcha-enterprise?alt=json&prettyPrint=false
2026-08-11T22:42:25.9940834Z I0811 22:42:07.957262    4858 mockgcp_http.go:327] mockgcp response: GET https://cloudresourcemanager.googleapis.com/v1/projects/kcc-recaptcha-enterprise?alt=json&prettyPrint=false => 200
2026-08-11T22:42:25.9942948Z I0811 22:42:07.957321    4858 mockgcp_http.go:298] mockgcp request: POST https://cloudresourcemanager.googleapis.com/v1/projects?alt=json&prettyPrint=false
2026-08-11T22:42:25.9943747Z I0811 22:42:07.957635    4858 mockgcp_http.go:298] mockgcp request: POST https://compute.googleapis.com/compute/v1/projects/mock-project/global/networks
2026-08-11T22:42:25.9944909Z I0811 22:42:07.958019    4858 operations.go:125] "storing operation" fqn="projects/mock-project/global/operations/operation-1786488127958-99c595da-18c3-45a8-9d89-d9d3dc073306"
2026-08-11T22:42:25.9945739Z I0811 22:42:07.958112    4858 mockgcp_http.go:298] mockgcp request: POST https://compute.googleapis.com/compute/v1/projects/mock-project/regions/us-central1/subnetworks
2026-08-11T22:42:25.9946569Z I0811 22:42:07.958164    4858 mockgcp_http.go:327] mockgcp response: POST https://compute.googleapis.com/compute/v1/projects/mock-project/global/networks => 200
2026-08-11T22:42:25.9947654Z I0811 22:42:07.958218    4858 mockgcp_http.go:298] mockgcp request: GET https://compute.googleapis.com/compute/v1/projects/mock-project/global/operations/operation-1786488127958-99c595da-18c3-45a8-9d89-d9d3dc073306
2026-08-11T22:42:25.9948870Z I0811 22:42:07.958544    4858 operations.go:125] "storing operation" fqn="projects/mock-project/regions/us-central1/operations/operation-1786488127958-704541a0-f2db-486f-af07-3d667aa94d47"
2026-08-11T22:42:25.9950066Z I0811 22:42:07.958607    4858 mockgcp_http.go:327] mockgcp response: GET https://compute.googleapis.com/compute/v1/projects/mock-project/global/operations/operation-1786488127958-99c595da-18c3-45a8-9d89-d9d3dc073306 => 200
2026-08-11T22:42:25.9950910Z I0811 22:42:07.958661    4858 mockgcp_http.go:327] mockgcp response: POST https://compute.googleapis.com/compute/v1/projects/mock-project/regions/us-central1/subnetworks => 200
2026-08-11T22:42:25.9952164Z I0811 22:42:07.958731    4858 mockgcp_http.go:298] mockgcp request: GET https://compute.googleapis.com/compute/v1/projects/mock-project/regions/us-central1/operations/operation-1786488127958-704541a0-f2db-486f-af07-3d667aa94d47
2026-08-11T22:42:25.9953525Z I0811 22:42:07.959050    4858 mockgcp_http.go:327] mockgcp response: GET https://compute.googleapis.com/compute/v1/projects/mock-project/regions/us-central1/operations/operation-1786488127958-704541a0-f2db-486f-af07-3d667aa94d47 => 200
2026-08-11T22:42:25.9954431Z I0811 22:42:07.959093    4858 mockgcp_http.go:298] mockgcp request: POST https://compute.googleapis.com/compute/v1/projects/mock-project/regions/europe-west1/subnetworks
2026-08-11T22:42:25.9955462Z I0811 22:42:07.959424    4858 operations.go:125] "storing operation" fqn="projects/mock-project/regions/europe-west1/operations/operation-1786488127959-df280000-9755-4380-8d9a-8183574f3aa7"
2026-08-11T22:42:25.9956389Z I0811 22:42:07.959591    4858 mockgcp_http.go:327] mockgcp response: POST https://compute.googleapis.com/compute/v1/projects/mock-project/regions/europe-west1/subnetworks => 200
2026-08-11T22:42:25.9957601Z I0811 22:42:07.959645    4858 mockgcp_http.go:298] mockgcp request: GET https://compute.googleapis.com/compute/v1/projects/mock-project/regions/europe-west1/operations/operation-1786488127959-df280000-9755-4380-8d9a-8183574f3aa7
2026-08-11T22:42:25.9958861Z I0811 22:42:07.959916    4858 mockgcp_http.go:327] mockgcp response: GET https://compute.googleapis.com/compute/v1/projects/mock-project/regions/europe-west1/operations/operation-1786488127959-df280000-9755-4380-8d9a-8183574f3aa7 => 200
2026-08-11T22:42:25.9959661Z I0811 22:42:07.959974    4858 mockgcp_http.go:298] mockgcp request: POST https://compute.googleapis.com/compute/v1/projects/mock-project/regions/us-west1/subnetworks
2026-08-11T22:42:25.9960581Z I0811 22:42:07.960307    4858 operations.go:125] "storing operation" fqn="projects/mock-project/regions/us-west1/operations/operation-1786488127960-67cacc53-667b-437b-b156-64963edf2026"
2026-08-11T22:42:25.9961446Z I0811 22:42:07.960445    4858 mockgcp_http.go:327] mockgcp response: POST https://compute.googleapis.com/compute/v1/projects/mock-project/regions/us-west1/subnetworks => 200
2026-08-11T22:42:25.9962774Z I0811 22:42:07.960497    4858 mockgcp_http.go:298] mockgcp request: GET https://compute.googleapis.com/compute/v1/projects/mock-project/regions/us-west1/operations/operation-1786488127960-67cacc53-667b-437b-b156-64963edf2026
2026-08-11T22:42:25.9964206Z I0811 22:42:07.960777    4858 mockgcp_http.go:327] mockgcp response: GET https://compute.googleapis.com/compute/v1/projects/mock-project/regions/us-west1/operations/operation-1786488127960-67cacc53-667b-437b-b156-64963edf2026 => 200
2026-08-11T22:42:25.9964962Z I0811 22:42:07.960847    4858 mockgcp_http.go:298] mockgcp request: POST https://compute.googleapis.com/compute/v1/projects/mock-project/regions/asia-east1/subnetworks
2026-08-11T22:42:25.9965817Z I0811 22:42:07.961125    4858 operations.go:125] "storing operation" fqn="projects/mock-project/regions/asia-east1/operations/operation-1786488127961-7a9046eb-42e1-44fd-9544-0a438a70d685"
2026-08-11T22:42:25.9966628Z I0811 22:42:07.961314    4858 mockgcp_http.go:327] mockgcp response: POST https://compute.googleapis.com/compute/v1/projects/mock-project/regions/asia-east1/subnetworks => 200
2026-08-11T22:42:25.9967892Z I0811 22:42:07.961375    4858 mockgcp_http.go:298] mockgcp request: GET https://compute.googleapis.com/compute/v1/projects/mock-project/regions/asia-east1/operations/operation-1786488127961-7a9046eb-42e1-44fd-9544-0a438a70d685
2026-08-11T22:42:25.9969260Z I0811 22:42:07.961582    4858 mockgcp_http.go:327] mockgcp response: GET https://compute.googleapis.com/compute/v1/projects/mock-project/regions/asia-east1/operations/operation-1786488127961-7a9046eb-42e1-44fd-9544-0a438a70d685 => 200
2026-08-11T22:42:25.9970019Z I0811 22:42:07.961626    4858 mockgcp_http.go:298] mockgcp request: POST https://compute.googleapis.com/compute/v1/projects/mock-project/regions/us-east1/subnetworks
2026-08-11T22:42:25.9970999Z I0811 22:42:07.961897    4858 operations.go:125] "storing operation" fqn="projects/mock-project/regions/us-east1/operations/operation-1786488127961-524ea75e-19d1-48d2-8be2-8872f69992d6"
2026-08-11T22:42:25.9971872Z I0811 22:42:07.961993    4858 mockgcp_http.go:327] mockgcp response: POST https://compute.googleapis.com/compute/v1/projects/mock-project/regions/us-east1/subnetworks => 200
2026-08-11T22:42:25.9973388Z I0811 22:42:07.962040    4858 mockgcp_http.go:298] mockgcp request: GET https://compute.googleapis.com/compute/v1/projects/mock-project/regions/us-east1/operations/operation-1786488127961-524ea75e-19d1-48d2-8be2-8872f69992d6
2026-08-11T22:42:25.9974573Z I0811 22:42:07.962271    4858 mockgcp_http.go:327] mockgcp response: GET https://compute.googleapis.com/compute/v1/projects/mock-project/regions/us-east1/operations/operation-1786488127961-524ea75e-19d1-48d2-8be2-8872f69992d6 => 200
2026-08-11T22:42:25.9975435Z I0811 22:42:07.962324    4858 mockgcp_http.go:298] mockgcp request: POST https://compute.googleapis.com/compute/v1/projects/mock-project/regions/asia-northeast1/subnetworks
2026-08-11T22:42:25.9976543Z I0811 22:42:07.962592    4858 operations.go:125] "storing operation" fqn="projects/mock-project/regions/asia-northeast1/operations/operation-1786488127962-cfaa8861-df7b-4796-8a29-40a0dfb2a2d7"
2026-08-11T22:42:25.9977474Z I0811 22:42:07.962690    4858 mockgcp_http.go:327] mockgcp response: POST https://compute.googleapis.com/compute/v1/projects/mock-project/regions/asia-northeast1/subnetworks => 200
2026-08-11T22:42:25.9978735Z I0811 22:42:07.962738    4858 mockgcp_http.go:298] mockgcp request: GET https://compute.googleapis.com/compute/v1/projects/mock-project/regions/asia-northeast1/operations/operation-1786488127962-cfaa8861-df7b-4796-8a29-40a0dfb2a2d7
2026-08-11T22:42:25.9979948Z I0811 22:42:07.963289    4858 mockgcp_http.go:327] mockgcp response: GET https://compute.googleapis.com/compute/v1/projects/mock-project/regions/asia-northeast1/operations/operation-1786488127962-cfaa8861-df7b-4796-8a29-40a0dfb2a2d7 => 200
2026-08-11T22:42:25.9980801Z I0811 22:42:07.963349    4858 mockgcp_http.go:298] mockgcp request: POST https://compute.googleapis.com/compute/v1/projects/mock-project/regions/asia-southeast1/subnetworks
2026-08-11T22:42:25.9981782Z I0811 22:42:07.963673    4858 operations.go:125] "storing operation" fqn="projects/mock-project/regions/asia-southeast1/operations/operation-1786488127963-d1cdddc9-fd4b-47fe-addf-74c17f95026a"
2026-08-11T22:42:25.9983091Z I0811 22:42:07.963774    4858 mockgcp_http.go:327] mockgcp response: POST https://compute.googleapis.com/compute/v1/projects/mock-project/regions/asia-southeast1/subnetworks => 200
2026-08-11T22:42:25.9984314Z I0811 22:42:07.963828    4858 mockgcp_http.go:298] mockgcp request: GET https://compute.googleapis.com/compute/v1/projects/mock-project/regions/asia-southeast1/operations/operation-1786488127963-d1cdddc9-fd4b-47fe-addf-74c17f95026a
2026-08-11T22:42:25.9985646Z I0811 22:42:07.966369    4858 mockgcp_http.go:327] mockgcp response: GET https://compute.googleapis.com/compute/v1/projects/mock-project/regions/asia-southeast1/operations/operation-1786488127963-d1cdddc9-fd4b-47fe-addf-74c17f95026a => 200
2026-08-11T22:42:25.9986687Z I0811 22:42:07.966436    4858 mockgcp_http.go:298] mockgcp request: POST https://compute.googleapis.com/compute/v1/projects/mock-project/regions/us-east4/subnetworks
2026-08-11T22:42:25.9987678Z I0811 22:42:07.966793    4858 operations.go:125] "storing operation" fqn="projects/mock-project/regions/us-east4/operations/operation-1786488127966-403df3c4-5299-42ed-bdcf-49bb7a08e9b5"
2026-08-11T22:42:25.9988601Z I0811 22:42:07.966892    4858 mockgcp_http.go:327] mockgcp response: POST https://compute.googleapis.com/compute/v1/projects/mock-project/regions/us-east4/subnetworks => 200
2026-08-11T22:42:25.9989772Z I0811 22:42:07.966950    4858 mockgcp_http.go:298] mockgcp request: GET https://compute.googleapis.com/compute/v1/projects/mock-project/regions/us-east4/operations/operation-1786488127966-403df3c4-5299-42ed-bdcf-49bb7a08e9b5
2026-08-11T22:42:25.9991035Z I0811 22:42:07.967165    4858 mockgcp_http.go:327] mockgcp response: GET https://compute.googleapis.com/compute/v1/projects/mock-project/regions/us-east4/operations/operation-1786488127966-403df3c4-5299-42ed-bdcf-49bb7a08e9b5 => 200
2026-08-11T22:42:25.9991894Z I0811 22:42:07.967217    4858 mockgcp_http.go:298] mockgcp request: POST https://compute.googleapis.com/compute/v1/projects/mock-project/regions/australia-southeast1/subnetworks
2026-08-11T22:42:25.9993082Z I0811 22:42:07.967536    4858 operations.go:125] "storing operation" fqn="projects/mock-project/regions/australia-southeast1/operations/operation-1786488127967-97752057-65a7-424f-a1d0-8e0a2db7e5c5"
2026-08-11T22:42:25.9994026Z I0811 22:42:07.967628    4858 mockgcp_http.go:327] mockgcp response: POST https://compute.googleapis.com/compute/v1/projects/mock-project/regions/australia-southeast1/subnetworks => 200
2026-08-11T22:42:25.9995216Z I0811 22:42:07.967681    4858 mockgcp_http.go:298] mockgcp request: GET https://compute.googleapis.com/compute/v1/projects/mock-project/regions/australia-southeast1/operations/operation-1786488127967-97752057-65a7-424f-a1d0-8e0a2db7e5c5
2026-08-11T22:42:25.9996527Z I0811 22:42:07.967885    4858 mockgcp_http.go:327] mockgcp response: GET https://compute.googleapis.com/compute/v1/projects/mock-project/regions/australia-southeast1/operations/operation-1786488127967-97752057-65a7-424f-a1d0-8e0a2db7e5c5 => 200
2026-08-11T22:42:25.9997429Z I0811 22:42:07.967944    4858 mockgcp_http.go:298] mockgcp request: POST https://compute.googleapis.com/compute/v1/projects/mock-project/regions/europe-west2/subnetworks
2026-08-11T22:42:25.9998436Z I0811 22:42:07.968233    4858 operations.go:125] "storing operation" fqn="projects/mock-project/regions/europe-west2/operations/operation-1786488127968-1daa9137-5fc9-45fa-aa1f-441f4380915a"
2026-08-11T22:42:25.9999343Z I0811 22:42:07.968357    4858 mockgcp_http.go:327] mockgcp response: POST https://compute.googleapis.com/compute/v1/projects/mock-project/regions/europe-west2/subnetworks => 200
2026-08-11T22:42:26.0000527Z I0811 22:42:07.968407    4858 mockgcp_http.go:298] mockgcp request: GET https://compute.googleapis.com/compute/v1/projects/mock-project/regions/europe-west2/operations/operation-1786488127968-1daa9137-5fc9-45fa-aa1f-441f4380915a
2026-08-11T22:42:26.0001871Z I0811 22:42:07.968602    4858 mockgcp_http.go:327] mockgcp response: GET https://compute.googleapis.com/compute/v1/projects/mock-project/regions/europe-west2/operations/operation-1786488127968-1daa9137-5fc9-45fa-aa1f-441f4380915a => 200
2026-08-11T22:42:26.0003160Z I0811 22:42:07.968658    4858 mockgcp_http.go:298] mockgcp request: POST https://compute.googleapis.com/compute/v1/projects/mock-project/regions/europe-west3/subnetworks
2026-08-11T22:42:26.0004109Z I0811 22:42:07.968924    4858 operations.go:125] "storing operation" fqn="projects/mock-project/regions/europe-west3/operations/operation-1786488127968-eb6bd62a-3fc3-4da8-9c42-9cb6f42097ec"
2026-08-11T22:42:26.0004962Z I0811 22:42:07.969009    4858 mockgcp_http.go:327] mockgcp response: POST https://compute.googleapis.com/compute/v1/projects/mock-project/regions/europe-west3/subnetworks => 200
2026-08-11T22:42:26.0006360Z I0811 22:42:07.969058    4858 mockgcp_http.go:298] mockgcp request: GET https://compute.googleapis.com/compute/v1/projects/mock-project/regions/europe-west3/operations/operation-1786488127968-eb6bd62a-3fc3-4da8-9c42-9cb6f42097ec
2026-08-11T22:42:26.0007592Z I0811 22:42:07.972307    4858 mockgcp_http.go:327] mockgcp response: GET https://compute.googleapis.com/compute/v1/projects/mock-project/regions/europe-west3/operations/operation-1786488127968-eb6bd62a-3fc3-4da8-9c42-9cb6f42097ec => 200
2026-08-11T22:42:26.0008429Z I0811 22:42:07.972389    4858 mockgcp_http.go:298] mockgcp request: POST https://compute.googleapis.com/compute/v1/projects/mock-project/regions/southamerica-east1/subnetworks
2026-08-11T22:42:26.0009464Z I0811 22:42:07.972828    4858 operations.go:125] "storing operation" fqn="projects/mock-project/regions/southamerica-east1/operations/operation-1786488127972-777b1f25-2be6-4057-b570-2052fdbaf427"
2026-08-11T22:42:26.0010447Z I0811 22:42:07.972933    4858 mockgcp_http.go:327] mockgcp response: POST https://compute.googleapis.com/compute/v1/projects/mock-project/regions/southamerica-east1/subnetworks => 200
2026-08-11T22:42:26.0011765Z I0811 22:42:07.972983    4858 mockgcp_http.go:298] mockgcp request: GET https://compute.googleapis.com/compute/v1/projects/mock-project/regions/southamerica-east1/operations/operation-1786488127972-777b1f25-2be6-4057-b570-2052fdbaf427
2026-08-11T22:42:26.0013333Z I0811 22:42:07.973201    4858 mockgcp_http.go:327] mockgcp response: GET https://compute.googleapis.com/compute/v1/projects/mock-project/regions/southamerica-east1/operations/operation-1786488127972-777b1f25-2be6-4057-b570-2052fdbaf427 => 200
2026-08-11T22:42:26.0014160Z I0811 22:42:07.973281    4858 mockgcp_http.go:298] mockgcp request: POST https://compute.googleapis.com/compute/v1/projects/mock-project/regions/asia-south1/subnetworks
2026-08-11T22:42:26.0015195Z I0811 22:42:07.973564    4858 operations.go:125] "storing operation" fqn="projects/mock-project/regions/asia-south1/operations/operation-1786488127973-65ac29a0-d039-4df7-aeb6-76441c61434a"
2026-08-11T22:42:26.0016110Z I0811 22:42:07.973656    4858 mockgcp_http.go:327] mockgcp response: POST https://compute.googleapis.com/compute/v1/projects/mock-project/regions/asia-south1/subnetworks => 200
2026-08-11T22:42:26.0017976Z I0811 22:42:07.973710    4858 mockgcp_http.go:298] mockgcp request: GET https://compute.googleapis.com/compute/v1/projects/mock-project/regions/asia-south1/operations/operation-1786488127973-65ac29a0-d039-4df7-aeb6-76441c61434a
2026-08-11T22:42:26.0019294Z I0811 22:42:07.973923    4858 mockgcp_http.go:327] mockgcp response: GET https://compute.googleapis.com/compute/v1/projects/mock-project/regions/asia-south1/operations/operation-1786488127973-65ac29a0-d039-4df7-aeb6-76441c61434a => 200
2026-08-11T22:42:26.0020250Z I0811 22:42:07.973977    4858 mockgcp_http.go:298] mockgcp request: POST https://compute.googleapis.com/compute/v1/projects/mock-project/regions/northamerica-northeast1/subnetworks
2026-08-11T22:42:26.0021414Z I0811 22:42:07.974287    4858 operations.go:125] "storing operation" fqn="projects/mock-project/regions/northamerica-northeast1/operations/operation-1786488127974-8a8dd97f-18a7-4448-98c2-4e5e64f3a62e"
2026-08-11T22:42:26.0022868Z I0811 22:42:07.974377    4858 mockgcp_http.go:327] mockgcp response: POST https://compute.googleapis.com/compute/v1/projects/mock-project/regions/northamerica-northeast1/subnetworks => 200
2026-08-11T22:42:26.0024102Z I0811 22:42:07.974426    4858 mockgcp_http.go:298] mockgcp request: GET https://compute.googleapis.com/compute/v1/projects/mock-project/regions/northamerica-northeast1/operations/operation-1786488127974-8a8dd97f-18a7-4448-98c2-4e5e64f3a62e
2026-08-11T22:42:26.0025024Z I0811 22:42:07.974627    4858 mockgcp_http.go:327] mockgcp response: GET https://compute.googleapis.com/compute/v1/projects/mock-project/regions/northamerica-northeast1/operations/operation-1786488127974-8a8dd97f-18a7-4448-98c2-4e5e64f3a62e => 200
2026-08-11T22:42:26.0025715Z I0811 22:42:07.974671    4858 mockgcp_http.go:298] mockgcp request: POST https://compute.googleapis.com/compute/v1/projects/mock-project/regions/europe-west4/subnetworks
2026-08-11T22:42:26.0026540Z I0811 22:42:07.975271    4858 operations.go:125] "storing operation" fqn="projects/mock-project/regions/europe-west4/operations/operation-1786488127975-291b6007-efe3-4a6d-ade7-b8981ee40789"
2026-08-11T22:42:26.0027450Z I0811 22:42:07.976166    4858 mockgcp_http.go:327] mockgcp response: POST https://compute.googleapis.com/compute/v1/projects/mock-project/regions/europe-west4/subnetworks => 200
2026-08-11T22:42:26.0028728Z I0811 22:42:07.976218    4858 mockgcp_http.go:298] mockgcp request: GET https://compute.googleapis.com/compute/v1/projects/mock-project/regions/europe-west4/operations/operation-1786488127975-291b6007-efe3-4a6d-ade7-b8981ee40789
2026-08-11T22:42:26.0030056Z I0811 22:42:07.976501    4858 mockgcp_http.go:327] mockgcp response: GET https://compute.googleapis.com/compute/v1/projects/mock-project/regions/europe-west4/operations/operation-1786488127975-291b6007-efe3-4a6d-ade7-b8981ee40789 => 200
2026-08-11T22:42:26.0030953Z I0811 22:42:07.976562    4858 mockgcp_http.go:298] mockgcp request: POST https://compute.googleapis.com/compute/v1/projects/mock-project/regions/europe-north1/subnetworks
2026-08-11T22:42:26.0031976Z I0811 22:42:07.976838    4858 operations.go:125] "storing operation" fqn="projects/mock-project/regions/europe-north1/operations/operation-1786488127976-c2615062-7b3c-4820-b3d4-59d7dbb82e94"
2026-08-11T22:42:26.0033010Z I0811 22:42:07.976927    4858 mockgcp_http.go:327] mockgcp response: POST https://compute.googleapis.com/compute/v1/projects/mock-project/regions/europe-north1/subnetworks => 200
2026-08-11T22:42:26.0034185Z I0811 22:42:07.976974    4858 mockgcp_http.go:298] mockgcp request: GET https://compute.googleapis.com/compute/v1/projects/mock-project/regions/europe-north1/operations/operation-1786488127976-c2615062-7b3c-4820-b3d4-59d7dbb82e94
2026-08-11T22:42:26.0035510Z I0811 22:42:07.977162    4858 mockgcp_http.go:327] mockgcp response: GET https://compute.googleapis.com/compute/v1/projects/mock-project/regions/europe-north1/operations/operation-1786488127976-c2615062-7b3c-4820-b3d4-59d7dbb82e94 => 200
2026-08-11T22:42:26.0036279Z I0811 22:42:07.977212    4858 mockgcp_http.go:298] mockgcp request: POST https://compute.googleapis.com/compute/v1/projects/mock-project/regions/us-west2/subnetworks
2026-08-11T22:42:26.0037249Z I0811 22:42:07.979536    4858 operations.go:125] "storing operation" fqn="projects/mock-project/regions/us-west2/operations/operation-1786488127979-a5ae218b-6def-44ff-b44f-ce328d7d6fb0"
2026-08-11T22:42:26.0038069Z I0811 22:42:07.979674    4858 mockgcp_http.go:327] mockgcp response: POST https://compute.googleapis.com/compute/v1/projects/mock-project/regions/us-west2/subnetworks => 200
2026-08-11T22:42:26.0039255Z I0811 22:42:07.979732    4858 mockgcp_http.go:298] mockgcp request: GET https://compute.googleapis.com/compute/v1/projects/mock-project/regions/us-west2/operations/operation-1786488127979-a5ae218b-6def-44ff-b44f-ce328d7d6fb0
2026-08-11T22:42:26.0040501Z I0811 22:42:07.979957    4858 mockgcp_http.go:327] mockgcp response: GET https://compute.googleapis.com/compute/v1/projects/mock-project/regions/us-west2/operations/operation-1786488127979-a5ae218b-6def-44ff-b44f-ce328d7d6fb0 => 200
2026-08-11T22:42:26.0041652Z I0811 22:42:07.980016    4858 mockgcp_http.go:298] mockgcp request: POST https://compute.googleapis.com/compute/v1/projects/mock-project/regions/asia-east2/subnetworks
2026-08-11T22:42:26.0042833Z I0811 22:42:07.980328    4858 operations.go:125] "storing operation" fqn="projects/mock-project/regions/asia-east2/operations/operation-1786488127980-babd4459-adaa-4235-99f2-ee6fdcdad350"
2026-08-11T22:42:26.0043712Z I0811 22:42:07.980419    4858 mockgcp_http.go:327] mockgcp response: POST https://compute.googleapis.com/compute/v1/projects/mock-project/regions/asia-east2/subnetworks => 200
2026-08-11T22:42:26.0045173Z I0811 22:42:07.980464    4858 mockgcp_http.go:298] mockgcp request: GET https://compute.googleapis.com/compute/v1/projects/mock-project/regions/asia-east2/operations/operation-1786488127980-babd4459-adaa-4235-99f2-ee6fdcdad350
2026-08-11T22:42:26.0046496Z I0811 22:42:07.980655    4858 mockgcp_http.go:327] mockgcp response: GET https://compute.googleapis.com/compute/v1/projects/mock-project/regions/asia-east2/operations/operation-1786488127980-babd4459-adaa-4235-99f2-ee6fdcdad350 => 200
2026-08-11T22:42:26.0047406Z I0811 22:42:07.980718    4858 mockgcp_http.go:298] mockgcp request: POST https://compute.googleapis.com/compute/v1/projects/mock-project/regions/europe-west6/subnetworks
2026-08-11T22:42:26.0048453Z I0811 22:42:07.980992    4858 operations.go:125] "storing operation" fqn="projects/mock-project/regions/europe-west6/operations/operation-1786488127980-c6b76aaf-2bda-47bd-87a0-eabc40296903"
2026-08-11T22:42:26.0049394Z I0811 22:42:07.981080    4858 mockgcp_http.go:327] mockgcp response: POST https://compute.googleapis.com/compute/v1/projects/mock-project/regions/europe-west6/subnetworks => 200
2026-08-11T22:42:26.0050690Z I0811 22:42:07.981124    4858 mockgcp_http.go:298] mockgcp request: GET https://compute.googleapis.com/compute/v1/projects/mock-project/regions/europe-west6/operations/operation-1786488127980-c6b76aaf-2bda-47bd-87a0-eabc40296903
2026-08-11T22:42:26.0052074Z I0811 22:42:07.981336    4858 mockgcp_http.go:327] mockgcp response: GET https://compute.googleapis.com/compute/v1/projects/mock-project/regions/europe-west6/operations/operation-1786488127980-c6b76aaf-2bda-47bd-87a0-eabc40296903 => 200
2026-08-11T22:42:26.0053135Z I0811 22:42:07.981381    4858 mockgcp_http.go:298] mockgcp request: POST https://compute.googleapis.com/compute/v1/projects/mock-project/regions/asia-northeast2/subnetworks
2026-08-11T22:42:26.0054202Z I0811 22:42:07.981642    4858 operations.go:125] "storing operation" fqn="projects/mock-project/regions/asia-northeast2/operations/operation-1786488127981-a35eca31-a54f-458f-91fe-402b1081655c"
2026-08-11T22:42:26.0055186Z I0811 22:42:07.981724    4858 mockgcp_http.go:327] mockgcp response: POST https://compute.googleapis.com/compute/v1/projects/mock-project/regions/asia-northeast2/subnetworks => 200
2026-08-11T22:42:26.0056471Z I0811 22:42:07.981774    4858 mockgcp_http.go:298] mockgcp request: GET https://compute.googleapis.com/compute/v1/projects/mock-project/regions/asia-northeast2/operations/operation-1786488127981-a35eca31-a54f-458f-91fe-402b1081655c
2026-08-11T22:42:26.0058589Z I0811 22:42:07.981970    4858 mockgcp_http.go:327] mockgcp response: GET https://compute.googleapis.com/compute/v1/projects/mock-project/regions/asia-northeast2/operations/operation-1786488127981-a35eca31-a54f-458f-91fe-402b1081655c => 200
2026-08-11T22:42:26.0059545Z I0811 22:42:07.982025    4858 mockgcp_http.go:298] mockgcp request: POST https://compute.googleapis.com/compute/v1/projects/mock-project/regions/asia-northeast3/subnetworks
2026-08-11T22:42:26.0060610Z I0811 22:42:07.985319    4858 operations.go:125] "storing operation" fqn="projects/mock-project/regions/asia-northeast3/operations/operation-1786488127985-23c47a04-f718-4425-bd40-f012accedef5"
2026-08-11T22:42:26.0061581Z I0811 22:42:07.985448    4858 mockgcp_http.go:327] mockgcp response: POST https://compute.googleapis.com/compute/v1/projects/mock-project/regions/asia-northeast3/subnetworks => 200
2026-08-11T22:42:26.0063259Z I0811 22:42:07.985499    4858 mockgcp_http.go:298] mockgcp request: GET https://compute.googleapis.com/compute/v1/projects/mock-project/regions/asia-northeast3/operations/operation-1786488127985-23c47a04-f718-4425-bd40-f012accedef5
2026-08-11T22:42:26.0064616Z I0811 22:42:07.985745    4858 mockgcp_http.go:327] mockgcp response: GET https://compute.googleapis.com/compute/v1/projects/mock-project/regions/asia-northeast3/operations/operation-1786488127985-23c47a04-f718-4425-bd40-f012accedef5 => 200
2026-08-11T22:42:26.0065486Z I0811 22:42:07.985799    4858 mockgcp_http.go:298] mockgcp request: POST https://compute.googleapis.com/compute/v1/projects/mock-project/regions/us-west3/subnetworks
2026-08-11T22:42:26.0066665Z I0811 22:42:07.986093    4858 operations.go:125] "storing operation" fqn="projects/mock-project/regions/us-west3/operations/operation-1786488127986-25701c25-b04a-4d6b-9d8f-9e48e7ee376e"
2026-08-11T22:42:26.0067828Z I0811 22:42:07.986180    4858 mockgcp_http.go:327] mockgcp response: POST https://compute.googleapis.com/compute/v1/projects/mock-project/regions/us-west3/subnetworks => 200
2026-08-11T22:42:26.0069211Z I0811 22:42:07.986225    4858 mockgcp_http.go:298] mockgcp request: GET https://compute.googleapis.com/compute/v1/projects/mock-project/regions/us-west3/operations/operation-1786488127986-25701c25-b04a-4d6b-9d8f-9e48e7ee376e
2026-08-11T22:42:26.0070511Z I0811 22:42:07.986464    4858 mockgcp_http.go:327] mockgcp response: GET https://compute.googleapis.com/compute/v1/projects/mock-project/regions/us-west3/operations/operation-1786488127986-25701c25-b04a-4d6b-9d8f-9e48e7ee376e => 200
2026-08-11T22:42:26.0071333Z I0811 22:42:07.986518    4858 mockgcp_http.go:298] mockgcp request: POST https://compute.googleapis.com/compute/v1/projects/mock-project/regions/us-west4/subnetworks
2026-08-11T22:42:26.0072315Z I0811 22:42:07.986803    4858 operations.go:125] "storing operation" fqn="projects/mock-project/regions/us-west4/operations/operation-1786488127986-637f151f-0185-45ed-8b5d-0982dbce9e8a"
2026-08-11T22:42:26.0073352Z I0811 22:42:07.986887    4858 mockgcp_http.go:327] mockgcp response: POST https://compute.googleapis.com/compute/v1/projects/mock-project/regions/us-west4/subnetworks => 200
2026-08-11T22:42:26.0074597Z I0811 22:42:07.986931    4858 mockgcp_http.go:298] mockgcp request: GET https://compute.googleapis.com/compute/v1/projects/mock-project/regions/us-west4/operations/operation-1786488127986-637f151f-0185-45ed-8b5d-0982dbce9e8a
2026-08-11T22:42:26.0075917Z I0811 22:42:07.987119    4858 mockgcp_http.go:327] mockgcp response: GET https://compute.googleapis.com/compute/v1/projects/mock-project/regions/us-west4/operations/operation-1786488127986-637f151f-0185-45ed-8b5d-0982dbce9e8a => 200
2026-08-11T22:42:26.0076819Z I0811 22:42:07.987170    4858 mockgcp_http.go:298] mockgcp request: POST https://compute.googleapis.com/compute/v1/projects/mock-project/regions/asia-southeast2/subnetworks
2026-08-11T22:42:26.0077887Z I0811 22:42:07.987441    4858 operations.go:125] "storing operation" fqn="projects/mock-project/regions/asia-southeast2/operations/operation-1786488127987-6a8e6d06-c015-4c22-bf64-d26fb3bdcf66"
2026-08-11T22:42:26.0079438Z I0811 22:42:07.987524    4858 mockgcp_http.go:327] mockgcp response: POST https://compute.googleapis.com/compute/v1/projects/mock-project/regions/asia-southeast2/subnetworks => 200
2026-08-11T22:42:26.0080747Z I0811 22:42:07.987562    4858 mockgcp_http.go:298] mockgcp request: GET https://compute.googleapis.com/compute/v1/projects/mock-project/regions/asia-southeast2/operations/operation-1786488127987-6a8e6d06-c015-4c22-bf64-d26fb3bdcf66
2026-08-11T22:42:26.0082154Z I0811 22:42:07.987731    4858 mockgcp_http.go:327] mockgcp response: GET https://compute.googleapis.com/compute/v1/projects/mock-project/regions/asia-southeast2/operations/operation-1786488127987-6a8e6d06-c015-4c22-bf64-d26fb3bdcf66 => 200
2026-08-11T22:42:26.0083099Z I0811 22:42:07.987771    4858 mockgcp_http.go:298] mockgcp request: POST https://compute.googleapis.com/compute/v1/projects/mock-project/regions/europe-central2/subnetworks
2026-08-11T22:42:26.0084345Z I0811 22:42:07.988007    4858 operations.go:125] "storing operation" fqn="projects/mock-project/regions/europe-central2/operations/operation-1786488127987-23777a3d-4ad0-4084-9f40-351ec10c5c5b"
2026-08-11T22:42:26.0085255Z I0811 22:42:07.988076    4858 mockgcp_http.go:327] mockgcp response: POST https://compute.googleapis.com/compute/v1/projects/mock-project/regions/europe-central2/subnetworks => 200
2026-08-11T22:42:26.0086494Z I0811 22:42:07.988111    4858 mockgcp_http.go:298] mockgcp request: GET https://compute.googleapis.com/compute/v1/projects/mock-project/regions/europe-central2/operations/operation-1786488127987-23777a3d-4ad0-4084-9f40-351ec10c5c5b
2026-08-11T22:42:26.0088069Z I0811 22:42:07.989553    4858 mockgcp_http.go:327] mockgcp response: GET https://compute.googleapis.com/compute/v1/projects/mock-project/regions/europe-central2/operations/operation-1786488127987-23777a3d-4ad0-4084-9f40-351ec10c5c5b => 200
2026-08-11T22:42:26.0089073Z I0811 22:42:07.989622    4858 mockgcp_http.go:298] mockgcp request: POST https://compute.googleapis.com/compute/v1/projects/mock-project/regions/northamerica-northeast2/subnetworks
2026-08-11T22:42:26.0090200Z I0811 22:42:07.989920    4858 operations.go:125] "storing operation" fqn="projects/mock-project/regions/northamerica-northeast2/operations/operation-1786488127989-0524c638-521d-4eae-b28e-7fc5054be1d2"
2026-08-11T22:42:26.0091205Z I0811 22:42:07.990052    4858 mockgcp_http.go:327] mockgcp response: POST https://compute.googleapis.com/compute/v1/projects/mock-project/regions/northamerica-northeast2/subnetworks => 200
2026-08-11T22:42:26.0092746Z I0811 22:42:07.990106    4858 mockgcp_http.go:298] mockgcp request: GET https://compute.googleapis.com/compute/v1/projects/mock-project/regions/northamerica-northeast2/operations/operation-1786488127989-0524c638-521d-4eae-b28e-7fc5054be1d2
2026-08-11T22:42:26.0094177Z I0811 22:42:07.990370    4858 mockgcp_http.go:327] mockgcp response: GET https://compute.googleapis.com/compute/v1/projects/mock-project/regions/northamerica-northeast2/operations/operation-1786488127989-0524c638-521d-4eae-b28e-7fc5054be1d2 => 200
2026-08-11T22:42:26.0095035Z I0811 22:42:07.990436    4858 mockgcp_http.go:298] mockgcp request: POST https://compute.googleapis.com/compute/v1/projects/mock-project/regions/asia-south2/subnetworks
2026-08-11T22:42:26.0096055Z I0811 22:42:07.990750    4858 operations.go:125] "storing operation" fqn="projects/mock-project/regions/asia-south2/operations/operation-1786488127990-a3560836-cd96-468c-bb2f-47e8d8d65eb9"
2026-08-11T22:42:26.0097000Z I0811 22:42:07.990912    4858 mockgcp_http.go:327] mockgcp response: POST https://compute.googleapis.com/compute/v1/projects/mock-project/regions/asia-south2/subnetworks => 200
2026-08-11T22:42:26.0098310Z I0811 22:42:07.990967    4858 mockgcp_http.go:298] mockgcp request: GET https://compute.googleapis.com/compute/v1/projects/mock-project/regions/asia-south2/operations/operation-1786488127990-a3560836-cd96-468c-bb2f-47e8d8d65eb9
2026-08-11T22:42:26.0099642Z I0811 22:42:07.991181    4858 mockgcp_http.go:327] mockgcp response: GET https://compute.googleapis.com/compute/v1/projects/mock-project/regions/asia-south2/operations/operation-1786488127990-a3560836-cd96-468c-bb2f-47e8d8d65eb9 => 200
2026-08-11T22:42:26.0100471Z I0811 22:42:07.991231    4858 mockgcp_http.go:298] mockgcp request: POST https://compute.googleapis.com/compute/v1/projects/mock-project/regions/australia-southeast2/subnetworks
2026-08-11T22:42:26.0101490Z I0811 22:42:07.991528    4858 operations.go:125] "storing operation" fqn="projects/mock-project/regions/australia-southeast2/operations/operation-1786488127991-a476aa30-e272-48a1-8e15-5291f1ba3e79"
2026-08-11T22:42:26.0102537Z I0811 22:42:07.991624    4858 mockgcp_http.go:327] mockgcp response: POST https://compute.googleapis.com/compute/v1/projects/mock-project/regions/australia-southeast2/subnetworks => 200
2026-08-11T22:42:26.0104057Z I0811 22:42:07.991682    4858 mockgcp_http.go:298] mockgcp request: GET https://compute.googleapis.com/compute/v1/projects/mock-project/regions/australia-southeast2/operations/operation-1786488127991-a476aa30-e272-48a1-8e15-5291f1ba3e79
2026-08-11T22:42:26.0105384Z I0811 22:42:07.991891    4858 mockgcp_http.go:327] mockgcp response: GET https://compute.googleapis.com/compute/v1/projects/mock-project/regions/australia-southeast2/operations/operation-1786488127991-a476aa30-e272-48a1-8e15-5291f1ba3e79 => 200
2026-08-11T22:42:26.0106289Z I0811 22:42:07.991939    4858 mockgcp_http.go:298] mockgcp request: POST https://compute.googleapis.com/compute/v1/projects/mock-project/regions/southamerica-west1/subnetworks
2026-08-11T22:42:26.0107553Z I0811 22:42:07.992269    4858 operations.go:125] "storing operation" fqn="projects/mock-project/regions/southamerica-west1/operations/operation-1786488127992-f2fd02ff-13bc-41c7-87b5-e235afdb1bdd"
2026-08-11T22:42:26.0108491Z I0811 22:42:07.992363    4858 mockgcp_http.go:327] mockgcp response: POST https://compute.googleapis.com/compute/v1/projects/mock-project/regions/southamerica-west1/subnetworks => 200
2026-08-11T22:42:26.0110059Z I0811 22:42:07.992411    4858 mockgcp_http.go:298] mockgcp request: GET https://compute.googleapis.com/compute/v1/projects/mock-project/regions/southamerica-west1/operations/operation-1786488127992-f2fd02ff-13bc-41c7-87b5-e235afdb1bdd
2026-08-11T22:42:26.0111400Z I0811 22:42:07.992611    4858 mockgcp_http.go:327] mockgcp response: GET https://compute.googleapis.com/compute/v1/projects/mock-project/regions/southamerica-west1/operations/operation-1786488127992-f2fd02ff-13bc-41c7-87b5-e235afdb1bdd => 200
2026-08-11T22:42:26.0112248Z I0811 22:42:07.992657    4858 mockgcp_http.go:298] mockgcp request: POST https://compute.googleapis.com/compute/v1/projects/mock-project/regions/europe-west8/subnetworks
2026-08-11T22:42:26.0113510Z I0811 22:42:07.992923    4858 operations.go:125] "storing operation" fqn="projects/mock-project/regions/europe-west8/operations/operation-1786488127992-9f5c778a-83b3-4beb-bad5-c829c3a07684"
2026-08-11T22:42:26.0114380Z I0811 22:42:07.993005    4858 mockgcp_http.go:327] mockgcp response: POST https://compute.googleapis.com/compute/v1/projects/mock-project/regions/europe-west8/subnetworks => 200
2026-08-11T22:42:26.0115698Z I0811 22:42:07.996791    4858 mockgcp_http.go:298] mockgcp request: GET https://compute.googleapis.com/compute/v1/projects/mock-project/regions/europe-west8/operations/operation-1786488127992-9f5c778a-83b3-4beb-bad5-c829c3a07684
2026-08-11T22:42:26.0117036Z I0811 22:42:07.997119    4858 mockgcp_http.go:327] mockgcp response: GET https://compute.googleapis.com/compute/v1/projects/mock-project/regions/europe-west8/operations/operation-1786488127992-9f5c778a-83b3-4beb-bad5-c829c3a07684 => 200
2026-08-11T22:42:26.0117932Z I0811 22:42:07.997185    4858 mockgcp_http.go:298] mockgcp request: POST https://compute.googleapis.com/compute/v1/projects/mock-project/regions/europe-west9/subnetworks
2026-08-11T22:42:26.0118952Z I0811 22:42:07.997582    4858 operations.go:125] "storing operation" fqn="projects/mock-project/regions/europe-west9/operations/operation-1786488127997-f7015dc5-8857-4ded-9249-10b9f42d096b"
2026-08-11T22:42:26.0120376Z I0811 22:42:07.997689    4858 mockgcp_http.go:327] mockgcp response: POST https://compute.googleapis.com/compute/v1/projects/mock-project/regions/europe-west9/subnetworks => 200
2026-08-11T22:42:26.0121663Z I0811 22:42:07.997741    4858 mockgcp_http.go:298] mockgcp request: GET https://compute.googleapis.com/compute/v1/projects/mock-project/regions/europe-west9/operations/operation-1786488127997-f7015dc5-8857-4ded-9249-10b9f42d096b
2026-08-11T22:42:26.0123149Z I0811 22:42:07.997958    4858 mockgcp_http.go:327] mockgcp response: GET https://compute.googleapis.com/compute/v1/projects/mock-project/regions/europe-west9/operations/operation-1786488127997-f7015dc5-8857-4ded-9249-10b9f42d096b => 200
2026-08-11T22:42:26.0124015Z I0811 22:42:07.998025    4858 mockgcp_http.go:298] mockgcp request: POST https://compute.googleapis.com/compute/v1/projects/mock-project/regions/us-east5/subnetworks
2026-08-11T22:42:26.0125256Z I0811 22:42:07.998375    4858 operations.go:125] "storing operation" fqn="projects/mock-project/regions/us-east5/operations/operation-1786488127998-fc857bbd-4dab-41f2-863d-df42128251b2"
2026-08-11T22:42:26.0126131Z I0811 22:42:07.998477    4858 mockgcp_http.go:327] mockgcp response: POST https://compute.googleapis.com/compute/v1/projects/mock-project/regions/us-east5/subnetworks => 200
2026-08-11T22:42:26.0127343Z I0811 22:42:07.998535    4858 mockgcp_http.go:298] mockgcp request: GET https://compute.googleapis.com/compute/v1/projects/mock-project/regions/us-east5/operations/operation-1786488127998-fc857bbd-4dab-41f2-863d-df42128251b2
2026-08-11T22:42:26.0128847Z I0811 22:42:07.998742    4858 mockgcp_http.go:327] mockgcp response: GET https://compute.googleapis.com/compute/v1/projects/mock-project/regions/us-east5/operations/operation-1786488127998-fc857bbd-4dab-41f2-863d-df42128251b2 => 200
2026-08-11T22:42:26.0129838Z I0811 22:42:07.998802    4858 mockgcp_http.go:298] mockgcp request: POST https://compute.googleapis.com/compute/v1/projects/mock-project/regions/europe-southwest1/subnetworks
2026-08-11T22:42:26.0130930Z I0811 22:42:07.999084    4858 operations.go:125] "storing operation" fqn="projects/mock-project/regions/europe-southwest1/operations/operation-1786488127999-b7f0d922-c97b-4a82-ac40-a904f1f8d141"
2026-08-11T22:42:26.0131906Z I0811 22:42:07.999382    4858 mockgcp_http.go:327] mockgcp response: POST https://compute.googleapis.com/compute/v1/projects/mock-project/regions/europe-southwest1/subnetworks => 200
2026-08-11T22:42:26.0133370Z I0811 22:42:07.999436    4858 mockgcp_http.go:298] mockgcp request: GET https://compute.googleapis.com/compute/v1/projects/mock-project/regions/europe-southwest1/operations/operation-1786488127999-b7f0d922-c97b-4a82-ac40-a904f1f8d141
2026-08-11T22:42:26.0134779Z I0811 22:42:07.999683    4858 mockgcp_http.go:327] mockgcp response: GET https://compute.googleapis.com/compute/v1/projects/mock-project/regions/europe-southwest1/operations/operation-1786488127999-b7f0d922-c97b-4a82-ac40-a904f1f8d141 => 200
2026-08-11T22:42:26.0135731Z I0811 22:42:07.999737    4858 mockgcp_http.go:298] mockgcp request: POST https://compute.googleapis.com/compute/v1/projects/mock-project/regions/us-south1/subnetworks
2026-08-11T22:42:26.0136742Z I0811 22:42:08.000029    4858 operations.go:125] "storing operation" fqn="projects/mock-project/regions/us-south1/operations/operation-1786488128000-c17b0d3d-e539-4cfd-a681-bf206d5f6c1b"
2026-08-11T22:42:26.0137668Z I0811 22:42:08.000102    4858 mockgcp_http.go:327] mockgcp response: POST https://compute.googleapis.com/compute/v1/projects/mock-project/regions/us-south1/subnetworks => 200
2026-08-11T22:42:26.0138901Z I0811 22:42:08.000134    4858 mockgcp_http.go:298] mockgcp request: GET https://compute.googleapis.com/compute/v1/projects/mock-project/regions/us-south1/operations/operation-1786488128000-c17b0d3d-e539-4cfd-a681-bf206d5f6c1b
2026-08-11T22:42:26.0140243Z I0811 22:42:08.000453    4858 mockgcp_http.go:327] mockgcp response: GET https://compute.googleapis.com/compute/v1/projects/mock-project/regions/us-south1/operations/operation-1786488128000-c17b0d3d-e539-4cfd-a681-bf206d5f6c1b => 200
2026-08-11T22:42:26.0141109Z I0811 22:42:08.000509    4858 mockgcp_http.go:298] mockgcp request: POST https://compute.googleapis.com/compute/v1/projects/mock-project/regions/me-west1/subnetworks
2026-08-11T22:42:26.0142106Z I0811 22:42:08.000868    4858 operations.go:125] "storing operation" fqn="projects/mock-project/regions/me-west1/operations/operation-1786488128000-503177ff-76ae-4624-81fe-0c360b737abd"
2026-08-11T22:42:26.0143168Z I0811 22:42:08.000992    4858 mockgcp_http.go:327] mockgcp response: POST https://compute.googleapis.com/compute/v1/projects/mock-project/regions/me-west1/subnetworks => 200
2026-08-11T22:42:26.0144350Z I0811 22:42:08.001041    4858 mockgcp_http.go:298] mockgcp request: GET https://compute.googleapis.com/compute/v1/projects/mock-project/regions/me-west1/operations/operation-1786488128000-503177ff-76ae-4624-81fe-0c360b737abd
2026-08-11T22:42:26.0145816Z I0811 22:42:08.001332    4858 mockgcp_http.go:327] mockgcp response: GET https://compute.googleapis.com/compute/v1/projects/mock-project/regions/me-west1/operations/operation-1786488128000-503177ff-76ae-4624-81fe-0c360b737abd => 200
2026-08-11T22:42:26.0146659Z I0811 22:42:08.001569    4858 mockgcp_http.go:298] mockgcp request: POST https://compute.googleapis.com/compute/v1/projects/mock-project/regions/europe-west12/subnetworks
2026-08-11T22:42:26.0147673Z I0811 22:42:08.001924    4858 operations.go:125] "storing operation" fqn="projects/mock-project/regions/europe-west12/operations/operation-1786488128001-16bb22ed-ebb8-4b46-b977-ef460d390ffd"
2026-08-11T22:42:26.0148812Z I0811 22:42:08.002013    4858 mockgcp_http.go:327] mockgcp response: POST https://compute.googleapis.com/compute/v1/projects/mock-project/regions/europe-west12/subnetworks => 200
2026-08-11T22:42:26.0150114Z I0811 22:42:08.002067    4858 mockgcp_http.go:298] mockgcp request: GET https://compute.googleapis.com/compute/v1/projects/mock-project/regions/europe-west12/operations/operation-1786488128001-16bb22ed-ebb8-4b46-b977-ef460d390ffd
2026-08-11T22:42:26.0152078Z I0811 22:42:08.002353    4858 mockgcp_http.go:327] mockgcp response: GET https://compute.googleapis.com/compute/v1/projects/mock-project/regions/europe-west12/operations/operation-1786488128001-16bb22ed-ebb8-4b46-b977-ef460d390ffd => 200
2026-08-11T22:42:26.0153140Z I0811 22:42:08.002417    4858 mockgcp_http.go:298] mockgcp request: POST https://compute.googleapis.com/compute/v1/projects/mock-project/regions/me-central1/subnetworks
2026-08-11T22:42:26.0154186Z I0811 22:42:08.002744    4858 operations.go:125] "storing operation" fqn="projects/mock-project/regions/me-central1/operations/operation-1786488128002-353f0baa-0d6b-496e-92c1-0b6e553d5c08"
2026-08-11T22:42:26.0155087Z I0811 22:42:08.002874    4858 mockgcp_http.go:327] mockgcp response: POST https://compute.googleapis.com/compute/v1/projects/mock-project/regions/me-central1/subnetworks => 200
2026-08-11T22:42:26.0156393Z I0811 22:42:08.002937    4858 mockgcp_http.go:298] mockgcp request: GET https://compute.googleapis.com/compute/v1/projects/mock-project/regions/me-central1/operations/operation-1786488128002-353f0baa-0d6b-496e-92c1-0b6e553d5c08
2026-08-11T22:42:26.0157786Z I0811 22:42:08.003318    4858 mockgcp_http.go:327] mockgcp response: GET https://compute.googleapis.com/compute/v1/projects/mock-project/regions/me-central1/operations/operation-1786488128002-353f0baa-0d6b-496e-92c1-0b6e553d5c08 => 200
2026-08-11T22:42:26.0158691Z I0811 22:42:08.003403    4858 mockgcp_http.go:298] mockgcp request: POST https://compute.googleapis.com/compute/v1/projects/mock-project/regions/europe-west10/subnetworks
2026-08-11T22:42:26.0159762Z I0811 22:42:08.003714    4858 operations.go:125] "storing operation" fqn="projects/mock-project/regions/europe-west10/operations/operation-1786488128003-8bb5a12c-3873-455f-8e79-f5cb484cc2e1"
2026-08-11T22:42:26.0160704Z I0811 22:42:08.003809    4858 mockgcp_http.go:327] mockgcp response: POST https://compute.googleapis.com/compute/v1/projects/mock-project/regions/europe-west10/subnetworks => 200
2026-08-11T22:42:26.0161976Z I0811 22:42:08.003859    4858 mockgcp_http.go:298] mockgcp request: GET https://compute.googleapis.com/compute/v1/projects/mock-project/regions/europe-west10/operations/operation-1786488128003-8bb5a12c-3873-455f-8e79-f5cb484cc2e1
2026-08-11T22:42:26.0163449Z I0811 22:42:08.004072    4858 mockgcp_http.go:327] mockgcp response: GET https://compute.googleapis.com/compute/v1/projects/mock-project/regions/europe-west10/operations/operation-1786488128003-8bb5a12c-3873-455f-8e79-f5cb484cc2e1 => 200
2026-08-11T22:42:26.0164344Z I0811 22:42:08.004127    4858 mockgcp_http.go:298] mockgcp request: POST https://compute.googleapis.com/compute/v1/projects/mock-project/regions/africa-south1/subnetworks
2026-08-11T22:42:26.0165343Z I0811 22:42:08.004429    4858 operations.go:125] "storing operation" fqn="projects/mock-project/regions/africa-south1/operations/operation-1786488128004-ea78bd2a-f4dd-4497-9548-a79e873118fb"
2026-08-11T22:42:26.0166671Z I0811 22:42:08.004522    4858 mockgcp_http.go:327] mockgcp response: POST https://compute.googleapis.com/compute/v1/projects/mock-project/regions/africa-south1/subnetworks => 200
2026-08-11T22:42:26.0167976Z I0811 22:42:08.004574    4858 mockgcp_http.go:298] mockgcp request: GET https://compute.googleapis.com/compute/v1/projects/mock-project/regions/africa-south1/operations/operation-1786488128004-ea78bd2a-f4dd-4497-9548-a79e873118fb
2026-08-11T22:42:26.0169415Z I0811 22:42:08.004798    4858 mockgcp_http.go:327] mockgcp response: GET https://compute.googleapis.com/compute/v1/projects/mock-project/regions/africa-south1/operations/operation-1786488128004-ea78bd2a-f4dd-4497-9548-a79e873118fb => 200
2026-08-11T22:42:26.0170520Z I0811 22:42:08.004855    4858 mockgcp_http.go:298] mockgcp request: POST https://compute.googleapis.com/compute/v1/projects/mock-project/regions/northamerica-south1/subnetworks
2026-08-11T22:42:26.0171649Z I0811 22:42:08.005108    4858 operations.go:125] "storing operation" fqn="projects/mock-project/regions/northamerica-south1/operations/operation-1786488128005-cf63da34-4368-4472-9d75-ca48863884c0"
2026-08-11T22:42:26.0172780Z I0811 22:42:08.005198    4858 mockgcp_http.go:327] mockgcp response: POST https://compute.googleapis.com/compute/v1/projects/mock-project/regions/northamerica-south1/subnetworks => 200
2026-08-11T22:42:26.0174142Z I0811 22:42:08.005259    4858 mockgcp_http.go:298] mockgcp request: GET https://compute.googleapis.com/compute/v1/projects/mock-project/regions/northamerica-south1/operations/operation-1786488128005-cf63da34-4368-4472-9d75-ca48863884c0
2026-08-11T22:42:26.0175527Z I0811 22:42:08.005696    4858 mockgcp_http.go:327] mockgcp response: GET https://compute.googleapis.com/compute/v1/projects/mock-project/regions/northamerica-south1/operations/operation-1786488128005-cf63da34-4368-4472-9d75-ca48863884c0 => 200
2026-08-11T22:42:26.0176407Z I0811 22:42:08.005754    4858 mockgcp_http.go:298] mockgcp request: POST https://compute.googleapis.com/compute/v1/projects/mock-project/regions/europe-north2/subnetworks
2026-08-11T22:42:26.0177447Z I0811 22:42:08.006099    4858 operations.go:125] "storing operation" fqn="projects/mock-project/regions/europe-north2/operations/operation-1786488128006-9f327e70-b2b1-4b8f-82df-636fe7f7fc59"
2026-08-11T22:42:26.0178409Z I0811 22:42:08.006221    4858 mockgcp_http.go:327] mockgcp response: POST https://compute.googleapis.com/compute/v1/projects/mock-project/regions/europe-north2/subnetworks => 200
2026-08-11T22:42:26.0179705Z I0811 22:42:08.006281    4858 mockgcp_http.go:298] mockgcp request: GET https://compute.googleapis.com/compute/v1/projects/mock-project/regions/europe-north2/operations/operation-1786488128006-9f327e70-b2b1-4b8f-82df-636fe7f7fc59
2026-08-11T22:42:26.0181068Z I0811 22:42:08.006535    4858 mockgcp_http.go:327] mockgcp response: GET https://compute.googleapis.com/compute/v1/projects/mock-project/regions/europe-north2/operations/operation-1786488128006-9f327e70-b2b1-4b8f-82df-636fe7f7fc59 => 200
2026-08-11T22:42:26.0181826Z I0811 22:42:08.006758    4858 mockgcp_http.go:298] mockgcp request: POST https://compute.googleapis.com/compute/v1/projects/mock-project/global/routes
2026-08-11T22:42:26.0182907Z I0811 22:42:08.007173    4858 operations.go:125] "storing operation" fqn="projects/mock-project/global/operations/operation-1786488128007-bf3780b6-4072-4d4d-b609-3ea1054fe669"
2026-08-11T22:42:26.0183649Z I0811 22:42:08.007295    4858 mockgcp_http.go:327] mockgcp response: POST https://compute.googleapis.com/compute/v1/projects/mock-project/global/routes => 200
2026-08-11T22:42:26.0184805Z I0811 22:42:08.007340    4858 mockgcp_http.go:298] mockgcp request: GET https://compute.googleapis.com/compute/v1/projects/mock-project/global/operations/operation-1786488128007-bf3780b6-4072-4d4d-b609-3ea1054fe669
2026-08-11T22:42:26.0186023Z I0811 22:42:08.007584    4858 mockgcp_http.go:327] mockgcp response: GET https://compute.googleapis.com/compute/v1/projects/mock-project/global/operations/operation-1786488128007-bf3780b6-4072-4d4d-b609-3ea1054fe669 => 200
2026-08-11T22:42:26.0187077Z I0811 22:42:08.007636    4858 mockgcp_http.go:298] mockgcp request: GET https://compute.googleapis.com/compute/v1/projects/mock-project/aggregated/subnetworks
2026-08-11T22:42:26.0187926Z I0811 22:42:08.010303    4858 mockgcp_http.go:327] mockgcp response: GET https://compute.googleapis.com/compute/v1/projects/mock-project/aggregated/subnetworks => 200
2026-08-11T22:42:26.0188674Z I0811 22:42:08.011714    4858 mockgcp_http.go:298] mockgcp request: POST https://compute.googleapis.com/compute/v1/projects/mock-project/global/routes
2026-08-11T22:42:26.0189776Z I0811 22:42:08.012157    4858 operations.go:125] "storing operation" fqn="projects/mock-project/global/operations/operation-1786488128012-fb45a121-ae31-4e4c-9c47-32edc7d76071"
2026-08-11T22:42:26.0190560Z I0811 22:42:08.012237    4858 mockgcp_http.go:327] mockgcp response: POST https://compute.googleapis.com/compute/v1/projects/mock-project/global/routes => 200
2026-08-11T22:42:26.0191737Z I0811 22:42:08.012299    4858 mockgcp_http.go:298] mockgcp request: GET https://compute.googleapis.com/compute/v1/projects/mock-project/global/operations/operation-1786488128012-fb45a121-ae31-4e4c-9c47-32edc7d76071
2026-08-11T22:42:26.0193172Z I0811 22:42:08.012684    4858 mockgcp_http.go:327] mockgcp response: GET https://compute.googleapis.com/compute/v1/projects/mock-project/global/operations/operation-1786488128012-fb45a121-ae31-4e4c-9c47-32edc7d76071 => 200
2026-08-11T22:42:26.0193950Z I0811 22:42:08.012754    4858 mockgcp_http.go:298] mockgcp request: POST https://compute.googleapis.com/compute/v1/projects/mock-project/global/routes
2026-08-11T22:42:26.0194938Z I0811 22:42:08.013150    4858 operations.go:125] "storing operation" fqn="projects/mock-project/global/operations/operation-1786488128013-50e736d8-28e6-447c-a98a-ddd6d029ac45"
2026-08-11T22:42:26.0196221Z I0811 22:42:08.013292    4858 mockgcp_http.go:327] mockgcp response: POST https://compute.googleapis.com/compute/v1/projects/mock-project/global/routes => 200
2026-08-11T22:42:26.0197373Z I0811 22:42:08.013344    4858 mockgcp_http.go:298] mockgcp request: GET https://compute.googleapis.com/compute/v1/projects/mock-project/global/operations/operation-1786488128013-50e736d8-28e6-447c-a98a-ddd6d029ac45
2026-08-11T22:42:26.0198635Z I0811 22:42:08.013667    4858 mockgcp_http.go:327] mockgcp response: GET https://compute.googleapis.com/compute/v1/projects/mock-project/global/operations/operation-1786488128013-50e736d8-28e6-447c-a98a-ddd6d029ac45 => 200
2026-08-11T22:42:26.0199394Z I0811 22:42:08.013731    4858 mockgcp_http.go:298] mockgcp request: POST https://compute.googleapis.com/compute/v1/projects/mock-project/global/routes
2026-08-11T22:42:26.0200360Z I0811 22:42:08.014116    4858 operations.go:125] "storing operation" fqn="projects/mock-project/global/operations/operation-1786488128014-9db7b8c2-fd26-4fd0-a436-6546ff1d84ff"
2026-08-11T22:42:26.0201191Z I0811 22:42:08.014254    4858 mockgcp_http.go:327] mockgcp response: POST https://compute.googleapis.com/compute/v1/projects/mock-project/global/routes => 200
2026-08-11T22:42:26.0202591Z I0811 22:42:08.014307    4858 mockgcp_http.go:298] mockgcp request: GET https://compute.googleapis.com/compute/v1/projects/mock-project/global/operations/operation-1786488128014-9db7b8c2-fd26-4fd0-a436-6546ff1d84ff
2026-08-11T22:42:26.0203893Z I0811 22:42:08.014655    4858 mockgcp_http.go:327] mockgcp response: GET https://compute.googleapis.com/compute/v1/projects/mock-project/global/operations/operation-1786488128014-9db7b8c2-fd26-4fd0-a436-6546ff1d84ff => 200
2026-08-11T22:42:26.0204675Z I0811 22:42:08.014708    4858 mockgcp_http.go:298] mockgcp request: POST https://compute.googleapis.com/compute/v1/projects/mock-project/global/routes
2026-08-11T22:42:26.0205640Z I0811 22:42:08.015084    4858 operations.go:125] "storing operation" fqn="projects/mock-project/global/operations/operation-1786488128015-1b448044-1c70-4b1f-8370-716c0c043835"
2026-08-11T22:42:26.0206718Z I0811 22:42:08.015235    4858 mockgcp_http.go:327] mockgcp response: POST https://compute.googleapis.com/compute/v1/projects/mock-project/global/routes => 200
2026-08-11T22:42:26.0207937Z I0811 22:42:08.015295    4858 mockgcp_http.go:298] mockgcp request: GET https://compute.googleapis.com/compute/v1/projects/mock-project/global/operations/operation-1786488128015-1b448044-1c70-4b1f-8370-716c0c043835
2026-08-11T22:42:26.0209200Z I0811 22:42:08.015574    4858 mockgcp_http.go:327] mockgcp response: GET https://compute.googleapis.com/compute/v1/projects/mock-project/global/operations/operation-1786488128015-1b448044-1c70-4b1f-8370-716c0c043835 => 200
2026-08-11T22:42:26.0210136Z I0811 22:42:08.015628    4858 mockgcp_http.go:298] mockgcp request: POST https://compute.googleapis.com/compute/v1/projects/mock-project/global/routes
2026-08-11T22:42:26.0211110Z I0811 22:42:08.015951    4858 operations.go:125] "storing operation" fqn="projects/mock-project/global/operations/operation-1786488128015-40545ce5-ded8-4277-b33f-1c8ce4d3ab49"
2026-08-11T22:42:26.0211957Z I0811 22:42:08.016088    4858 mockgcp_http.go:327] mockgcp response: POST https://compute.googleapis.com/compute/v1/projects/mock-project/global/routes => 200
2026-08-11T22:42:26.0213352Z I0811 22:42:08.016166    4858 mockgcp_http.go:298] mockgcp request: GET https://compute.googleapis.com/compute/v1/projects/mock-project/global/operations/operation-1786488128015-40545ce5-ded8-4277-b33f-1c8ce4d3ab49
2026-08-11T22:42:26.0214639Z I0811 22:42:08.016418    4858 mockgcp_http.go:327] mockgcp response: GET https://compute.googleapis.com/compute/v1/projects/mock-project/global/operations/operation-1786488128015-40545ce5-ded8-4277-b33f-1c8ce4d3ab49 => 200
2026-08-11T22:42:26.0215451Z I0811 22:42:08.016479    4858 mockgcp_http.go:298] mockgcp request: POST https://compute.googleapis.com/compute/v1/projects/mock-project/global/routes
2026-08-11T22:42:26.0216420Z I0811 22:42:08.016832    4858 operations.go:125] "storing operation" fqn="projects/mock-project/global/operations/operation-1786488128016-4be32799-7a16-4590-9a83-80d84c39a0c5"
2026-08-11T22:42:26.0217268Z I0811 22:42:08.016944    4858 mockgcp_http.go:327] mockgcp response: POST https://compute.googleapis.com/compute/v1/projects/mock-project/global/routes => 200
2026-08-11T22:42:26.0218463Z I0811 22:42:08.016991    4858 mockgcp_http.go:298] mockgcp request: GET https://compute.googleapis.com/compute/v1/projects/mock-project/global/operations/operation-1786488128016-4be32799-7a16-4590-9a83-80d84c39a0c5
2026-08-11T22:42:26.0219740Z I0811 22:42:08.017161    4858 mockgcp_http.go:327] mockgcp response: GET https://compute.googleapis.com/compute/v1/projects/mock-project/global/operations/operation-1786488128016-4be32799-7a16-4590-9a83-80d84c39a0c5 => 200
2026-08-11T22:42:26.0220540Z I0811 22:42:08.017224    4858 mockgcp_http.go:298] mockgcp request: POST https://compute.googleapis.com/compute/v1/projects/mock-project/global/routes
2026-08-11T22:42:26.0221518Z I0811 22:42:08.017542    4858 operations.go:125] "storing operation" fqn="projects/mock-project/global/operations/operation-1786488128017-0cdfe9cc-9d27-4869-9391-b70a116202f9"
2026-08-11T22:42:26.0222534Z I0811 22:42:08.017652    4858 mockgcp_http.go:327] mockgcp response: POST https://compute.googleapis.com/compute/v1/projects/mock-project/global/routes => 200
2026-08-11T22:42:26.0223777Z I0811 22:42:08.017700    4858 mockgcp_http.go:298] mockgcp request: GET https://compute.googleapis.com/compute/v1/projects/mock-project/global/operations/operation-1786488128017-0cdfe9cc-9d27-4869-9391-b70a116202f9
2026-08-11T22:42:26.0225054Z I0811 22:42:08.017910    4858 mockgcp_http.go:327] mockgcp response: GET https://compute.googleapis.com/compute/v1/projects/mock-project/global/operations/operation-1786488128017-0cdfe9cc-9d27-4869-9391-b70a116202f9 => 200
2026-08-11T22:42:26.0225852Z I0811 22:42:08.017965    4858 mockgcp_http.go:298] mockgcp request: POST https://compute.googleapis.com/compute/v1/projects/mock-project/global/routes
2026-08-11T22:42:26.0227025Z I0811 22:42:08.018192    4858 operations.go:125] "storing operation" fqn="projects/mock-project/global/operations/operation-1786488128018-055a8c7a-0929-45be-9226-d47b0056b706"
2026-08-11T22:42:26.0227859Z I0811 22:42:08.018308    4858 mockgcp_http.go:327] mockgcp response: POST https://compute.googleapis.com/compute/v1/projects/mock-project/global/routes => 200
2026-08-11T22:42:26.0228945Z I0811 22:42:08.018352    4858 mockgcp_http.go:298] mockgcp request: GET https://compute.googleapis.com/compute/v1/projects/mock-project/global/operations/operation-1786488128018-055a8c7a-0929-45be-9226-d47b0056b706
2026-08-11T22:42:26.0230382Z I0811 22:42:08.018657    4858 mockgcp_http.go:327] mockgcp response: GET https://compute.googleapis.com/compute/v1/projects/mock-project/global/operations/operation-1786488128018-055a8c7a-0929-45be-9226-d47b0056b706 => 200
2026-08-11T22:42:26.0231173Z I0811 22:42:08.018719    4858 mockgcp_http.go:298] mockgcp request: POST https://compute.googleapis.com/compute/v1/projects/mock-project/global/routes
2026-08-11T22:42:26.0232146Z I0811 22:42:08.019060    4858 operations.go:125] "storing operation" fqn="projects/mock-project/global/operations/operation-1786488128019-040b9de9-4340-4a73-99fd-9b45bafedd09"
2026-08-11T22:42:26.0233135Z I0811 22:42:08.019545    4858 mockgcp_http.go:327] mockgcp response: POST https://compute.googleapis.com/compute/v1/projects/mock-project/global/routes => 200
2026-08-11T22:42:26.0234361Z I0811 22:42:08.019670    4858 mockgcp_http.go:298] mockgcp request: GET https://compute.googleapis.com/compute/v1/projects/mock-project/global/operations/operation-1786488128019-040b9de9-4340-4a73-99fd-9b45bafedd09
2026-08-11T22:42:26.0235641Z I0811 22:42:08.019873    4858 mockgcp_http.go:327] mockgcp response: GET https://compute.googleapis.com/compute/v1/projects/mock-project/global/operations/operation-1786488128019-040b9de9-4340-4a73-99fd-9b45bafedd09 => 200
2026-08-11T22:42:26.0236428Z I0811 22:42:08.019931    4858 mockgcp_http.go:298] mockgcp request: POST https://compute.googleapis.com/compute/v1/projects/mock-project/global/routes
2026-08-11T22:42:26.0237401Z I0811 22:42:08.020313    4858 operations.go:125] "storing operation" fqn="projects/mock-project/global/operations/operation-1786488128020-81cbff70-72ed-4527-a65b-7600bcdf60c4"
2026-08-11T22:42:26.0238231Z I0811 22:42:08.020466    4858 mockgcp_http.go:327] mockgcp response: POST https://compute.googleapis.com/compute/v1/projects/mock-project/global/routes => 200
2026-08-11T22:42:26.0239467Z I0811 22:42:08.020527    4858 mockgcp_http.go:298] mockgcp request: GET https://compute.googleapis.com/compute/v1/projects/mock-project/global/operations/operation-1786488128020-81cbff70-72ed-4527-a65b-7600bcdf60c4
2026-08-11T22:42:26.0240774Z I0811 22:42:08.020816    4858 mockgcp_http.go:327] mockgcp response: GET https://compute.googleapis.com/compute/v1/projects/mock-project/global/operations/operation-1786488128020-81cbff70-72ed-4527-a65b-7600bcdf60c4 => 200
2026-08-11T22:42:26.0241581Z I0811 22:42:08.020875    4858 mockgcp_http.go:298] mockgcp request: POST https://compute.googleapis.com/compute/v1/projects/mock-project/global/routes
2026-08-11T22:42:26.0242681Z I0811 22:42:08.021209    4858 operations.go:125] "storing operation" fqn="projects/mock-project/global/operations/operation-1786488128021-1e8edbbd-a5a7-494a-906a-55c45603e8fe"
2026-08-11T22:42:26.0243477Z I0811 22:42:08.021365    4858 mockgcp_http.go:327] mockgcp response: POST https://compute.googleapis.com/compute/v1/projects/mock-project/global/routes => 200
2026-08-11T22:42:26.0244569Z I0811 22:42:08.021411    4858 mockgcp_http.go:298] mockgcp request: GET https://compute.googleapis.com/compute/v1/projects/mock-project/global/operations/operation-1786488128021-1e8edbbd-a5a7-494a-906a-55c45603e8fe
2026-08-11T22:42:26.0245730Z I0811 22:42:08.021861    4858 mockgcp_http.go:327] mockgcp response: GET https://compute.googleapis.com/compute/v1/projects/mock-project/global/operations/operation-1786488128021-1e8edbbd-a5a7-494a-906a-55c45603e8fe => 200
2026-08-11T22:42:26.0246684Z I0811 22:42:08.021900    4858 mockgcp_http.go:298] mockgcp request: POST https://compute.googleapis.com/compute/v1/projects/mock-project/global/routes
2026-08-11T22:42:26.0247570Z I0811 22:42:08.022181    4858 operations.go:125] "storing operation" fqn="projects/mock-project/global/operations/operation-1786488128022-f794a229-12ee-42e5-b79c-5dac266e0ea5"
2026-08-11T22:42:26.0248340Z I0811 22:42:08.022310    4858 mockgcp_http.go:327] mockgcp response: POST https://compute.googleapis.com/compute/v1/projects/mock-project/global/routes => 200
2026-08-11T22:42:26.0249509Z I0811 22:42:08.022349    4858 mockgcp_http.go:298] mockgcp request: GET https://compute.googleapis.com/compute/v1/projects/mock-project/global/operations/operation-1786488128022-f794a229-12ee-42e5-b79c-5dac266e0ea5
2026-08-11T22:42:26.0250994Z I0811 22:42:08.022703    4858 mockgcp_http.go:327] mockgcp response: GET https://compute.googleapis.com/compute/v1/projects/mock-project/global/operations/operation-1786488128022-f794a229-12ee-42e5-b79c-5dac266e0ea5 => 200
2026-08-11T22:42:26.0251738Z I0811 22:42:08.022790    4858 mockgcp_http.go:298] mockgcp request: POST https://compute.googleapis.com/compute/v1/projects/mock-project/global/routes
2026-08-11T22:42:26.0252852Z I0811 22:42:08.023091    4858 operations.go:125] "storing operation" fqn="projects/mock-project/global/operations/operation-1786488128023-1051ad6c-7229-4422-802c-66966e281718"
2026-08-11T22:42:26.0253699Z I0811 22:42:08.023258    4858 mockgcp_http.go:327] mockgcp response: POST https://compute.googleapis.com/compute/v1/projects/mock-project/global/routes => 200
2026-08-11T22:42:26.0254917Z I0811 22:42:08.023310    4858 mockgcp_http.go:298] mockgcp request: GET https://compute.googleapis.com/compute/v1/projects/mock-project/global/operations/operation-1786488128023-1051ad6c-7229-4422-802c-66966e281718
2026-08-11T22:42:26.0256149Z I0811 22:42:08.023582    4858 mockgcp_http.go:327] mockgcp response: GET https://compute.googleapis.com/compute/v1/projects/mock-project/global/operations/operation-1786488128023-1051ad6c-7229-4422-802c-66966e281718 => 200
2026-08-11T22:42:26.0256947Z I0811 22:42:08.023641    4858 mockgcp_http.go:298] mockgcp request: POST https://compute.googleapis.com/compute/v1/projects/mock-project/global/routes
2026-08-11T22:42:26.0257910Z I0811 22:42:08.023935    4858 operations.go:125] "storing operation" fqn="projects/mock-project/global/operations/operation-1786488128023-eb1eaa0a-53c9-4a51-8e70-1cfe961105e3"
2026-08-11T22:42:26.0258744Z I0811 22:42:08.024043    4858 mockgcp_http.go:327] mockgcp response: POST https://compute.googleapis.com/compute/v1/projects/mock-project/global/routes => 200
2026-08-11T22:42:26.0259976Z I0811 22:42:08.024094    4858 mockgcp_http.go:298] mockgcp request: GET https://compute.googleapis.com/compute/v1/projects/mock-project/global/operations/operation-1786488128023-eb1eaa0a-53c9-4a51-8e70-1cfe961105e3
2026-08-11T22:42:26.0261252Z I0811 22:42:08.024363    4858 mockgcp_http.go:327] mockgcp response: GET https://compute.googleapis.com/compute/v1/projects/mock-project/global/operations/operation-1786488128023-eb1eaa0a-53c9-4a51-8e70-1cfe961105e3 => 200
2026-08-11T22:42:26.0262046Z I0811 22:42:08.024428    4858 mockgcp_http.go:298] mockgcp request: POST https://compute.googleapis.com/compute/v1/projects/mock-project/global/routes
2026-08-11T22:42:26.0263157Z I0811 22:42:08.024733    4858 operations.go:125] "storing operation" fqn="projects/mock-project/global/operations/operation-1786488128024-644c198f-8c79-49f6-a9f9-40779d1f0e3a"
2026-08-11T22:42:26.0263996Z I0811 22:42:08.024832    4858 mockgcp_http.go:327] mockgcp response: POST https://compute.googleapis.com/compute/v1/projects/mock-project/global/routes => 200
2026-08-11T22:42:26.0265208Z I0811 22:42:08.024908    4858 mockgcp_http.go:298] mockgcp request: GET https://compute.googleapis.com/compute/v1/projects/mock-project/global/operations/operation-1786488128024-644c198f-8c79-49f6-a9f9-40779d1f0e3a
2026-08-11T22:42:26.0266694Z I0811 22:42:08.025171    4858 mockgcp_http.go:327] mockgcp response: GET https://compute.googleapis.com/compute/v1/projects/mock-project/global/operations/operation-1786488128024-644c198f-8c79-49f6-a9f9-40779d1f0e3a => 200
2026-08-11T22:42:26.0267476Z I0811 22:42:08.025228    4858 mockgcp_http.go:298] mockgcp request: POST https://compute.googleapis.com/compute/v1/projects/mock-project/global/routes
2026-08-11T22:42:26.0268520Z I0811 22:42:08.025510    4858 operations.go:125] "storing operation" fqn="projects/mock-project/global/operations/operation-1786488128025-a117cf78-9eea-41a7-ad83-a81e9b4bf2bd"
2026-08-11T22:42:26.0269370Z I0811 22:42:08.025621    4858 mockgcp_http.go:327] mockgcp response: POST https://compute.googleapis.com/compute/v1/projects/mock-project/global/routes => 200
2026-08-11T22:42:26.0270757Z I0811 22:42:08.025683    4858 mockgcp_http.go:298] mockgcp request: GET https://compute.googleapis.com/compute/v1/projects/mock-project/global/operations/operation-1786488128025-a117cf78-9eea-41a7-ad83-a81e9b4bf2bd
2026-08-11T22:42:26.0272063Z I0811 22:42:08.025954    4858 mockgcp_http.go:327] mockgcp response: GET https://compute.googleapis.com/compute/v1/projects/mock-project/global/operations/operation-1786488128025-a117cf78-9eea-41a7-ad83-a81e9b4bf2bd => 200
2026-08-11T22:42:26.0273022Z I0811 22:42:08.026016    4858 mockgcp_http.go:298] mockgcp request: POST https://compute.googleapis.com/compute/v1/projects/mock-project/global/routes
2026-08-11T22:42:26.0274012Z I0811 22:42:08.026306    4858 operations.go:125] "storing operation" fqn="projects/mock-project/global/operations/operation-1786488128026-1ae585e4-d159-4704-a937-d90de6991e4f"
2026-08-11T22:42:26.0274870Z I0811 22:42:08.026400    4858 mockgcp_http.go:327] mockgcp response: POST https://compute.googleapis.com/compute/v1/projects/mock-project/global/routes => 200
2026-08-11T22:42:26.0276105Z I0811 22:42:08.026455    4858 mockgcp_http.go:298] mockgcp request: GET https://compute.googleapis.com/compute/v1/projects/mock-project/global/operations/operation-1786488128026-1ae585e4-d159-4704-a937-d90de6991e4f
2026-08-11T22:42:26.0277319Z I0811 22:42:08.026726    4858 mockgcp_http.go:327] mockgcp response: GET https://compute.googleapis.com/compute/v1/projects/mock-project/global/operations/operation-1786488128026-1ae585e4-d159-4704-a937-d90de6991e4f => 200
2026-08-11T22:42:26.0278069Z I0811 22:42:08.026802    4858 mockgcp_http.go:298] mockgcp request: POST https://compute.googleapis.com/compute/v1/projects/mock-project/global/routes
2026-08-11T22:42:26.0278972Z I0811 22:42:08.027106    4858 operations.go:125] "storing operation" fqn="projects/mock-project/global/operations/operation-1786488128027-fa6becfd-135d-47b1-870f-eefa6e4b086c"
2026-08-11T22:42:26.0279732Z I0811 22:42:08.027205    4858 mockgcp_http.go:327] mockgcp response: POST https://compute.googleapis.com/compute/v1/projects/mock-project/global/routes => 200
2026-08-11T22:42:26.0280900Z I0811 22:42:08.027272    4858 mockgcp_http.go:298] mockgcp request: GET https://compute.googleapis.com/compute/v1/projects/mock-project/global/operations/operation-1786488128027-fa6becfd-135d-47b1-870f-eefa6e4b086c
2026-08-11T22:42:26.0282094Z I0811 22:42:08.027516    4858 mockgcp_http.go:327] mockgcp response: GET https://compute.googleapis.com/compute/v1/projects/mock-project/global/operations/operation-1786488128027-fa6becfd-135d-47b1-870f-eefa6e4b086c => 200
2026-08-11T22:42:26.0283005Z I0811 22:42:08.027577    4858 mockgcp_http.go:298] mockgcp request: POST https://compute.googleapis.com/compute/v1/projects/mock-project/global/routes
2026-08-11T22:42:26.0284837Z I0811 22:42:08.027913    4858 operations.go:125] "storing operation" fqn="projects/mock-project/global/operations/operation-1786488128027-7ff94486-d944-4da9-b8b3-7f952ed24c52"
2026-08-11T22:42:26.0285734Z I0811 22:42:08.028028    4858 mockgcp_http.go:327] mockgcp response: POST https://compute.googleapis.com/compute/v1/projects/mock-project/global/routes => 200
2026-08-11T22:42:26.0286846Z I0811 22:42:08.028112    4858 mockgcp_http.go:298] mockgcp request: GET https://compute.googleapis.com/compute/v1/projects/mock-project/global/operations/operation-1786488128027-7ff94486-d944-4da9-b8b3-7f952ed24c52
2026-08-11T22:42:26.0288332Z I0811 22:42:08.028406    4858 mockgcp_http.go:327] mockgcp response: GET https://compute.googleapis.com/compute/v1/projects/mock-project/global/operations/operation-1786488128027-7ff94486-d944-4da9-b8b3-7f952ed24c52 => 200
2026-08-11T22:42:26.0289107Z I0811 22:42:08.028463    4858 mockgcp_http.go:298] mockgcp request: POST https://compute.googleapis.com/compute/v1/projects/mock-project/global/routes
2026-08-11T22:42:26.0290045Z I0811 22:42:08.028787    4858 operations.go:125] "storing operation" fqn="projects/mock-project/global/operations/operation-1786488128028-26163d98-853b-4b35-beba-6572e72f757c"
2026-08-11T22:42:26.0290979Z I0811 22:42:08.028894    4858 mockgcp_http.go:327] mockgcp response: POST https://compute.googleapis.com/compute/v1/projects/mock-project/global/routes => 200
2026-08-11T22:42:26.0292078Z I0811 22:42:08.028951    4858 mockgcp_http.go:298] mockgcp request: GET https://compute.googleapis.com/compute/v1/projects/mock-project/global/operations/operation-1786488128028-26163d98-853b-4b35-beba-6572e72f757c
2026-08-11T22:42:26.0293495Z I0811 22:42:08.029219    4858 mockgcp_http.go:327] mockgcp response: GET https://compute.googleapis.com/compute/v1/projects/mock-project/global/operations/operation-1786488128028-26163d98-853b-4b35-beba-6572e72f757c => 200
2026-08-11T22:42:26.0294254Z I0811 22:42:08.029304    4858 mockgcp_http.go:298] mockgcp request: POST https://compute.googleapis.com/compute/v1/projects/mock-project/global/routes
2026-08-11T22:42:26.0295171Z I0811 22:42:08.029578    4858 operations.go:125] "storing operation" fqn="projects/mock-project/global/operations/operation-1786488128029-a1779b96-4a5e-4528-8fe1-9458bb08b5e0"
2026-08-11T22:42:26.0295996Z I0811 22:42:08.029697    4858 mockgcp_http.go:327] mockgcp response: POST https://compute.googleapis.com/compute/v1/projects/mock-project/global/routes => 200
2026-08-11T22:42:26.0297175Z I0811 22:42:08.029747    4858 mockgcp_http.go:298] mockgcp request: GET https://compute.googleapis.com/compute/v1/projects/mock-project/global/operations/operation-1786488128029-a1779b96-4a5e-4528-8fe1-9458bb08b5e0
2026-08-11T22:42:26.0298329Z I0811 22:42:08.029997    4858 mockgcp_http.go:327] mockgcp response: GET https://compute.googleapis.com/compute/v1/projects/mock-project/global/operations/operation-1786488128029-a1779b96-4a5e-4528-8fe1-9458bb08b5e0 => 200
2026-08-11T22:42:26.0299071Z I0811 22:42:08.030056    4858 mockgcp_http.go:298] mockgcp request: POST https://compute.googleapis.com/compute/v1/projects/mock-project/global/routes
2026-08-11T22:42:26.0299979Z I0811 22:42:08.030352    4858 operations.go:125] "storing operation" fqn="projects/mock-project/global/operations/operation-1786488128030-d6ded83e-bcb6-4882-9b5e-b3b595fa2763"
2026-08-11T22:42:26.0300814Z I0811 22:42:08.030467    4858 mockgcp_http.go:327] mockgcp response: POST https://compute.googleapis.com/compute/v1/projects/mock-project/global/routes => 200
2026-08-11T22:42:26.0301918Z I0811 22:42:08.030522    4858 mockgcp_http.go:298] mockgcp request: GET https://compute.googleapis.com/compute/v1/projects/mock-project/global/operations/operation-1786488128030-d6ded83e-bcb6-4882-9b5e-b3b595fa2763
2026-08-11T22:42:26.0303252Z I0811 22:42:08.030778    4858 mockgcp_http.go:327] mockgcp response: GET https://compute.googleapis.com/compute/v1/projects/mock-project/global/operations/operation-1786488128030-d6ded83e-bcb6-4882-9b5e-b3b595fa2763 => 200
2026-08-11T22:42:26.0304021Z I0811 22:42:08.030882    4858 mockgcp_http.go:298] mockgcp request: POST https://compute.googleapis.com/compute/v1/projects/mock-project/global/routes
2026-08-11T22:42:26.0304989Z I0811 22:42:08.031820    4858 operations.go:125] "storing operation" fqn="projects/mock-project/global/operations/operation-1786488128031-521c5187-0e10-477a-b0ec-0a7551d434bb"
2026-08-11T22:42:26.0305758Z I0811 22:42:08.031906    4858 mockgcp_http.go:327] mockgcp response: POST https://compute.googleapis.com/compute/v1/projects/mock-project/global/routes => 200
2026-08-11T22:42:26.0307212Z I0811 22:42:08.031948    4858 mockgcp_http.go:298] mockgcp request: GET https://compute.googleapis.com/compute/v1/projects/mock-project/global/operations/operation-1786488128031-521c5187-0e10-477a-b0ec-0a7551d434bb
2026-08-11T22:42:26.0308436Z I0811 22:42:08.032222    4858 mockgcp_http.go:327] mockgcp response: GET https://compute.googleapis.com/compute/v1/projects/mock-project/global/operations/operation-1786488128031-521c5187-0e10-477a-b0ec-0a7551d434bb => 200
2026-08-11T22:42:26.0309199Z I0811 22:42:08.032294    4858 mockgcp_http.go:298] mockgcp request: POST https://compute.googleapis.com/compute/v1/projects/mock-project/global/routes
2026-08-11T22:42:26.0310419Z I0811 22:42:08.032660    4858 operations.go:125] "storing operation" fqn="projects/mock-project/global/operations/operation-1786488128032-2b10bc0c-4a40-4377-90c1-86ff02bfc267"
2026-08-11T22:42:26.0311300Z I0811 22:42:08.032825    4858 mockgcp_http.go:327] mockgcp response: POST https://compute.googleapis.com/compute/v1/projects/mock-project/global/routes => 200
2026-08-11T22:42:26.0312696Z I0811 22:42:08.032877    4858 mockgcp_http.go:298] mockgcp request: GET https://compute.googleapis.com/compute/v1/projects/mock-project/global/operations/operation-1786488128032-2b10bc0c-4a40-4377-90c1-86ff02bfc267
2026-08-11T22:42:26.0313965Z I0811 22:42:08.033181    4858 mockgcp_http.go:327] mockgcp response: GET https://compute.googleapis.com/compute/v1/projects/mock-project/global/operations/operation-1786488128032-2b10bc0c-4a40-4377-90c1-86ff02bfc267 => 200
2026-08-11T22:42:26.0314734Z I0811 22:42:08.033237    4858 mockgcp_http.go:298] mockgcp request: POST https://compute.googleapis.com/compute/v1/projects/mock-project/global/routes
2026-08-11T22:42:26.0315705Z I0811 22:42:08.033569    4858 operations.go:125] "storing operation" fqn="projects/mock-project/global/operations/operation-1786488128033-cc7fe132-85bf-46da-a076-044792ae02df"
2026-08-11T22:42:26.0316563Z I0811 22:42:08.033662    4858 mockgcp_http.go:327] mockgcp response: POST https://compute.googleapis.com/compute/v1/projects/mock-project/global/routes => 200
2026-08-11T22:42:26.0317773Z I0811 22:42:08.033705    4858 mockgcp_http.go:298] mockgcp request: GET https://compute.googleapis.com/compute/v1/projects/mock-project/global/operations/operation-1786488128033-cc7fe132-85bf-46da-a076-044792ae02df
2026-08-11T22:42:26.0319058Z I0811 22:42:08.033964    4858 mockgcp_http.go:327] mockgcp response: GET https://compute.googleapis.com/compute/v1/projects/mock-project/global/operations/operation-1786488128033-cc7fe132-85bf-46da-a076-044792ae02df => 200
2026-08-11T22:42:26.0319839Z I0811 22:42:08.034018    4858 mockgcp_http.go:298] mockgcp request: POST https://compute.googleapis.com/compute/v1/projects/mock-project/global/routes
2026-08-11T22:42:26.0320805Z I0811 22:42:08.034369    4858 operations.go:125] "storing operation" fqn="projects/mock-project/global/operations/operation-1786488128034-266e975f-cb85-4dcc-a9d8-149813dbdfd4"
2026-08-11T22:42:26.0321663Z I0811 22:42:08.034450    4858 mockgcp_http.go:327] mockgcp response: POST https://compute.googleapis.com/compute/v1/projects/mock-project/global/routes => 200
2026-08-11T22:42:26.0323013Z I0811 22:42:08.034486    4858 mockgcp_http.go:298] mockgcp request: GET https://compute.googleapis.com/compute/v1/projects/mock-project/global/operations/operation-1786488128034-266e975f-cb85-4dcc-a9d8-149813dbdfd4
2026-08-11T22:42:26.0324296Z I0811 22:42:08.034672    4858 mockgcp_http.go:327] mockgcp response: GET https://compute.googleapis.com/compute/v1/projects/mock-project/global/operations/operation-1786488128034-266e975f-cb85-4dcc-a9d8-149813dbdfd4 => 200
2026-08-11T22:42:26.0325068Z I0811 22:42:08.034726    4858 mockgcp_http.go:298] mockgcp request: POST https://compute.googleapis.com/compute/v1/projects/mock-project/global/routes
2026-08-11T22:42:26.0326027Z I0811 22:42:08.034941    4858 operations.go:125] "storing operation" fqn="projects/mock-project/global/operations/operation-1786488128034-2321830c-73cd-4eeb-ba71-de7e0e546e84"
2026-08-11T22:42:26.0327058Z I0811 22:42:08.035008    4858 mockgcp_http.go:327] mockgcp response: POST https://compute.googleapis.com/compute/v1/projects/mock-project/global/routes => 200
2026-08-11T22:42:26.0328295Z I0811 22:42:08.035040    4858 mockgcp_http.go:298] mockgcp request: GET https://compute.googleapis.com/compute/v1/projects/mock-project/global/operations/operation-1786488128034-2321830c-73cd-4eeb-ba71-de7e0e546e84
2026-08-11T22:42:26.0329559Z I0811 22:42:08.035173    4858 mockgcp_http.go:327] mockgcp response: GET https://compute.googleapis.com/compute/v1/projects/mock-project/global/operations/operation-1786488128034-2321830c-73cd-4eeb-ba71-de7e0e546e84 => 200
2026-08-11T22:42:26.0330554Z I0811 22:42:08.035211    4858 mockgcp_http.go:298] mockgcp request: POST https://compute.googleapis.com/compute/v1/projects/mock-project/global/routes
2026-08-11T22:42:26.0331527Z I0811 22:42:08.035555    4858 operations.go:125] "storing operation" fqn="projects/mock-project/global/operations/operation-1786488128035-cbda4768-e2a4-4f43-88d7-296bf4c254b5"
2026-08-11T22:42:26.0332364Z I0811 22:42:08.035640    4858 mockgcp_http.go:327] mockgcp response: POST https://compute.googleapis.com/compute/v1/projects/mock-project/global/routes => 200
2026-08-11T22:42:26.0333720Z I0811 22:42:08.035683    4858 mockgcp_http.go:298] mockgcp request: GET https://compute.googleapis.com/compute/v1/projects/mock-project/global/operations/operation-1786488128035-cbda4768-e2a4-4f43-88d7-296bf4c254b5
2026-08-11T22:42:26.0335000Z I0811 22:42:08.035930    4858 mockgcp_http.go:327] mockgcp response: GET https://compute.googleapis.com/compute/v1/projects/mock-project/global/operations/operation-1786488128035-cbda4768-e2a4-4f43-88d7-296bf4c254b5 => 200
2026-08-11T22:42:26.0335752Z I0811 22:42:08.035992    4858 mockgcp_http.go:298] mockgcp request: POST https://compute.googleapis.com/compute/v1/projects/mock-project/global/routes
2026-08-11T22:42:26.0336739Z I0811 22:42:08.036315    4858 operations.go:125] "storing operation" fqn="projects/mock-project/global/operations/operation-1786488128036-4f377577-fc7f-483f-b685-87aa5eaaba34"
2026-08-11T22:42:26.0337561Z I0811 22:42:08.036447    4858 mockgcp_http.go:327] mockgcp response: POST https://compute.googleapis.com/compute/v1/projects/mock-project/global/routes => 200
2026-08-11T22:42:26.0338729Z I0811 22:42:08.036500    4858 mockgcp_http.go:298] mockgcp request: GET https://compute.googleapis.com/compute/v1/projects/mock-project/global/operations/operation-1786488128036-4f377577-fc7f-483f-b685-87aa5eaaba34
2026-08-11T22:42:26.0339992Z I0811 22:42:08.036812    4858 mockgcp_http.go:327] mockgcp response: GET https://compute.googleapis.com/compute/v1/projects/mock-project/global/operations/operation-1786488128036-4f377577-fc7f-483f-b685-87aa5eaaba34 => 200
2026-08-11T22:42:26.0340783Z I0811 22:42:08.036875    4858 mockgcp_http.go:298] mockgcp request: POST https://compute.googleapis.com/compute/v1/projects/mock-project/global/routes
2026-08-11T22:42:26.0341739Z I0811 22:42:08.037150    4858 operations.go:125] "storing operation" fqn="projects/mock-project/global/operations/operation-1786488128037-45fd9503-746e-42f6-a705-418b362681b0"
2026-08-11T22:42:26.0342715Z I0811 22:42:08.037267    4858 mockgcp_http.go:327] mockgcp response: POST https://compute.googleapis.com/compute/v1/projects/mock-project/global/routes => 200
2026-08-11T22:42:26.0343921Z I0811 22:42:08.037314    4858 mockgcp_http.go:298] mockgcp request: GET https://compute.googleapis.com/compute/v1/projects/mock-project/global/operations/operation-1786488128037-45fd9503-746e-42f6-a705-418b362681b0
2026-08-11T22:42:26.0345145Z I0811 22:42:08.037473    4858 mockgcp_http.go:327] mockgcp response: GET https://compute.googleapis.com/compute/v1/projects/mock-project/global/operations/operation-1786488128037-45fd9503-746e-42f6-a705-418b362681b0 => 200
2026-08-11T22:42:26.0345911Z I0811 22:42:08.037514    4858 mockgcp_http.go:298] mockgcp request: POST https://compute.googleapis.com/compute/v1/projects/mock-project/global/routes
2026-08-11T22:42:26.0347104Z I0811 22:42:08.037718    4858 operations.go:125] "storing operation" fqn="projects/mock-project/global/operations/operation-1786488128037-27dcad6c-4877-44e4-b256-835ab84e1557"
2026-08-11T22:42:26.0347922Z I0811 22:42:08.037810    4858 mockgcp_http.go:327] mockgcp response: POST https://compute.googleapis.com/compute/v1/projects/mock-project/global/routes => 200
2026-08-11T22:42:26.0349102Z I0811 22:42:08.037851    4858 mockgcp_http.go:298] mockgcp request: GET https://compute.googleapis.com/compute/v1/projects/mock-project/global/operations/operation-1786488128037-27dcad6c-4877-44e4-b256-835ab84e1557
2026-08-11T22:42:26.0350533Z I0811 22:42:08.038050    4858 mockgcp_http.go:327] mockgcp response: GET https://compute.googleapis.com/compute/v1/projects/mock-project/global/operations/operation-1786488128037-27dcad6c-4877-44e4-b256-835ab84e1557 => 200
2026-08-11T22:42:26.0351278Z I0811 22:42:08.038108    4858 mockgcp_http.go:298] mockgcp request: POST https://compute.googleapis.com/compute/v1/projects/mock-project/global/routes
2026-08-11T22:42:26.0352225Z I0811 22:42:08.038377    4858 operations.go:125] "storing operation" fqn="projects/mock-project/global/operations/operation-1786488128038-741fc568-d991-4247-b51e-c553e6d2386f"
2026-08-11T22:42:26.0353190Z I0811 22:42:08.038463    4858 mockgcp_http.go:327] mockgcp response: POST https://compute.googleapis.com/compute/v1/projects/mock-project/global/routes => 200
2026-08-11T22:42:26.0354415Z I0811 22:42:08.038511    4858 mockgcp_http.go:298] mockgcp request: GET https://compute.googleapis.com/compute/v1/projects/mock-project/global/operations/operation-1786488128038-741fc568-d991-4247-b51e-c553e6d2386f
2026-08-11T22:42:26.0355626Z I0811 22:42:08.038681    4858 mockgcp_http.go:327] mockgcp response: GET https://compute.googleapis.com/compute/v1/projects/mock-project/global/operations/operation-1786488128038-741fc568-d991-4247-b51e-c553e6d2386f => 200
2026-08-11T22:42:26.0356351Z I0811 22:42:08.038740    4858 mockgcp_http.go:298] mockgcp request: POST https://compute.googleapis.com/compute/v1/projects/mock-project/global/routes
2026-08-11T22:42:26.0357269Z I0811 22:42:08.039054    4858 operations.go:125] "storing operation" fqn="projects/mock-project/global/operations/operation-1786488128039-7ed673cb-2cb6-425c-882e-a00b7569ce58"
2026-08-11T22:42:26.0358042Z I0811 22:42:08.039174    4858 mockgcp_http.go:327] mockgcp response: POST https://compute.googleapis.com/compute/v1/projects/mock-project/global/routes => 200
2026-08-11T22:42:26.0359163Z I0811 22:42:08.039227    4858 mockgcp_http.go:298] mockgcp request: GET https://compute.googleapis.com/compute/v1/projects/mock-project/global/operations/operation-1786488128039-7ed673cb-2cb6-425c-882e-a00b7569ce58
2026-08-11T22:42:26.0360346Z I0811 22:42:08.039443    4858 mockgcp_http.go:327] mockgcp response: GET https://compute.googleapis.com/compute/v1/projects/mock-project/global/operations/operation-1786488128039-7ed673cb-2cb6-425c-882e-a00b7569ce58 => 200
2026-08-11T22:42:26.0361099Z I0811 22:42:08.039502    4858 mockgcp_http.go:298] mockgcp request: POST https://compute.googleapis.com/compute/v1/projects/mock-project/global/routes
2026-08-11T22:42:26.0362023Z I0811 22:42:08.039781    4858 operations.go:125] "storing operation" fqn="projects/mock-project/global/operations/operation-1786488128039-47ed58f6-aece-438e-82cd-bf14706c8954"
2026-08-11T22:42:26.0363041Z I0811 22:42:08.039855    4858 mockgcp_http.go:327] mockgcp response: POST https://compute.googleapis.com/compute/v1/projects/mock-project/global/routes => 200
2026-08-11T22:42:26.0364173Z I0811 22:42:08.039890    4858 mockgcp_http.go:298] mockgcp request: GET https://compute.googleapis.com/compute/v1/projects/mock-project/global/operations/operation-1786488128039-47ed58f6-aece-438e-82cd-bf14706c8954
2026-08-11T22:42:26.0365420Z I0811 22:42:08.040032    4858 mockgcp_http.go:327] mockgcp response: GET https://compute.googleapis.com/compute/v1/projects/mock-project/global/operations/operation-1786488128039-47ed58f6-aece-438e-82cd-bf14706c8954 => 200
2026-08-11T22:42:26.0366418Z I0811 22:42:08.040075    4858 mockgcp_http.go:298] mockgcp request: POST https://compute.googleapis.com/compute/v1/projects/mock-project/global/routes
2026-08-11T22:42:26.0367361Z I0811 22:42:08.040399    4858 operations.go:125] "storing operation" fqn="projects/mock-project/global/operations/operation-1786488128040-9a0306b0-5550-4134-a59f-7c84cde0d8a4"
2026-08-11T22:42:26.0368249Z I0811 22:42:08.040852    4858 mockgcp_http.go:327] mockgcp response: POST https://compute.googleapis.com/compute/v1/projects/mock-project/global/routes => 200
2026-08-11T22:42:26.0369448Z I0811 22:42:08.040893    4858 mockgcp_http.go:298] mockgcp request: GET https://compute.googleapis.com/compute/v1/projects/mock-project/global/operations/operation-1786488128040-9a0306b0-5550-4134-a59f-7c84cde0d8a4
2026-08-11T22:42:26.0370827Z I0811 22:42:08.041172    4858 mockgcp_http.go:327] mockgcp response: GET https://compute.googleapis.com/compute/v1/projects/mock-project/global/operations/operation-1786488128040-9a0306b0-5550-4134-a59f-7c84cde0d8a4 => 200
2026-08-11T22:42:26.0371593Z I0811 22:42:08.041228    4858 mockgcp_http.go:298] mockgcp request: POST https://compute.googleapis.com/compute/v1/projects/mock-project/global/routes
2026-08-11T22:42:26.0373008Z I0811 22:42:08.041607    4858 operations.go:125] "storing operation" fqn="projects/mock-project/global/operations/operation-1786488128041-104da355-84d2-4cde-8bd9-97505ad72263"
2026-08-11T22:42:26.0373845Z I0811 22:42:08.041766    4858 mockgcp_http.go:327] mockgcp response: POST https://compute.googleapis.com/compute/v1/projects/mock-project/global/routes => 200
2026-08-11T22:42:26.0375024Z I0811 22:42:08.041831    4858 mockgcp_http.go:298] mockgcp request: GET https://compute.googleapis.com/compute/v1/projects/mock-project/global/operations/operation-1786488128041-104da355-84d2-4cde-8bd9-97505ad72263
2026-08-11T22:42:26.0376204Z I0811 22:42:08.042099    4858 mockgcp_http.go:327] mockgcp response: GET https://compute.googleapis.com/compute/v1/projects/mock-project/global/operations/operation-1786488128041-104da355-84d2-4cde-8bd9-97505ad72263 => 200
2026-08-11T22:42:26.0376945Z I0811 22:42:08.042176    4858 mockgcp_http.go:298] mockgcp request: POST https://compute.googleapis.com/compute/v1/projects/mock-project/global/routes
2026-08-11T22:42:26.0377895Z I0811 22:42:08.042771    4858 operations.go:125] "storing operation" fqn="projects/mock-project/global/operations/operation-1786488128042-cbbbab8d-dc5c-4755-a8c1-9c527b6671b5"
2026-08-11T22:42:26.0378726Z I0811 22:42:08.042868    4858 mockgcp_http.go:327] mockgcp response: POST https://compute.googleapis.com/compute/v1/projects/mock-project/global/routes => 200
2026-08-11T22:42:26.0379889Z I0811 22:42:08.042932    4858 mockgcp_http.go:298] mockgcp request: GET https://compute.googleapis.com/compute/v1/projects/mock-project/global/operations/operation-1786488128042-cbbbab8d-dc5c-4755-a8c1-9c527b6671b5
2026-08-11T22:42:26.0381134Z I0811 22:42:08.043124    4858 mockgcp_http.go:327] mockgcp response: GET https://compute.googleapis.com/compute/v1/projects/mock-project/global/operations/operation-1786488128042-cbbbab8d-dc5c-4755-a8c1-9c527b6671b5 => 200
2026-08-11T22:42:26.0381882Z I0811 22:42:08.043179    4858 mockgcp_http.go:298] mockgcp request: POST https://compute.googleapis.com/compute/v1/projects/mock-project/global/routes
2026-08-11T22:42:26.0383465Z I0811 22:42:08.043433    4858 operations.go:125] "storing operation" fqn="projects/mock-project/global/operations/operation-1786488128043-4256dec3-6461-4d71-9ffe-9246988cdc28"
2026-08-11T22:42:26.0384260Z I0811 22:42:08.043518    4858 mockgcp_http.go:327] mockgcp response: POST https://compute.googleapis.com/compute/v1/projects/mock-project/global/routes => 200
2026-08-11T22:42:26.0385428Z I0811 22:42:08.043566    4858 mockgcp_http.go:298] mockgcp request: GET https://compute.googleapis.com/compute/v1/projects/mock-project/global/operations/operation-1786488128043-4256dec3-6461-4d71-9ffe-9246988cdc28
2026-08-11T22:42:26.0386926Z I0811 22:42:08.043770    4858 mockgcp_http.go:327] mockgcp response: GET https://compute.googleapis.com/compute/v1/projects/mock-project/global/operations/operation-1786488128043-4256dec3-6461-4d71-9ffe-9246988cdc28 => 200
2026-08-11T22:42:26.0387710Z I0811 22:42:08.043842    4858 mockgcp_http.go:298] mockgcp request: POST https://compute.googleapis.com/compute/v1/projects/mock-project/global/routes
2026-08-11T22:42:26.0388660Z I0811 22:42:08.044156    4858 operations.go:125] "storing operation" fqn="projects/mock-project/global/operations/operation-1786488128044-08ece1cc-81f9-44be-a787-8873069b586a"
2026-08-11T22:42:26.0389492Z I0811 22:42:08.044298    4858 mockgcp_http.go:327] mockgcp response: POST https://compute.googleapis.com/compute/v1/projects/mock-project/global/routes => 200
2026-08-11T22:42:26.0390895Z I0811 22:42:08.044348    4858 mockgcp_http.go:298] mockgcp request: GET https://compute.googleapis.com/compute/v1/projects/mock-project/global/operations/operation-1786488128044-08ece1cc-81f9-44be-a787-8873069b586a
2026-08-11T22:42:26.0392178Z I0811 22:42:08.044607    4858 mockgcp_http.go:327] mockgcp response: GET https://compute.googleapis.com/compute/v1/projects/mock-project/global/operations/operation-1786488128044-08ece1cc-81f9-44be-a787-8873069b586a => 200
2026-08-11T22:42:26.0393067Z I0811 22:42:08.044657    4858 mockgcp_http.go:298] mockgcp request: POST https://compute.googleapis.com/compute/v1/projects/mock-project/global/routes
2026-08-11T22:42:26.0393955Z I0811 22:42:08.044965    4858 operations.go:125] "storing operation" fqn="projects/mock-project/global/operations/operation-1786488128044-701a73c7-7047-4dc8-a6a4-f164fdc19224"
2026-08-11T22:42:26.0394731Z I0811 22:42:08.045086    4858 mockgcp_http.go:327] mockgcp response: POST https://compute.googleapis.com/compute/v1/projects/mock-project/global/routes => 200
2026-08-11T22:42:26.0395838Z I0811 22:42:08.045137    4858 mockgcp_http.go:298] mockgcp request: GET https://compute.googleapis.com/compute/v1/projects/mock-project/global/operations/operation-1786488128044-701a73c7-7047-4dc8-a6a4-f164fdc19224
2026-08-11T22:42:26.0396978Z I0811 22:42:08.045410    4858 mockgcp_http.go:327] mockgcp response: GET https://compute.googleapis.com/compute/v1/projects/mock-project/global/operations/operation-1786488128044-701a73c7-7047-4dc8-a6a4-f164fdc19224 => 200
2026-08-11T22:42:26.0397687Z I0811 22:42:08.045472    4858 mockgcp_http.go:298] mockgcp request: POST https://compute.googleapis.com/compute/v1/projects/mock-project/global/routes
2026-08-11T22:42:26.0398556Z I0811 22:42:08.045771    4858 operations.go:125] "storing operation" fqn="projects/mock-project/global/operations/operation-1786488128045-e1066975-e2b9-4f64-bbf7-6abdfe3e090b"
2026-08-11T22:42:26.0399315Z I0811 22:42:08.045870    4858 mockgcp_http.go:327] mockgcp response: POST https://compute.googleapis.com/compute/v1/projects/mock-project/global/routes => 200
2026-08-11T22:42:26.0400431Z I0811 22:42:08.045923    4858 mockgcp_http.go:298] mockgcp request: GET https://compute.googleapis.com/compute/v1/projects/mock-project/global/operations/operation-1786488128045-e1066975-e2b9-4f64-bbf7-6abdfe3e090b
2026-08-11T22:42:26.0401589Z I0811 22:42:08.046179    4858 mockgcp_http.go:327] mockgcp response: GET https://compute.googleapis.com/compute/v1/projects/mock-project/global/operations/operation-1786488128045-e1066975-e2b9-4f64-bbf7-6abdfe3e090b => 200
2026-08-11T22:42:26.0402859Z I0811 22:42:08.908158    4858 mockgcp_http.go:298] mockgcp request: GET https://compute.googleapis.com/compute/v1/projects/mock-project/global/operations/operation-1786488127958-99c595da-18c3-45a8-9d89-d9d3dc073306
2026-08-11T22:42:26.0404053Z I0811 22:42:08.908774    4858 mockgcp_http.go:327] mockgcp response: GET https://compute.googleapis.com/compute/v1/projects/mock-project/global/operations/operation-1786488127958-99c595da-18c3-45a8-9d89-d9d3dc073306 => 200
2026-08-11T22:42:26.0404917Z I0811 22:42:08.908978    4858 mockgcp_http.go:327] mockgcp response: POST https://cloudresourcemanager.googleapis.com/v1/projects?alt=json&prettyPrint=false => 200
2026-08-11T22:42:26.0406368Z I0811 22:42:09.009623    4858 mockgcp_http.go:298] mockgcp request: GET https://cloudresourcemanager.googleapis.com/v1/operations/operation-1786488128908-fd206349-7fd8-4d5c-97ad-3e421b1b0c03?alt=json&prettyPrint=false
2026-08-11T22:42:26.0407677Z I0811 22:42:09.009793    4858 mockgcp_http.go:327] mockgcp response: GET https://cloudresourcemanager.googleapis.com/v1/operations/operation-1786488128908-fd206349-7fd8-4d5c-97ad-3e421b1b0c03?alt=json&prettyPrint=false => 200
2026-08-11T22:42:26.0408577Z I0811 22:42:09.009854    4858 mockgcp_http.go:298] mockgcp request: GET https://cloudresourcemanager.googleapis.com/v1/projects/mock-project?alt=json&prettyPrint=false
2026-08-11T22:42:26.0409720Z I0811 22:42:09.010309    4858 mockgcp_http.go:327] mockgcp response: GET https://cloudresourcemanager.googleapis.com/v1/projects/mock-project?alt=json&prettyPrint=false => 200
2026-08-11T22:42:26.0410150Z 2026/08/11 22:42:09 [INFO] Authenticating using configured Google JSON 'access_token'...
2026-08-11T22:42:26.0411194Z 2026/08/11 22:42:09 [INFO]   -- Scopes: [https://www.googleapis.com/auth/cloud-platform https://www.googleapis.com/auth/userinfo.email https://www.googleapis.com/auth/drive.readonly]
2026-08-11T22:42:26.0411599Z 2026/08/11 22:42:09 [INFO] Authenticating using configured Google JSON 'access_token'...
2026-08-11T22:42:26.0412764Z 2026/08/11 22:42:09 [INFO]   -- Scopes: [https://www.googleapis.com/auth/cloud-platform https://www.googleapis.com/auth/userinfo.email https://www.googleapis.com/auth/drive.readonly]
2026-08-11T22:42:26.0413042Z 2026/08/11 22:42:09 [DEBUG] Waiting for state to become: [success]
2026-08-11T22:42:26.0413713Z I0811 22:42:09.028067    4858 mockgcp_http.go:298] mockgcp request: GET https://openidconnect.googleapis.com/v1/userinfo?alt=json
2026-08-11T22:42:26.0413977Z 2026/08/11 22:42:09 response: 200 {"email":"test@example.com"}
2026-08-11T22:42:26.0414310Z 2026/08/11 22:42:09 [INFO] Terraform is using this identity: test@example.com
2026-08-11T22:42:26.0414476Z scopedNamespace is empty
2026-08-11T22:42:26.0415295Z {"severity":"info","timestamp":"2026-08-11T22:42:09.237Z","logger":"controller-runtime.webhook","msg":"Registering webhook","path":"/deny-unknown-fields"}
2026-08-11T22:42:26.0416056Z {"severity":"info","timestamp":"2026-08-11T22:42:09.237Z","logger":"controller-runtime.webhook","msg":"Registering webhook","path":"/iam-validation"}
2026-08-11T22:42:26.0416779Z {"severity":"info","timestamp":"2026-08-11T22:42:09.237Z","logger":"controller-runtime.webhook","msg":"Registering webhook","path":"/iam-defaulter"}
2026-08-11T22:42:26.0417597Z {"severity":"info","timestamp":"2026-08-11T22:42:09.237Z","logger":"controller-runtime.webhook","msg":"Registering webhook","path":"/container-annotation-handler"}
2026-08-11T22:42:26.0418508Z {"severity":"info","timestamp":"2026-08-11T22:42:09.241Z","logger":"controller-runtime.webhook","msg":"Registering webhook","path":"/management-conflict-annotation-defaulter"}
2026-08-11T22:42:26.0419242Z {"severity":"info","timestamp":"2026-08-11T22:42:09.241Z","logger":"controller-runtime.webhook","msg":"Registering webhook","path":"/generic-defaulter"}
2026-08-11T22:42:26.0419983Z {"severity":"info","timestamp":"2026-08-11T22:42:09.241Z","logger":"controller-runtime.webhook","msg":"Registering webhook","path":"/resource-validation"}
2026-08-11T22:42:26.0420791Z {"severity":"info","timestamp":"2026-08-11T22:42:09.241Z","logger":"controller-runtime.webhook","msg":"Registering webhook","path":"/state-into-spec-validation"}
2026-08-11T22:42:26.0421360Z     harness.go:820: waiting for webhook to start (webhook server has not been started yet)
2026-08-11T22:42:26.0421946Z {"severity":"info","timestamp":"2026-08-11T22:42:09.241Z","logger":"controller-runtime.webhook","msg":"Starting webhook server"}
2026-08-11T22:42:26.0453059Z {"severity":"info","timestamp":"2026-08-11T22:42:09.241Z","logger":"controller-runtime.certwatcher","msg":"Updated current TLS certificate"}
2026-08-11T22:42:26.0454271Z {"severity":"info","timestamp":"2026-08-11T22:42:09.241Z","logger":"controller-runtime.webhook","msg":"Serving webhook server","host":"127.0.0.1","port":34147}
2026-08-11T22:42:26.0455115Z {"severity":"info","timestamp":"2026-08-11T22:42:09.241Z","logger":"controller-runtime.certwatcher","msg":"Starting certificate poll+watcher","interval":"10s"}
2026-08-11T22:42:26.0455621Z     harness.go:826: waiting for controllers to register and cache to sync
2026-08-11T22:42:26.0457668Z     harness.go:1745: all expected controllers registered: [deletion-defender-registration-controller networksecuritygatewaysecuritypolicy-deletion-defender-controller networksecuritygatewaysecuritypolicy-parent-controller registration-controller]
2026-08-11T22:42:26.0458092Z     harness.go:832: controllers are registered and cache is synced
2026-08-11T22:42:26.0458507Z     unified_test.go:609: running with controller overrides: map[]
2026-08-11T22:42:26.0460805Z     harness.go:1745: all expected controllers registered: [deletion-defender-registration-controller networksecuritygatewaysecuritypolicy-deletion-defender-controller networksecuritygatewaysecuritypolicy-parent-controller registration-controller]
2026-08-11T22:42:26.0462181Z     samples.go:162: using server-side apply to create object GVK networksecurity.cnrm.cloud.google.com/v1alpha1, Kind=NetworkSecurityGatewaySecurityPolicy name gsp-min-jhbzcj27cpaluiy
2026-08-11T22:42:26.0463897Z {"severity":"info","timestamp":"2026-08-11T22:42:09.485Z","msg":"processing request","operation":"CREATE","handler":"state-into-spec validation","kind":"NetworkSecurityGatewaySecurityPolicy","resource":{"name":"gsp-min-jhbzcj27cpaluiy","namespace":"jhbzcj27cpaluiy"}}
2026-08-11T22:42:26.0465689Z {"severity":"info","timestamp":"2026-08-11T22:42:09.485Z","msg":"done processing request","operation":"CREATE","handler":"state-into-spec validation","kind":"NetworkSecurityGatewaySecurityPolicy","resource":{"name":"gsp-min-jhbzcj27cpaluiy","namespace":"jhbzcj27cpaluiy"},"result-code":200,"result-reason":""}
2026-08-11T22:42:26.0467192Z {"severity":"info","timestamp":"2026-08-11T22:42:09.485Z","msg":"processing request","operation":"CREATE","handler":"unknown fields validation","kind":"NetworkSecurityGatewaySecurityPolicy","resource":{"name":"gsp-min-jhbzcj27cpaluiy","namespace":"jhbzcj27cpaluiy"}}
2026-08-11T22:42:26.0469024Z {"severity":"info","timestamp":"2026-08-11T22:42:09.485Z","msg":"done processing request","operation":"CREATE","handler":"unknown fields validation","kind":"NetworkSecurityGatewaySecurityPolicy","resource":{"name":"gsp-min-jhbzcj27cpaluiy","namespace":"jhbzcj27cpaluiy"},"result-code":200,"result-reason":""}
2026-08-11T22:42:26.0470004Z {"severity":"info","timestamp":"2026-08-11T22:42:09.489Z","msg":"resource does not yet have status","kind":"NetworkSecurityGatewaySecurityPolicy","name":"gsp-min-jhbzcj27cpaluiy"}
2026-08-11T22:42:26.0474081Z {"severity":"info","timestamp":"2026-08-11T22:42:09.695Z","msg":"structuredreporting OnReconcileStart","controller":"networksecuritygatewaysecuritypolicy-parent-controller","controllerGroup":"networksecurity.cnrm.cloud.google.com","controllerKind":"NetworkSecurityGatewaySecurityPolicy","NetworkSecurityGatewaySecurityPolicy":{"name":"gsp-min-jhbzcj27cpaluiy","namespace":"jhbzcj27cpaluiy"},"namespace":"jhbzcj27cpaluiy","name":"gsp-min-jhbzcj27cpaluiy","reconcileID":"b45b8fab-673c-47e8-b3d5-515f80dd7cd7","object.kind":"NetworkSecurityGatewaySecurityPolicy","object.name":"gsp-min-jhbzcj27cpaluiy"}
2026-08-11T22:42:26.0475621Z {"severity":"info","timestamp":"2026-08-11T22:42:09.702Z","msg":"processing request","operation":"UPDATE","handler":"unknown fields validation","kind":"NetworkSecurityGatewaySecurityPolicy","resource":{"name":"gsp-min-jhbzcj27cpaluiy","namespace":"jhbzcj27cpaluiy"}}
2026-08-11T22:42:26.0477354Z {"severity":"info","timestamp":"2026-08-11T22:42:09.702Z","msg":"done processing request","operation":"UPDATE","handler":"unknown fields validation","kind":"NetworkSecurityGatewaySecurityPolicy","resource":{"name":"gsp-min-jhbzcj27cpaluiy","namespace":"jhbzcj27cpaluiy"},"result-code":200,"result-reason":""}
2026-08-11T22:42:26.0479075Z {"severity":"info","timestamp":"2026-08-11T22:42:09.703Z","msg":"processing request","operation":"UPDATE","handler":"state-into-spec validation","kind":"NetworkSecurityGatewaySecurityPolicy","resource":{"name":"gsp-min-jhbzcj27cpaluiy","namespace":"jhbzcj27cpaluiy"}}
2026-08-11T22:42:26.0480574Z {"severity":"info","timestamp":"2026-08-11T22:42:09.703Z","msg":"done processing request","operation":"UPDATE","handler":"state-into-spec validation","kind":"NetworkSecurityGatewaySecurityPolicy","resource":{"name":"gsp-min-jhbzcj27cpaluiy","namespace":"jhbzcj27cpaluiy"},"result-code":200,"result-reason":""}
2026-08-11T22:42:26.0483737Z {"severity":"info","timestamp":"2026-08-11T22:42:09.707Z","msg":"structuredreporting OnDiff","controller":"networksecuritygatewaysecuritypolicy-parent-controller","controllerGroup":"networksecurity.cnrm.cloud.google.com","controllerKind":"NetworkSecurityGatewaySecurityPolicy","NetworkSecurityGatewaySecurityPolicy":{"name":"gsp-min-jhbzcj27cpaluiy","namespace":"jhbzcj27cpaluiy"},"namespace":"jhbzcj27cpaluiy","name":"gsp-min-jhbzcj27cpaluiy","reconcileID":"b45b8fab-673c-47e8-b3d5-515f80dd7cd7","diff.controller":"direct","diff.fields":[],"diff.isNewObject":true}
2026-08-11T22:42:26.0484338Z {"severity":"info","timestamp":"2026-08-11T22:42:10.492Z","msg":"resource does not yet have status","kind":"NetworkSecurityGatewaySecurityPolicy","name":"gsp-min-jhbzcj27cpaluiy"}
2026-08-11T22:42:26.0484879Z {"severity":"info","timestamp":"2026-08-11T22:42:11.493Z","msg":"resource does not yet have status","kind":"NetworkSecurityGatewaySecurityPolicy","name":"gsp-min-jhbzcj27cpaluiy"}
2026-08-11T22:42:26.0485799Z {"severity":"info","timestamp":"2026-08-11T22:42:12.492Z","msg":"resource does not yet have status","kind":"NetworkSecurityGatewaySecurityPolicy","name":"gsp-min-jhbzcj27cpaluiy"}
2026-08-11T22:42:26.0486710Z {"severity":"info","timestamp":"2026-08-11T22:42:13.494Z","msg":"resource does not yet have status","kind":"NetworkSecurityGatewaySecurityPolicy","name":"gsp-min-jhbzcj27cpaluiy"}
2026-08-11T22:42:26.0487593Z {"severity":"info","timestamp":"2026-08-11T22:42:14.493Z","msg":"resource does not yet have status","kind":"NetworkSecurityGatewaySecurityPolicy","name":"gsp-min-jhbzcj27cpaluiy"}
2026-08-11T22:42:26.0488990Z {"severity":"info","timestamp":"2026-08-11T22:42:14.717Z","msg":"processing request","operation":"UPDATE","handler":"state-into-spec validation","kind":"NetworkSecurityGatewaySecurityPolicy","resource":{"name":"gsp-min-jhbzcj27cpaluiy","namespace":"jhbzcj27cpaluiy"}}
2026-08-11T22:42:26.0490749Z {"severity":"info","timestamp":"2026-08-11T22:42:14.718Z","msg":"done processing request","operation":"UPDATE","handler":"state-into-spec validation","kind":"NetworkSecurityGatewaySecurityPolicy","resource":{"name":"gsp-min-jhbzcj27cpaluiy","namespace":"jhbzcj27cpaluiy"},"result-code":200,"result-reason":""}
2026-08-11T22:42:26.0492181Z {"severity":"info","timestamp":"2026-08-11T22:42:14.718Z","msg":"processing request","operation":"UPDATE","handler":"unknown fields validation","kind":"NetworkSecurityGatewaySecurityPolicy","resource":{"name":"gsp-min-jhbzcj27cpaluiy","namespace":"jhbzcj27cpaluiy"}}
2026-08-11T22:42:26.0493997Z {"severity":"info","timestamp":"2026-08-11T22:42:14.718Z","msg":"done processing request","operation":"UPDATE","handler":"unknown fields validation","kind":"NetworkSecurityGatewaySecurityPolicy","resource":{"name":"gsp-min-jhbzcj27cpaluiy","namespace":"jhbzcj27cpaluiy"},"result-code":200,"result-reason":""}
2026-08-11T22:42:26.0498156Z {"severity":"info","timestamp":"2026-08-11T22:42:14.726Z","msg":"structuredreporting OnReconcileEnd","controller":"networksecuritygatewaysecuritypolicy-parent-controller","controllerGroup":"networksecurity.cnrm.cloud.google.com","controllerKind":"NetworkSecurityGatewaySecurityPolicy","NetworkSecurityGatewaySecurityPolicy":{"name":"gsp-min-jhbzcj27cpaluiy","namespace":"jhbzcj27cpaluiy"},"namespace":"jhbzcj27cpaluiy","name":"gsp-min-jhbzcj27cpaluiy","reconcileID":"b45b8fab-673c-47e8-b3d5-515f80dd7cd7","object.kind":"NetworkSecurityGatewaySecurityPolicy","object.name":"gsp-min-jhbzcj27cpaluiy","result":{"Requeue":false,"RequeueAfter":0},"error":null}
2026-08-11T22:42:26.0499358Z {"severity":"info","timestamp":"2026-08-11T22:42:15.493Z","msg":"resource is ready","kind":"NetworkSecurityGatewaySecurityPolicy","name":"gsp-min-jhbzcj27cpaluiy"}
2026-08-11T22:42:26.0501008Z     unified_test.go:733: Testing re-reconciliation... test name networksecuritygatewaysecuritypolicy-minimal primary GVK networksecurity.cnrm.cloud.google.com/v1alpha1, Kind=NetworkSecurityGatewaySecurityPolicy
2026-08-11T22:42:26.0502587Z {"severity":"info","timestamp":"2026-08-11T22:42:15.504Z","msg":"processing request","operation":"UPDATE","handler":"state-into-spec validation","kind":"NetworkSecurityGatewaySecurityPolicy","resource":{"name":"gsp-min-jhbzcj27cpaluiy","namespace":"jhbzcj27cpaluiy"}}
2026-08-11T22:42:26.0504235Z {"severity":"info","timestamp":"2026-08-11T22:42:15.504Z","msg":"processing request","operation":"UPDATE","handler":"unknown fields validation","kind":"NetworkSecurityGatewaySecurityPolicy","resource":{"name":"gsp-min-jhbzcj27cpaluiy","namespace":"jhbzcj27cpaluiy"}}
2026-08-11T22:42:26.0505986Z {"severity":"info","timestamp":"2026-08-11T22:42:15.504Z","msg":"done processing request","operation":"UPDATE","handler":"state-into-spec validation","kind":"NetworkSecurityGatewaySecurityPolicy","resource":{"name":"gsp-min-jhbzcj27cpaluiy","namespace":"jhbzcj27cpaluiy"},"result-code":200,"result-reason":""}
2026-08-11T22:42:26.0507702Z {"severity":"info","timestamp":"2026-08-11T22:42:15.504Z","msg":"done processing request","operation":"UPDATE","handler":"unknown fields validation","kind":"NetworkSecurityGatewaySecurityPolicy","resource":{"name":"gsp-min-jhbzcj27cpaluiy","namespace":"jhbzcj27cpaluiy"},"result-code":200,"result-reason":""}
2026-08-11T22:42:26.0511510Z {"severity":"info","timestamp":"2026-08-11T22:42:15.510Z","msg":"structuredreporting OnReconcileStart","controller":"networksecuritygatewaysecuritypolicy-parent-controller","controllerGroup":"networksecurity.cnrm.cloud.google.com","controllerKind":"NetworkSecurityGatewaySecurityPolicy","NetworkSecurityGatewaySecurityPolicy":{"name":"gsp-min-jhbzcj27cpaluiy","namespace":"jhbzcj27cpaluiy"},"namespace":"jhbzcj27cpaluiy","name":"gsp-min-jhbzcj27cpaluiy","reconcileID":"9f33aaa9-5632-42a5-8ebd-17cd6cc25003","object.kind":"NetworkSecurityGatewaySecurityPolicy","object.name":"gsp-min-jhbzcj27cpaluiy"}
2026-08-11T22:42:26.0513147Z {"severity":"info","timestamp":"2026-08-11T22:42:15.519Z","msg":"processing request","operation":"UPDATE","handler":"state-into-spec validation","kind":"NetworkSecurityGatewaySecurityPolicy","resource":{"name":"gsp-min-jhbzcj27cpaluiy","namespace":"jhbzcj27cpaluiy"}}
2026-08-11T22:42:26.0514896Z {"severity":"info","timestamp":"2026-08-11T22:42:15.519Z","msg":"processing request","operation":"UPDATE","handler":"unknown fields validation","kind":"NetworkSecurityGatewaySecurityPolicy","resource":{"name":"gsp-min-jhbzcj27cpaluiy","namespace":"jhbzcj27cpaluiy"}}
2026-08-11T22:42:26.0516805Z {"severity":"info","timestamp":"2026-08-11T22:42:15.519Z","msg":"done processing request","operation":"UPDATE","handler":"state-into-spec validation","kind":"NetworkSecurityGatewaySecurityPolicy","resource":{"name":"gsp-min-jhbzcj27cpaluiy","namespace":"jhbzcj27cpaluiy"},"result-code":200,"result-reason":""}
2026-08-11T22:42:26.0518462Z {"severity":"info","timestamp":"2026-08-11T22:42:15.520Z","msg":"done processing request","operation":"UPDATE","handler":"unknown fields validation","kind":"NetworkSecurityGatewaySecurityPolicy","resource":{"name":"gsp-min-jhbzcj27cpaluiy","namespace":"jhbzcj27cpaluiy"},"result-code":200,"result-reason":""}
2026-08-11T22:42:26.0522774Z {"severity":"info","timestamp":"2026-08-11T22:42:15.528Z","msg":"structuredreporting OnReconcileEnd","controller":"networksecuritygatewaysecuritypolicy-parent-controller","controllerGroup":"networksecurity.cnrm.cloud.google.com","controllerKind":"NetworkSecurityGatewaySecurityPolicy","NetworkSecurityGatewaySecurityPolicy":{"name":"gsp-min-jhbzcj27cpaluiy","namespace":"jhbzcj27cpaluiy"},"namespace":"jhbzcj27cpaluiy","name":"gsp-min-jhbzcj27cpaluiy","reconcileID":"9f33aaa9-5632-42a5-8ebd-17cd6cc25003","object.kind":"NetworkSecurityGatewaySecurityPolicy","object.name":"gsp-min-jhbzcj27cpaluiy","result":{"Requeue":false,"RequeueAfter":0},"error":null}
2026-08-11T22:42:26.0523810Z {"severity":"info","timestamp":"2026-08-11T22:42:17.515Z","msg":"Deleting resource","kind":"NetworkSecurityGatewaySecurityPolicy","name":"gsp-min-jhbzcj27cpaluiy"}
2026-08-11T22:42:26.0525146Z {"severity":"info","timestamp":"2026-08-11T22:42:17.526Z","logger":"networksecuritygatewaysecuritypolicy-deletion-defender-controller","msg":"starting deletion defender finalization","resource":{"name":"gsp-min-jhbzcj27cpaluiy","namespace":"jhbzcj27cpaluiy"}}
2026-08-11T22:42:26.0526568Z {"severity":"info","timestamp":"2026-08-11T22:42:17.537Z","msg":"processing request","operation":"UPDATE","handler":"unknown fields validation","kind":"NetworkSecurityGatewaySecurityPolicy","resource":{"name":"gsp-min-jhbzcj27cpaluiy","namespace":"jhbzcj27cpaluiy"}}
2026-08-11T22:42:26.0528080Z {"severity":"info","timestamp":"2026-08-11T22:42:17.540Z","msg":"done processing request","operation":"UPDATE","handler":"unknown fields validation","kind":"NetworkSecurityGatewaySecurityPolicy","resource":{"name":"gsp-min-jhbzcj27cpaluiy","namespace":"jhbzcj27cpaluiy"},"result-code":200,"result-reason":""}
2026-08-11T22:42:26.0529369Z {"severity":"info","timestamp":"2026-08-11T22:42:17.540Z","msg":"processing request","operation":"UPDATE","handler":"state-into-spec validation","kind":"NetworkSecurityGatewaySecurityPolicy","resource":{"name":"gsp-min-jhbzcj27cpaluiy","namespace":"jhbzcj27cpaluiy"}}
2026-08-11T22:42:26.0530840Z {"severity":"info","timestamp":"2026-08-11T22:42:17.541Z","msg":"done processing request","operation":"UPDATE","handler":"state-into-spec validation","kind":"NetworkSecurityGatewaySecurityPolicy","resource":{"name":"gsp-min-jhbzcj27cpaluiy","namespace":"jhbzcj27cpaluiy"},"result-code":200,"result-reason":""}
2026-08-11T22:42:26.0532139Z {"severity":"info","timestamp":"2026-08-11T22:42:17.545Z","logger":"networksecuritygatewaysecuritypolicy-deletion-defender-controller","msg":"successfully finalized deletion defense","resource":{"name":"gsp-min-jhbzcj27cpaluiy","namespace":"jhbzcj27cpaluiy"}}
2026-08-11T22:42:26.0536173Z {"severity":"info","timestamp":"2026-08-11T22:42:17.549Z","msg":"structuredreporting OnReconcileStart","controller":"networksecuritygatewaysecuritypolicy-parent-controller","controllerGroup":"networksecurity.cnrm.cloud.google.com","controllerKind":"NetworkSecurityGatewaySecurityPolicy","NetworkSecurityGatewaySecurityPolicy":{"name":"gsp-min-jhbzcj27cpaluiy","namespace":"jhbzcj27cpaluiy"},"namespace":"jhbzcj27cpaluiy","name":"gsp-min-jhbzcj27cpaluiy","reconcileID":"a0220dab-bcc8-4765-85f1-e5218ebf5d3d","object.kind":"NetworkSecurityGatewaySecurityPolicy","object.name":"gsp-min-jhbzcj27cpaluiy"}
2026-08-11T22:42:26.0539472Z {"severity":"info","timestamp":"2026-08-11T22:42:17.551Z","msg":"finalizing resource deletion","controller":"networksecuritygatewaysecuritypolicy-parent-controller","controllerGroup":"networksecurity.cnrm.cloud.google.com","controllerKind":"NetworkSecurityGatewaySecurityPolicy","NetworkSecurityGatewaySecurityPolicy":{"name":"gsp-min-jhbzcj27cpaluiy","namespace":"jhbzcj27cpaluiy"},"namespace":"jhbzcj27cpaluiy","name":"gsp-min-jhbzcj27cpaluiy","reconcileID":"a0220dab-bcc8-4765-85f1-e5218ebf5d3d","resource":{"name":"gsp-min-jhbzcj27cpaluiy","namespace":"jhbzcj27cpaluiy"}}
2026-08-11T22:42:26.0542899Z {"severity":"info","timestamp":"2026-08-11T22:42:17.551Z","msg":"deleting underlying resource","controller":"networksecuritygatewaysecuritypolicy-parent-controller","controllerGroup":"networksecurity.cnrm.cloud.google.com","controllerKind":"NetworkSecurityGatewaySecurityPolicy","NetworkSecurityGatewaySecurityPolicy":{"name":"gsp-min-jhbzcj27cpaluiy","namespace":"jhbzcj27cpaluiy"},"namespace":"jhbzcj27cpaluiy","name":"gsp-min-jhbzcj27cpaluiy","reconcileID":"a0220dab-bcc8-4765-85f1-e5218ebf5d3d","resource":{"name":"gsp-min-jhbzcj27cpaluiy","namespace":"jhbzcj27cpaluiy"}}
2026-08-11T22:42:26.0544441Z {"severity":"info","timestamp":"2026-08-11T22:42:22.566Z","msg":"processing request","operation":"UPDATE","handler":"unknown fields validation","kind":"NetworkSecurityGatewaySecurityPolicy","resource":{"name":"gsp-min-jhbzcj27cpaluiy","namespace":"jhbzcj27cpaluiy"}}
2026-08-11T22:42:26.0545872Z {"severity":"info","timestamp":"2026-08-11T22:42:22.566Z","msg":"processing request","operation":"UPDATE","handler":"state-into-spec validation","kind":"NetworkSecurityGatewaySecurityPolicy","resource":{"name":"gsp-min-jhbzcj27cpaluiy","namespace":"jhbzcj27cpaluiy"}}
2026-08-11T22:42:26.0547738Z {"severity":"info","timestamp":"2026-08-11T22:42:22.567Z","msg":"done processing request","operation":"UPDATE","handler":"unknown fields validation","kind":"NetworkSecurityGatewaySecurityPolicy","resource":{"name":"gsp-min-jhbzcj27cpaluiy","namespace":"jhbzcj27cpaluiy"},"result-code":200,"result-reason":""}
2026-08-11T22:42:26.0549608Z {"severity":"info","timestamp":"2026-08-11T22:42:22.567Z","msg":"done processing request","operation":"UPDATE","handler":"state-into-spec validation","kind":"NetworkSecurityGatewaySecurityPolicy","resource":{"name":"gsp-min-jhbzcj27cpaluiy","namespace":"jhbzcj27cpaluiy"},"result-code":200,"result-reason":""}
2026-08-11T22:42:26.0554107Z {"severity":"info","timestamp":"2026-08-11T22:42:22.571Z","msg":"structuredreporting OnReconcileEnd","controller":"networksecuritygatewaysecuritypolicy-parent-controller","controllerGroup":"networksecurity.cnrm.cloud.google.com","controllerKind":"NetworkSecurityGatewaySecurityPolicy","NetworkSecurityGatewaySecurityPolicy":{"name":"gsp-min-jhbzcj27cpaluiy","namespace":"jhbzcj27cpaluiy"},"namespace":"jhbzcj27cpaluiy","name":"gsp-min-jhbzcj27cpaluiy","reconcileID":"a0220dab-bcc8-4765-85f1-e5218ebf5d3d","object.kind":"NetworkSecurityGatewaySecurityPolicy","object.name":"gsp-min-jhbzcj27cpaluiy","result":{"Requeue":false,"RequeueAfter":0},"error":null}
2026-08-11T22:42:26.0555884Z {"severity":"info","timestamp":"2026-08-11T22:42:22.574Z","logger":"networksecuritygatewaysecuritypolicy-deletion-defender-controller","msg":"resource not found in API server; finishing reconcile","resource":{"name":"gsp-min-jhbzcj27cpaluiy","namespace":"jhbzcj27cpaluiy"}}
2026-08-11T22:42:26.0556844Z {"severity":"info","timestamp":"2026-08-11T22:42:23.534Z","msg":"Done waiting for resource to delete","kind":"NetworkSecurityGatewaySecurityPolicy","name":"gsp-min-jhbzcj27cpaluiy"}
2026-08-11T22:42:26.0559120Z     utils.go:165: FAIL: unexpected diff in /home/runner/work/k8s-config-connector/k8s-config-connector/pkg/test/resourcefixture/testdata/basic/networksecurity/v1alpha1/networksecuritygatewaysecuritypolicy/networksecuritygatewaysecuritypolicy-minimal/_http_mock.log:   (
2026-08-11T22:42:26.0559309Z           	"""
2026-08-11T22:42:26.0559618Z           	... // 94 identical lines
2026-08-11T22:42:26.0559839Z           	---
2026-08-11T22:42:26.0560007Z           	
2026-08-11T22:42:26.0560712Z         - 	GRPC /google.cloud.networksecurity.v1.NetworkSecurity/GetGatewaySecurityPolicy
2026-08-11T22:42:26.0560872Z         - 	
2026-08-11T22:42:26.0561017Z         - 	{
2026-08-11T22:42:26.0561880Z         - 	  "name": "projects/${projectId}/locations/us-central1/gatewaySecurityPolicies/gsp-min-${uniqueId}"
2026-08-11T22:42:26.0562028Z         - 	}
2026-08-11T22:42:26.0562170Z         - 	
2026-08-11T22:42:26.0562313Z         - 	OK
2026-08-11T22:42:26.0562604Z         - 	
2026-08-11T22:42:26.0562746Z         - 	{
2026-08-11T22:42:26.0563093Z         - 	  "createTime": "2024-04-01T12:34:56.123456Z",
2026-08-11T22:42:26.0563903Z         - 	  "name": "projects/${projectId}/locations/us-central1/gatewaySecurityPolicies/gsp-min-${uniqueId}",
2026-08-11T22:42:26.0564236Z         - 	  "updateTime": "2024-04-01T12:34:56.123456Z"
2026-08-11T22:42:26.0564400Z         - 	}
2026-08-11T22:42:26.0564538Z         - 	
2026-08-11T22:42:26.0564973Z         - 	---
2026-08-11T22:42:26.0565121Z         - 	
2026-08-11T22:42:26.0565995Z           	GRPC /google.cloud.networksecurity.v1.NetworkSecurity/DeleteGatewaySecurityPolicy
2026-08-11T22:42:26.0566148Z           	
2026-08-11T22:42:26.0566431Z           	... // 42 identical lines
2026-08-11T22:42:26.0566588Z           	"""
2026-08-11T22:42:26.0566742Z           )
2026-08-11T22:42:26.0568978Z     utils.go:175: wrote updated golden output to /home/runner/work/k8s-config-connector/k8s-config-connector/pkg/test/resourcefixture/testdata/basic/networksecurity/v1alpha1/networksecuritygatewaysecuritypolicy/networksecuritygatewaysecuritypolicy-minimal/_http_mock.log
2026-08-11T22:42:26.0569454Z     harness.go:768: waiting for controller-runtime manager shutdown
2026-08-11T22:42:26.0571443Z I0811 22:42:23.542010    4858 reflector.go:556] "Warning: watch ended with error" reflector="pkg/mod/k8s.io/client-go@v0.33.10/tools/cache/reflector.go:285" type="*v1beta1.ConfigConnector" err="an error on the server (\"unable to decode an event from the watch stream: context canceled\") has prevented the request from succeeding"
2026-08-11T22:42:26.0571968Z {"severity":"info","timestamp":"2026-08-11T22:42:23.542Z","msg":"Stopping and waiting for non leader election runnables"}
2026-08-11T22:42:26.0572684Z {"severity":"info","timestamp":"2026-08-11T22:42:23.542Z","msg":"Stopping and waiting for leader election runnables"}
2026-08-11T22:42:26.0573032Z 2026/08/11 22:42:23 [DEBUG] parent context canceled, cleaning up batcher batches
2026-08-11T22:42:26.0573243Z 2026/08/11 22:42:23 [DEBUG] Stopping batcher "IAM"
2026-08-11T22:42:26.0575028Z I0811 22:42:23.542103    4858 reflector.go:556] "Warning: watch ended with error" reflector="pkg/mod/k8s.io/client-go@v0.33.10/tools/cache/reflector.go:285" type="*v1.PartialObjectMetadata" err="an error on the server (\"unable to decode an event from the watch stream: context canceled\") has prevented the request from succeeding"
2026-08-11T22:42:26.0576837Z I0811 22:42:23.542320    4858 reflector.go:556] "Warning: watch ended with error" reflector="pkg/mod/k8s.io/client-go@v0.33.10/tools/cache/reflector.go:285" type="*v1.CustomResourceDefinition" err="an error on the server (\"unable to decode an event from the watch stream: context canceled\") has prevented the request from succeeding"
2026-08-11T22:42:26.0577628Z {"severity":"info","timestamp":"2026-08-11T22:42:23.542Z","logger":"controller-runtime.webhook","msg":"Shutting down webhook server with timeout of 1 minute"}
2026-08-11T22:42:26.0577968Z 2026/08/11 22:42:23 [DEBUG] parent context canceled, cleaning up batcher batches
2026-08-11T22:42:26.0578233Z 2026/08/11 22:42:23 [DEBUG] Stopping batcher "Service Usage"
2026-08-11T22:42:26.0579882Z I0811 22:42:23.542391    4858 reflector.go:556] "Warning: watch ended with error" reflector="pkg/mod/k8s.io/client-go@v0.33.10/tools/cache/reflector.go:285" type="*v1beta1.ConfigConnectorContext" err="an error on the server (\"unable to decode an event from the watch stream: context canceled\") has prevented the request from succeeding"
2026-08-11T22:42:26.0580340Z {"severity":"info","timestamp":"2026-08-11T22:42:23.542Z","msg":"Stopping and waiting for caches"}
2026-08-11T22:42:26.0580784Z {"severity":"info","timestamp":"2026-08-11T22:42:23.542Z","msg":"Stopping and waiting for webhooks"}
2026-08-11T22:42:26.0581241Z {"severity":"info","timestamp":"2026-08-11T22:42:24.619Z","msg":"Stopping and waiting for HTTP servers"}
2026-08-11T22:42:26.0581787Z {"severity":"info","timestamp":"2026-08-11T22:42:24.619Z","msg":"Wait completed, proceeding to shutdown the manager"}
2026-08-11T22:42:26.0582151Z     harness.go:770: controller-runtime manager is shutdown
2026-08-11T22:42:26.0582307Z === NAME  TestAllInSeries
2026-08-11T22:42:26.0582748Z     unified_test.go:198: shutting down manager
2026-08-11T22:42:26.0582923Z --- FAIL: TestAllInSeries (26.65s)
2026-08-11T22:42:26.0583208Z     --- FAIL: TestAllInSeries/fixtures (26.65s)
2026-08-11T22:42:26.0584981Z         --- FAIL: TestAllInSeries/fixtures/pkg/test/resourcefixture/testdata/basic/networksecurity/v1alpha1/networksecuritygatewaysecuritypolicy/networksecuritygatewaysecuritypolicy-minimal (26.37s)
2026-08-11T22:42:26.0585356Z FAIL
2026-08-11T22:42:26.0586021Z --- END LOGS FOR FAILING TEST pkg/test/resourcefixture/testdata/basic/networksecurity/v1alpha1/networksecuritygatewaysecuritypolicy/networksecuritygatewaysecuritypolicy-minimal ---
2026-08-11T22:42:32.3853820Z PASS: pkg/test/resourcefixture/testdata/basic/networksecurity/v1alpha1/networksecuritygatewaysecuritypolicy/networksecuritygatewaysecuritypolicy-maximal (33.664s)
2026-08-11T22:42:41.8316981Z PASS: pkg/test/resourcefixture/testdata/basic/networksecurity/v1alpha1/networksecuritymirroringdeployment/networksecuritymirroringdeployment-maximal (32.187s)
2026-08-11T22:42:45.9520643Z PASS: pkg/test/resourcefixture/testdata/basic/networksecurity/v1alpha1/networksecuritysacrealm/networksecuritysacrealm-full (27.579s)
2026-08-11T22:42:46.8595689Z PASS: pkg/test/resourcefixture/testdata/basic/networksecurity/v1alpha1/networksecuritymirroringdeployment/networksecuritymirroringdeployment-minimal (33.732s)
2026-08-11T22:42:47.2427993Z PASS: pkg/test/resourcefixture/testdata/basic/networksecurity/v1alpha1/networksecuritysacrealm/networksecuritysacrealm-minimal (27.077s)
2026-08-11T22:42:47.7072612Z PASS: pkg/test/resourcefixture/testdata/basic/networksecurity/v1alpha1/networksecuritymirroringendpointgroup/networksecuritymirroringendpointgroup-minimal (31.653s)
2026-08-11T22:42:47.9414207Z PASS: pkg/test/resourcefixture/testdata/basic/networksecurity/v1alpha1/networksecuritymirroringendpointgroup/networksecuritymirroringendpointgroup-full (32.256s)
2026-08-11T22:43:00.2992237Z PASS: pkg/test/resourcefixture/testdata/basic/networksecurity/v1alpha1/networksecuritysecurityprofile/securityprofile-customintercept (34.561s)
2026-08-11T22:43:07.6948864Z PASS: pkg/test/resourcefixture/testdata/basic/networksecurity/v1alpha1/networksecuritysecurityprofile/securityprofile-minimal (25.863s)
2026-08-11T22:43:15.7652829Z PASS: pkg/test/resourcefixture/testdata/basic/networksecurity/v1alpha1/networksecuritysecurityprofile/securityprofile-custommirroring (43.379s)
2026-08-11T22:43:19.3020466Z PASS: pkg/test/resourcefixture/testdata/basic/networksecurity/v1alpha1/networksecuritysecurityprofile/securityprofile-threatprevention (33.349s)
2026-08-11T22:43:20.4215428Z PASS: pkg/test/resourcefixture/testdata/basic/networksecurity/v1alpha1/networksecuritysecurityprofile/securityprofile-urlfiltering (33.562s)
2026-08-11T22:43:26.5720036Z PASS: pkg/test/resourcefixture/testdata/basic/networksecurity/v1alpha1/networksecuritytlsinspectionpolicy/tlsinspectionpolicy-basic (18.877s)
2026-08-11T22:43:32.5238667Z PASS: pkg/test/resourcefixture/testdata/basic/networksecurity/v1alpha1/networksecurityurllist/urllist-maximal (16.759s)
2026-08-11T22:43:32.8086344Z PASS: pkg/test/resourcefixture/testdata/basic/networksecurity/v1beta1/networksecurityclienttlspolicy (285ms)
2026-08-11T22:43:35.4366855Z PASS: pkg/test/resourcefixture/testdata/basic/networksecurity/v1alpha1/networksecuritysecurityprofilegroup/securityprofilegroup-customintercept (48.194s)
2026-08-11T22:43:35.9230726Z PASS: pkg/test/resourcefixture/testdata/basic/networksecurity/v1beta1/networksecurityauthorizationpolicy/networksecurityauthorizationpolicy-full (15.501s)
2026-08-11T22:43:36.0298586Z PASS: pkg/test/resourcefixture/testdata/basic/networksecurity/v1alpha1/networksecurityurllist/urllist-minimal (16.727s)
2026-08-11T22:43:40.7987593Z PASS: pkg/test/resourcefixture/testdata/basic/networksecurity/v1beta1/networksecurityauthorizationpolicy/networksecurityauthorizationpolicy-minimal (14.227s)
2026-08-11T22:43:45.0057784Z PASS: pkg/test/resourcefixture/testdata/basic/networksecurity/v1alpha1/networksecuritysecurityprofilegroup/securityprofilegroup-maximal (57.066s)
2026-08-11T22:43:45.0160922Z PASS: pkg/test/resourcefixture/testdata/basic/networksecurity/v1alpha1/networksecuritysecurityprofilegroup/securityprofilegroup-custommirroring (57.309s)
2026-08-11T22:43:47.5469844Z PASS: pkg/test/resourcefixture/testdata/basic/networksecurity/v1beta1/networksecurityservertlspolicy (14.738s)
2026-08-11T22:43:55.7883898Z PASS: pkg/test/resourcefixture/testdata/basic/networksecurity/v1alpha1/networksecuritysecurityprofilegroup/securityprofilegroup-minimal (55.489s)
2026-08-11T22:43:55.7885112Z Running catch-all to find any new tests...
2026-08-11T22:43:56.0422968Z Catch-all succeeded in 254ms
2026-08-11T22:43:56.0432594Z <hint_for_agent>Run 'dev/ci/presubmits/tests-e2e-fixtures-suite' to fix.</hint_for_agent>
2026-08-11T22:43:56.0442312Z ##[error]Process completed with exit code 1.
2026-08-11T22:43:56.0526018Z Node 20 is being deprecated. This workflow is running with Node 24 by default. If you need to temporarily use Node 20, you can set the ACTIONS_ALLOW_USE_UNSECURE_NODE_VERSION=true environment variable. For more information see: https://github.blog/changelog/2025-09-19-deprecation-of-node-20-on-github-actions-runners/
2026-08-11T22:43:56.0527325Z ##[group]Run actions/upload-artifact@4cec3d8aa04e39d1a68397de0c4cd6fb9dce8ec1
2026-08-11T22:43:56.0527728Z with:
2026-08-11T22:43:56.0527982Z   name: artifacts-tests-e2e-fixtures-networksecurity
2026-08-11T22:43:56.0528307Z   path: /tmp/artifacts/
2026-08-11T22:43:56.0528550Z   if-no-files-found: warn
2026-08-11T22:43:56.0528780Z   compression-level: 6
2026-08-11T22:43:56.0528989Z   overwrite: false
2026-08-11T22:43:56.0529201Z   include-hidden-files: false
2026-08-11T22:43:56.0529430Z env:
2026-08-11T22:43:56.0529688Z   CLOUDSDK_METRICS_ENVIRONMENT: github-actions-setup-gcloud
2026-08-11T22:43:56.0530089Z   CLOUDSDK_METRICS_ENVIRONMENT_VERSION: 2.1.4
2026-08-11T22:43:56.0530365Z ##[endgroup]
2026-08-11T22:43:56.2197757Z (node:6127) [DEP0040] DeprecationWarning: The `punycode` module is deprecated. Please use a userland alternative instead.
2026-08-11T22:43:56.2198492Z (Use `node --trace-deprecation ...` to show where the warning was created)
2026-08-11T22:43:56.2498594Z With the provided path, there will be 36 files uploaded
2026-08-11T22:43:56.2499420Z Artifact name is valid!
2026-08-11T22:43:56.2499840Z Root directory input is valid!
2026-08-11T22:43:56.5462951Z Beginning upload of artifact content to blob storage
2026-08-11T22:43:56.9151827Z (node:6127) [DEP0169] DeprecationWarning: `url.parse()` behavior is not standardized and prone to errors that have security implications. Use the WHATWG URL API instead. CVEs are not issued for `url.parse()` vulnerabilities.
2026-08-11T22:43:57.4814434Z Uploaded bytes 2423092
2026-08-11T22:43:57.5418849Z Finished uploading artifact content to blob storage!
2026-08-11T22:43:57.5419816Z SHA256 hash of uploaded artifact zip is ef4fc784b5e31d06ee393c8386e54176932758ae90f4abce9ddb8e05f4af523b
2026-08-11T22:43:57.5421732Z Finalizing artifact upload
2026-08-11T22:43:57.7479820Z Artifact artifacts-tests-e2e-fixtures-networksecurity.zip successfully finalized. Artifact ID 9121633985
2026-08-11T22:43:57.7481132Z Artifact artifacts-tests-e2e-fixtures-networksecurity has been successfully uploaded! Final size is 2423092 bytes. Artifact ID is 9121633985
2026-08-11T22:43:57.7487946Z Artifact download URL: https://github.com/GoogleCloudPlatform/k8s-config-connector/actions/runs/31543210716/artifacts/9121633985
2026-08-11T22:43:57.7701909Z Node 20 is being deprecated. This workflow is running with Node 24 by default. If you need to temporarily use Node 20, you can set the ACTIONS_ALLOW_USE_UNSECURE_NODE_VERSION=true environment variable. For more information see: https://github.blog/changelog/2025-09-19-deprecation-of-node-20-on-github-actions-runners/
2026-08-11T22:43:57.7703368Z Post job cleanup.
2026-08-11T22:43:57.8594895Z [command]/usr/bin/git version
2026-08-11T22:43:57.8633300Z git version 2.54.0
2026-08-11T22:43:57.8668914Z Temporarily overriding HOME='/home/runner/work/_temp/de97f3e5-7283-421f-b0bc-1c255c0abaea' before making global git config changes
2026-08-11T22:43:57.8670186Z Adding repository directory to the temporary git global config as a safe directory
2026-08-11T22:43:57.8675087Z [command]/usr/bin/git config --global --add safe.directory /home/runner/work/k8s-config-connector/k8s-config-connector
2026-08-11T22:43:57.8714680Z [command]/usr/bin/git config --local --name-only --get-regexp core\.sshCommand
2026-08-11T22:43:57.8749194Z [command]/usr/bin/git submodule foreach --recursive sh -c "git config --local --name-only --get-regexp 'core\.sshCommand' && git config --local --unset-all 'core.sshCommand' || :"
2026-08-11T22:43:57.9071085Z [command]/usr/bin/git config --local --name-only --get-regexp http\.https\:\/\/github\.com\/\.extraheader
2026-08-11T22:43:57.9100373Z http.https://github.com/.extraheader
2026-08-11T22:43:57.9110878Z [command]/usr/bin/git config --local --unset-all http.https://github.com/.extraheader
2026-08-11T22:43:57.9145485Z [command]/usr/bin/git submodule foreach --recursive sh -c "git config --local --name-only --get-regexp 'http\.https\:\/\/github\.com\/\.extraheader' && git config --local --unset-all 'http.https://github.com/.extraheader' || :"
2026-08-11T22:43:57.9574851Z Cleaning up orphan processes
2026-08-11T22:43:57.9855735Z ##[warning]Node.js 20 is deprecated. The following actions target Node.js 20 but are being forced to run on Node.js 24: actions/checkout@11bd71901bbe5b1630ceea73d27597364c9af683, actions/download-artifact@fa0a91b85d4f404e444e00e005971372dc801d16, actions/setup-go@f111f3307d8850f501ac008e886eec1fd1932a34, actions/upload-artifact@4cec3d8aa04e39d1a68397de0c4cd6fb9dce8ec1, google-github-actions/setup-gcloud@77e7a554d41e2ee56fc945c52dfd3f33d12def9a. For more information see: https://github.blog/changelog/2025-09-19-deprecation-of-node-20-on-github-actions-runners/
