build-images	dev/tasks/build-images	﻿2026-08-22T07:26:04.0134337Z ##[group]Run dev/tasks/build-images
build-images	dev/tasks/build-images	2026-08-22T07:26:04.0134840Z [36;1mdev/tasks/build-images[0m
build-images	dev/tasks/build-images	2026-08-22T07:26:04.2193181Z shell: /usr/bin/bash -e {0}
build-images	dev/tasks/build-images	2026-08-22T07:26:04.2193482Z env:
build-images	dev/tasks/build-images	2026-08-22T07:26:04.2193705Z   PROJECT_ID: cnrm-test
build-images	dev/tasks/build-images	2026-08-22T07:26:04.2194106Z   GOTOOLCHAIN: local
build-images	dev/tasks/build-images	2026-08-22T07:26:04.2194346Z ##[endgroup]
build-images	dev/tasks/build-images	2026-08-22T07:26:04.4693558Z Building images with tag: f0d6b7b
build-images	dev/tasks/build-images	2026-08-22T07:26:05.8878912Z container-builder
build-images	dev/tasks/build-images	2026-08-22T07:26:05.8935661Z ===> [2026-08-22T07:26:05Z] Starting core image builds (docker buildx bake)...
build-images	dev/tasks/build-images	2026-08-22T07:26:05.9723492Z #0 building with "container-builder" instance using docker-container driver
build-images	dev/tasks/build-images	2026-08-22T07:26:05.9723924Z 
build-images	dev/tasks/build-images	2026-08-22T07:26:05.9724069Z #1 [internal] load local bake definitions
build-images	dev/tasks/build-images	2026-08-22T07:26:06.1597857Z #1 reading docker-bake.hcl 3.16kB / 3.16kB done
build-images	dev/tasks/build-images	2026-08-22T07:26:06.1598421Z #1 DONE 0.0s
build-images	dev/tasks/build-images	2026-08-22T07:26:06.1598572Z 
build-images	dev/tasks/build-images	2026-08-22T07:26:06.1599020Z #2 [internal] booting buildkit
build-images	dev/tasks/build-images	2026-08-22T07:26:06.1599541Z #2 pulling image moby/buildkit:buildx-stable-1
build-images	dev/tasks/build-images	2026-08-22T07:26:11.6423961Z #2 pulling image moby/buildkit:buildx-stable-1 5.6s done
build-images	dev/tasks/build-images	2026-08-22T07:26:11.7937984Z #2 creating container buildx_buildkit_container-builder0
build-images	dev/tasks/build-images	2026-08-22T07:26:12.0174946Z #2 creating container buildx_buildkit_container-builder0 0.4s done
build-images	dev/tasks/build-images	2026-08-22T07:26:12.1680641Z #2 DONE 6.0s
build-images	dev/tasks/build-images	2026-08-22T07:26:12.6264832Z 
build-images	dev/tasks/build-images	2026-08-22T07:26:12.6266984Z #3 [builder internal] load build definition from Dockerfile
build-images	dev/tasks/build-images	2026-08-22T07:26:12.6267421Z #3 transferring dockerfile: 2.30kB done
build-images	dev/tasks/build-images	2026-08-22T07:26:12.6267707Z #3 DONE 0.0s
build-images	dev/tasks/build-images	2026-08-22T07:26:12.6267829Z 
build-images	dev/tasks/build-images	2026-08-22T07:26:12.6268017Z #4 [operator internal] load build definition from Dockerfile
build-images	dev/tasks/build-images	2026-08-22T07:26:12.6268387Z #4 transferring dockerfile: 3.63kB done
build-images	dev/tasks/build-images	2026-08-22T07:26:12.6268660Z #4 DONE 0.0s
build-images	dev/tasks/build-images	2026-08-22T07:26:12.6268780Z 
build-images	dev/tasks/build-images	2026-08-22T07:26:12.6268951Z #5 [auth] library/golang:pull token for registry-1.docker.io
build-images	dev/tasks/build-images	2026-08-22T07:26:12.6269296Z #5 DONE 0.0s
build-images	dev/tasks/build-images	2026-08-22T07:26:12.6269403Z 
build-images	dev/tasks/build-images	2026-08-22T07:26:12.6269570Z #6 [auth] library/alpine:pull token for registry-1.docker.io
build-images	dev/tasks/build-images	2026-08-22T07:26:12.7770788Z #6 DONE 0.0s
build-images	dev/tasks/build-images	2026-08-22T07:26:12.7771139Z 
build-images	dev/tasks/build-images	2026-08-22T07:26:12.7771547Z #7 [operator internal] load metadata for docker.io/library/golang:1.26.5
build-images	dev/tasks/build-images	2026-08-22T07:26:12.8119208Z #7 ...
build-images	dev/tasks/build-images	2026-08-22T07:26:12.8119430Z 
build-images	dev/tasks/build-images	2026-08-22T07:26:12.8119890Z #8 [operator internal] load metadata for gcr.io/gke-release/gke-distroless/static:gke_distroless_20260207.00_p0
build-images	dev/tasks/build-images	2026-08-22T07:26:12.8120488Z #8 DONE 0.3s
build-images	dev/tasks/build-images	2026-08-22T07:26:12.9628157Z 
build-images	dev/tasks/build-images	2026-08-22T07:26:12.9628908Z #9 [operator internal] load metadata for docker.io/library/alpine:latest
build-images	dev/tasks/build-images	2026-08-22T07:26:13.0284110Z #9 DONE 0.5s
build-images	dev/tasks/build-images	2026-08-22T07:26:13.0284519Z 
build-images	dev/tasks/build-images	2026-08-22T07:26:13.0285156Z #7 [operator internal] load metadata for docker.io/library/golang:1.26.5
build-images	dev/tasks/build-images	2026-08-22T07:26:13.1296477Z #7 DONE 0.5s
build-images	dev/tasks/build-images	2026-08-22T07:26:13.1306984Z 
build-images	dev/tasks/build-images	2026-08-22T07:26:13.1308448Z #10 [deletiondefender internal] load build definition from Dockerfile
build-images	dev/tasks/build-images	2026-08-22T07:26:13.1309950Z #10 transferring dockerfile: 1.89kB done
build-images	dev/tasks/build-images	2026-08-22T07:26:13.1312135Z #10 WARN: InvalidDefaultArgInFrom: Default value for ARG ${BUILDER_IMG} results in empty or invalid base image name (line 20)
build-images	dev/tasks/build-images	2026-08-22T07:26:13.1314881Z #10 WARN: InvalidDefaultArgInFrom: Default value for ARG ${GKE_DISTROLESS_IMG} results in empty or invalid base image name (line 38)
build-images	dev/tasks/build-images	2026-08-22T07:26:13.1316680Z #10 DONE 0.0s
build-images	dev/tasks/build-images	2026-08-22T07:26:13.1317581Z 
build-images	dev/tasks/build-images	2026-08-22T07:26:13.1317821Z #11 [builder internal] load .dockerignore
build-images	dev/tasks/build-images	2026-08-22T07:26:13.1318705Z #11 transferring context: 638B done
build-images	dev/tasks/build-images	2026-08-22T07:26:13.1319169Z #11 DONE 0.0s
build-images	dev/tasks/build-images	2026-08-22T07:26:13.1319666Z 
build-images	dev/tasks/build-images	2026-08-22T07:26:13.1322704Z #9 [deletiondefender internal] load metadata for docker.io/library/alpine:latest
build-images	dev/tasks/build-images	2026-08-22T07:26:13.2423838Z #9 ...
build-images	dev/tasks/build-images	2026-08-22T07:26:13.2424153Z 
build-images	dev/tasks/build-images	2026-08-22T07:26:13.2424507Z #12 [manager internal] load build definition from Dockerfile
build-images	dev/tasks/build-images	2026-08-22T07:26:13.2425215Z #12 transferring dockerfile: 1.85kB 0.0s done
build-images	dev/tasks/build-images	2026-08-22T07:26:13.2426284Z #12 WARN: InvalidDefaultArgInFrom: Default value for ARG ${BUILDER_IMG} results in empty or invalid base image name (line 20)
build-images	dev/tasks/build-images	2026-08-22T07:26:13.2428453Z #12 WARN: InvalidDefaultArgInFrom: Default value for ARG ${GKE_DISTROLESS_IMG} results in empty or invalid base image name (line 38)
build-images	dev/tasks/build-images	2026-08-22T07:26:13.2429453Z #12 DONE 0.1s
build-images	dev/tasks/build-images	2026-08-22T07:26:13.2429645Z 
build-images	dev/tasks/build-images	2026-08-22T07:26:13.2430570Z #13 [webhook internal] load build definition from Dockerfile
build-images	dev/tasks/build-images	2026-08-22T07:26:13.2435752Z #13 transferring dockerfile: 1.85kB done
build-images	dev/tasks/build-images	2026-08-22T07:26:13.2436892Z #13 WARN: InvalidDefaultArgInFrom: Default value for ARG ${BUILDER_IMG} results in empty or invalid base image name (line 20)
build-images	dev/tasks/build-images	2026-08-22T07:26:13.2438688Z #13 WARN: InvalidDefaultArgInFrom: Default value for ARG ${GKE_DISTROLESS_IMG} results in empty or invalid base image name (line 38)
build-images	dev/tasks/build-images	2026-08-22T07:26:13.2439712Z #13 DONE 0.1s
build-images	dev/tasks/build-images	2026-08-22T07:26:13.2439914Z 
build-images	dev/tasks/build-images	2026-08-22T07:26:13.2440263Z #14 [config-connector internal] load build definition from Dockerfile
build-images	dev/tasks/build-images	2026-08-22T07:26:13.2440934Z #14 transferring dockerfile: 1.96kB done
build-images	dev/tasks/build-images	2026-08-22T07:26:13.2442189Z #14 WARN: InvalidDefaultArgInFrom: Default value for ARG ${BUILDER_IMG} results in empty or invalid base image name (line 20)
build-images	dev/tasks/build-images	2026-08-22T07:26:13.2443870Z #14 WARN: InvalidDefaultArgInFrom: Default value for ARG ${GKE_DISTROLESS_IMG} results in empty or invalid base image name (line 37)
build-images	dev/tasks/build-images	2026-08-22T07:26:13.2444902Z #14 DONE 0.1s
build-images	dev/tasks/build-images	2026-08-22T07:26:13.2445110Z 
build-images	dev/tasks/build-images	2026-08-22T07:26:13.2445442Z #15 [recorder internal] load build definition from Dockerfile
build-images	dev/tasks/build-images	2026-08-22T07:26:13.2446126Z #15 transferring dockerfile: 1.70kB 0.0s done
build-images	dev/tasks/build-images	2026-08-22T07:26:13.2447201Z #15 WARN: InvalidDefaultArgInFrom: Default value for ARG ${BUILDER_IMG} results in empty or invalid base image name (line 20)
build-images	dev/tasks/build-images	2026-08-22T07:26:13.2448742Z #15 WARN: InvalidDefaultArgInFrom: Default value for ARG ${GKE_DISTROLESS_IMG} results in empty or invalid base image name (line 34)
build-images	dev/tasks/build-images	2026-08-22T07:26:13.2449743Z #15 DONE 0.1s
build-images	dev/tasks/build-images	2026-08-22T07:26:13.2449936Z 
build-images	dev/tasks/build-images	2026-08-22T07:26:13.2450297Z #16 [unmanageddetector internal] load build definition from Dockerfile
build-images	dev/tasks/build-images	2026-08-22T07:26:13.2451004Z #16 transferring dockerfile: 1.74kB 0.0s done
build-images	dev/tasks/build-images	2026-08-22T07:26:13.2452258Z #16 WARN: InvalidDefaultArgInFrom: Default value for ARG ${BUILDER_IMG} results in empty or invalid base image name (line 20)
build-images	dev/tasks/build-images	2026-08-22T07:26:13.2453800Z #16 WARN: InvalidDefaultArgInFrom: Default value for ARG ${GKE_DISTROLESS_IMG} results in empty or invalid base image name (line 34)
build-images	dev/tasks/build-images	2026-08-22T07:26:13.2454770Z #16 DONE 0.1s
build-images	dev/tasks/build-images	2026-08-22T07:26:13.2454957Z 
build-images	dev/tasks/build-images	2026-08-22T07:26:13.2455366Z #9 [deletiondefender internal] load metadata for docker.io/library/alpine:latest
build-images	dev/tasks/build-images	2026-08-22T07:26:13.3480212Z #9 DONE 0.5s
build-images	dev/tasks/build-images	2026-08-22T07:26:13.3494681Z 
build-images	dev/tasks/build-images	2026-08-22T07:26:13.3523962Z #8 [unmanageddetector internal] load metadata for gcr.io/gke-release/gke-distroless/static:gke_distroless_20260207.00_p0
build-images	dev/tasks/build-images	2026-08-22T07:26:13.3564932Z #8 DONE 0.3s
build-images	dev/tasks/build-images	2026-08-22T07:26:13.3565371Z 
build-images	dev/tasks/build-images	2026-08-22T07:26:13.3572593Z #11 [unmanageddetector internal] load .dockerignore
build-images	dev/tasks/build-images	2026-08-22T07:26:13.3573452Z #11 transferring context: 638B done
build-images	dev/tasks/build-images	2026-08-22T07:26:13.3574213Z #11 DONE 0.0s
build-images	dev/tasks/build-images	2026-08-22T07:26:13.3574655Z 
build-images	dev/tasks/build-images	2026-08-22T07:26:13.3575104Z #17 [builder internal] load build context
build-images	dev/tasks/build-images	2026-08-22T07:26:13.6047663Z #17 ...
build-images	dev/tasks/build-images	2026-08-22T07:26:13.6049895Z 
build-images	dev/tasks/build-images	2026-08-22T07:26:13.6054952Z #18 [recorder packager 1/9] FROM docker.io/library/alpine:latest@sha256:28bd5fe8b56d1bd048e5babf5b10710ebe0bae67db86916198a6eec434943f8b
build-images	dev/tasks/build-images	2026-08-22T07:26:13.6094245Z #18 resolve docker.io/library/alpine:latest@sha256:28bd5fe8b56d1bd048e5babf5b10710ebe0bae67db86916198a6eec434943f8b 0.0s done
build-images	dev/tasks/build-images	2026-08-22T07:26:13.6097667Z #18 sha256:55afa1ecc21d2bb5e5045f32dafee56272ffd89860bac26f6c32123439af26a4 3.85MB / 3.85MB 0.1s done
build-images	dev/tasks/build-images	2026-08-22T07:26:13.6099501Z #18 extracting sha256:55afa1ecc21d2bb5e5045f32dafee56272ffd89860bac26f6c32123439af26a4 0.4s done
build-images	dev/tasks/build-images	2026-08-22T07:26:13.6100670Z #18 DONE 0.9s
build-images	dev/tasks/build-images	2026-08-22T07:26:13.6101095Z 
build-images	dev/tasks/build-images	2026-08-22T07:26:13.6101512Z #17 [builder internal] load build context
build-images	dev/tasks/build-images	2026-08-22T07:26:13.8221427Z #17 ...
build-images	dev/tasks/build-images	2026-08-22T07:26:13.8250688Z 
build-images	dev/tasks/build-images	2026-08-22T07:26:13.8253113Z #19 [unmanageddetector packager 2/8] WORKDIR /configconnector/
build-images	dev/tasks/build-images	2026-08-22T07:26:13.8254896Z #19 DONE 0.2s
build-images	dev/tasks/build-images	2026-08-22T07:26:13.8256250Z 
build-images	dev/tasks/build-images	2026-08-22T07:26:13.8256852Z #20 [operator packager 2/9] WORKDIR /configconnector-operator/
build-images	dev/tasks/build-images	2026-08-22T07:26:13.8258073Z #20 DONE 0.2s
build-images	dev/tasks/build-images	2026-08-22T07:26:13.8259018Z 
build-images	dev/tasks/build-images	2026-08-22T07:26:13.8259467Z #17 [builder internal] load build context
build-images	dev/tasks/build-images	2026-08-22T07:26:14.0262669Z #17 ...
build-images	dev/tasks/build-images	2026-08-22T07:26:14.0263296Z 
build-images	dev/tasks/build-images	2026-08-22T07:26:14.0273873Z #21 [recorder final 1/3] FROM gcr.io/gke-release/gke-distroless/static:gke_distroless_20260207.00_p0@sha256:a51ecd1a074cec118d1d2a25742d2780fbd66f6934e2723f4c65058628445faa
build-images	dev/tasks/build-images	2026-08-22T07:26:14.0284131Z #21 resolve gcr.io/gke-release/gke-distroless/static:gke_distroless_20260207.00_p0@sha256:a51ecd1a074cec118d1d2a25742d2780fbd66f6934e2723f4c65058628445faa 0.0s done
build-images	dev/tasks/build-images	2026-08-22T07:26:14.0286245Z #21 sha256:2bcfcd3f064dec934e526e4aca089b572bcf2e7ebc6a1e1db5cbe26754614dfa 445B / 445B 0.1s done
build-images	dev/tasks/build-images	2026-08-22T07:26:14.0288105Z #21 sha256:ad15ee23e2d3f510228be7bd4502a1b4398c7d8663ab65c91a0c8e741704bb25 424.64kB / 424.64kB 0.3s done
build-images	dev/tasks/build-images	2026-08-22T07:26:14.0290405Z #21 sha256:7a47d00a3f939677e48255158549a210acbd9f176c9fe5dff86d2da749735542 116.79kB / 116.79kB 0.2s done
build-images	dev/tasks/build-images	2026-08-22T07:26:14.0379033Z #21 sha256:9db2bc2a4a5974b8a94a76f33ee081945b0d43164aa6c69b4befcadcb0d7b922 292B / 292B 0.2s done
build-images	dev/tasks/build-images	2026-08-22T07:26:14.0383029Z #21 extracting sha256:9db2bc2a4a5974b8a94a76f33ee081945b0d43164aa6c69b4befcadcb0d7b922 0.0s done
build-images	dev/tasks/build-images	2026-08-22T07:26:14.0393009Z #21 extracting sha256:7a47d00a3f939677e48255158549a210acbd9f176c9fe5dff86d2da749735542 0.1s done
build-images	dev/tasks/build-images	2026-08-22T07:26:14.0394572Z #21 extracting sha256:ad15ee23e2d3f510228be7bd4502a1b4398c7d8663ab65c91a0c8e741704bb25 0.4s done
build-images	dev/tasks/build-images	2026-08-22T07:26:14.0396099Z #21 extracting sha256:2bcfcd3f064dec934e526e4aca089b572bcf2e7ebc6a1e1db5cbe26754614dfa 0.1s done
build-images	dev/tasks/build-images	2026-08-22T07:26:14.0397481Z #21 DONE 1.5s
build-images	dev/tasks/build-images	2026-08-22T07:26:14.0398047Z 
build-images	dev/tasks/build-images	2026-08-22T07:26:14.0398642Z #17 [builder internal] load build context
build-images	dev/tasks/build-images	2026-08-22T07:26:14.2334757Z #17 ...
build-images	dev/tasks/build-images	2026-08-22T07:26:14.2335132Z 
build-images	dev/tasks/build-images	2026-08-22T07:26:14.2336048Z #22 [webhook final 2/3] WORKDIR /configconnector/
build-images	dev/tasks/build-images	2026-08-22T07:26:14.2338525Z #22 DONE 0.2s
build-images	dev/tasks/build-images	2026-08-22T07:26:14.2339107Z 
build-images	dev/tasks/build-images	2026-08-22T07:26:14.2340500Z #23 [operator final 2/3] WORKDIR /configconnector-operator/
build-images	dev/tasks/build-images	2026-08-22T07:26:14.2344202Z #23 DONE 0.2s
build-images	dev/tasks/build-images	2026-08-22T07:26:14.2345384Z 
build-images	dev/tasks/build-images	2026-08-22T07:26:14.2346087Z #17 [builder internal] load build context
build-images	dev/tasks/build-images	2026-08-22T07:26:18.0828458Z #17 transferring context: 122.94MB 4.8s
build-images	dev/tasks/build-images	2026-08-22T07:26:22.5709010Z #17 transferring context: 215.54MB 9.2s
build-images	dev/tasks/build-images	2026-08-22T07:26:23.1465849Z #17 ...
build-images	dev/tasks/build-images	2026-08-22T07:26:23.1467785Z 
build-images	dev/tasks/build-images	2026-08-22T07:26:23.1468327Z #24 [operator internal] load build context
build-images	dev/tasks/build-images	2026-08-22T07:26:23.2499771Z #24 ...
build-images	dev/tasks/build-images	2026-08-22T07:26:23.2500317Z 
build-images	dev/tasks/build-images	2026-08-22T07:26:23.2501704Z #25 [operator builder  1/27] FROM docker.io/library/golang:1.26.5@sha256:705e964a93a2fd2e75c7d59bb7d781b57e30f12293ffde5175c69229e18fb678
build-images	dev/tasks/build-images	2026-08-22T07:26:23.2504026Z #25 resolve docker.io/library/golang:1.26.5@sha256:705e964a93a2fd2e75c7d59bb7d781b57e30f12293ffde5175c69229e18fb678 0.0s done
build-images	dev/tasks/build-images	2026-08-22T07:26:23.2505805Z #25 sha256:4f4fb700ef54461cfa02571ae0db9a0dc1e0cdb5577484a6d75e68dc38e8acc1 32B / 32B 0.0s done
build-images	dev/tasks/build-images	2026-08-22T07:26:23.2508542Z #25 sha256:4da50c449996ab89c73f8710d75f5feb04c7746bf7cb7095c43080625805049f 127B / 127B 0.1s done
build-images	dev/tasks/build-images	2026-08-22T07:26:23.2510150Z #25 sha256:cea3d467f844b8e6fffc2d7793807a1ec9e3a0582655418c1c17013372a3a910 67.29MB / 67.29MB 0.5s done
build-images	dev/tasks/build-images	2026-08-22T07:26:23.2512411Z #25 sha256:6c4d97c56cb2e6f3fe2e016f86eb4c051d8f773a1f311b83a74eada1bb68c110 102.32MB / 102.32MB 0.9s done
build-images	dev/tasks/build-images	2026-08-22T07:26:23.2514055Z #25 sha256:ec935196e6a095bdd6ac865248321ea4fd33424071fe14264cd33900f8ae6212 67.80MB / 67.80MB 0.7s done
build-images	dev/tasks/build-images	2026-08-22T07:26:23.2515687Z #25 sha256:68b64c51cda3d04397bcf5742a29a9a1ba7adcfd18a376bacb8d114ed64cbd5a 25.64MB / 25.64MB 0.2s done
build-images	dev/tasks/build-images	2026-08-22T07:26:23.2517313Z #25 sha256:1da3cb2f93f2ca3c5bdaf4c024a7f1ebd717938d20c858e4be4b9aa81fc8608c 49.31MB / 49.31MB 0.4s done
build-images	dev/tasks/build-images	2026-08-22T07:26:23.2519718Z #25 extracting sha256:1da3cb2f93f2ca3c5bdaf4c024a7f1ebd717938d20c858e4be4b9aa81fc8608c 3.1s done
build-images	dev/tasks/build-images	2026-08-22T07:26:23.2528344Z #25 extracting sha256:68b64c51cda3d04397bcf5742a29a9a1ba7adcfd18a376bacb8d114ed64cbd5a 1.6s done
build-images	dev/tasks/build-images	2026-08-22T07:26:23.2529860Z #25 extracting sha256:ec935196e6a095bdd6ac865248321ea4fd33424071fe14264cd33900f8ae6212
build-images	dev/tasks/build-images	2026-08-22T07:26:23.3804919Z #25 ...
build-images	dev/tasks/build-images	2026-08-22T07:26:23.3805563Z 
build-images	dev/tasks/build-images	2026-08-22T07:26:23.3806087Z #24 [operator internal] load build context
build-images	dev/tasks/build-images	2026-08-22T07:26:27.6709365Z #24 transferring context: 301.67MB 14.6s
build-images	dev/tasks/build-images	2026-08-22T07:26:29.0203623Z #24 ...
build-images	dev/tasks/build-images	2026-08-22T07:26:29.0215899Z 
build-images	dev/tasks/build-images	2026-08-22T07:26:29.0216358Z #17 [builder internal] load build context
build-images	dev/tasks/build-images	2026-08-22T07:26:32.0855127Z #17 transferring context: 446.84MB 18.8s done
build-images	dev/tasks/build-images	2026-08-22T07:26:32.2652104Z #17 transferring context: 446.84MB 18.8s done
build-images	dev/tasks/build-images	2026-08-22T07:26:32.4652909Z #17 DONE 19.6s
build-images	dev/tasks/build-images	2026-08-22T07:26:32.4653495Z 
build-images	dev/tasks/build-images	2026-08-22T07:26:32.4692488Z #24 [operator internal] load build context
build-images	dev/tasks/build-images	2026-08-22T07:26:32.4693104Z #24 transferring context: 454.94MB 19.0s done
build-images	dev/tasks/build-images	2026-08-22T07:26:32.4693618Z #24 DONE 19.2s
build-images	dev/tasks/build-images	2026-08-22T07:26:32.4693830Z 
build-images	dev/tasks/build-images	2026-08-22T07:26:32.4694595Z #25 [recorder builder  1/27] FROM docker.io/library/golang:1.26.5@sha256:705e964a93a2fd2e75c7d59bb7d781b57e30f12293ffde5175c69229e18fb678
build-images	dev/tasks/build-images	2026-08-22T07:26:32.4695975Z #25 extracting sha256:ec935196e6a095bdd6ac865248321ea4fd33424071fe14264cd33900f8ae6212 7.6s done
build-images	dev/tasks/build-images	2026-08-22T07:26:32.4697153Z #25 extracting sha256:6c4d97c56cb2e6f3fe2e016f86eb4c051d8f773a1f311b83a74eada1bb68c110 4.2s done
build-images	dev/tasks/build-images	2026-08-22T07:26:32.4698255Z #25 extracting sha256:cea3d467f844b8e6fffc2d7793807a1ec9e3a0582655418c1c17013372a3a910
build-images	dev/tasks/build-images	2026-08-22T07:26:35.6896095Z #25 extracting sha256:cea3d467f844b8e6fffc2d7793807a1ec9e3a0582655418c1c17013372a3a910 5.1s done
build-images	dev/tasks/build-images	2026-08-22T07:26:35.8516395Z #25 extracting sha256:cea3d467f844b8e6fffc2d7793807a1ec9e3a0582655418c1c17013372a3a910 5.1s done
build-images	dev/tasks/build-images	2026-08-22T07:26:35.8517282Z #25 extracting sha256:4da50c449996ab89c73f8710d75f5feb04c7746bf7cb7095c43080625805049f done
build-images	dev/tasks/build-images	2026-08-22T07:26:35.8517989Z #25 extracting sha256:4f4fb700ef54461cfa02571ae0db9a0dc1e0cdb5577484a6d75e68dc38e8acc1 done
build-images	dev/tasks/build-images	2026-08-22T07:26:35.8518476Z #25 DONE 23.2s
build-images	dev/tasks/build-images	2026-08-22T07:26:35.8518600Z 
build-images	dev/tasks/build-images	2026-08-22T07:26:35.8519009Z #26 [recorder builder  2/27] WORKDIR /go/src/github.com/GoogleCloudPlatform/k8s-config-connector
build-images	dev/tasks/build-images	2026-08-22T07:26:38.4627526Z #26 DONE 3.1s
build-images	dev/tasks/build-images	2026-08-22T07:26:38.4627860Z 
build-images	dev/tasks/build-images	2026-08-22T07:26:38.4628114Z #27 [webhook builder  3/27] COPY go.mod go.mod
build-images	dev/tasks/build-images	2026-08-22T07:26:38.4628663Z #27 DONE 0.0s
build-images	dev/tasks/build-images	2026-08-22T07:26:38.4628870Z 
build-images	dev/tasks/build-images	2026-08-22T07:26:38.4629155Z #28 [unmanageddetector builder  4/27] COPY go.sum go.sum
build-images	dev/tasks/build-images	2026-08-22T07:26:38.4629752Z #28 DONE 0.0s
build-images	dev/tasks/build-images	2026-08-22T07:26:38.4629974Z 
build-images	dev/tasks/build-images	2026-08-22T07:26:38.4630263Z #29 [webhook builder  5/27] COPY third_party/ third_party/
build-images	dev/tasks/build-images	2026-08-22T07:26:40.8665968Z #29 DONE 2.9s
build-images	dev/tasks/build-images	2026-08-22T07:26:40.8666295Z 
build-images	dev/tasks/build-images	2026-08-22T07:26:40.8666571Z #30 [manager builder  6/27] COPY mockgcp/ mockgcp/
build-images	dev/tasks/build-images	2026-08-22T07:26:41.3075610Z #30 DONE 0.9s
build-images	dev/tasks/build-images	2026-08-22T07:26:41.3076185Z 
build-images	dev/tasks/build-images	2026-08-22T07:26:41.3076768Z #31 [webhook builder  7/27] RUN --mount=type=cache,target=/go/pkg/mod go mod download
build-images	dev/tasks/build-images	2026-08-22T07:26:54.1666423Z #31 DONE 13.4s
build-images	dev/tasks/build-images	2026-08-22T07:26:54.1666925Z 
build-images	dev/tasks/build-images	2026-08-22T07:26:54.1667544Z #32 [builder builder  4/20] COPY go.sum go.sum
build-images	dev/tasks/build-images	2026-08-22T07:26:54.1668304Z #32 CACHED
build-images	dev/tasks/build-images	2026-08-22T07:26:54.1668665Z 
build-images	dev/tasks/build-images	2026-08-22T07:26:54.1669139Z #33 [builder builder  5/20] COPY third_party/ third_party/
build-images	dev/tasks/build-images	2026-08-22T07:26:54.1669861Z #33 CACHED
build-images	dev/tasks/build-images	2026-08-22T07:26:54.1670241Z 
build-images	dev/tasks/build-images	2026-08-22T07:26:54.1670639Z #34 [builder builder  6/20] COPY mockgcp/ mockgcp/
build-images	dev/tasks/build-images	2026-08-22T07:26:54.1672042Z #34 CACHED
build-images	dev/tasks/build-images	2026-08-22T07:26:54.1672482Z 
build-images	dev/tasks/build-images	2026-08-22T07:26:54.1672883Z #35 [builder builder  3/20] COPY go.mod go.mod
build-images	dev/tasks/build-images	2026-08-22T07:26:54.1673550Z #35 CACHED
build-images	dev/tasks/build-images	2026-08-22T07:26:54.1673902Z 
build-images	dev/tasks/build-images	2026-08-22T07:26:54.1674499Z #36 [builder builder  7/20] RUN --mount=type=cache,target=/go/pkg/mod go mod download
build-images	dev/tasks/build-images	2026-08-22T07:26:54.1675497Z #36 CACHED
build-images	dev/tasks/build-images	2026-08-22T07:26:54.1675852Z 
build-images	dev/tasks/build-images	2026-08-22T07:26:54.1676232Z #37 [builder builder  8/20] COPY apis/   apis/
build-images	dev/tasks/build-images	2026-08-22T07:26:57.1215625Z #37 ...
build-images	dev/tasks/build-images	2026-08-22T07:26:57.1215917Z 
build-images	dev/tasks/build-images	2026-08-22T07:26:57.1219523Z #38 [operator builder  8/27] COPY operator/pkg/      operator/pkg/
build-images	dev/tasks/build-images	2026-08-22T07:26:57.1220126Z #38 DONE 3.1s
build-images	dev/tasks/build-images	2026-08-22T07:26:57.2303793Z 
build-images	dev/tasks/build-images	2026-08-22T07:26:57.2304723Z #37 [webhook builder  8/20] COPY apis/   apis/
build-images	dev/tasks/build-images	2026-08-22T07:26:57.2305865Z #37 DONE 3.7s
build-images	dev/tasks/build-images	2026-08-22T07:26:57.2306083Z 
build-images	dev/tasks/build-images	2026-08-22T07:26:57.2306391Z #39 [operator builder  9/27] COPY operator/cmd/      operator/cmd/
build-images	dev/tasks/build-images	2026-08-22T07:26:57.2307041Z #39 DONE 0.0s
build-images	dev/tasks/build-images	2026-08-22T07:26:57.2307248Z 
build-images	dev/tasks/build-images	2026-08-22T07:26:57.2307545Z #40 [manager builder  9/20] COPY dev/metadata/   dev/metadata/
build-images	dev/tasks/build-images	2026-08-22T07:26:57.2308110Z #40 DONE 0.1s
build-images	dev/tasks/build-images	2026-08-22T07:26:57.2308298Z 
build-images	dev/tasks/build-images	2026-08-22T07:26:57.2308611Z #41 [operator builder 10/27] COPY operator/config/ operator/config/
build-images	dev/tasks/build-images	2026-08-22T07:26:57.2309252Z #41 DONE 0.0s
build-images	dev/tasks/build-images	2026-08-22T07:26:57.2309454Z 
build-images	dev/tasks/build-images	2026-08-22T07:26:57.2310007Z #42 [operator builder 11/27] COPY operator/channels/ operator/channels/
build-images	dev/tasks/build-images	2026-08-22T07:26:57.2310637Z #42 DONE 0.0s
build-images	dev/tasks/build-images	2026-08-22T07:26:57.2310866Z 
build-images	dev/tasks/build-images	2026-08-22T07:26:57.2311116Z #43 [unmanageddetector builder 10/20] COPY pkg/    pkg/
build-images	dev/tasks/build-images	2026-08-22T07:26:57.4248483Z #43 ...
build-images	dev/tasks/build-images	2026-08-22T07:26:57.4248782Z 
build-images	dev/tasks/build-images	2026-08-22T07:26:57.4249314Z #44 [operator builder 12/27] COPY operator/autopilot-channels/ operator/autopilot-channels/
build-images	dev/tasks/build-images	2026-08-22T07:26:57.4250100Z #44 DONE 0.0s
build-images	dev/tasks/build-images	2026-08-22T07:26:57.5747727Z 
build-images	dev/tasks/build-images	2026-08-22T07:26:57.5748327Z #45 [operator builder 13/27] COPY apis/ apis/
build-images	dev/tasks/build-images	2026-08-22T07:26:57.9944308Z #45 DONE 0.7s
build-images	dev/tasks/build-images	2026-08-22T07:26:57.9945059Z 
build-images	dev/tasks/build-images	2026-08-22T07:26:57.9945447Z #43 [unmanageddetector builder 10/20] COPY pkg/    pkg/
build-images	dev/tasks/build-images	2026-08-22T07:26:58.2242739Z #43 ...
build-images	dev/tasks/build-images	2026-08-22T07:26:58.2243051Z 
build-images	dev/tasks/build-images	2026-08-22T07:26:58.2243752Z #46 [operator builder 14/27] COPY dev/tasks/      dev/tasks/
build-images	dev/tasks/build-images	2026-08-22T07:26:58.2244405Z #46 DONE 0.1s
build-images	dev/tasks/build-images	2026-08-22T07:26:58.2244625Z 
build-images	dev/tasks/build-images	2026-08-22T07:26:58.2244954Z #47 [operator builder 15/27] COPY dev/metadata/   dev/metadata/
build-images	dev/tasks/build-images	2026-08-22T07:26:58.2245560Z #47 DONE 0.0s
build-images	dev/tasks/build-images	2026-08-22T07:26:58.3734066Z 
build-images	dev/tasks/build-images	2026-08-22T07:26:58.3734800Z #48 [operator builder 16/27] COPY mockgcp/ mockgcp/
build-images	dev/tasks/build-images	2026-08-22T07:26:58.6430840Z #48 DONE 0.6s
build-images	dev/tasks/build-images	2026-08-22T07:26:58.6431619Z 
build-images	dev/tasks/build-images	2026-08-22T07:26:58.6432542Z #43 [unmanageddetector builder 10/20] COPY pkg/    pkg/
build-images	dev/tasks/build-images	2026-08-22T07:27:00.3094208Z #43 DONE 3.5s
build-images	dev/tasks/build-images	2026-08-22T07:27:00.3094814Z 
build-images	dev/tasks/build-images	2026-08-22T07:27:00.3095198Z #49 [deletiondefender builder 11/20] COPY cmd/    cmd/
build-images	dev/tasks/build-images	2026-08-22T07:27:00.5462164Z #49 DONE 0.5s
build-images	dev/tasks/build-images	2026-08-22T07:27:00.5462389Z 
build-images	dev/tasks/build-images	2026-08-22T07:27:00.5462551Z #50 [recorder builder 12/20] COPY config/ config/
build-images	dev/tasks/build-images	2026-08-22T07:27:01.0262756Z #50 DONE 1.0s
build-images	dev/tasks/build-images	2026-08-22T07:27:01.0263096Z 
build-images	dev/tasks/build-images	2026-08-22T07:27:01.0263431Z #51 [unmanageddetector builder 13/20] COPY mockgcp/ mockgcp/
build-images	dev/tasks/build-images	2026-08-22T07:27:01.4287851Z #51 ...
build-images	dev/tasks/build-images	2026-08-22T07:27:01.4288356Z 
build-images	dev/tasks/build-images	2026-08-22T07:27:01.4289113Z #52 [operator builder 17/27] COPY pkg/ pkg/
build-images	dev/tasks/build-images	2026-08-22T07:27:01.4289691Z #52 DONE 2.8s
build-images	dev/tasks/build-images	2026-08-22T07:27:01.5828384Z 
build-images	dev/tasks/build-images	2026-08-22T07:27:01.5829161Z #51 [webhook builder 13/20] COPY mockgcp/ mockgcp/
build-images	dev/tasks/build-images	2026-08-22T07:27:01.5829766Z #51 DONE 1.1s
build-images	dev/tasks/build-images	2026-08-22T07:27:01.5830008Z 
build-images	dev/tasks/build-images	2026-08-22T07:27:01.5830327Z #53 [unmanageddetector builder 14/20] COPY operator/ operator/
build-images	dev/tasks/build-images	2026-08-22T07:27:01.8782094Z #53 DONE 0.6s
build-images	dev/tasks/build-images	2026-08-22T07:27:01.8782440Z 
build-images	dev/tasks/build-images	2026-08-22T07:27:01.8782993Z #54 [webhook builder 15/20] COPY third_party/ third_party/
build-images	dev/tasks/build-images	2026-08-22T07:27:05.8533201Z #54 DONE 4.5s
build-images	dev/tasks/build-images	2026-08-22T07:27:05.8533579Z 
build-images	dev/tasks/build-images	2026-08-22T07:27:05.8536970Z #55 [operator builder 18/27] COPY third_party/ third_party/
build-images	dev/tasks/build-images	2026-08-22T07:27:05.8538975Z #55 DONE 4.3s
build-images	dev/tasks/build-images	2026-08-22T07:27:05.8539594Z 
build-images	dev/tasks/build-images	2026-08-22T07:27:05.8539883Z #56 [builder builder 16/20] COPY version/ version/
build-images	dev/tasks/build-images	2026-08-22T07:27:05.9609643Z #56 DONE 0.3s
build-images	dev/tasks/build-images	2026-08-22T07:27:05.9610146Z 
build-images	dev/tasks/build-images	2026-08-22T07:27:05.9611482Z #57 [operator builder 19/27] COPY version/ version/
build-images	dev/tasks/build-images	2026-08-22T07:27:05.9612323Z #57 DONE 0.2s
build-images	dev/tasks/build-images	2026-08-22T07:27:05.9612539Z 
build-images	dev/tasks/build-images	2026-08-22T07:27:05.9613318Z #58 [config-connector builder 17/20] COPY scripts/generate-third-party-licenses scripts/generate-third-party-licenses
build-images	dev/tasks/build-images	2026-08-22T07:27:06.1142767Z #58 DONE 0.2s
build-images	dev/tasks/build-images	2026-08-22T07:27:06.1143622Z 
build-images	dev/tasks/build-images	2026-08-22T07:27:06.1144207Z #59 [unmanageddetector builder 18/20] COPY scripts/resource-autogen scripts/resource-autogen
build-images	dev/tasks/build-images	2026-08-22T07:27:06.4913668Z #59 DONE 0.8s
build-images	dev/tasks/build-images	2026-08-22T07:27:06.4914168Z 
build-images	dev/tasks/build-images	2026-08-22T07:27:06.4920865Z #60 [unmanageddetector builder 19/20] RUN --mount=type=cache,target=/root/.cache/go-build     --mount=type=cache,target=/go/pkg/mod     CGO_ENABLED=0 GOOS=linux GOARCH=amd64 go build -trimpath -p 4 -ldflags "-s -w -buildid=" -o .       github.com/GoogleCloudPlatform/k8s-config-connector/cmd/deletiondefender       github.com/GoogleCloudPlatform/k8s-config-connector/cmd/webhook       github.com/GoogleCloudPlatform/k8s-config-connector/cmd/recorder       github.com/GoogleCloudPlatform/k8s-config-connector/cmd/unmanageddetector       github.com/GoogleCloudPlatform/k8s-config-connector/cmd/manager       github.com/GoogleCloudPlatform/k8s-config-connector/cmd/config-connector
build-images	dev/tasks/build-images	2026-08-22T07:27:06.6235522Z #60 ...
build-images	dev/tasks/build-images	2026-08-22T07:27:06.6235921Z 
build-images	dev/tasks/build-images	2026-08-22T07:27:06.6237210Z #61 [operator builder 20/27] COPY config/ config/
build-images	dev/tasks/build-images	2026-08-22T07:27:06.6238156Z #61 DONE 0.7s
build-images	dev/tasks/build-images	2026-08-22T07:27:06.7764053Z 
build-images	dev/tasks/build-images	2026-08-22T07:27:06.7765666Z #62 [operator builder 21/27] COPY scripts/ scripts/
build-images	dev/tasks/build-images	2026-08-22T07:27:07.1312056Z #62 DONE 0.5s
build-images	dev/tasks/build-images	2026-08-22T07:27:07.1315825Z 
build-images	dev/tasks/build-images	2026-08-22T07:27:07.1319419Z #60 [unmanageddetector builder 19/20] RUN --mount=type=cache,target=/root/.cache/go-build     --mount=type=cache,target=/go/pkg/mod     CGO_ENABLED=0 GOOS=linux GOARCH=amd64 go build -trimpath -p 4 -ldflags "-s -w -buildid=" -o .       github.com/GoogleCloudPlatform/k8s-config-connector/cmd/deletiondefender       github.com/GoogleCloudPlatform/k8s-config-connector/cmd/webhook       github.com/GoogleCloudPlatform/k8s-config-connector/cmd/recorder       github.com/GoogleCloudPlatform/k8s-config-connector/cmd/unmanageddetector       github.com/GoogleCloudPlatform/k8s-config-connector/cmd/manager       github.com/GoogleCloudPlatform/k8s-config-connector/cmd/config-connector
build-images	dev/tasks/build-images	2026-08-22T07:27:11.3990061Z #60 ...
build-images	dev/tasks/build-images	2026-08-22T07:27:11.3990546Z 
build-images	dev/tasks/build-images	2026-08-22T07:27:11.3990908Z #63 [operator builder 22/27] RUN dev/tasks/generate-channels
build-images	dev/tasks/build-images	2026-08-22T07:27:11.3991595Z #63 0.125 Installing kustomize v5.3.0...
build-images	dev/tasks/build-images	2026-08-22T07:27:11.3992523Z #63 0.188 go: downloading sigs.k8s.io/kustomize/kustomize/v5 v5.3.0
build-images	dev/tasks/build-images	2026-08-22T07:27:11.3993268Z #63 0.704 go: downloading github.com/spf13/cobra v1.7.0
build-images	dev/tasks/build-images	2026-08-22T07:27:11.3993943Z #63 0.705 go: downloading sigs.k8s.io/kustomize/api v0.16.0
build-images	dev/tasks/build-images	2026-08-22T07:27:11.3994659Z #63 0.721 go: downloading sigs.k8s.io/kustomize/cmd/config v0.13.0
build-images	dev/tasks/build-images	2026-08-22T07:27:11.3995381Z #63 0.996 go: downloading sigs.k8s.io/kustomize/kyaml v0.16.0
build-images	dev/tasks/build-images	2026-08-22T07:27:11.3996054Z #63 1.035 go: downloading github.com/spf13/pflag v1.0.5
build-images	dev/tasks/build-images	2026-08-22T07:27:11.3996668Z #63 1.063 go: downloading sigs.k8s.io/yaml v1.4.0
build-images	dev/tasks/build-images	2026-08-22T07:27:11.3997252Z #63 1.310 go: downloading golang.org/x/text v0.13.0
build-images	dev/tasks/build-images	2026-08-22T07:27:11.3997981Z #63 1.313 go: downloading golang.org/x/exp v0.0.0-20231006140011-7918f672742d
build-images	dev/tasks/build-images	2026-08-22T07:27:11.3998792Z #63 1.313 go: downloading github.com/go-errors/errors v1.4.2
build-images	dev/tasks/build-images	2026-08-22T07:27:11.3999482Z #63 1.380 go: downloading github.com/imdario/mergo v0.3.13
build-images	dev/tasks/build-images	2026-08-22T07:27:11.4000167Z #63 1.413 go: downloading gopkg.in/evanphx/json-patch.v5 v5.6.0
build-images	dev/tasks/build-images	2026-08-22T07:27:11.4001104Z #63 1.476 go: downloading github.com/monochromegane/go-gitignore v0.0.0-20200626010858-205db1a8cc00
build-images	dev/tasks/build-images	2026-08-22T07:27:11.4002287Z #63 1.495 go: downloading github.com/xlab/treeprint v1.2.0
build-images	dev/tasks/build-images	2026-08-22T07:27:11.4003011Z #63 1.516 go: downloading github.com/davecgh/go-spew v1.1.1
build-images	dev/tasks/build-images	2026-08-22T07:27:11.4003822Z #63 1.542 go: downloading k8s.io/kube-openapi v0.0.0-20230601164746-7562a1006961
build-images	dev/tasks/build-images	2026-08-22T07:27:11.4004988Z #63 1.595 go: downloading github.com/google/gnostic-models v0.6.8
build-images	dev/tasks/build-images	2026-08-22T07:27:11.4005956Z #63 1.645 go: downloading google.golang.org/protobuf v1.30.0
build-images	dev/tasks/build-images	2026-08-22T07:27:11.4006810Z #63 1.849 go: downloading gopkg.in/inf.v0 v0.9.1
build-images	dev/tasks/build-images	2026-08-22T07:27:11.4007782Z #63 1.936 go: downloading github.com/google/shlex v0.0.0-20191202100458-e7afc7fbc510
build-images	dev/tasks/build-images	2026-08-22T07:27:11.4009199Z #63 1.957 go: downloading github.com/pkg/errors v0.9.1
build-images	dev/tasks/build-images	2026-08-22T07:27:11.4010304Z #63 1.977 go: downloading gopkg.in/yaml.v3 v3.0.1
build-images	dev/tasks/build-images	2026-08-22T07:27:11.4011183Z #63 2.022 go: downloading github.com/go-openapi/jsonreference v0.20.2
build-images	dev/tasks/build-images	2026-08-22T07:27:11.4012607Z #63 2.045 go: downloading github.com/go-openapi/swag v0.22.3
build-images	dev/tasks/build-images	2026-08-22T07:27:11.4013325Z #63 2.060 go: downloading github.com/google/go-cmp v0.5.9
build-images	dev/tasks/build-images	2026-08-22T07:27:11.4014014Z #63 2.101 go: downloading github.com/google/gofuzz v1.2.0
build-images	dev/tasks/build-images	2026-08-22T07:27:11.4014807Z #63 2.103 go: downloading go.starlark.net v0.0.0-20200306205701-8dd3e2ee1dd5
build-images	dev/tasks/build-images	2026-08-22T07:27:11.4015599Z #63 2.203 go: downloading github.com/golang/protobuf v1.5.3
build-images	dev/tasks/build-images	2026-08-22T07:27:11.4016325Z #63 2.255 go: downloading github.com/go-openapi/jsonpointer v0.19.6
build-images	dev/tasks/build-images	2026-08-22T07:27:11.4017064Z #63 2.255 go: downloading github.com/mailru/easyjson v0.7.7
build-images	dev/tasks/build-images	2026-08-22T07:27:11.4017774Z #63 2.317 go: downloading github.com/josharian/intern v1.0.0
build-images	dev/tasks/build-images	2026-08-22T07:27:58.8767498Z #63 51.75 Building release bundle for version 1.155.0...
build-images	dev/tasks/build-images	2026-08-22T07:27:59.5400906Z #63 52.41 Excluding unverified greenfield CRD from release bundle: config/crds/resources/apiextensions.k8s.io_v1_customresourcedefinition_apigeeapiproducts.apigee.cnrm.cloud.google.com.yaml
build-images	dev/tasks/build-images	2026-08-22T07:27:59.6408278Z #63 52.45 Excluding unverified greenfield CRD from release bundle: config/crds/resources/apiextensions.k8s.io_v1_customresourcedefinition_apigeeregistryapis.apigeeregistry.cnrm.cloud.google.com.yaml
build-images	dev/tasks/build-images	2026-08-22T07:27:59.6411383Z #63 52.46 Excluding unverified greenfield CRD from release bundle: config/crds/resources/apiextensions.k8s.io_v1_customresourcedefinition_apigeeregistryartifacts.apigeeregistry.cnrm.cloud.google.com.yaml
build-images	dev/tasks/build-images	2026-08-22T07:27:59.6414822Z #63 52.47 Excluding unverified greenfield CRD from release bundle: config/crds/resources/apiextensions.k8s.io_v1_customresourcedefinition_apigeeregistryinstances.apigeeregistry.cnrm.cloud.google.com.yaml
build-images	dev/tasks/build-images	2026-08-22T07:27:59.6417758Z #63 52.48 Excluding unverified greenfield CRD from release bundle: config/crds/resources/apiextensions.k8s.io_v1_customresourcedefinition_apihubapis.apihub.cnrm.cloud.google.com.yaml
build-images	dev/tasks/build-images	2026-08-22T07:27:59.6420550Z #63 52.49 Excluding unverified greenfield CRD from release bundle: config/crds/resources/apiextensions.k8s.io_v1_customresourcedefinition_apihubdeployments.apihub.cnrm.cloud.google.com.yaml
build-images	dev/tasks/build-images	2026-08-22T07:27:59.6424242Z #63 52.50 Excluding unverified greenfield CRD from release bundle: config/crds/resources/apiextensions.k8s.io_v1_customresourcedefinition_apihubinstances.apihub.cnrm.cloud.google.com.yaml
build-images	dev/tasks/build-images	2026-08-22T07:27:59.6426929Z #63 52.51 Excluding unverified greenfield CRD from release bundle: config/crds/resources/apiextensions.k8s.io_v1_customresourcedefinition_apihubplugins.apihub.cnrm.cloud.google.com.yaml
build-images	dev/tasks/build-images	2026-08-22T07:27:59.6429759Z #63 52.51 Excluding unverified greenfield CRD from release bundle: config/crds/resources/apiextensions.k8s.io_v1_customresourcedefinition_apihubruntimeprojectattachments.apihub.cnrm.cloud.google.com.yaml
build-images	dev/tasks/build-images	2026-08-22T07:27:59.7776911Z #63 52.56 Excluding unverified greenfield CRD from release bundle: config/crds/resources/apiextensions.k8s.io_v1_customresourcedefinition_apphubserviceprojectattachments.apphub.cnrm.cloud.google.com.yaml
build-images	dev/tasks/build-images	2026-08-22T07:27:59.7780298Z #63 52.56 Excluding unverified greenfield CRD from release bundle: config/crds/resources/apiextensions.k8s.io_v1_customresourcedefinition_appoptimizereports.appoptimize.cnrm.cloud.google.com.yaml
build-images	dev/tasks/build-images	2026-08-22T07:27:59.7784273Z #63 52.57 Excluding unverified greenfield CRD from release bundle: config/crds/resources/apiextensions.k8s.io_v1_customresourcedefinition_artifactregistryvpcscconfigs.artifactregistry.cnrm.cloud.google.com.yaml
build-images	dev/tasks/build-images	2026-08-22T07:27:59.7793852Z #63 52.60 Excluding unverified greenfield CRD from release bundle: config/crds/resources/apiextensions.k8s.io_v1_customresourcedefinition_automldatasets.automl.cnrm.cloud.google.com.yaml
build-images	dev/tasks/build-images	2026-08-22T07:27:59.7796965Z #63 52.65 Excluding unverified greenfield CRD from release bundle: config/crds/resources/apiextensions.k8s.io_v1_customresourcedefinition_beyondcorpclientconnectorservices.beyondcorp.cnrm.cloud.google.com.yaml
build-images	dev/tasks/build-images	2026-08-22T07:27:59.9269715Z #63 52.65 Excluding unverified greenfield CRD from release bundle: config/crds/resources/apiextensions.k8s.io_v1_customresourcedefinition_beyondcorpclientgateways.beyondcorp.cnrm.cloud.google.com.yaml
build-images	dev/tasks/build-images	2026-08-22T07:27:59.9276169Z #63 52.66 Excluding unverified greenfield CRD from release bundle: config/crds/resources/apiextensions.k8s.io_v1_customresourcedefinition_biglakecatalogs.bigquerybiglake.cnrm.cloud.google.com.yaml
build-images	dev/tasks/build-images	2026-08-22T07:27:59.9279523Z #63 52.68 Excluding unverified greenfield CRD from release bundle: config/crds/resources/apiextensions.k8s.io_v1_customresourcedefinition_bigqueryanalyticshubdataexchanges.bigqueryanalyticshub.cnrm.cloud.google.com.yaml
build-images	dev/tasks/build-images	2026-08-22T07:27:59.9283688Z #63 52.72 Excluding unverified greenfield CRD from release bundle: config/crds/resources/apiextensions.k8s.io_v1_customresourcedefinition_bigquerymigrationmigrationworkflows.bigquerymigration.cnrm.cloud.google.com.yaml
build-images	dev/tasks/build-images	2026-08-22T07:27:59.9287540Z #63 52.79 Excluding unverified greenfield CRD from release bundle: config/crds/resources/apiextensions.k8s.io_v1_customresourcedefinition_binaryauthorizationplatformpolicies.binaryauthorization.cnrm.cloud.google.com.yaml
build-images	dev/tasks/build-images	2026-08-22T07:28:00.0302466Z #63 52.81 Excluding unverified greenfield CRD from release bundle: config/crds/resources/apiextensions.k8s.io_v1_customresourcedefinition_blockchainnodeengineblockchainnodes.blockchainnodeengine.cnrm.cloud.google.com.yaml
build-images	dev/tasks/build-images	2026-08-22T07:28:00.0305980Z #63 52.82 Excluding unverified greenfield CRD from release bundle: config/crds/resources/apiextensions.k8s.io_v1_customresourcedefinition_ccinsightsconversations.contactcenterinsights.cnrm.cloud.google.com.yaml
build-images	dev/tasks/build-images	2026-08-22T07:28:00.0309031Z #63 52.82 Excluding unverified greenfield CRD from release bundle: config/crds/resources/apiextensions.k8s.io_v1_customresourcedefinition_ccinsightsissuemodels.contactcenterinsights.cnrm.cloud.google.com.yaml
build-images	dev/tasks/build-images	2026-08-22T07:28:00.0312511Z #63 52.83 Excluding unverified greenfield CRD from release bundle: config/crds/resources/apiextensions.k8s.io_v1_customresourcedefinition_ccinsightsphrasematchers.contactcenterinsights.cnrm.cloud.google.com.yaml
build-images	dev/tasks/build-images	2026-08-22T07:28:00.0315604Z #63 52.83 Excluding unverified greenfield CRD from release bundle: config/crds/resources/apiextensions.k8s.io_v1_customresourcedefinition_ccinsightsqascorecards.contactcenterinsights.cnrm.cloud.google.com.yaml
build-images	dev/tasks/build-images	2026-08-22T07:28:00.0318724Z #63 52.84 Excluding unverified greenfield CRD from release bundle: config/crds/resources/apiextensions.k8s.io_v1_customresourcedefinition_ccinsightsviews.contactcenterinsights.cnrm.cloud.google.com.yaml
build-images	dev/tasks/build-images	2026-08-22T07:28:00.0322469Z #63 52.87 Excluding unverified greenfield CRD from release bundle: config/crds/resources/apiextensions.k8s.io_v1_customresourcedefinition_certificatemanagertrustconfigs.certificatemanager.cnrm.cloud.google.com.yaml
build-images	dev/tasks/build-images	2026-08-22T07:28:00.0325458Z #63 52.88 Excluding unverified greenfield CRD from release bundle: config/crds/resources/apiextensions.k8s.io_v1_customresourcedefinition_cesapps.ces.cnrm.cloud.google.com.yaml
build-images	dev/tasks/build-images	2026-08-22T07:28:00.0328241Z #63 52.90 Excluding unverified greenfield CRD from release bundle: config/crds/resources/apiextensions.k8s.io_v1_customresourcedefinition_cloudbatchresourceallowances.batch.cnrm.cloud.google.com.yaml
build-images	dev/tasks/build-images	2026-08-22T07:28:00.1438825Z #63 52.91 Excluding unverified greenfield CRD from release bundle: config/crds/resources/apiextensions.k8s.io_v1_customresourcedefinition_cloudbuildconnections.cloudbuild.cnrm.cloud.google.com.yaml
build-images	dev/tasks/build-images	2026-08-22T07:28:00.1442468Z #63 53.01 Excluding unverified greenfield CRD from release bundle: config/crds/resources/apiextensions.k8s.io_v1_customresourcedefinition_cloudsecuritycompliancecloudcontrols.cloudsecuritycompliance.cnrm.cloud.google.com.yaml
build-images	dev/tasks/build-images	2026-08-22T07:28:00.3077156Z #63 53.02 Excluding unverified greenfield CRD from release bundle: config/crds/resources/apiextensions.k8s.io_v1_customresourcedefinition_cloudsecuritycomplianceframeworks.cloudsecuritycompliance.cnrm.cloud.google.com.yaml
build-images	dev/tasks/build-images	2026-08-22T07:28:00.3081997Z #63 53.02 Excluding unverified greenfield CRD from release bundle: config/crds/resources/apiextensions.k8s.io_v1_customresourcedefinition_cloudsecurityframeworks.cloudsecuritycompliance.cnrm.cloud.google.com.yaml
build-images	dev/tasks/build-images	2026-08-22T07:28:00.3085396Z #63 53.03 Excluding unverified greenfield CRD from release bundle: config/crds/resources/apiextensions.k8s.io_v1_customresourcedefinition_cloudtalentsolutioncompanies.cloudtalentsolution.cnrm.cloud.google.com.yaml
build-images	dev/tasks/build-images	2026-08-22T07:28:00.5716790Z #63 53.44 Excluding unverified greenfield CRD from release bundle: config/crds/resources/apiextensions.k8s.io_v1_customresourcedefinition_configdeliveryfleetpackages.configdelivery.cnrm.cloud.google.com.yaml
build-images	dev/tasks/build-images	2026-08-22T07:28:00.7115416Z #63 53.45 Excluding unverified greenfield CRD from release bundle: config/crds/resources/apiextensions.k8s.io_v1_customresourcedefinition_configdeploymentgroups.configdeployment.cnrm.cloud.google.com.yaml
build-images	dev/tasks/build-images	2026-08-22T07:28:00.7118845Z #63 53.46 Excluding unverified greenfield CRD from release bundle: config/crds/resources/apiextensions.k8s.io_v1_customresourcedefinition_connectorsconnections.connectors.cnrm.cloud.google.com.yaml
build-images	dev/tasks/build-images	2026-08-22T07:28:00.7122328Z #63 53.49 Excluding unverified greenfield CRD from release bundle: config/crds/resources/apiextensions.k8s.io_v1_customresourcedefinition_contentwarehousedocuments.contentwarehouse.cnrm.cloud.google.com.yaml
build-images	dev/tasks/build-images	2026-08-22T07:28:00.7125648Z #63 53.50 Excluding unverified greenfield CRD from release bundle: config/crds/resources/apiextensions.k8s.io_v1_customresourcedefinition_contentwarehouserulesets.contentwarehouse.cnrm.cloud.google.com.yaml
build-images	dev/tasks/build-images	2026-08-22T07:28:00.7128802Z #63 53.51 Excluding unverified greenfield CRD from release bundle: config/crds/resources/apiextensions.k8s.io_v1_customresourcedefinition_contentwarehouseschemas.contentwarehouse.cnrm.cloud.google.com.yaml
build-images	dev/tasks/build-images	2026-08-22T07:28:00.7132319Z #63 53.51 Excluding unverified greenfield CRD from release bundle: config/crds/resources/apiextensions.k8s.io_v1_customresourcedefinition_contentwarehousesynonymsets.contentwarehouse.cnrm.cloud.google.com.yaml
build-images	dev/tasks/build-images	2026-08-22T07:28:00.7135661Z #63 53.52 Excluding unverified greenfield CRD from release bundle: config/crds/resources/apiextensions.k8s.io_v1_customresourcedefinition_databasemigrationconversionworkspaces.datamigration.cnrm.cloud.google.com.yaml
build-images	dev/tasks/build-images	2026-08-22T07:28:00.7138976Z #63 53.53 Excluding unverified greenfield CRD from release bundle: config/crds/resources/apiextensions.k8s.io_v1_customresourcedefinition_databasemigrationmigrationjobs.datamigration.cnrm.cloud.google.com.yaml
build-images	dev/tasks/build-images	2026-08-22T07:28:00.7142591Z #63 53.53 Excluding unverified greenfield CRD from release bundle: config/crds/resources/apiextensions.k8s.io_v1_customresourcedefinition_databasemigrationprivateconnections.datamigration.cnrm.cloud.google.com.yaml
build-images	dev/tasks/build-images	2026-08-22T07:28:00.7145722Z #63 53.58 Excluding unverified greenfield CRD from release bundle: config/crds/resources/apiextensions.k8s.io_v1_customresourcedefinition_dataformfolders.dataform.cnrm.cloud.google.com.yaml
build-images	dev/tasks/build-images	2026-08-22T07:28:00.8841893Z #63 53.59 Excluding unverified greenfield CRD from release bundle: config/crds/resources/apiextensions.k8s.io_v1_customresourcedefinition_dataformteamfolders.dataform.cnrm.cloud.google.com.yaml
build-images	dev/tasks/build-images	2026-08-22T07:28:00.8845079Z #63 53.60 Excluding unverified greenfield CRD from release bundle: config/crds/resources/apiextensions.k8s.io_v1_customresourcedefinition_datalabelingannotationspecsets.datalabeling.cnrm.cloud.google.com.yaml
build-images	dev/tasks/build-images	2026-08-22T07:28:00.8848078Z #63 53.61 Excluding unverified greenfield CRD from release bundle: config/crds/resources/apiextensions.k8s.io_v1_customresourcedefinition_datalabelingdatasets.datalabeling.cnrm.cloud.google.com.yaml
build-images	dev/tasks/build-images	2026-08-22T07:28:00.8851061Z #63 53.61 Excluding unverified greenfield CRD from release bundle: config/crds/resources/apiextensions.k8s.io_v1_customresourcedefinition_datalabelingevaluationjobs.datalabeling.cnrm.cloud.google.com.yaml
build-images	dev/tasks/build-images	2026-08-22T07:28:00.8855009Z #63 53.62 Excluding unverified greenfield CRD from release bundle: config/crds/resources/apiextensions.k8s.io_v1_customresourcedefinition_datalabelinginstructions.datalabeling.cnrm.cloud.google.com.yaml
build-images	dev/tasks/build-images	2026-08-22T07:28:00.8858140Z #63 53.62 Excluding unverified greenfield CRD from release bundle: config/crds/resources/apiextensions.k8s.io_v1_customresourcedefinition_datalineageprocesses.datalineage.cnrm.cloud.google.com.yaml
build-images	dev/tasks/build-images	2026-08-22T07:28:00.8860849Z #63 53.63 Excluding unverified greenfield CRD from release bundle: config/crds/resources/apiextensions.k8s.io_v1_customresourcedefinition_dataplexaspecttypes.dataplex.cnrm.cloud.google.com.yaml
build-images	dev/tasks/build-images	2026-08-22T07:28:00.8863859Z #63 53.63 Excluding unverified greenfield CRD from release bundle: config/crds/resources/apiextensions.k8s.io_v1_customresourcedefinition_dataplexdataattributebindings.dataplex.cnrm.cloud.google.com.yaml
build-images	dev/tasks/build-images	2026-08-22T07:28:00.8866711Z #63 53.64 Excluding unverified greenfield CRD from release bundle: config/crds/resources/apiextensions.k8s.io_v1_customresourcedefinition_dataplexdatascans.dataplex.cnrm.cloud.google.com.yaml
build-images	dev/tasks/build-images	2026-08-22T07:28:00.8869569Z #63 53.64 Excluding unverified greenfield CRD from release bundle: config/crds/resources/apiextensions.k8s.io_v1_customresourcedefinition_dataplexdatataxonomies.dataplex.cnrm.cloud.google.com.yaml
build-images	dev/tasks/build-images	2026-08-22T07:28:00.8873004Z #63 53.66 Excluding unverified greenfield CRD from release bundle: config/crds/resources/apiextensions.k8s.io_v1_customresourcedefinition_dataplexglossaries.dataplex.cnrm.cloud.google.com.yaml
build-images	dev/tasks/build-images	2026-08-22T07:28:00.8876129Z #63 53.75 Excluding unverified greenfield CRD from release bundle: config/crds/resources/apiextensions.k8s.io_v1_customresourcedefinition_devconnectaccountconnectors.developerconnect.cnrm.cloud.google.com.yaml
build-images	dev/tasks/build-images	2026-08-22T07:28:00.9880407Z #63 53.76 Excluding unverified greenfield CRD from release bundle: config/crds/resources/apiextensions.k8s.io_v1_customresourcedefinition_devconnectconnections.developerconnect.cnrm.cloud.google.com.yaml
build-images	dev/tasks/build-images	2026-08-22T07:28:00.9893132Z #63 53.76 Excluding unverified greenfield CRD from release bundle: config/crds/resources/apiextensions.k8s.io_v1_customresourcedefinition_devconnectinsightsconfigs.developerconnect.cnrm.cloud.google.com.yaml
build-images	dev/tasks/build-images	2026-08-22T07:28:00.9896462Z #63 53.77 Excluding unverified greenfield CRD from release bundle: config/crds/resources/apiextensions.k8s.io_v1_customresourcedefinition_devicestreamingsessions.devicestreaming.cnrm.cloud.google.com.yaml
build-images	dev/tasks/build-images	2026-08-22T07:28:00.9899677Z #63 53.78 Excluding unverified greenfield CRD from release bundle: config/crds/resources/apiextensions.k8s.io_v1_customresourcedefinition_dialogflowconversationdatasets.dialogflow.cnrm.cloud.google.com.yaml
build-images	dev/tasks/build-images	2026-08-22T07:28:00.9902914Z #63 53.83 Excluding unverified greenfield CRD from release bundle: config/crds/resources/apiextensions.k8s.io_v1_customresourcedefinition_dialogflowgenerators.dialogflow.cnrm.cloud.google.com.yaml
build-images	dev/tasks/build-images	2026-08-22T07:28:00.9905849Z #63 53.84 Excluding unverified greenfield CRD from release bundle: config/crds/resources/apiextensions.k8s.io_v1_customresourcedefinition_dialogflowknowledgebases.dialogflow.cnrm.cloud.google.com.yaml
build-images	dev/tasks/build-images	2026-08-22T07:28:00.9908818Z #63 53.84 Excluding unverified greenfield CRD from release bundle: config/crds/resources/apiextensions.k8s.io_v1_customresourcedefinition_dialogflowsecuritysettings.dialogflow.cnrm.cloud.google.com.yaml
build-images	dev/tasks/build-images	2026-08-22T07:28:00.9912020Z #63 53.85 Excluding unverified greenfield CRD from release bundle: config/crds/resources/apiextensions.k8s.io_v1_customresourcedefinition_dialogflowsiptrunks.dialogflow.cnrm.cloud.google.com.yaml
build-images	dev/tasks/build-images	2026-08-22T07:28:00.9923747Z #63 53.86 Excluding unverified greenfield CRD from release bundle: config/crds/resources/apiextensions.k8s.io_v1_customresourcedefinition_discoveryenginecontrols.discoveryengine.cnrm.cloud.google.com.yaml
build-images	dev/tasks/build-images	2026-08-22T07:28:01.1559562Z #63 53.86 Excluding unverified greenfield CRD from release bundle: config/crds/resources/apiextensions.k8s.io_v1_customresourcedefinition_discoveryengineconversations.discoveryengine.cnrm.cloud.google.com.yaml
build-images	dev/tasks/build-images	2026-08-22T07:28:01.1563859Z #63 53.89 Excluding unverified greenfield CRD from release bundle: config/crds/resources/apiextensions.k8s.io_v1_customresourcedefinition_discoveryengineidentitymappingstores.discoveryengine.cnrm.cloud.google.com.yaml
build-images	dev/tasks/build-images	2026-08-22T07:28:01.1574349Z #63 53.90 Excluding unverified greenfield CRD from release bundle: config/crds/resources/apiextensions.k8s.io_v1_customresourcedefinition_discoveryenginesamplequeries.discoveryengine.cnrm.cloud.google.com.yaml
build-images	dev/tasks/build-images	2026-08-22T07:28:01.1577840Z #63 53.91 Excluding unverified greenfield CRD from release bundle: config/crds/resources/apiextensions.k8s.io_v1_customresourcedefinition_discoveryenginesamplequerysets.discoveryengine.cnrm.cloud.google.com.yaml
build-images	dev/tasks/build-images	2026-08-22T07:28:01.1580892Z #63 53.92 Excluding unverified greenfield CRD from release bundle: config/crds/resources/apiextensions.k8s.io_v1_customresourcedefinition_discoveryenginesessions.discoveryengine.cnrm.cloud.google.com.yaml
build-images	dev/tasks/build-images	2026-08-22T07:28:01.1583814Z #63 53.93 Excluding unverified greenfield CRD from release bundle: config/crds/resources/apiextensions.k8s.io_v1_customresourcedefinition_dlpconnections.dlp.cnrm.cloud.google.com.yaml
build-images	dev/tasks/build-images	2026-08-22T07:28:01.1586462Z #63 53.94 Excluding unverified greenfield CRD from release bundle: config/crds/resources/apiextensions.k8s.io_v1_customresourcedefinition_dlpdiscoveryconfigs.dlp.cnrm.cloud.google.com.yaml
build-images	dev/tasks/build-images	2026-08-22T07:28:01.1589279Z #63 54.02 Excluding unverified greenfield CRD from release bundle: config/crds/resources/apiextensions.k8s.io_v1_customresourcedefinition_eventarcchannelconnections.eventarc.cnrm.cloud.google.com.yaml
build-images	dev/tasks/build-images	2026-08-22T07:28:01.2645182Z #63 54.04 Excluding unverified greenfield CRD from release bundle: config/crds/resources/apiextensions.k8s.io_v1_customresourcedefinition_eventarcgoogleapisources.eventarc.cnrm.cloud.google.com.yaml
build-images	dev/tasks/build-images	2026-08-22T07:28:01.2648532Z #63 54.13 Excluding unverified greenfield CRD from release bundle: config/crds/resources/apiextensions.k8s.io_v1_customresourcedefinition_geminidataanalyticsconversations.geminidataanalytics.cnrm.cloud.google.com.yaml
build-images	dev/tasks/build-images	2026-08-22T07:28:01.3699886Z #63 54.14 Excluding unverified greenfield CRD from release bundle: config/crds/resources/apiextensions.k8s.io_v1_customresourcedefinition_gkebackupbackupchannels.gkebackup.cnrm.cloud.google.com.yaml
build-images	dev/tasks/build-images	2026-08-22T07:28:01.3703482Z #63 54.17 Excluding unverified greenfield CRD from release bundle: config/crds/resources/apiextensions.k8s.io_v1_customresourcedefinition_gkehubfleets.gkehub.cnrm.cloud.google.com.yaml
build-images	dev/tasks/build-images	2026-08-22T07:28:01.3708215Z #63 54.21 Excluding unverified greenfield CRD from release bundle: config/crds/resources/apiextensions.k8s.io_v1_customresourcedefinition_gkemulticloudattachedclusters.gkemulticloud.cnrm.cloud.google.com.yaml
build-images	dev/tasks/build-images	2026-08-22T07:28:01.3713639Z #63 54.21 Excluding unverified greenfield CRD from release bundle: config/crds/resources/apiextensions.k8s.io_v1_customresourcedefinition_grafeasnotes.grafeas.cnrm.cloud.google.com.yaml
build-images	dev/tasks/build-images	2026-08-22T07:28:01.3716824Z #63 54.24 Excluding unverified greenfield CRD from release bundle: config/crds/resources/apiextensions.k8s.io_v1_customresourcedefinition_hypercomputeclusterclusters.hypercomputecluster.cnrm.cloud.google.com.yaml
build-images	dev/tasks/build-images	2026-08-22T07:28:01.5477473Z #63 54.42 Excluding unverified greenfield CRD from release bundle: config/crds/resources/apiextensions.k8s.io_v1_customresourcedefinition_licensemanagerconfigurations.licensemanager.cnrm.cloud.google.com.yaml
build-images	dev/tasks/build-images	2026-08-22T07:28:01.6559284Z #63 54.42 Excluding unverified greenfield CRD from release bundle: config/crds/resources/apiextensions.k8s.io_v1_customresourcedefinition_livestreamassets.livestream.cnrm.cloud.google.com.yaml
build-images	dev/tasks/build-images	2026-08-22T07:28:01.6562494Z #63 54.47 Excluding unverified greenfield CRD from release bundle: config/crds/resources/apiextensions.k8s.io_v1_customresourcedefinition_managedkafkaconnectclusters.managedkafka.cnrm.cloud.google.com.yaml
build-images	dev/tasks/build-images	2026-08-22T07:28:01.6565460Z #63 54.48 Excluding unverified greenfield CRD from release bundle: config/crds/resources/apiextensions.k8s.io_v1_customresourcedefinition_mapmanagementmapconfigs.mapmanagement.cnrm.cloud.google.com.yaml
build-images	dev/tasks/build-images	2026-08-22T07:28:01.6569148Z #63 54.52 Excluding unverified greenfield CRD from release bundle: config/crds/resources/apiextensions.k8s.io_v1_customresourcedefinition_migrationcentergroups.migrationcenter.cnrm.cloud.google.com.yaml
build-images	dev/tasks/build-images	2026-08-22T07:28:01.6572496Z #63 54.52 Excluding unverified greenfield CRD from release bundle: config/crds/resources/apiextensions.k8s.io_v1_customresourcedefinition_modelarmortemplates.modelarmor.cnrm.cloud.google.com.yaml
build-images	dev/tasks/build-images	2026-08-22T07:28:01.7590327Z #63 54.60 Excluding unverified greenfield CRD from release bundle: config/crds/resources/apiextensions.k8s.io_v1_customresourcedefinition_networkconnectivitymulticlouddatatransferconfigs.networkconnectivity.cnrm.cloud.google.com.yaml
build-images	dev/tasks/build-images	2026-08-22T07:28:01.7594469Z #63 54.62 Excluding unverified greenfield CRD from release bundle: config/crds/resources/apiextensions.k8s.io_v1_customresourcedefinition_networkmanagementvpcflowlogsconfigs.networkmanagement.cnrm.cloud.google.com.yaml
build-images	dev/tasks/build-images	2026-08-22T07:28:01.7597952Z #63 54.63 Excluding unverified greenfield CRD from release bundle: config/crds/resources/apiextensions.k8s.io_v1_customresourcedefinition_networksecurityaddressgroups.networksecurity.cnrm.cloud.google.com.yaml
build-images	dev/tasks/build-images	2026-08-22T07:28:01.8674038Z #63 54.64 Excluding unverified greenfield CRD from release bundle: config/crds/resources/apiextensions.k8s.io_v1_customresourcedefinition_networksecuritybackendauthenticationconfigs.networksecurity.cnrm.cloud.google.com.yaml
build-images	dev/tasks/build-images	2026-08-22T07:28:01.8677419Z #63 54.65 Excluding unverified greenfield CRD from release bundle: config/crds/resources/apiextensions.k8s.io_v1_customresourcedefinition_networksecuritydnsthreatdetectors.networksecurity.cnrm.cloud.google.com.yaml
build-images	dev/tasks/build-images	2026-08-22T07:28:01.8680782Z #63 54.66 Excluding unverified greenfield CRD from release bundle: config/crds/resources/apiextensions.k8s.io_v1_customresourcedefinition_networksecurityfirewallendpoints.networksecurity.cnrm.cloud.google.com.yaml
build-images	dev/tasks/build-images	2026-08-22T07:28:01.8684296Z #63 54.67 Excluding unverified greenfield CRD from release bundle: config/crds/resources/apiextensions.k8s.io_v1_customresourcedefinition_networksecuritygatewaysecuritypolicies.networksecurity.cnrm.cloud.google.com.yaml
build-images	dev/tasks/build-images	2026-08-22T07:28:01.8687583Z #63 54.67 Excluding unverified greenfield CRD from release bundle: config/crds/resources/apiextensions.k8s.io_v1_customresourcedefinition_networksecurityinterceptdeployments.networksecurity.cnrm.cloud.google.com.yaml
build-images	dev/tasks/build-images	2026-08-22T07:28:01.8690649Z #63 54.68 Excluding unverified greenfield CRD from release bundle: config/crds/resources/apiextensions.k8s.io_v1_customresourcedefinition_networksecuritymirroringdeployments.networksecurity.cnrm.cloud.google.com.yaml
build-images	dev/tasks/build-images	2026-08-22T07:28:01.8694661Z #63 54.70 Excluding unverified greenfield CRD from release bundle: config/crds/resources/apiextensions.k8s.io_v1_customresourcedefinition_networksecuritypartnerssegateways.networksecurity.cnrm.cloud.google.com.yaml
build-images	dev/tasks/build-images	2026-08-22T07:28:01.8697601Z #63 54.70 Excluding unverified greenfield CRD from release bundle: config/crds/resources/apiextensions.k8s.io_v1_customresourcedefinition_networksecuritypartnersserealms.networksecurity.cnrm.cloud.google.com.yaml
build-images	dev/tasks/build-images	2026-08-22T07:28:01.8700728Z #63 54.74 Excluding unverified greenfield CRD from release bundle: config/crds/resources/apiextensions.k8s.io_v1_customresourcedefinition_networksecuritytlsinspectionpolicies.networksecurity.cnrm.cloud.google.com.yaml
build-images	dev/tasks/build-images	2026-08-22T07:28:02.0798517Z #63 54.74 Excluding unverified greenfield CRD from release bundle: config/crds/resources/apiextensions.k8s.io_v1_customresourcedefinition_networksecurityurllists.networksecurity.cnrm.cloud.google.com.yaml
build-images	dev/tasks/build-images	2026-08-22T07:28:02.0823961Z #63 54.75 Excluding unverified greenfield CRD from release bundle: config/crds/resources/apiextensions.k8s.io_v1_customresourcedefinition_networkservicesauthzextensions.networkservices.cnrm.cloud.google.com.yaml
build-images	dev/tasks/build-images	2026-08-22T07:28:02.0827141Z #63 54.83 Excluding unverified greenfield CRD from release bundle: config/crds/resources/apiextensions.k8s.io_v1_customresourcedefinition_notebooksschedules.notebooks.cnrm.cloud.google.com.yaml
build-images	dev/tasks/build-images	2026-08-22T07:28:02.0833134Z #63 54.95 Excluding unverified greenfield CRD from release bundle: config/crds/resources/apiextensions.k8s.io_v1_customresourcedefinition_rapidmigrationassessmentcollectors.rapidmigrationassessment.cnrm.cloud.google.com.yaml
build-images	dev/tasks/build-images	2026-08-22T07:28:02.2744989Z #63 55.01 Excluding unverified greenfield CRD from release bundle: config/crds/resources/apiextensions.k8s.io_v1_customresourcedefinition_saasservicemgmtreleases.saasservicemgmt.cnrm.cloud.google.com.yaml
build-images	dev/tasks/build-images	2026-08-22T07:28:02.2747983Z #63 55.03 Excluding unverified greenfield CRD from release bundle: config/crds/resources/apiextensions.k8s.io_v1_customresourcedefinition_securitycenterbigqueryexports.securitycenter.cnrm.cloud.google.com.yaml
build-images	dev/tasks/build-images	2026-08-22T07:28:02.2751354Z #63 55.04 Excluding unverified greenfield CRD from release bundle: config/crds/resources/apiextensions.k8s.io_v1_customresourcedefinition_securitycentermanagementeventthreatdetectioncustommodules.securitycentermanagement.cnrm.cloud.google.com.yaml
build-images	dev/tasks/build-images	2026-08-22T07:28:02.2755042Z #63 55.05 Excluding unverified greenfield CRD from release bundle: config/crds/resources/apiextensions.k8s.io_v1_customresourcedefinition_securitycentermuteconfigs.securitycenter.cnrm.cloud.google.com.yaml
build-images	dev/tasks/build-images	2026-08-22T07:28:02.2757763Z #63 55.14 Excluding unverified greenfield CRD from release bundle: config/crds/resources/apiextensions.k8s.io_v1_customresourcedefinition_sqladminbackups.sqladmin.cnrm.cloud.google.com.yaml
build-images	dev/tasks/build-images	2026-08-22T07:28:02.3763361Z #63 55.20 Excluding unverified greenfield CRD from release bundle: config/crds/resources/apiextensions.k8s.io_v1_customresourcedefinition_storageinsightsdatasetconfigs.storageinsights.cnrm.cloud.google.com.yaml
build-images	dev/tasks/build-images	2026-08-22T07:28:02.3766483Z #63 55.24 Excluding unverified greenfield CRD from release bundle: config/crds/resources/apiextensions.k8s.io_v1_customresourcedefinition_testingdevicesessions.testing.cnrm.cloud.google.com.yaml
build-images	dev/tasks/build-images	2026-08-22T07:28:02.4928896Z #63 55.26 Excluding unverified greenfield CRD from release bundle: config/crds/resources/apiextensions.k8s.io_v1_customresourcedefinition_transcoderjobs.transcoder.cnrm.cloud.google.com.yaml
build-images	dev/tasks/build-images	2026-08-22T07:28:02.4932277Z #63 55.27 Excluding unverified greenfield CRD from release bundle: config/crds/resources/apiextensions.k8s.io_v1_customresourcedefinition_translateadaptivemtdatasets.translate.cnrm.cloud.google.com.yaml
build-images	dev/tasks/build-images	2026-08-22T07:28:02.4935374Z #63 55.27 Excluding unverified greenfield CRD from release bundle: config/crds/resources/apiextensions.k8s.io_v1_customresourcedefinition_vectorsearchcollections.vectorsearch.cnrm.cloud.google.com.yaml
build-images	dev/tasks/build-images	2026-08-22T07:28:02.4938381Z #63 55.28 Excluding unverified greenfield CRD from release bundle: config/crds/resources/apiextensions.k8s.io_v1_customresourcedefinition_vertexaicustomjobs.vertexai.cnrm.cloud.google.com.yaml
build-images	dev/tasks/build-images	2026-08-22T07:28:02.4941216Z #63 55.29 Excluding unverified greenfield CRD from release bundle: config/crds/resources/apiextensions.k8s.io_v1_customresourcedefinition_vertexaidatasets.vertexai.cnrm.cloud.google.com.yaml
build-images	dev/tasks/build-images	2026-08-22T07:28:02.4944494Z #63 55.29 Excluding unverified greenfield CRD from release bundle: config/crds/resources/apiextensions.k8s.io_v1_customresourcedefinition_vertexaideploymentresourcepools.vertexai.cnrm.cloud.google.com.yaml
build-images	dev/tasks/build-images	2026-08-22T07:28:02.4947480Z #63 55.30 Excluding unverified greenfield CRD from release bundle: config/crds/resources/apiextensions.k8s.io_v1_customresourcedefinition_vertexaiendpoints.vertexai.cnrm.cloud.google.com.yaml
build-images	dev/tasks/build-images	2026-08-22T07:28:02.4950367Z #63 55.31 Excluding unverified greenfield CRD from release bundle: config/crds/resources/apiextensions.k8s.io_v1_customresourcedefinition_vertexaiexamplestores.vertexai.cnrm.cloud.google.com.yaml
build-images	dev/tasks/build-images	2026-08-22T07:28:02.4957342Z #63 55.32 Excluding unverified greenfield CRD from release bundle: config/crds/resources/apiextensions.k8s.io_v1_customresourcedefinition_vertexaifeaturegroups.vertexai.cnrm.cloud.google.com.yaml
build-images	dev/tasks/build-images	2026-08-22T07:28:02.4961262Z #63 55.32 Excluding unverified greenfield CRD from release bundle: config/crds/resources/apiextensions.k8s.io_v1_customresourcedefinition_vertexaifeatureonlinestores.aiplatform.cnrm.cloud.google.com.yaml
build-images	dev/tasks/build-images	2026-08-22T07:28:02.4964647Z #63 55.36 Excluding unverified greenfield CRD from release bundle: config/crds/resources/apiextensions.k8s.io_v1_customresourcedefinition_vertexaipipelinejobs.aiplatform.cnrm.cloud.google.com.yaml
build-images	dev/tasks/build-images	2026-08-22T07:28:02.6100263Z #63 55.37 Excluding unverified greenfield CRD from release bundle: config/crds/resources/apiextensions.k8s.io_v1_customresourcedefinition_vertexaischedules.aiplatform.cnrm.cloud.google.com.yaml
build-images	dev/tasks/build-images	2026-08-22T07:28:02.6104021Z #63 55.37 Excluding unverified greenfield CRD from release bundle: config/crds/resources/apiextensions.k8s.io_v1_customresourcedefinition_vertexaispecialistpools.aiplatform.cnrm.cloud.google.com.yaml
build-images	dev/tasks/build-images	2026-08-22T07:28:02.6107099Z #63 55.38 Excluding unverified greenfield CRD from release bundle: config/crds/resources/apiextensions.k8s.io_v1_customresourcedefinition_vertexaistudies.aiplatform.cnrm.cloud.google.com.yaml
build-images	dev/tasks/build-images	2026-08-22T07:28:02.6110134Z #63 55.40 Excluding unverified greenfield CRD from release bundle: config/crds/resources/apiextensions.k8s.io_v1_customresourcedefinition_vertexaitrainingpipelines.aiplatform.cnrm.cloud.google.com.yaml
build-images	dev/tasks/build-images	2026-08-22T07:28:02.6113305Z #63 55.41 Excluding unverified greenfield CRD from release bundle: config/crds/resources/apiextensions.k8s.io_v1_customresourcedefinition_vertexaituningjobs.aiplatform.cnrm.cloud.google.com.yaml
build-images	dev/tasks/build-images	2026-08-22T07:28:02.6116252Z #63 55.41 Excluding unverified greenfield CRD from release bundle: config/crds/resources/apiextensions.k8s.io_v1_customresourcedefinition_videostitchercdnkeys.videostitcher.cnrm.cloud.google.com.yaml
build-images	dev/tasks/build-images	2026-08-22T07:28:02.6119146Z #63 55.42 Excluding unverified greenfield CRD from release bundle: config/crds/resources/apiextensions.k8s.io_v1_customresourcedefinition_visionaiapplications.visionai.cnrm.cloud.google.com.yaml
build-images	dev/tasks/build-images	2026-08-22T07:28:02.6122208Z #63 55.42 Excluding unverified greenfield CRD from release bundle: config/crds/resources/apiextensions.k8s.io_v1_customresourcedefinition_visionproducts.vision.cnrm.cloud.google.com.yaml
build-images	dev/tasks/build-images	2026-08-22T07:28:02.6125191Z #63 55.46 Excluding unverified greenfield CRD from release bundle: config/crds/resources/apiextensions.k8s.io_v1_customresourcedefinition_vmwareengineprivateconnections.vmwareengine.cnrm.cloud.google.com.yaml
build-images	dev/tasks/build-images	2026-08-22T07:28:02.6128351Z #63 55.48 Excluding unverified greenfield CRD from release bundle: config/crds/resources/apiextensions.k8s.io_v1_customresourcedefinition_workloadmanagerevaluations.workloadmanager.cnrm.cloud.google.com.yaml
build-images	dev/tasks/build-images	2026-08-22T07:28:10.3983598Z #63 63.27 # Warning: 'commonLabels' is deprecated. Please use 'labels' instead. Run 'kustomize edit fix' to update your Kustomization automatically.
build-images	dev/tasks/build-images	2026-08-22T07:28:10.5606840Z #63 63.27 # Warning: 'patchesJson6902' is deprecated. Please use 'patches' instead. Run 'kustomize edit fix' to update your Kustomization automatically.
build-images	dev/tasks/build-images	2026-08-22T07:28:10.5609136Z #63 63.28 # Warning: 'patchesStrategicMerge' is deprecated. Please use 'patches' instead. Run 'kustomize edit fix' to update your Kustomization automatically.
build-images	dev/tasks/build-images	2026-08-22T07:28:10.6080208Z #63 63.48 # Warning: 'patchesStrategicMerge' is deprecated. Please use 'patches' instead. Run 'kustomize edit fix' to update your Kustomization automatically.
build-images	dev/tasks/build-images	2026-08-22T07:28:10.7783220Z #63 63.48 # Warning: 'patchesStrategicMerge' is deprecated. Please use 'patches' instead. Run 'kustomize edit fix' to update your Kustomization automatically.
build-images	dev/tasks/build-images	2026-08-22T07:28:10.7785606Z #63 63.50 # Warning: 'patchesJson6902' is deprecated. Please use 'patches' instead. Run 'kustomize edit fix' to update your Kustomization automatically.
build-images	dev/tasks/build-images	2026-08-22T07:28:10.7787834Z #63 63.50 # Warning: 'patchesStrategicMerge' is deprecated. Please use 'patches' instead. Run 'kustomize edit fix' to update your Kustomization automatically.
build-images	dev/tasks/build-images	2026-08-22T07:28:10.8703201Z #63 63.74 # Warning: 'patchesJson6902' is deprecated. Please use 'patches' instead. Run 'kustomize edit fix' to update your Kustomization automatically.
build-images	dev/tasks/build-images	2026-08-22T07:28:11.0303199Z #63 63.74 # Warning: 'commonLabels' is deprecated. Please use 'labels' instead. Run 'kustomize edit fix' to update your Kustomization automatically.
build-images	dev/tasks/build-images	2026-08-22T07:28:11.0305383Z #63 63.74 # Warning: 'patchesJson6902' is deprecated. Please use 'patches' instead. Run 'kustomize edit fix' to update your Kustomization automatically.
build-images	dev/tasks/build-images	2026-08-22T07:28:11.0307599Z #63 63.75 # Warning: 'patchesStrategicMerge' is deprecated. Please use 'patches' instead. Run 'kustomize edit fix' to update your Kustomization automatically.
build-images	dev/tasks/build-images	2026-08-22T07:28:11.0796978Z #63 63.95 # Warning: 'patchesStrategicMerge' is deprecated. Please use 'patches' instead. Run 'kustomize edit fix' to update your Kustomization automatically.
build-images	dev/tasks/build-images	2026-08-22T07:28:11.2399842Z #63 63.95 # Warning: 'patchesStrategicMerge' is deprecated. Please use 'patches' instead. Run 'kustomize edit fix' to update your Kustomization automatically.
build-images	dev/tasks/build-images	2026-08-22T07:28:11.2413239Z #63 63.96 # Warning: 'patchesJson6902' is deprecated. Please use 'patches' instead. Run 'kustomize edit fix' to update your Kustomization automatically.
build-images	dev/tasks/build-images	2026-08-22T07:28:11.2415764Z #63 63.96 # Warning: 'patchesStrategicMerge' is deprecated. Please use 'patches' instead. Run 'kustomize edit fix' to update your Kustomization automatically.
build-images	dev/tasks/build-images	2026-08-22T07:28:11.3303532Z #63 64.20 # Warning: 'commonLabels' is deprecated. Please use 'labels' instead. Run 'kustomize edit fix' to update your Kustomization automatically.
build-images	dev/tasks/build-images	2026-08-22T07:28:11.4947294Z #63 64.20 # Warning: 'patchesJson6902' is deprecated. Please use 'patches' instead. Run 'kustomize edit fix' to update your Kustomization automatically.
build-images	dev/tasks/build-images	2026-08-22T07:28:11.4950491Z #63 64.21 # Warning: 'patchesStrategicMerge' is deprecated. Please use 'patches' instead. Run 'kustomize edit fix' to update your Kustomization automatically.
build-images	dev/tasks/build-images	2026-08-22T07:28:11.5574329Z #63 64.43 # Warning: 'patchesStrategicMerge' is deprecated. Please use 'patches' instead. Run 'kustomize edit fix' to update your Kustomization automatically.
build-images	dev/tasks/build-images	2026-08-22T07:28:11.7205141Z #63 64.43 # Warning: 'patchesStrategicMerge' is deprecated. Please use 'patches' instead. Run 'kustomize edit fix' to update your Kustomization automatically.
build-images	dev/tasks/build-images	2026-08-22T07:28:11.7223301Z #63 64.44 # Warning: 'patchesStrategicMerge' is deprecated. Please use 'patches' instead. Run 'kustomize edit fix' to update your Kustomization automatically.
build-images	dev/tasks/build-images	2026-08-22T07:28:11.7225739Z #63 64.44 # Warning: 'patchesStrategicMerge' is deprecated. Please use 'patches' instead. Run 'kustomize edit fix' to update your Kustomization automatically.
build-images	dev/tasks/build-images	2026-08-22T07:28:11.7929814Z #63 64.66 # Warning: 'patchesJson6902' is deprecated. Please use 'patches' instead. Run 'kustomize edit fix' to update your Kustomization automatically.
build-images	dev/tasks/build-images	2026-08-22T07:28:11.9632270Z #63 64.66 # Warning: 'commonLabels' is deprecated. Please use 'labels' instead. Run 'kustomize edit fix' to update your Kustomization automatically.
build-images	dev/tasks/build-images	2026-08-22T07:28:11.9635402Z #63 64.66 # Warning: 'patchesJson6902' is deprecated. Please use 'patches' instead. Run 'kustomize edit fix' to update your Kustomization automatically.
build-images	dev/tasks/build-images	2026-08-22T07:28:11.9653371Z #63 64.68 # Warning: 'patchesStrategicMerge' is deprecated. Please use 'patches' instead. Run 'kustomize edit fix' to update your Kustomization automatically.
build-images	dev/tasks/build-images	2026-08-22T07:28:12.0209969Z #63 64.89 # Warning: 'patchesStrategicMerge' is deprecated. Please use 'patches' instead. Run 'kustomize edit fix' to update your Kustomization automatically.
build-images	dev/tasks/build-images	2026-08-22T07:28:12.1838579Z #63 64.89 # Warning: 'patchesStrategicMerge' is deprecated. Please use 'patches' instead. Run 'kustomize edit fix' to update your Kustomization automatically.
build-images	dev/tasks/build-images	2026-08-22T07:28:12.1841003Z #63 64.90 # Warning: 'patchesStrategicMerge' is deprecated. Please use 'patches' instead. Run 'kustomize edit fix' to update your Kustomization automatically.
build-images	dev/tasks/build-images	2026-08-22T07:28:12.1843514Z #63 64.90 # Warning: 'patchesStrategicMerge' is deprecated. Please use 'patches' instead. Run 'kustomize edit fix' to update your Kustomization automatically.
build-images	dev/tasks/build-images	2026-08-22T07:28:12.2660677Z #63 65.13 # Warning: 'commonLabels' is deprecated. Please use 'labels' instead. Run 'kustomize edit fix' to update your Kustomization automatically.
build-images	dev/tasks/build-images	2026-08-22T07:28:12.4252103Z #63 65.13 # Warning: 'patchesJson6902' is deprecated. Please use 'patches' instead. Run 'kustomize edit fix' to update your Kustomization automatically.
build-images	dev/tasks/build-images	2026-08-22T07:28:12.4254429Z #63 65.14 # Warning: 'patchesStrategicMerge' is deprecated. Please use 'patches' instead. Run 'kustomize edit fix' to update your Kustomization automatically.
build-images	dev/tasks/build-images	2026-08-22T07:28:12.4755220Z #63 65.34 # Warning: 'patchesStrategicMerge' is deprecated. Please use 'patches' instead. Run 'kustomize edit fix' to update your Kustomization automatically.
build-images	dev/tasks/build-images	2026-08-22T07:28:12.6094057Z #63 65.35 # Warning: 'patchesStrategicMerge' is deprecated. Please use 'patches' instead. Run 'kustomize edit fix' to update your Kustomization automatically.
build-images	dev/tasks/build-images	2026-08-22T07:28:12.6096622Z #63 65.35 # Warning: 'patchesStrategicMerge' is deprecated. Please use 'patches' instead. Run 'kustomize edit fix' to update your Kustomization automatically.
build-images	dev/tasks/build-images	2026-08-22T07:28:12.6098748Z #63 65.48 # Warning: 'commonLabels' is deprecated. Please use 'labels' instead. Run 'kustomize edit fix' to update your Kustomization automatically.
build-images	dev/tasks/build-images	2026-08-22T07:28:12.7646961Z #63 65.48 # Warning: 'patchesJson6902' is deprecated. Please use 'patches' instead. Run 'kustomize edit fix' to update your Kustomization automatically.
build-images	dev/tasks/build-images	2026-08-22T07:28:12.7649111Z #63 65.48 # Warning: 'patchesStrategicMerge' is deprecated. Please use 'patches' instead. Run 'kustomize edit fix' to update your Kustomization automatically.
build-images	dev/tasks/build-images	2026-08-22T07:28:12.7651468Z #63 65.48 # Warning: 'patchesStrategicMerge' is deprecated. Please use 'patches' instead. Run 'kustomize edit fix' to update your Kustomization automatically.
build-images	dev/tasks/build-images	2026-08-22T07:28:12.7653955Z #63 65.48 # Warning: 'patchesStrategicMerge' is deprecated. Please use 'patches' instead. Run 'kustomize edit fix' to update your Kustomization automatically.
build-images	dev/tasks/build-images	2026-08-22T07:28:12.9664645Z #63 65.83 # Warning: 'patchesJson6902' is deprecated. Please use 'patches' instead. Run 'kustomize edit fix' to update your Kustomization automatically.
build-images	dev/tasks/build-images	2026-08-22T07:28:13.1280188Z #63 65.84 # Warning: 'commonLabels' is deprecated. Please use 'labels' instead. Run 'kustomize edit fix' to update your Kustomization automatically.
build-images	dev/tasks/build-images	2026-08-22T07:28:13.1282869Z #63 65.84 # Warning: 'patchesJson6902' is deprecated. Please use 'patches' instead. Run 'kustomize edit fix' to update your Kustomization automatically.
build-images	dev/tasks/build-images	2026-08-22T07:28:13.1285174Z #63 65.85 # Warning: 'patchesStrategicMerge' is deprecated. Please use 'patches' instead. Run 'kustomize edit fix' to update your Kustomization automatically.
build-images	dev/tasks/build-images	2026-08-22T07:28:13.1824324Z #63 66.05 # Warning: 'patchesStrategicMerge' is deprecated. Please use 'patches' instead. Run 'kustomize edit fix' to update your Kustomization automatically.
build-images	dev/tasks/build-images	2026-08-22T07:28:13.3431036Z #63 66.06 # Warning: 'patchesStrategicMerge' is deprecated. Please use 'patches' instead. Run 'kustomize edit fix' to update your Kustomization automatically.
build-images	dev/tasks/build-images	2026-08-22T07:28:13.3435745Z #63 66.06 # Warning: 'patchesStrategicMerge' is deprecated. Please use 'patches' instead. Run 'kustomize edit fix' to update your Kustomization automatically.
build-images	dev/tasks/build-images	2026-08-22T07:28:13.3444432Z #63 66.21 # Warning: 'commonLabels' is deprecated. Please use 'labels' instead. Run 'kustomize edit fix' to update your Kustomization automatically.
build-images	dev/tasks/build-images	2026-08-22T07:28:13.4964454Z #63 66.21 # Warning: 'patchesJson6902' is deprecated. Please use 'patches' instead. Run 'kustomize edit fix' to update your Kustomization automatically.
build-images	dev/tasks/build-images	2026-08-22T07:28:13.4967064Z #63 66.21 # Warning: 'patchesStrategicMerge' is deprecated. Please use 'patches' instead. Run 'kustomize edit fix' to update your Kustomization automatically.
build-images	dev/tasks/build-images	2026-08-22T07:28:13.4970565Z #63 66.21 # Warning: 'patchesStrategicMerge' is deprecated. Please use 'patches' instead. Run 'kustomize edit fix' to update your Kustomization automatically.
build-images	dev/tasks/build-images	2026-08-22T07:28:13.4975290Z #63 66.21 # Warning: 'patchesStrategicMerge' is deprecated. Please use 'patches' instead. Run 'kustomize edit fix' to update your Kustomization automatically.
build-images	dev/tasks/build-images	2026-08-22T07:28:13.7906910Z #63 66.66 ./
build-images	dev/tasks/build-images	2026-08-22T07:28:13.7908468Z #63 66.66 ./install-bundle-autopilot-gcp-identity/
build-images	dev/tasks/build-images	2026-08-22T07:28:13.9417266Z #63 66.66 ./install-bundle-autopilot-gcp-identity/crds.yaml
build-images	dev/tasks/build-images	2026-08-22T07:28:14.0323701Z #63 66.90 ./install-bundle-autopilot-gcp-identity/0-cnrm-system.yaml
build-images	dev/tasks/build-images	2026-08-22T07:28:14.1850353Z #63 66.90 ./install-bundle-gcp-identity/
build-images	dev/tasks/build-images	2026-08-22T07:28:14.1851347Z #63 66.90 ./install-bundle-gcp-identity/crds.yaml
build-images	dev/tasks/build-images	2026-08-22T07:28:14.2697954Z #63 67.14 ./install-bundle-gcp-identity/0-cnrm-system.yaml
build-images	dev/tasks/build-images	2026-08-22T07:28:14.4239867Z #63 67.14 ./install-bundle-autopilot-workload-identity/
build-images	dev/tasks/build-images	2026-08-22T07:28:14.4242500Z #63 67.14 ./install-bundle-autopilot-workload-identity/crds.yaml
build-images	dev/tasks/build-images	2026-08-22T07:28:14.5052369Z #63 67.37 ./install-bundle-autopilot-workload-identity/0-cnrm-system.yaml
build-images	dev/tasks/build-images	2026-08-22T07:28:14.6599944Z #63 67.38 ./install-bundle-autopilot-namespaced/
build-images	dev/tasks/build-images	2026-08-22T07:28:14.6601027Z #63 67.38 ./install-bundle-autopilot-namespaced/per-namespace-components.yaml
build-images	dev/tasks/build-images	2026-08-22T07:28:14.6602149Z #63 67.38 ./install-bundle-autopilot-namespaced/crds.yaml
build-images	dev/tasks/build-images	2026-08-22T07:28:14.7449738Z #63 67.61 ./install-bundle-autopilot-namespaced/0-cnrm-system.yaml
build-images	dev/tasks/build-images	2026-08-22T07:28:14.8997399Z #63 67.62 ./install-bundle-namespaced/
build-images	dev/tasks/build-images	2026-08-22T07:28:14.8998615Z #63 67.62 ./install-bundle-namespaced/per-namespace-components.yaml
build-images	dev/tasks/build-images	2026-08-22T07:28:14.8999609Z #63 67.62 ./install-bundle-namespaced/crds.yaml
build-images	dev/tasks/build-images	2026-08-22T07:28:14.9854426Z #63 67.85 ./install-bundle-namespaced/0-cnrm-system.yaml
build-images	dev/tasks/build-images	2026-08-22T07:28:15.1375622Z #63 67.86 ./version
build-images	dev/tasks/build-images	2026-08-22T07:28:15.1376202Z #63 67.86 ./install-bundle-workload-identity/
build-images	dev/tasks/build-images	2026-08-22T07:28:15.1376840Z #63 67.86 ./install-bundle-workload-identity/crds.yaml
build-images	dev/tasks/build-images	2026-08-22T07:28:15.2214352Z #63 68.09 ./install-bundle-workload-identity/0-cnrm-system.yaml
build-images	dev/tasks/build-images	2026-08-22T07:28:15.3215661Z #63 68.09 ./samples/
build-images	dev/tasks/build-images	2026-08-22T07:28:15.3218138Z #63 68.09 ./samples/tutorials/
build-images	dev/tasks/build-images	2026-08-22T07:28:15.3219415Z #63 68.09 ./samples/tutorials/managed-certs/
build-images	dev/tasks/build-images	2026-08-22T07:28:15.3221404Z #63 68.09 ./samples/tutorials/managed-certs/compute-address.yaml
build-images	dev/tasks/build-images	2026-08-22T07:28:15.3223231Z #63 68.09 ./samples/tutorials/managed-certs/README.md
build-images	dev/tasks/build-images	2026-08-22T07:28:15.3223894Z #63 68.09 ./samples/tutorials/http-balancer/
build-images	dev/tasks/build-images	2026-08-22T07:28:15.3224577Z #63 68.09 ./samples/tutorials/http-balancer/compute-address.yaml
build-images	dev/tasks/build-images	2026-08-22T07:28:15.3225295Z #63 68.09 ./samples/tutorials/http-balancer/README.md
build-images	dev/tasks/build-images	2026-08-22T07:28:15.3225939Z #63 68.09 ./samples/tutorials/auth-service-accounts/
build-images	dev/tasks/build-images	2026-08-22T07:28:15.3226726Z #63 68.09 ./samples/tutorials/auth-service-accounts/service-account-policy.yaml
build-images	dev/tasks/build-images	2026-08-22T07:28:15.3227627Z #63 68.09 ./samples/tutorials/auth-service-accounts/subscription.yaml
build-images	dev/tasks/build-images	2026-08-22T07:28:15.3228482Z #63 68.09 ./samples/tutorials/auth-service-accounts/service-account.yaml
build-images	dev/tasks/build-images	2026-08-22T07:28:15.3229331Z #63 68.09 ./samples/tutorials/auth-service-accounts/README.md
build-images	dev/tasks/build-images	2026-08-22T07:28:15.3230179Z #63 68.09 ./samples/tutorials/auth-service-accounts/service-account-key.yaml
build-images	dev/tasks/build-images	2026-08-22T07:28:15.3231031Z #63 68.09 ./samples/tutorials/auth-service-accounts/topic.yaml
build-images	dev/tasks/build-images	2026-08-22T07:28:15.3231994Z #63 68.09 ./samples/tutorials/hardening-your-cluster/
build-images	dev/tasks/build-images	2026-08-22T07:28:15.3232789Z #63 68.09 ./samples/tutorials/hardening-your-cluster/policy-monitoring.yaml
build-images	dev/tasks/build-images	2026-08-22T07:28:15.3233781Z #63 68.09 ./samples/tutorials/hardening-your-cluster/policy-least-privilege.yaml
build-images	dev/tasks/build-images	2026-08-22T07:28:15.3234776Z #63 68.09 ./samples/tutorials/hardening-your-cluster/policy-metrics-writer.yaml
build-images	dev/tasks/build-images	2026-08-22T07:28:15.3235697Z #63 68.10 ./samples/tutorials/hardening-your-cluster/policy-logging.yaml
build-images	dev/tasks/build-images	2026-08-22T07:28:15.3236718Z #63 68.10 ./samples/tutorials/hardening-your-cluster/policy-autoscaling-metrics-writer.yaml
build-images	dev/tasks/build-images	2026-08-22T07:28:15.3237782Z #63 68.10 ./samples/tutorials/hardening-your-cluster/policy-object-viewer.yaml
build-images	dev/tasks/build-images	2026-08-22T07:28:15.3239199Z #63 68.10 ./samples/tutorials/hardening-your-cluster/policy-service-account-user.yaml
build-images	dev/tasks/build-images	2026-08-22T07:28:15.3240446Z #63 68.10 ./samples/tutorials/hardening-your-cluster/service-account.yaml
build-images	dev/tasks/build-images	2026-08-22T07:28:15.3241400Z #63 68.10 ./samples/tutorials/hardening-your-cluster/README.md
build-images	dev/tasks/build-images	2026-08-22T07:28:15.3256992Z #63 68.10 ./samples/tutorials/hardening-your-cluster/policy-artifact-registry-reader.yaml
build-images	dev/tasks/build-images	2026-08-22T07:28:15.3257884Z #63 68.10 ./samples/tutorials/README.md
build-images	dev/tasks/build-images	2026-08-22T07:28:15.3258441Z #63 68.10 ./samples/tutorials/workload-identity/
build-images	dev/tasks/build-images	2026-08-22T07:28:15.3259151Z #63 68.10 ./samples/tutorials/workload-identity/service-account.yaml
build-images	dev/tasks/build-images	2026-08-22T07:28:15.3259892Z #63 68.10 ./samples/tutorials/workload-identity/README.md
build-images	dev/tasks/build-images	2026-08-22T07:28:15.3260635Z #63 68.10 ./samples/tutorials/workload-identity/policy-binding.yaml
build-images	dev/tasks/build-images	2026-08-22T07:28:15.3261411Z #63 68.10 ./samples/tutorials/configuring-domain-name-static-ip/
build-images	dev/tasks/build-images	2026-08-22T07:28:15.3271714Z #63 68.10 ./samples/tutorials/configuring-domain-name-static-ip/compute-address-global.yaml
build-images	dev/tasks/build-images	2026-08-22T07:28:15.3273138Z #63 68.10 ./samples/tutorials/configuring-domain-name-static-ip/compute-address-regional.yaml
build-images	dev/tasks/build-images	2026-08-22T07:28:15.3274210Z #63 68.10 ./samples/tutorials/configuring-domain-name-static-ip/README.md
build-images	dev/tasks/build-images	2026-08-22T07:28:15.3274910Z #63 68.10 ./samples/resources/
build-images	dev/tasks/build-images	2026-08-22T07:28:15.3275445Z #63 68.10 ./samples/resources/apiquotaadjustersettings/
build-images	dev/tasks/build-images	2026-08-22T07:28:15.3276491Z #63 68.10 ./samples/resources/apiquotaadjustersettings/cloudquota-v1beta1-apiquotaadjustersettings.yaml
build-images	dev/tasks/build-images	2026-08-22T07:28:15.3277537Z #63 68.10 ./samples/resources/dataprocautoscalingpolicy/
build-images	dev/tasks/build-images	2026-08-22T07:28:15.3278563Z #63 68.10 ./samples/resources/dataprocautoscalingpolicy/dataproc_v1beta1_dataprocautoscalingpolicy.yaml
build-images	dev/tasks/build-images	2026-08-22T07:28:15.3279579Z #63 68.10 ./samples/resources/computerouterinterface/
build-images	dev/tasks/build-images	2026-08-22T07:28:15.3280528Z #63 68.10 ./samples/resources/computerouterinterface/compute_v1beta1_computeforwardingrule.yaml
build-images	dev/tasks/build-images	2026-08-22T07:28:15.3292237Z #63 68.10 ./samples/resources/computerouterinterface/compute_v1beta1_computerouter.yaml
build-images	dev/tasks/build-images	2026-08-22T07:28:15.3311014Z #63 68.10 ./samples/resources/computerouterinterface/compute_v1beta1_computeaddress.yaml
build-images	dev/tasks/build-images	2026-08-22T07:28:15.3315462Z #63 68.10 ./samples/resources/computerouterinterface/compute_v1beta1_computerouterinterface.yaml
build-images	dev/tasks/build-images	2026-08-22T07:28:15.3319664Z #63 68.10 ./samples/resources/computerouterinterface/compute_v1beta1_computetargetvpngateway.yaml
build-images	dev/tasks/build-images	2026-08-22T07:28:15.3322665Z #63 68.10 ./samples/resources/computerouterinterface/secret.yaml
build-images	dev/tasks/build-images	2026-08-22T07:28:15.3325418Z #63 68.10 ./samples/resources/computerouterinterface/compute_v1beta1_computenetwork.yaml
build-images	dev/tasks/build-images	2026-08-22T07:28:15.3326646Z #63 68.10 ./samples/resources/computerouterinterface/compute_v1beta1_computevpntunnel.yaml
build-images	dev/tasks/build-images	2026-08-22T07:28:15.3327503Z #63 68.10 ./samples/resources/iampolicy/
build-images	dev/tasks/build-images	2026-08-22T07:28:15.3328119Z #63 68.10 ./samples/resources/iampolicy/pubsub-admin-policy/
build-images	dev/tasks/build-images	2026-08-22T07:28:15.3329060Z #63 68.10 ./samples/resources/iampolicy/pubsub-admin-policy/pubsub_v1beta1_pubsubtopic.yaml
build-images	dev/tasks/build-images	2026-08-22T07:28:15.3330217Z #63 68.10 ./samples/resources/iampolicy/pubsub-admin-policy/iam_v1beta1_iampolicy.yaml
build-images	dev/tasks/build-images	2026-08-22T07:28:15.3331354Z #63 68.10 ./samples/resources/iampolicy/pubsub-admin-policy/iam_v1beta1_iamserviceaccount.yaml
build-images	dev/tasks/build-images	2026-08-22T07:28:15.3353506Z #63 68.10 ./samples/resources/iampolicy/external-project-level-policy/
build-images	dev/tasks/build-images	2026-08-22T07:28:15.3357105Z #63 68.10 ./samples/resources/iampolicy/external-project-level-policy/iam_v1beta1_iampolicy.yaml
build-images	dev/tasks/build-images	2026-08-22T07:28:15.3363755Z #63 68.10 ./samples/resources/iampolicy/external-project-level-policy/resourcemanager_v1beta1_project.yaml
build-images	dev/tasks/build-images	2026-08-22T07:28:15.3368606Z #63 68.10 ./samples/resources/iampolicy/external-project-level-policy/iam_v1beta1_iamserviceaccount.yaml
build-images	dev/tasks/build-images	2026-08-22T07:28:15.3369913Z #63 68.10 ./samples/resources/iampolicy/kms-policy-with-condition/
build-images	dev/tasks/build-images	2026-08-22T07:28:15.3370927Z #63 68.10 ./samples/resources/iampolicy/kms-policy-with-condition/iam_v1beta1_iampolicy.yaml
build-images	dev/tasks/build-images	2026-08-22T07:28:15.3378948Z #63 68.10 ./samples/resources/iampolicy/kms-policy-with-condition/kms_v1beta1_kmskeyring.yaml
build-images	dev/tasks/build-images	2026-08-22T07:28:15.3384964Z #63 68.10 ./samples/resources/iampolicy/kms-policy-with-condition/iam_v1beta1_iamserviceaccount.yaml
build-images	dev/tasks/build-images	2026-08-22T07:28:15.3387092Z #63 68.10 ./samples/resources/iampolicy/workload-identity-policy/
build-images	dev/tasks/build-images	2026-08-22T07:28:15.3390216Z #63 68.10 ./samples/resources/iampolicy/workload-identity-policy/kubernetes_service_account.yaml
build-images	dev/tasks/build-images	2026-08-22T07:28:15.3391561Z #63 68.10 ./samples/resources/iampolicy/workload-identity-policy/iam_v1beta1_iampolicy.yaml
build-images	dev/tasks/build-images	2026-08-22T07:28:15.3392996Z #63 68.10 ./samples/resources/iampolicy/workload-identity-policy/iam_v1beta1_iamserviceaccount.yaml
build-images	dev/tasks/build-images	2026-08-22T07:28:15.3398886Z #63 68.10 ./samples/resources/iampolicy/project-level-policy/
build-images	dev/tasks/build-images	2026-08-22T07:28:15.3401651Z #63 68.10 ./samples/resources/iampolicy/project-level-policy/iam_v1beta1_iampolicy.yaml
build-images	dev/tasks/build-images	2026-08-22T07:28:15.3406593Z #63 68.10 ./samples/resources/iampolicy/project-level-policy/resourcemanager_v1beta1_project.yaml
build-images	dev/tasks/build-images	2026-08-22T07:28:15.3410133Z #63 68.10 ./samples/resources/iampolicy/project-level-policy/iam_v1beta1_iamserviceaccount.yaml
build-images	dev/tasks/build-images	2026-08-22T07:28:15.3411098Z #63 68.10 ./samples/resources/monitoringdashboard/
build-images	dev/tasks/build-images	2026-08-22T07:28:15.3412233Z #63 68.10 ./samples/resources/monitoringdashboard/monitoring_v1beta1_monitoringdashboard.yaml
build-images	dev/tasks/build-images	2026-08-22T07:28:15.3413128Z #63 68.10 ./samples/resources/dataflowjob/
build-images	dev/tasks/build-images	2026-08-22T07:28:15.3413802Z #63 68.10 ./samples/resources/dataflowjob/streaming-dataflow-job/
build-images	dev/tasks/build-images	2026-08-22T07:28:15.3414858Z #63 68.10 ./samples/resources/dataflowjob/streaming-dataflow-job/bigquery_v1beta1_bigquerydataset.yaml
build-images	dev/tasks/build-images	2026-08-22T07:28:15.3416118Z #63 68.10 ./samples/resources/dataflowjob/streaming-dataflow-job/pubsub_v1beta1_pubsubtopic.yaml
build-images	dev/tasks/build-images	2026-08-22T07:28:15.3417339Z #63 68.10 ./samples/resources/dataflowjob/streaming-dataflow-job/dataflow_v1beta1_dataflowjob.yaml
build-images	dev/tasks/build-images	2026-08-22T07:28:15.3418577Z #63 68.10 ./samples/resources/dataflowjob/streaming-dataflow-job/bigquery_v1beta1_bigquerytable.yaml
build-images	dev/tasks/build-images	2026-08-22T07:28:15.3419845Z #63 68.10 ./samples/resources/dataflowjob/streaming-dataflow-job/storage_v1beta1_storagebucket.yaml
build-images	dev/tasks/build-images	2026-08-22T07:28:15.3420857Z #63 68.11 ./samples/resources/dataflowjob/batch-dataflow-job/
build-images	dev/tasks/build-images	2026-08-22T07:28:15.3422055Z #63 68.11 ./samples/resources/dataflowjob/batch-dataflow-job/dataflow_v1beta1_dataflowjob.yaml
build-images	dev/tasks/build-images	2026-08-22T07:28:15.3423251Z #63 68.11 ./samples/resources/dataflowjob/batch-dataflow-job/storage_v1beta1_storagebucket.yaml
build-images	dev/tasks/build-images	2026-08-22T07:28:15.3424139Z #63 68.11 ./samples/resources/privatecacapool/
build-images	dev/tasks/build-images	2026-08-22T07:28:15.3424940Z #63 68.11 ./samples/resources/privatecacapool/privateca_v1beta1_privatecacapool.yaml
build-images	dev/tasks/build-images	2026-08-22T07:28:15.3425789Z #63 68.11 ./samples/resources/osconfigguestpolicy/
build-images	dev/tasks/build-images	2026-08-22T07:28:15.3426677Z #63 68.11 ./samples/resources/osconfigguestpolicy/osconfig_v1beta1_osconfigguestpolicy.yaml
build-images	dev/tasks/build-images	2026-08-22T07:28:15.3427544Z #63 68.11 ./samples/resources/logginglogbucket/
build-images	dev/tasks/build-images	2026-08-22T07:28:15.3428224Z #63 68.11 ./samples/resources/logginglogbucket/project-log-bucket/
build-images	dev/tasks/build-images	2026-08-22T07:28:15.3429244Z #63 68.11 ./samples/resources/logginglogbucket/project-log-bucket/logging_v1beta1_logginglogbucket.yaml
build-images	dev/tasks/build-images	2026-08-22T07:28:15.3430317Z #63 68.11 ./samples/resources/logginglogbucket/organization-log-bucket/
build-images	dev/tasks/build-images	2026-08-22T07:28:15.3431452Z #63 68.11 ./samples/resources/logginglogbucket/organization-log-bucket/logging_v1beta1_logginglogbucket.yaml
build-images	dev/tasks/build-images	2026-08-22T07:28:15.3460064Z #63 68.11 ./samples/resources/logginglogbucket/billing-account-log-bucket/
build-images	dev/tasks/build-images	2026-08-22T07:28:15.3461285Z #63 68.11 ./samples/resources/logginglogbucket/billing-account-log-bucket/logging_v1beta1_logginglogbucket.yaml
build-images	dev/tasks/build-images	2026-08-22T07:28:15.3462635Z #63 68.11 ./samples/resources/logginglogbucket/folder-log-bucket/
build-images	dev/tasks/build-images	2026-08-22T07:28:15.3463695Z #63 68.11 ./samples/resources/logginglogbucket/folder-log-bucket/resourcemanager_v1beta1_folder.yaml
build-images	dev/tasks/build-images	2026-08-22T07:28:15.3465019Z #63 68.11 ./samples/resources/logginglogbucket/folder-log-bucket/logging_v1beta1_logginglogbucket.yaml
build-images	dev/tasks/build-images	2026-08-22T07:28:15.3466299Z #63 68.11 ./samples/resources/notebookinstance/
build-images	dev/tasks/build-images	2026-08-22T07:28:15.3467357Z #63 68.11 ./samples/resources/notebookinstance/compute_v1beta1_computesubnetwork.yaml
build-images	dev/tasks/build-images	2026-08-22T07:28:15.3468349Z #63 68.11 ./samples/resources/notebookinstance/kms_v1beta1_kmscryptokey.yaml
build-images	dev/tasks/build-images	2026-08-22T07:28:15.3469338Z #63 68.11 ./samples/resources/notebookinstance/notebooks_v1beta1_notebookinstance.yaml
build-images	dev/tasks/build-images	2026-08-22T07:28:15.3470385Z #63 68.11 ./samples/resources/notebookinstance/compute_v1beta1_computenetwork.yaml
build-images	dev/tasks/build-images	2026-08-22T07:28:15.3471328Z #63 68.11 ./samples/resources/notebookinstance/kms_v1beta1_kmskeyring.yaml
build-images	dev/tasks/build-images	2026-08-22T07:28:15.3472556Z #63 68.11 ./samples/resources/notebookinstance/iam_v1beta1_iampartialpolicy.yaml
build-images	dev/tasks/build-images	2026-08-22T07:28:15.3473594Z #63 68.11 ./samples/resources/notebookinstance/iam_v1beta1_iamserviceaccount.yaml
build-images	dev/tasks/build-images	2026-08-22T07:28:15.3474401Z #63 68.11 ./samples/resources/apigeeorganization/
build-images	dev/tasks/build-images	2026-08-22T07:28:15.3505365Z #63 68.11 ./samples/resources/apigeeorganization/apigee_v1beta1_apigeeorganization.yaml
build-images	dev/tasks/build-images	2026-08-22T07:28:15.3509168Z #63 68.11 ./samples/resources/apigeeorganization/compute_v1beta1_computenetwork.yaml
build-images	dev/tasks/build-images	2026-08-22T07:28:15.3510076Z #63 68.11 ./samples/resources/computehealthcheck/
build-images	dev/tasks/build-images	2026-08-22T07:28:15.3510822Z #63 68.11 ./samples/resources/computehealthcheck/global-health-check/
build-images	dev/tasks/build-images	2026-08-22T07:28:15.3516369Z #63 68.11 ./samples/resources/computehealthcheck/global-health-check/compute_v1beta1_computehealthcheck.yaml
build-images	dev/tasks/build-images	2026-08-22T07:28:15.3521584Z #63 68.11 ./samples/resources/computehealthcheck/regional-health-check/
build-images	dev/tasks/build-images	2026-08-22T07:28:15.3522988Z #63 68.11 ./samples/resources/computehealthcheck/regional-health-check/compute_v1beta1_computehealthcheck.yaml
build-images	dev/tasks/build-images	2026-08-22T07:28:15.3524048Z #63 68.11 ./samples/resources/datafusioninstance/
build-images	dev/tasks/build-images	2026-08-22T07:28:15.3524951Z #63 68.11 ./samples/resources/datafusioninstance/datafusion_v1beta1_datafusioninstance.yaml
build-images	dev/tasks/build-images	2026-08-22T07:28:15.3526070Z #63 68.11 ./samples/resources/datafusioninstance/compute_v1beta1_computenetwork.yaml
build-images	dev/tasks/build-images	2026-08-22T07:28:15.3527153Z #63 68.11 ./samples/resources/datafusioninstance/iam_v1beta1_iamserviceaccount.yaml
build-images	dev/tasks/build-images	2026-08-22T07:28:15.3528003Z #63 68.11 ./samples/resources/computerouterpeer/
build-images	dev/tasks/build-images	2026-08-22T07:28:15.3528820Z #63 68.11 ./samples/resources/computerouterpeer/compute_v1beta1_computerouter.yaml
build-images	dev/tasks/build-images	2026-08-22T07:28:15.3529917Z #63 68.11 ./samples/resources/computerouterpeer/compute_v1beta1_computerouterinterface.yaml
build-images	dev/tasks/build-images	2026-08-22T07:28:15.3531019Z #63 68.11 ./samples/resources/computerouterpeer/compute_v1beta1_computenetwork.yaml
build-images	dev/tasks/build-images	2026-08-22T07:28:15.3532306Z #63 68.11 ./samples/resources/computerouterpeer/compute_v1beta1_computerouterpeer.yaml
build-images	dev/tasks/build-images	2026-08-22T07:28:15.3533262Z #63 68.11 ./samples/resources/privatecacertificateauthority/
build-images	dev/tasks/build-images	2026-08-22T07:28:15.3557977Z #63 68.11 ./samples/resources/privatecacertificateauthority/privateca_v1beta1_privatecacertificateauthority.yaml
build-images	dev/tasks/build-images	2026-08-22T07:28:15.3563936Z #63 68.11 ./samples/resources/privatecacertificateauthority/privateca_v1beta1_privatecacapool.yaml
build-images	dev/tasks/build-images	2026-08-22T07:28:15.3566151Z #63 68.11 ./samples/resources/edgecontainernodepool/
build-images	dev/tasks/build-images	2026-08-22T07:28:15.3568814Z #63 68.11 ./samples/resources/edgecontainernodepool/edgecontainer_v1beta1_edgecontainercluster.yaml
build-images	dev/tasks/build-images	2026-08-22T07:28:15.3570197Z #63 68.11 ./samples/resources/edgecontainernodepool/edgecontainer_v1beta1_edgecontainernodepool.yaml
build-images	dev/tasks/build-images	2026-08-22T07:28:15.3571373Z #63 68.11 ./samples/resources/accesscontextmanagerserviceperimeterresource/
build-images	dev/tasks/build-images	2026-08-22T07:28:15.3586829Z #63 68.11 ./samples/resources/accesscontextmanagerserviceperimeterresource/accesscontextmanager_v1beta1_accesscontextmanagerserviceperimeterresource.yaml
build-images	dev/tasks/build-images	2026-08-22T07:28:15.3590837Z #63 68.11 ./samples/resources/pubsublitereservation/
build-images	dev/tasks/build-images	2026-08-22T07:28:15.3595089Z #63 68.11 ./samples/resources/pubsublitereservation/pubsublite_v1beta1_pubsublitereservation.yaml
build-images	dev/tasks/build-images	2026-08-22T07:28:15.3596961Z #63 68.11 ./samples/resources/accesscontextmanagerserviceperimeter/
build-images	dev/tasks/build-images	2026-08-22T07:28:15.3599715Z #63 68.11 ./samples/resources/accesscontextmanagerserviceperimeter/accesscontextmanager_v1beta1_accesscontextmanagerserviceperimeter.yaml
build-images	dev/tasks/build-images	2026-08-22T07:28:15.3604721Z #63 68.11 ./samples/resources/accesscontextmanagerserviceperimeter/accesscontextmanager_v1beta1_accesscontextmanageraccesslevel.yaml
build-images	dev/tasks/build-images	2026-08-22T07:28:15.3613289Z #63 68.11 ./samples/resources/accesscontextmanagerserviceperimeter/iam_v1beta1_iamserviceaccount.yaml
build-images	dev/tasks/build-images	2026-08-22T07:28:15.3616279Z #63 68.11 ./samples/resources/computeexternalvpngateway/
build-images	dev/tasks/build-images	2026-08-22T07:28:15.3621046Z #63 68.11 ./samples/resources/computeexternalvpngateway/compute_v1beta1_computeexternalvpngateway.yaml
build-images	dev/tasks/build-images	2026-08-22T07:28:15.3624599Z #63 68.11 ./samples/resources/monitoringmetricdescriptor/
build-images	dev/tasks/build-images	2026-08-22T07:28:15.3628560Z #63 68.11 ./samples/resources/monitoringmetricdescriptor/monitoring_v1beta1_monitoringmetricdescriptor.yaml
build-images	dev/tasks/build-images	2026-08-22T07:28:15.3629850Z #63 68.11 ./samples/resources/project/
build-images	dev/tasks/build-images	2026-08-22T07:28:15.3630443Z #63 68.11 ./samples/resources/project/project-in-org/
build-images	dev/tasks/build-images	2026-08-22T07:28:15.3631332Z #63 68.11 ./samples/resources/project/project-in-org/resourcemanager_v1beta1_project.yaml
build-images	dev/tasks/build-images	2026-08-22T07:28:15.3634542Z #63 68.11 ./samples/resources/project/project-in-folder/
build-images	dev/tasks/build-images	2026-08-22T07:28:15.3636504Z #63 68.11 ./samples/resources/project/project-in-folder/resourcemanager_v1beta1_project.yaml
build-images	dev/tasks/build-images	2026-08-22T07:28:15.3638927Z #63 68.11 ./samples/resources/computetargetvpngateway/
build-images	dev/tasks/build-images	2026-08-22T07:28:15.3641297Z #63 68.11 ./samples/resources/computetargetvpngateway/compute_v1beta1_computetargetvpngateway.yaml
build-images	dev/tasks/build-images	2026-08-22T07:28:15.3646989Z #63 68.11 ./samples/resources/computetargetvpngateway/compute_v1beta1_computenetwork.yaml
build-images	dev/tasks/build-images	2026-08-22T07:28:15.3650390Z #63 68.11 ./samples/resources/sqldatabase/
build-images	dev/tasks/build-images	2026-08-22T07:28:15.3651129Z #63 68.11 ./samples/resources/sqldatabase/sql_v1beta1_sqlinstance.yaml
build-images	dev/tasks/build-images	2026-08-22T07:28:15.3670596Z #63 68.11 ./samples/resources/sqldatabase/sql_v1beta1_sqldatabase.yaml
build-images	dev/tasks/build-images	2026-08-22T07:28:15.3671382Z #63 68.11 ./samples/resources/filestoreinstance/
build-images	dev/tasks/build-images	2026-08-22T07:28:15.3690962Z #63 68.11 ./samples/resources/filestoreinstance/filestore_v1beta1_filestoreinstance.yaml
build-images	dev/tasks/build-images	2026-08-22T07:28:15.3692323Z #63 68.11 ./samples/resources/filestoreinstance/compute_v1beta1_computenetwork.yaml
build-images	dev/tasks/build-images	2026-08-22T07:28:15.3693296Z #63 68.11 ./samples/resources/computeinterconnectattachment/
build-images	dev/tasks/build-images	2026-08-22T07:28:15.3694308Z #63 68.11 ./samples/resources/computeinterconnectattachment/compute_v1beta1_computerouter.yaml
build-images	dev/tasks/build-images	2026-08-22T07:28:15.3695569Z #63 68.11 ./samples/resources/computeinterconnectattachment/compute_v1beta1_computenetwork.yaml
build-images	dev/tasks/build-images	2026-08-22T07:28:15.3696958Z #63 68.11 ./samples/resources/computeinterconnectattachment/compute_v1beta1_computeinterconnectattachment.yaml
build-images	dev/tasks/build-images	2026-08-22T07:28:15.3697988Z #63 68.11 ./samples/resources/tagstagkey/
build-images	dev/tasks/build-images	2026-08-22T07:28:15.3698618Z #63 68.11 ./samples/resources/tagstagkey/tagstagkey-org/
build-images	dev/tasks/build-images	2026-08-22T07:28:15.3699494Z #63 68.11 ./samples/resources/tagstagkey/tagstagkey-org/tags_v1beta1_tagstagkey.yaml
build-images	dev/tasks/build-images	2026-08-22T07:28:15.3700480Z #63 68.11 ./samples/resources/tagstagkey/tagstagkey-project/
build-images	dev/tasks/build-images	2026-08-22T07:28:15.3701411Z #63 68.11 ./samples/resources/tagstagkey/tagstagkey-project/tags_v1beta1_tagstagkey.yaml
build-images	dev/tasks/build-images	2026-08-22T07:28:15.3716225Z #63 68.11 ./samples/resources/iamauditconfig/
build-images	dev/tasks/build-images	2026-08-22T07:28:15.3717155Z #63 68.11 ./samples/resources/iamauditconfig/external-organization-level-audit-config/
build-images	dev/tasks/build-images	2026-08-22T07:28:15.3718524Z #63 68.11 ./samples/resources/iamauditconfig/external-organization-level-audit-config/iam_v1beta1_iamauditconfig.yaml
build-images	dev/tasks/build-images	2026-08-22T07:28:15.3720135Z #63 68.11 ./samples/resources/iamauditconfig/external-organization-level-audit-config/iam_v1beta1_iamserviceaccount.yaml
build-images	dev/tasks/build-images	2026-08-22T07:28:15.3721440Z #63 68.11 ./samples/resources/iamauditconfig/project-level-audit-config/
build-images	dev/tasks/build-images	2026-08-22T07:28:15.3722753Z #63 68.11 ./samples/resources/iamauditconfig/project-level-audit-config/iam_v1beta1_iamauditconfig.yaml
build-images	dev/tasks/build-images	2026-08-22T07:28:15.3742015Z #63 68.11 ./samples/resources/iamauditconfig/project-level-audit-config/iam_v1beta1_iamserviceaccount.yaml
build-images	dev/tasks/build-images	2026-08-22T07:28:15.3744031Z #63 68.11 ./samples/resources/apigeeenvgroupattachment/
build-images	dev/tasks/build-images	2026-08-22T07:28:15.3748287Z #63 68.11 ./samples/resources/apigeeenvgroupattachment/apigee_v1beta1_apigeeenvironment.yaml
build-images	dev/tasks/build-images	2026-08-22T07:28:15.3750596Z #63 68.11 ./samples/resources/apigeeenvgroupattachment/apigee_v1beta1_apigeeenvgroup.yaml
build-images	dev/tasks/build-images	2026-08-22T07:28:15.3754088Z #63 68.11 ./samples/resources/apigeeenvgroupattachment/apigee_v1beta1_apigeeenvgroupattachment.yaml
build-images	dev/tasks/build-images	2026-08-22T07:28:15.3757095Z #63 68.11 ./samples/resources/computenetworkfirewallpolicyassociation/
build-images	dev/tasks/build-images	2026-08-22T07:28:15.3758451Z #63 68.11 ./samples/resources/computenetworkfirewallpolicyassociation/compute_v1beta1_computenetworkfirewallpolicy.yaml
build-images	dev/tasks/build-images	2026-08-22T07:28:15.3760108Z #63 68.11 ./samples/resources/computenetworkfirewallpolicyassociation/compute_v1beta1_computenetwork.yaml
build-images	dev/tasks/build-images	2026-08-22T07:28:15.3766764Z #63 68.11 ./samples/resources/computenetworkfirewallpolicyassociation/compute_v1beta1_computenetworkfirewallpolicyassociation.yaml
build-images	dev/tasks/build-images	2026-08-22T07:28:15.3769975Z #63 68.11 ./samples/resources/backupdrbackupplanassociation/
build-images	dev/tasks/build-images	2026-08-22T07:28:15.3772453Z #63 68.11 ./samples/resources/backupdrbackupplanassociation/dependencies.yaml
build-images	dev/tasks/build-images	2026-08-22T07:28:15.3776993Z #63 68.11 ./samples/resources/backupdrbackupplanassociation/backupdr-v1beta1-backupdrbackupplanassociation.yaml
build-images	dev/tasks/build-images	2026-08-22T07:28:15.3778109Z #63 68.11 ./samples/resources/dlpjobtrigger/
build-images	dev/tasks/build-images	2026-08-22T07:28:15.3778801Z #63 68.12 ./samples/resources/dlpjobtrigger/big-query-job-trigger/
build-images	dev/tasks/build-images	2026-08-22T07:28:15.3779877Z #63 68.12 ./samples/resources/dlpjobtrigger/big-query-job-trigger/bigquery_v1beta1_bigquerydataset.yaml
build-images	dev/tasks/build-images	2026-08-22T07:28:15.3781149Z #63 68.12 ./samples/resources/dlpjobtrigger/big-query-job-trigger/pubsub_v1beta1_pubsubtopic.yaml
build-images	dev/tasks/build-images	2026-08-22T07:28:15.3782597Z #63 68.12 ./samples/resources/dlpjobtrigger/big-query-job-trigger/bigquery_v1beta1_bigquerytable.yaml
build-images	dev/tasks/build-images	2026-08-22T07:28:15.3783854Z #63 68.12 ./samples/resources/dlpjobtrigger/big-query-job-trigger/dlp_v1beta1_dlpjobtrigger.yaml
build-images	dev/tasks/build-images	2026-08-22T07:28:15.3784858Z #63 68.12 ./samples/resources/dlpjobtrigger/hybrid-job-trigger/
build-images	dev/tasks/build-images	2026-08-22T07:28:15.3785837Z #63 68.12 ./samples/resources/dlpjobtrigger/hybrid-job-trigger/dlp_v1beta1_dlpjobtrigger.yaml
build-images	dev/tasks/build-images	2026-08-22T07:28:15.3786889Z #63 68.12 ./samples/resources/dlpjobtrigger/cloud-storage-job-trigger/
build-images	dev/tasks/build-images	2026-08-22T07:28:15.3788016Z #63 68.12 ./samples/resources/dlpjobtrigger/cloud-storage-job-trigger/dlp_v1beta1_dlpstoredinfotype.yaml
build-images	dev/tasks/build-images	2026-08-22T07:28:15.3789413Z #63 68.12 ./samples/resources/dlpjobtrigger/cloud-storage-job-trigger/dlp_v1beta1_dlpjobtrigger.yaml
build-images	dev/tasks/build-images	2026-08-22T07:28:15.3790533Z #63 68.12 ./samples/resources/dlpjobtrigger/rows-limit-percent-job-trigger/
build-images	dev/tasks/build-images	2026-08-22T07:28:15.3812494Z #63 68.12 ./samples/resources/dlpjobtrigger/rows-limit-percent-job-trigger/bigquery_v1beta1_bigquerydataset.yaml
build-images	dev/tasks/build-images	2026-08-22T07:28:15.3814036Z #63 68.12 ./samples/resources/dlpjobtrigger/rows-limit-percent-job-trigger/bigquery_v1beta1_bigquerytable.yaml
build-images	dev/tasks/build-images	2026-08-22T07:28:15.3815461Z #63 68.12 ./samples/resources/dlpjobtrigger/rows-limit-percent-job-trigger/dlp_v1beta1_dlpjobtrigger.yaml
build-images	dev/tasks/build-images	2026-08-22T07:28:15.3816614Z #63 68.12 ./samples/resources/dlpjobtrigger/regex-file-set-job-trigger/
build-images	dev/tasks/build-images	2026-08-22T07:28:15.3817732Z #63 68.12 ./samples/resources/dlpjobtrigger/regex-file-set-job-trigger/dlp_v1beta1_dlpjobtrigger.yaml
build-images	dev/tasks/build-images	2026-08-22T07:28:15.3818811Z #63 68.12 ./samples/resources/dlpjobtrigger/datastore-job-trigger/
build-images	dev/tasks/build-images	2026-08-22T07:28:15.3819911Z #63 68.12 ./samples/resources/dlpjobtrigger/datastore-job-trigger/resourcemanager_v1beta1_project.yaml
build-images	dev/tasks/build-images	2026-08-22T07:28:15.3821214Z #63 68.12 ./samples/resources/dlpjobtrigger/datastore-job-trigger/dlp_v1beta1_dlpjobtrigger.yaml
build-images	dev/tasks/build-images	2026-08-22T07:28:15.3837342Z #63 68.12 ./samples/resources/iampartialpolicy/
build-images	dev/tasks/build-images	2026-08-22T07:28:15.3839708Z #63 68.12 ./samples/resources/iampartialpolicy/pubsub-admin-iampartialpolicy/
build-images	dev/tasks/build-images	2026-08-22T07:28:15.3840979Z #63 68.12 ./samples/resources/iampartialpolicy/pubsub-admin-iampartialpolicy/pubsub_v1beta1_pubsubtopic.yaml
build-images	dev/tasks/build-images	2026-08-22T07:28:15.3842721Z #63 68.12 ./samples/resources/iampartialpolicy/pubsub-admin-iampartialpolicy/iam_v1beta1_iampartialpolicy.yaml
build-images	dev/tasks/build-images	2026-08-22T07:28:15.3844199Z #63 68.12 ./samples/resources/iampartialpolicy/pubsub-admin-iampartialpolicy/iam_v1beta1_iamserviceaccount.yaml
build-images	dev/tasks/build-images	2026-08-22T07:28:15.3845969Z #63 68.12 ./samples/resources/iampartialpolicy/project-level-iampartialpolicy/
build-images	dev/tasks/build-images	2026-08-22T07:28:15.3847264Z #63 68.12 ./samples/resources/iampartialpolicy/project-level-iampartialpolicy/resourcemanager_v1beta1_project.yaml
build-images	dev/tasks/build-images	2026-08-22T07:28:15.3848770Z #63 68.12 ./samples/resources/iampartialpolicy/project-level-iampartialpolicy/iam_v1beta1_iampartialpolicy.yaml
build-images	dev/tasks/build-images	2026-08-22T07:28:15.3850250Z #63 68.12 ./samples/resources/iampartialpolicy/project-level-iampartialpolicy/iam_v1beta1_iamserviceaccount.yaml
build-images	dev/tasks/build-images	2026-08-22T07:28:15.3851295Z #63 68.12 ./samples/resources/computesslpolicy/
build-images	dev/tasks/build-images	2026-08-22T07:28:15.3868607Z #63 68.12 ./samples/resources/computesslpolicy/custom-tls-1-0-ssl-policy/
build-images	dev/tasks/build-images	2026-08-22T07:28:15.3869820Z #63 68.12 ./samples/resources/computesslpolicy/custom-tls-1-0-ssl-policy/compute_v1beta1_computesslpolicy.yaml
build-images	dev/tasks/build-images	2026-08-22T07:28:15.3870986Z #63 68.12 ./samples/resources/computesslpolicy/modern-tls-1-1-ssl-policy/
build-images	dev/tasks/build-images	2026-08-22T07:28:15.3878498Z #63 68.12 ./samples/resources/computesslpolicy/modern-tls-1-1-ssl-policy/compute_v1beta1_computesslpolicy.yaml
build-images	dev/tasks/build-images	2026-08-22T07:28:15.3883238Z #63 68.12 ./samples/resources/iapsettings/
build-images	dev/tasks/build-images	2026-08-22T07:28:15.3884076Z #63 68.12 ./samples/resources/iapsettings/regionalbackendserviceiapsettings/
build-images	dev/tasks/build-images	2026-08-22T07:28:15.3885385Z #63 68.12 ./samples/resources/iapsettings/regionalbackendserviceiapsettings/compute_v1beta1_computebackendservice.yaml
build-images	dev/tasks/build-images	2026-08-22T07:28:15.3886888Z #63 68.12 ./samples/resources/iapsettings/regionalbackendserviceiapsettings/iap_v1beta1_iapsettings.yaml
build-images	dev/tasks/build-images	2026-08-22T07:28:15.3888395Z #63 68.12 ./samples/resources/iapsettings/regionalbackendserviceiapsettings/compute_v1beta1_computehealthcheck.yaml
build-images	dev/tasks/build-images	2026-08-22T07:28:15.3889673Z #63 68.12 ./samples/resources/iapsettings/projectiapsettings/
build-images	dev/tasks/build-images	2026-08-22T07:28:15.3890618Z #63 68.12 ./samples/resources/iapsettings/projectiapsettings/iap_v1beta1_iapsettings.yaml
build-images	dev/tasks/build-images	2026-08-22T07:28:15.3891509Z #63 68.12 ./samples/resources/computefirewallpolicy/
build-images	dev/tasks/build-images	2026-08-22T07:28:15.3909662Z #63 68.12 ./samples/resources/computefirewallpolicy/compute_v1beta1_computefirewallpolicy.yaml
build-images	dev/tasks/build-images	2026-08-22T07:28:15.3913883Z #63 68.12 ./samples/resources/computeurlmap/
build-images	dev/tasks/build-images	2026-08-22T07:28:15.3915452Z #63 68.12 ./samples/resources/computeurlmap/regional-compute-url-map-l7-ilb-path/
build-images	dev/tasks/build-images	2026-08-22T07:28:15.3920478Z #63 68.12 ./samples/resources/computeurlmap/regional-compute-url-map-l7-ilb-path/compute_v1beta1_computeurlmap.yaml
build-images	dev/tasks/build-images	2026-08-22T07:28:15.3925272Z #63 68.12 ./samples/resources/computeurlmap/regional-compute-url-map-l7-ilb-path/compute_v1beta1_computebackendservice.yaml
build-images	dev/tasks/build-images	2026-08-22T07:28:15.3937872Z #63 68.12 ./samples/resources/computeurlmap/regional-compute-url-map-l7-ilb-path/compute_v1beta1_computehealthcheck.yaml
build-images	dev/tasks/build-images	2026-08-22T07:28:15.3939121Z #63 68.12 ./samples/resources/computeurlmap/global-compute-url-map/
build-images	dev/tasks/build-images	2026-08-22T07:28:15.3940208Z #63 68.12 ./samples/resources/computeurlmap/global-compute-url-map/compute_v1beta1_computeurlmap.yaml
build-images	dev/tasks/build-images	2026-08-22T07:28:15.3941635Z #63 68.12 ./samples/resources/computeurlmap/global-compute-url-map/compute_v1beta1_computebackendservice.yaml
build-images	dev/tasks/build-images	2026-08-22T07:28:15.3943271Z #63 68.12 ./samples/resources/computeurlmap/global-compute-url-map/storage_v1beta1_storagebucket.yaml
build-images	dev/tasks/build-images	2026-08-22T07:28:15.3944628Z #63 68.12 ./samples/resources/computeurlmap/global-compute-url-map/compute_v1beta1_computehealthcheck.yaml
build-images	dev/tasks/build-images	2026-08-22T07:28:15.3946040Z #63 68.12 ./samples/resources/computeurlmap/global-compute-url-map/compute_v1beta1_computebackendbucket.yaml
build-images	dev/tasks/build-images	2026-08-22T07:28:15.3947097Z #63 68.12 ./samples/resources/computebackendbucket/
build-images	dev/tasks/build-images	2026-08-22T07:28:15.3947919Z #63 68.12 ./samples/resources/computebackendbucket/cdn-enabled-backend-bucket/
build-images	dev/tasks/build-images	2026-08-22T07:28:15.3949163Z #63 68.12 ./samples/resources/computebackendbucket/cdn-enabled-backend-bucket/storage_v1beta1_storagebucket.yaml
build-images	dev/tasks/build-images	2026-08-22T07:28:15.3950731Z #63 68.12 ./samples/resources/computebackendbucket/cdn-enabled-backend-bucket/compute_v1beta1_computebackendbucket.yaml
build-images	dev/tasks/build-images	2026-08-22T07:28:15.3963346Z #63 68.12 ./samples/resources/computebackendbucket/basic-backend-bucket/
build-images	dev/tasks/build-images	2026-08-22T07:28:15.3964898Z #63 68.12 ./samples/resources/computebackendbucket/basic-backend-bucket/storage_v1beta1_storagebucket.yaml
build-images	dev/tasks/build-images	2026-08-22T07:28:15.3966374Z #63 68.12 ./samples/resources/computebackendbucket/basic-backend-bucket/compute_v1beta1_computebackendbucket.yaml
build-images	dev/tasks/build-images	2026-08-22T07:28:15.3967506Z #63 68.12 ./samples/resources/computetargetgrpcproxy/
build-images	dev/tasks/build-images	2026-08-22T07:28:15.3968396Z #63 68.12 ./samples/resources/computetargetgrpcproxy/compute_v1beta1_computeurlmap.yaml
build-images	dev/tasks/build-images	2026-08-22T07:28:15.3969649Z #63 68.12 ./samples/resources/computetargetgrpcproxy/compute_v1beta1_computetargetgrpcproxy.yaml
build-images	dev/tasks/build-images	2026-08-22T07:28:15.3970923Z #63 68.12 ./samples/resources/computetargetgrpcproxy/compute_v1beta1_computebackendservice.yaml
build-images	dev/tasks/build-images	2026-08-22T07:28:15.3987076Z #63 68.12 ./samples/resources/gkehubmembership/
build-images	dev/tasks/build-images	2026-08-22T07:28:15.3988995Z #63 68.12 ./samples/resources/gkehubmembership/container_v1beta1_containercluster.yaml
build-images	dev/tasks/build-images	2026-08-22T07:28:15.3992920Z #63 68.12 ./samples/resources/gkehubmembership/gkehub_v1beta1_gkehubmembership.yaml
build-images	dev/tasks/build-images	2026-08-22T07:28:15.3993914Z #63 68.12 ./samples/resources/accesscontextmanageraccesspolicy/
build-images	dev/tasks/build-images	2026-08-22T07:28:15.3995218Z #63 68.12 ./samples/resources/accesscontextmanageraccesspolicy/accesscontextmanager_v1beta1_accesscontextmanageraccesspolicy.yaml
build-images	dev/tasks/build-images	2026-08-22T07:28:15.3996436Z #63 68.12 ./samples/resources/vpcaccessconnector/
build-images	dev/tasks/build-images	2026-08-22T07:28:15.3997170Z #63 68.12 ./samples/resources/vpcaccessconnector/subnet-connector/
build-images	dev/tasks/build-images	2026-08-22T07:28:15.3998262Z #63 68.12 ./samples/resources/vpcaccessconnector/subnet-connector/compute_v1beta1_computesubnetwork.yaml
build-images	dev/tasks/build-images	2026-08-22T07:28:15.3999601Z #63 68.12 ./samples/resources/vpcaccessconnector/subnet-connector/compute_v1beta1_computenetwork.yaml
build-images	dev/tasks/build-images	2026-08-22T07:28:15.4000977Z #63 68.12 ./samples/resources/vpcaccessconnector/subnet-connector/vpcaccess_v1beta1_vpcaccessconnector.yaml
build-images	dev/tasks/build-images	2026-08-22T07:28:15.4013315Z #63 68.12 ./samples/resources/vpcaccessconnector/cidr-connector/
build-images	dev/tasks/build-images	2026-08-22T07:28:15.4017481Z #63 68.12 ./samples/resources/vpcaccessconnector/cidr-connector/compute_v1beta1_computenetwork.yaml
build-images	dev/tasks/build-images	2026-08-22T07:28:15.4021918Z #63 68.12 ./samples/resources/vpcaccessconnector/cidr-connector/vpcaccess_v1beta1_vpcaccessconnector.yaml
build-images	dev/tasks/build-images	2026-08-22T07:28:15.4023866Z #63 68.12 ./samples/resources/cloudidentitymembership/
build-images	dev/tasks/build-images	2026-08-22T07:28:15.4027026Z #63 68.12 ./samples/resources/cloudidentitymembership/membership-with-expiration-date/
build-images	dev/tasks/build-images	2026-08-22T07:28:15.4032313Z #63 68.12 ./samples/resources/cloudidentitymembership/membership-with-expiration-date/cloudidentity_v1beta1_cloudidentitygroup.yaml
build-images	dev/tasks/build-images	2026-08-22T07:28:15.4034218Z #63 68.12 ./samples/resources/cloudidentitymembership/membership-with-expiration-date/cloudidentity_v1beta1_cloudidentitymembership.yaml
build-images	dev/tasks/build-images	2026-08-22T07:28:15.4035703Z #63 68.12 ./samples/resources/cloudidentitymembership/membership-with-manager-role/
build-images	dev/tasks/build-images	2026-08-22T07:28:15.4037110Z #63 68.12 ./samples/resources/cloudidentitymembership/membership-with-manager-role/cloudidentity_v1beta1_cloudidentitygroup.yaml
build-images	dev/tasks/build-images	2026-08-22T07:28:15.4038904Z #63 68.12 ./samples/resources/cloudidentitymembership/membership-with-manager-role/cloudidentity_v1beta1_cloudidentitymembership.yaml
build-images	dev/tasks/build-images	2026-08-22T07:28:15.4040163Z #63 68.12 ./samples/resources/computeserviceattachment/
build-images	dev/tasks/build-images	2026-08-22T07:28:15.4041141Z #63 68.12 ./samples/resources/computeserviceattachment/compute_v1beta1_computeforwardingrule.yaml
build-images	dev/tasks/build-images	2026-08-22T07:28:15.4053349Z #63 68.12 ./samples/resources/computeserviceattachment/compute_v1beta1_computeserviceattachment.yaml
build-images	dev/tasks/build-images	2026-08-22T07:28:15.4056171Z #63 68.12 ./samples/resources/computeserviceattachment/compute_v1beta1_computesubnetwork.yaml
build-images	dev/tasks/build-images	2026-08-22T07:28:15.4057452Z #63 68.12 ./samples/resources/computeserviceattachment/compute_v1beta1_computebackendservice.yaml
build-images	dev/tasks/build-images	2026-08-22T07:28:15.4058680Z #63 68.12 ./samples/resources/computeserviceattachment/resourcemanager_v1beta1_project.yaml
build-images	dev/tasks/build-images	2026-08-22T07:28:15.4059827Z #63 68.12 ./samples/resources/computeserviceattachment/compute_v1beta1_computenetwork.yaml
build-images	dev/tasks/build-images	2026-08-22T07:28:15.4061079Z #63 68.12 ./samples/resources/computebackendservice/
build-images	dev/tasks/build-images	2026-08-22T07:28:15.4071642Z #63 68.12 ./samples/resources/computebackendservice/oauth2clientid-backend-service/
build-images	dev/tasks/build-images	2026-08-22T07:28:15.4076752Z #63 68.12 ./samples/resources/computebackendservice/oauth2clientid-backend-service/iap_v1beta1_iapbrand.yaml
build-images	dev/tasks/build-images	2026-08-22T07:28:15.4080648Z #63 68.12 ./samples/resources/computebackendservice/oauth2clientid-backend-service/iap_v1beta1_iapidentityawareproxyclient.yaml
build-images	dev/tasks/build-images	2026-08-22T07:28:15.4082633Z #63 68.12 ./samples/resources/computebackendservice/oauth2clientid-backend-service/compute_v1beta1_computebackendservice.yaml
build-images	dev/tasks/build-images	2026-08-22T07:28:15.4084375Z #63 68.12 ./samples/resources/computebackendservice/oauth2clientid-backend-service/compute_v1beta1_computeinstancegroup.yaml
build-images	dev/tasks/build-images	2026-08-22T07:28:15.4086059Z #63 68.12 ./samples/resources/computebackendservice/oauth2clientid-backend-service/compute_v1beta1_computenetwork.yaml
build-images	dev/tasks/build-images	2026-08-22T07:28:15.4087706Z #63 68.12 ./samples/resources/computebackendservice/oauth2clientid-backend-service/compute_v1beta1_computehealthcheck.yaml
build-images	dev/tasks/build-images	2026-08-22T07:28:15.4089280Z #63 68.12 ./samples/resources/computebackendservice/external-load-balancing-backend-service/
build-images	dev/tasks/build-images	2026-08-22T07:28:15.4090869Z #63 68.12 ./samples/resources/computebackendservice/external-load-balancing-backend-service/compute_v1beta1_computesecuritypolicy.yaml
build-images	dev/tasks/build-images	2026-08-22T07:28:15.4105935Z #63 68.12 ./samples/resources/computebackendservice/external-load-balancing-backend-service/compute_v1beta1_computesubnetwork.yaml
build-images	dev/tasks/build-images	2026-08-22T07:28:15.4109877Z #63 68.12 ./samples/resources/computebackendservice/external-load-balancing-backend-service/compute_v1beta1_computebackendservice.yaml
build-images	dev/tasks/build-images	2026-08-22T07:28:15.4115124Z #63 68.12 ./samples/resources/computebackendservice/external-load-balancing-backend-service/compute_v1beta1_computenetworkendpointgroup.yaml
build-images	dev/tasks/build-images	2026-08-22T07:28:15.4122055Z #63 68.12 ./samples/resources/computebackendservice/external-load-balancing-backend-service/compute_v1beta1_computeinstancegroup.yaml
build-images	dev/tasks/build-images	2026-08-22T07:28:15.4126041Z #63 68.12 ./samples/resources/computebackendservice/external-load-balancing-backend-service/compute_v1beta1_computenetwork.yaml
build-images	dev/tasks/build-images	2026-08-22T07:28:15.4130994Z #63 68.12 ./samples/resources/computebackendservice/external-load-balancing-backend-service/compute_v1beta1_computehealthcheck.yaml
build-images	dev/tasks/build-images	2026-08-22T07:28:15.4135470Z #63 68.12 ./samples/resources/computebackendservice/internal-managed-load-balancing-backend-service/
build-images	dev/tasks/build-images	2026-08-22T07:28:15.4140132Z #63 68.12 ./samples/resources/computebackendservice/internal-managed-load-balancing-backend-service/compute_v1beta1_computebackendservice.yaml
build-images	dev/tasks/build-images	2026-08-22T07:28:15.4142396Z #63 68.13 ./samples/resources/computebackendservice/internal-managed-load-balancing-backend-service/compute_v1beta1_computeinstancegroup.yaml
build-images	dev/tasks/build-images	2026-08-22T07:28:15.4144319Z #63 68.13 ./samples/resources/computebackendservice/internal-managed-load-balancing-backend-service/compute_v1beta1_computenetwork.yaml
build-images	dev/tasks/build-images	2026-08-22T07:28:15.4146222Z #63 68.13 ./samples/resources/computebackendservice/internal-managed-load-balancing-backend-service/compute_v1beta1_computehealthcheck.yaml
build-images	dev/tasks/build-images	2026-08-22T07:28:15.4147546Z #63 68.13 ./samples/resources/networkserviceshttproute/
build-images	dev/tasks/build-images	2026-08-22T07:28:15.4148574Z #63 68.13 ./samples/resources/networkserviceshttproute/networkservices_v1beta1_networkservicesmesh.yaml
build-images	dev/tasks/build-images	2026-08-22T07:28:15.4149862Z #63 68.13 ./samples/resources/networkserviceshttproute/compute_v1beta1_computebackendservice.yaml
build-images	dev/tasks/build-images	2026-08-22T07:28:15.4151185Z #63 68.13 ./samples/resources/networkserviceshttproute/networkservices_v1beta1_networkservicesgateway.yaml
build-images	dev/tasks/build-images	2026-08-22T07:28:15.4166832Z #63 68.13 ./samples/resources/networkserviceshttproute/networkservices_v1beta1_networkserviceshttproute.yaml
build-images	dev/tasks/build-images	2026-08-22T07:28:15.4167940Z #63 68.13 ./samples/resources/computenodegroup/
build-images	dev/tasks/build-images	2026-08-22T07:28:15.4168803Z #63 68.13 ./samples/resources/computenodegroup/compute_v1beta1_computenodetemplate.yaml
build-images	dev/tasks/build-images	2026-08-22T07:28:15.4169907Z #63 68.13 ./samples/resources/computenodegroup/compute_v1beta1_computenodegroup.yaml
build-images	dev/tasks/build-images	2026-08-22T07:28:15.4171135Z #63 68.13 ./samples/resources/networksecurityclienttlspolicy/
build-images	dev/tasks/build-images	2026-08-22T07:28:15.4172825Z #63 68.13 ./samples/resources/networksecurityclienttlspolicy/networksecurity_v1beta1_networksecurityclienttlspolicy.yaml
build-images	dev/tasks/build-images	2026-08-22T07:28:15.4173985Z #63 68.13 ./samples/resources/bigquerytable/
build-images	dev/tasks/build-images	2026-08-22T07:28:15.4174798Z #63 68.13 ./samples/resources/bigquerytable/bigquery_v1beta1_bigquerydataset.yaml
build-images	dev/tasks/build-images	2026-08-22T07:28:15.4191961Z #63 68.13 ./samples/resources/bigquerytable/bigquery_v1beta1_bigquerytable.yaml
build-images	dev/tasks/build-images	2026-08-22T07:28:15.4192855Z #63 68.13 ./samples/resources/computesnapshot/
build-images	dev/tasks/build-images	2026-08-22T07:28:15.4193700Z #63 68.13 ./samples/resources/computesnapshot/compute_v1beta1_computesnapshot.yaml
build-images	dev/tasks/build-images	2026-08-22T07:28:15.4194568Z #63 68.13 ./samples/resources/computesnapshot/secret.yaml
build-images	dev/tasks/build-images	2026-08-22T07:28:15.4195389Z #63 68.13 ./samples/resources/computesnapshot/compute_v1beta1_computedisk.yaml
build-images	dev/tasks/build-images	2026-08-22T07:28:15.4196239Z #63 68.13 ./samples/resources/secretmanagersecretversion/
build-images	dev/tasks/build-images	2026-08-22T07:28:15.4197015Z #63 68.13 ./samples/resources/secretmanagersecretversion/secret.yaml
build-images	dev/tasks/build-images	2026-08-22T07:28:15.4198185Z #63 68.13 ./samples/resources/secretmanagersecretversion/secretmanager_v1beta1_secretmanagersecretversion.yaml
build-images	dev/tasks/build-images	2026-08-22T07:28:15.4199623Z #63 68.13 ./samples/resources/secretmanagersecretversion/secretmanager_v1beta1_secretmanagersecret.yaml
build-images	dev/tasks/build-images	2026-08-22T07:28:15.4200604Z #63 68.13 ./samples/resources/logginglogview/
build-images	dev/tasks/build-images	2026-08-22T07:28:15.4201322Z #63 68.13 ./samples/resources/logginglogview/organization-log-view/
build-images	dev/tasks/build-images	2026-08-22T07:28:15.4202656Z #63 68.13 ./samples/resources/logginglogview/organization-log-view/logging_v1beta1_logginglogview.yaml
build-images	dev/tasks/build-images	2026-08-22T07:28:15.4203698Z #63 68.13 ./samples/resources/logginglogview/project-log-view/
build-images	dev/tasks/build-images	2026-08-22T07:28:15.4204680Z #63 68.13 ./samples/resources/logginglogview/project-log-view/logging_v1beta1_logginglogview.yaml
build-images	dev/tasks/build-images	2026-08-22T07:28:15.4205926Z #63 68.13 ./samples/resources/logginglogview/project-log-view/logging_v1beta1_logginglogbucket.yaml
build-images	dev/tasks/build-images	2026-08-22T07:28:15.4206850Z #63 68.13 ./samples/resources/gkehubfeature/
build-images	dev/tasks/build-images	2026-08-22T07:28:15.4207682Z #63 68.13 ./samples/resources/gkehubfeature/multi-cluster-service-discovery-feature/
build-images	dev/tasks/build-images	2026-08-22T07:28:15.4209011Z #63 68.13 ./samples/resources/gkehubfeature/multi-cluster-service-discovery-feature/gkehub_v1beta1_gkehubfeature.yaml
build-images	dev/tasks/build-images	2026-08-22T07:28:15.4210585Z #63 68.13 ./samples/resources/gkehubfeature/multi-cluster-service-discovery-feature/resourcemanager_v1beta1_project.yaml
build-images	dev/tasks/build-images	2026-08-22T07:28:15.4223677Z #63 68.13 ./samples/resources/gkehubfeature/multi-cluster-service-discovery-feature/serviceusage_v1beta1_service.yaml
build-images	dev/tasks/build-images	2026-08-22T07:28:15.4225019Z #63 68.13 ./samples/resources/gkehubfeature/anthos-config-management-feature/
build-images	dev/tasks/build-images	2026-08-22T07:28:15.4226282Z #63 68.13 ./samples/resources/gkehubfeature/anthos-config-management-feature/gkehub_v1beta1_gkehubfeature.yaml
build-images	dev/tasks/build-images	2026-08-22T07:28:15.4227755Z #63 68.13 ./samples/resources/gkehubfeature/anthos-config-management-feature/resourcemanager_v1beta1_project.yaml
build-images	dev/tasks/build-images	2026-08-22T07:28:15.4229249Z #63 68.13 ./samples/resources/gkehubfeature/anthos-config-management-feature/serviceusage_v1beta1_service.yaml
build-images	dev/tasks/build-images	2026-08-22T07:28:15.4230457Z #63 68.13 ./samples/resources/gkehubfeature/multi-cluster-ingress-feature/
build-images	dev/tasks/build-images	2026-08-22T07:28:15.4231626Z #63 68.13 ./samples/resources/gkehubfeature/multi-cluster-ingress-feature/gkehub_v1beta1_gkehubfeature.yaml
build-images	dev/tasks/build-images	2026-08-22T07:28:15.4233324Z #63 68.13 ./samples/resources/gkehubfeature/multi-cluster-ingress-feature/container_v1beta1_containercluster.yaml
build-images	dev/tasks/build-images	2026-08-22T07:28:15.4234813Z #63 68.13 ./samples/resources/gkehubfeature/multi-cluster-ingress-feature/resourcemanager_v1beta1_project.yaml
build-images	dev/tasks/build-images	2026-08-22T07:28:15.4252558Z #63 68.13 ./samples/resources/gkehubfeature/multi-cluster-ingress-feature/serviceusage_v1beta1_service.yaml
build-images	dev/tasks/build-images	2026-08-22T07:28:15.4256530Z #63 68.13 ./samples/resources/gkehubfeature/multi-cluster-ingress-feature/gkehub_v1beta1_gkehubmembership.yaml
build-images	dev/tasks/build-images	2026-08-22T07:28:15.4261674Z #63 68.13 ./samples/resources/gkehubfeature/anthos-service-mesh-feature/
build-images	dev/tasks/build-images	2026-08-22T07:28:15.4263479Z #63 68.13 ./samples/resources/gkehubfeature/anthos-service-mesh-feature/gkehub_v1beta1_gkehubfeature.yaml
build-images	dev/tasks/build-images	2026-08-22T07:28:15.4265197Z #63 68.13 ./samples/resources/gkehubfeature/anthos-service-mesh-feature/resourcemanager_v1beta1_project.yaml
build-images	dev/tasks/build-images	2026-08-22T07:28:15.4266630Z #63 68.13 ./samples/resources/gkehubfeature/anthos-service-mesh-feature/serviceusage_v1beta1_service.yaml
build-images	dev/tasks/build-images	2026-08-22T07:28:15.4267619Z #63 68.13 ./samples/resources/sqlinstance/
build-images	dev/tasks/build-images	2026-08-22T07:28:15.4268293Z #63 68.13 ./samples/resources/sqlinstance/sql-server-instance/
build-images	dev/tasks/build-images	2026-08-22T07:28:15.4269226Z #63 68.13 ./samples/resources/sqlinstance/sql-server-instance/sql_v1beta1_sqlinstance.yaml
build-images	dev/tasks/build-images	2026-08-22T07:28:15.4270403Z #63 68.13 ./samples/resources/sqlinstance/sql-server-instance/storage_v1beta1_storagebucket.yaml
build-images	dev/tasks/build-images	2026-08-22T07:28:15.4271522Z #63 68.13 ./samples/resources/sqlinstance/mysql-sql-instance-with-replication/
build-images	dev/tasks/build-images	2026-08-22T07:28:15.4294327Z #63 68.13 ./samples/resources/sqlinstance/mysql-sql-instance-with-replication/sql_v1beta1_sqlinstance.yaml
build-images	dev/tasks/build-images	2026-08-22T07:28:15.4296938Z #63 68.13 ./samples/resources/sqlinstance/postgres-sql-instance-high-availability/
build-images	dev/tasks/build-images	2026-08-22T07:28:15.4299626Z #63 68.13 ./samples/resources/sqlinstance/postgres-sql-instance-high-availability/sql_v1beta1_sqlinstance.yaml
build-images	dev/tasks/build-images	2026-08-22T07:28:15.4312791Z #63 68.13 ./samples/resources/sqlinstance/private-ip-instance/
build-images	dev/tasks/build-images	2026-08-22T07:28:15.4313757Z #63 68.13 ./samples/resources/sqlinstance/private-ip-instance/sql_v1beta1_sqlinstance.yaml
build-images	dev/tasks/build-images	2026-08-22T07:28:15.4314834Z #63 68.13 ./samples/resources/sqlinstance/private-ip-instance/compute_v1beta1_computeaddress.yaml
build-images	dev/tasks/build-images	2026-08-22T07:28:15.4316251Z #63 68.13 ./samples/resources/sqlinstance/private-ip-instance/servicenetworking_v1beta1_servicenetworkingconnection.yaml
build-images	dev/tasks/build-images	2026-08-22T07:28:15.4317642Z #63 68.13 ./samples/resources/sqlinstance/private-ip-instance/compute_v1beta1_computenetwork.yaml
build-images	dev/tasks/build-images	2026-08-22T07:28:15.4318615Z #63 68.13 ./samples/resources/sqlinstance/mysql-sql-instance/
build-images	dev/tasks/build-images	2026-08-22T07:28:15.4319531Z #63 68.13 ./samples/resources/sqlinstance/mysql-sql-instance/sql_v1beta1_sqlinstance.yaml
build-images	dev/tasks/build-images	2026-08-22T07:28:15.4320609Z #63 68.13 ./samples/resources/sqlinstance/mysql-sql-instance-high-availability/
build-images	dev/tasks/build-images	2026-08-22T07:28:15.4322061Z #63 68.13 ./samples/resources/sqlinstance/mysql-sql-instance-high-availability/sql_v1beta1_sqlinstance.yaml
build-images	dev/tasks/build-images	2026-08-22T07:28:15.4323050Z #63 68.13 ./samples/resources/dnspolicy/
build-images	dev/tasks/build-images	2026-08-22T07:28:15.4323693Z #63 68.13 ./samples/resources/dnspolicy/dns_v1beta1_dnspolicy.yaml
build-images	dev/tasks/build-images	2026-08-22T07:28:15.4324527Z #63 68.13 ./samples/resources/dnspolicy/compute_v1beta1_computenetwork.yaml
build-images	dev/tasks/build-images	2026-08-22T07:28:15.4325294Z #63 68.13 ./samples/resources/networkconnectivityhub/
build-images	dev/tasks/build-images	2026-08-22T07:28:15.4326314Z #63 68.13 ./samples/resources/networkconnectivityhub/networkconnectivity_v1beta1_networkconnectivityhub.yaml
build-images	dev/tasks/build-images	2026-08-22T07:28:15.4327325Z #63 68.13 ./samples/resources/tagstagbinding/
build-images	dev/tasks/build-images	2026-08-22T07:28:15.4328046Z #63 68.13 ./samples/resources/tagstagbinding/tags_v1beta1_tagstagkey.yaml
build-images	dev/tasks/build-images	2026-08-22T07:28:15.4328940Z #63 68.13 ./samples/resources/tagstagbinding/tags_v1beta1_tagstagvalue.yaml
build-images	dev/tasks/build-images	2026-08-22T07:28:15.4329881Z #63 68.13 ./samples/resources/tagstagbinding/tags_v1beta1_tagstagbinding.yaml
build-images	dev/tasks/build-images	2026-08-22T07:28:15.4330723Z #63 68.13 ./samples/resources/computemanagedsslcertificate/
build-images	dev/tasks/build-images	2026-08-22T07:28:15.4335446Z #63 68.13 ./samples/resources/computemanagedsslcertificate/compute_v1beta1_computemanagedsslcertificate.yaml
build-images	dev/tasks/build-images	2026-08-22T07:28:15.4337923Z #63 68.13 ./samples/resources/computeimage/
build-images	dev/tasks/build-images	2026-08-22T07:28:15.4338908Z #63 68.13 ./samples/resources/computeimage/image-from-existing-disk/
build-images	dev/tasks/build-images	2026-08-22T07:28:15.4340699Z #63 68.13 ./samples/resources/computeimage/image-from-existing-disk/compute_v1beta1_computeimage.yaml
build-images	dev/tasks/build-images	2026-08-22T07:28:15.4343513Z #63 68.13 ./samples/resources/computeimage/image-from-existing-disk/compute_v1beta1_computedisk.yaml
build-images	dev/tasks/build-images	2026-08-22T07:28:15.4344571Z #63 68.13 ./samples/resources/computeimage/image-from-url-raw/
build-images	dev/tasks/build-images	2026-08-22T07:28:15.4345560Z #63 68.13 ./samples/resources/computeimage/image-from-url-raw/compute_v1beta1_computeimage.yaml
build-images	dev/tasks/build-images	2026-08-22T07:28:15.4347111Z #63 68.13 ./samples/resources/resourcemanagerlien/
build-images	dev/tasks/build-images	2026-08-22T07:28:15.4348075Z #63 68.13 ./samples/resources/resourcemanagerlien/resourcemanager_v1beta1_resourcemanagerlien.yaml
build-images	dev/tasks/build-images	2026-08-22T07:28:15.4349261Z #63 68.13 ./samples/resources/resourcemanagerlien/resourcemanager_v1beta1_project.yaml
build-images	dev/tasks/build-images	2026-08-22T07:28:15.4350110Z #63 68.13 ./samples/resources/pubsubschema/
build-images	dev/tasks/build-images	2026-08-22T07:28:15.4350852Z #63 68.13 ./samples/resources/pubsubschema/pubsub_v1beta1_pubsubschema.yaml
build-images	dev/tasks/build-images	2026-08-22T07:28:15.4351650Z #63 68.13 ./samples/resources/recaptchaenterprisekey/
build-images	dev/tasks/build-images	2026-08-22T07:28:15.4352846Z #63 68.14 ./samples/resources/recaptchaenterprisekey/score-based-web-recaptcha-enterprise-key/
build-images	dev/tasks/build-images	2026-08-22T07:28:15.4354561Z #63 68.14 ./samples/resources/recaptchaenterprisekey/score-based-web-recaptcha-enterprise-key/recaptchaenterprise_v1beta1_recaptchaenterprisekey.yaml
build-images	dev/tasks/build-images	2026-08-22T07:28:15.4356255Z #63 68.14 ./samples/resources/recaptchaenterprisekey/challenge-based-web-recaptcha-enterprise-key/
build-images	dev/tasks/build-images	2026-08-22T07:28:15.4358033Z #63 68.14 ./samples/resources/recaptchaenterprisekey/challenge-based-web-recaptcha-enterprise-key/recaptchaenterprise_v1beta1_recaptchaenterprisekey.yaml
build-images	dev/tasks/build-images	2026-08-22T07:28:15.4359650Z #63 68.14 ./samples/resources/recaptchaenterprisekey/android-recaptcha-enterprise-key/
build-images	dev/tasks/build-images	2026-08-22T07:28:15.4361190Z #63 68.14 ./samples/resources/recaptchaenterprisekey/android-recaptcha-enterprise-key/recaptchaenterprise_v1beta1_recaptchaenterprisekey.yaml
build-images	dev/tasks/build-images	2026-08-22T07:28:15.4381876Z #63 68.14 ./samples/resources/recaptchaenterprisekey/ios-recaptcha-enterprise-key/
build-images	dev/tasks/build-images	2026-08-22T07:28:15.4383418Z #63 68.14 ./samples/resources/recaptchaenterprisekey/ios-recaptcha-enterprise-key/recaptchaenterprise_v1beta1_recaptchaenterprisekey.yaml
build-images	dev/tasks/build-images	2026-08-22T07:28:15.4384656Z #63 68.14 ./samples/resources/dlpstoredinfotype/
build-images	dev/tasks/build-images	2026-08-22T07:28:15.4385486Z #63 68.14 ./samples/resources/dlpstoredinfotype/big-query-field-stored-info-type/
build-images	dev/tasks/build-images	2026-08-22T07:28:15.4386790Z #63 68.14 ./samples/resources/dlpstoredinfotype/big-query-field-stored-info-type/iam_v1beta1_iampolicymember.yaml
build-images	dev/tasks/build-images	2026-08-22T07:28:15.4395153Z #63 68.14 ./samples/resources/dlpstoredinfotype/big-query-field-stored-info-type/bigquery_v1beta1_bigquerydataset.yaml
build-images	dev/tasks/build-images	2026-08-22T07:28:15.4397535Z #63 68.14 ./samples/resources/dlpstoredinfotype/big-query-field-stored-info-type/dlp_v1beta1_dlpstoredinfotype.yaml
build-images	dev/tasks/build-images	2026-08-22T07:28:15.4399104Z #63 68.14 ./samples/resources/dlpstoredinfotype/big-query-field-stored-info-type/bigquery_v1beta1_bigquerytable.yaml
build-images	dev/tasks/build-images	2026-08-22T07:28:15.4400424Z #63 68.14 ./samples/resources/dlpstoredinfotype/cloud-storage-path-stored-info-type/
build-images	dev/tasks/build-images	2026-08-22T07:28:15.4407601Z #63 68.14 ./samples/resources/dlpstoredinfotype/cloud-storage-path-stored-info-type/dlp_v1beta1_dlpstoredinfotype.yaml
build-images	dev/tasks/build-images	2026-08-22T07:28:15.4410249Z #63 68.14 ./samples/resources/dlpstoredinfotype/cloud-storage-file-set-stored-info-type/
build-images	dev/tasks/build-images	2026-08-22T07:28:15.4412412Z #63 68.14 ./samples/resources/dlpstoredinfotype/cloud-storage-file-set-stored-info-type/iam_v1beta1_iampolicymember.yaml
build-images	dev/tasks/build-images	2026-08-22T07:28:15.4415879Z #63 68.14 ./samples/resources/dlpstoredinfotype/cloud-storage-file-set-stored-info-type/dlp_v1beta1_dlpstoredinfotype.yaml
build-images	dev/tasks/build-images	2026-08-22T07:28:15.4417224Z #63 68.14 ./samples/resources/dlpstoredinfotype/regex-stored-info-type/
build-images	dev/tasks/build-images	2026-08-22T07:28:15.4418399Z #63 68.14 ./samples/resources/dlpstoredinfotype/regex-stored-info-type/dlp_v1beta1_dlpstoredinfotype.yaml
build-images	dev/tasks/build-images	2026-08-22T07:28:15.4419580Z #63 68.14 ./samples/resources/dlpstoredinfotype/word-list-stored-info-type/
build-images	dev/tasks/build-images	2026-08-22T07:28:15.4420767Z #63 68.14 ./samples/resources/dlpstoredinfotype/word-list-stored-info-type/dlp_v1beta1_dlpstoredinfotype.yaml
build-images	dev/tasks/build-images	2026-08-22T07:28:15.4426065Z #63 68.14 ./samples/resources/alloydbcluster/
build-images	dev/tasks/build-images	2026-08-22T07:28:15.4426832Z #63 68.14 ./samples/resources/alloydbcluster/regular-cluster/
build-images	dev/tasks/build-images	2026-08-22T07:28:15.4427853Z #63 68.14 ./samples/resources/alloydbcluster/regular-cluster/compute_v1beta1_computeaddress.yaml
build-images	dev/tasks/build-images	2026-08-22T07:28:15.4429666Z #63 68.14 ./samples/resources/alloydbcluster/regular-cluster/servicenetworking_v1beta1_servicenetworkingconnection.yaml
build-images	dev/tasks/build-images	2026-08-22T07:28:15.4431271Z #63 68.14 ./samples/resources/alloydbcluster/regular-cluster/kms_v1beta1_kmscryptokey.yaml
build-images	dev/tasks/build-images	2026-08-22T07:28:15.4439243Z #63 68.14 ./samples/resources/alloydbcluster/regular-cluster/alloydb_v1beta1_alloydbcluster.yaml
build-images	dev/tasks/build-images	2026-08-22T07:28:15.4444618Z #63 68.14 ./samples/resources/alloydbcluster/regular-cluster/compute_v1beta1_computenetwork.yaml
build-images	dev/tasks/build-images	2026-08-22T07:28:15.4446446Z #63 68.14 ./samples/resources/alloydbcluster/regular-cluster/kms_v1beta1_kmskeyring.yaml
build-images	dev/tasks/build-images	2026-08-22T07:28:15.4450312Z #63 68.14 ./samples/resources/alloydbcluster/regular-cluster/iam_v1beta1_iampartialpolicy.yaml
build-images	dev/tasks/build-images	2026-08-22T07:28:15.4451606Z #63 68.14 ./samples/resources/alloydbcluster/regular-cluster/serviceusage_v1beta1_serviceidentity.yaml
build-images	dev/tasks/build-images	2026-08-22T07:28:15.4452870Z #63 68.14 ./samples/resources/alloydbcluster/secondary-cluster/
build-images	dev/tasks/build-images	2026-08-22T07:28:15.4453895Z #63 68.14 ./samples/resources/alloydbcluster/secondary-cluster/compute_v1beta1_computeaddress.yaml
build-images	dev/tasks/build-images	2026-08-22T07:28:15.4455371Z #63 68.14 ./samples/resources/alloydbcluster/secondary-cluster/servicenetworking_v1beta1_servicenetworkingconnection.yaml
build-images	dev/tasks/build-images	2026-08-22T07:28:15.4456815Z #63 68.14 ./samples/resources/alloydbcluster/secondary-cluster/kms_v1beta1_kmscryptokey.yaml
build-images	dev/tasks/build-images	2026-08-22T07:28:15.4458036Z #63 68.14 ./samples/resources/alloydbcluster/secondary-cluster/alloydb_v1beta1_alloydbcluster.yaml
build-images	dev/tasks/build-images	2026-08-22T07:28:15.4459288Z #63 68.14 ./samples/resources/alloydbcluster/secondary-cluster/compute_v1beta1_computenetwork.yaml
build-images	dev/tasks/build-images	2026-08-22T07:28:15.4460470Z #63 68.14 ./samples/resources/alloydbcluster/secondary-cluster/kms_v1beta1_kmskeyring.yaml
build-images	dev/tasks/build-images	2026-08-22T07:28:15.4461671Z #63 68.14 ./samples/resources/alloydbcluster/secondary-cluster/iam_v1beta1_iampartialpolicy.yaml
build-images	dev/tasks/build-images	2026-08-22T07:28:15.4481428Z #63 68.14 ./samples/resources/alloydbcluster/secondary-cluster/serviceusage_v1beta1_serviceidentity.yaml
build-images	dev/tasks/build-images	2026-08-22T07:28:15.4482803Z #63 68.14 ./samples/resources/alloydbcluster/restored-from-backup-cluster/
build-images	dev/tasks/build-images	2026-08-22T07:28:15.4484061Z #63 68.14 ./samples/resources/alloydbcluster/restored-from-backup-cluster/compute_v1beta1_computeaddress.yaml
build-images	dev/tasks/build-images	2026-08-22T07:28:15.4485536Z #63 68.14 ./samples/resources/alloydbcluster/restored-from-backup-cluster/alloydb_v1beta1_alloydbbackup.yaml
build-images	dev/tasks/build-images	2026-08-22T07:28:15.4487175Z #63 68.14 ./samples/resources/alloydbcluster/restored-from-backup-cluster/servicenetworking_v1beta1_servicenetworkingconnection.yaml
build-images	dev/tasks/build-images	2026-08-22T07:28:15.4488826Z #63 68.14 ./samples/resources/alloydbcluster/restored-from-backup-cluster/alloydb_v1beta1_alloydbinstance.yaml
build-images	dev/tasks/build-images	2026-08-22T07:28:15.4490316Z #63 68.14 ./samples/resources/alloydbcluster/restored-from-backup-cluster/alloydb_v1beta1_alloydbcluster.yaml
build-images	dev/tasks/build-images	2026-08-22T07:28:15.4491916Z #63 68.14 ./samples/resources/alloydbcluster/restored-from-backup-cluster/compute_v1beta1_computenetwork.yaml
build-images	dev/tasks/build-images	2026-08-22T07:28:15.4493025Z #63 68.14 ./samples/resources/parametermanagerparameterversion/
build-images	dev/tasks/build-images	2026-08-22T07:28:15.4493984Z #63 68.14 ./samples/resources/parametermanagerparameterversion/yamlparameterversion/
build-images	dev/tasks/build-images	2026-08-22T07:28:15.4495508Z #63 68.14 ./samples/resources/parametermanagerparameterversion/yamlparameterversion/parametermanager_v1alpha1_parametermanagerparameter.yaml
build-images	dev/tasks/build-images	2026-08-22T07:28:15.4497527Z #63 68.14 ./samples/resources/parametermanagerparameterversion/yamlparameterversion/parametermanager_v1alpha1_parametermanagerparameterversion.yaml
build-images	dev/tasks/build-images	2026-08-22T07:28:15.4499152Z #63 68.14 ./samples/resources/parametermanagerparameterversion/unformattedparameterversion/
build-images	dev/tasks/build-images	2026-08-22T07:28:15.4500784Z #63 68.14 ./samples/resources/parametermanagerparameterversion/unformattedparameterversion/parametermanager_v1alpha1_parametermanagerparameter.yaml
build-images	dev/tasks/build-images	2026-08-22T07:28:15.4513115Z #63 68.14 ./samples/resources/parametermanagerparameterversion/unformattedparameterversion/parametermanager_v1alpha1_parametermanagerparameterversion.yaml
build-images	dev/tasks/build-images	2026-08-22T07:28:15.4514834Z #63 68.14 ./samples/resources/parametermanagerparameterversion/jsonparameterversion/
build-images	dev/tasks/build-images	2026-08-22T07:28:15.4516786Z #63 68.14 ./samples/resources/parametermanagerparameterversion/jsonparameterversion/parametermanager_v1alpha1_parametermanagerparameter.yaml
build-images	dev/tasks/build-images	2026-08-22T07:28:15.4519164Z #63 68.14 ./samples/resources/parametermanagerparameterversion/jsonparameterversion/parametermanager_v1alpha1_parametermanagerparameterversion.yaml
build-images	dev/tasks/build-images	2026-08-22T07:28:15.4520555Z #63 68.14 ./samples/resources/containernodepool/
build-images	dev/tasks/build-images	2026-08-22T07:28:15.4521291Z #63 68.14 ./samples/resources/containernodepool/basic-node-pool/
build-images	dev/tasks/build-images	2026-08-22T07:28:15.4522626Z #63 68.14 ./samples/resources/containernodepool/basic-node-pool/container_v1beta1_containernodepool.yaml
build-images	dev/tasks/build-images	2026-08-22T07:28:15.4524004Z #63 68.14 ./samples/resources/containernodepool/basic-node-pool/container_v1beta1_containercluster.yaml
build-images	dev/tasks/build-images	2026-08-22T07:28:15.4525119Z #63 68.14 ./samples/resources/containernodepool/sole-tenant-node-pool/
build-images	dev/tasks/build-images	2026-08-22T07:28:15.4526303Z #63 68.14 ./samples/resources/containernodepool/sole-tenant-node-pool/container_v1beta1_containernodepool.yaml
build-images	dev/tasks/build-images	2026-08-22T07:28:15.4527778Z #63 68.14 ./samples/resources/containernodepool/sole-tenant-node-pool/container_v1beta1_containercluster.yaml
build-images	dev/tasks/build-images	2026-08-22T07:28:15.4529246Z #63 68.14 ./samples/resources/containernodepool/sole-tenant-node-pool/compute_v1beta1_computenodetemplate.yaml
build-images	dev/tasks/build-images	2026-08-22T07:28:15.4530707Z #63 68.14 ./samples/resources/containernodepool/sole-tenant-node-pool/compute_v1beta1_computenodegroup.yaml
build-images	dev/tasks/build-images	2026-08-22T07:28:15.4531970Z #63 68.14 ./samples/resources/bigtableinstance/
build-images	dev/tasks/build-images	2026-08-22T07:28:15.4532728Z #63 68.14 ./samples/resources/bigtableinstance/auto-scaling/
build-images	dev/tasks/build-images	2026-08-22T07:28:15.4533721Z #63 68.14 ./samples/resources/bigtableinstance/auto-scaling/bigtable_v1beta1_bigtableinstance.yaml
build-images	dev/tasks/build-images	2026-08-22T07:28:15.4534762Z #63 68.14 ./samples/resources/bigtableinstance/simple-instance/
build-images	dev/tasks/build-images	2026-08-22T07:28:15.4535828Z #63 68.14 ./samples/resources/bigtableinstance/simple-instance/bigtable_v1beta1_bigtableinstance.yaml
build-images	dev/tasks/build-images	2026-08-22T07:28:15.4536900Z #63 68.14 ./samples/resources/bigtableinstance/replicated-instance/
build-images	dev/tasks/build-images	2026-08-22T07:28:15.4538055Z #63 68.14 ./samples/resources/bigtableinstance/replicated-instance/bigtable_v1beta1_bigtableinstance.yaml
build-images	dev/tasks/build-images	2026-08-22T07:28:15.4539165Z #63 68.14 ./samples/resources/certificatemanagercertificatemap/
build-images	dev/tasks/build-images	2026-08-22T07:28:15.4540442Z #63 68.14 ./samples/resources/certificatemanagercertificatemap/certificatemanager_v1beta1_certificatemanagercertificatemap.yaml
build-images	dev/tasks/build-images	2026-08-22T07:28:15.4541673Z #63 68.14 ./samples/resources/servicedirectorynamespace/
build-images	dev/tasks/build-images	2026-08-22T07:28:15.4560426Z #63 68.14 ./samples/resources/servicedirectorynamespace/servicedirectory_v1beta1_servicedirectorynamespace.yaml
build-images	dev/tasks/build-images	2026-08-22T07:28:15.4561791Z #63 68.14 ./samples/resources/computevpngateway/
build-images	dev/tasks/build-images	2026-08-22T07:28:15.4568172Z #63 68.14 ./samples/resources/computevpngateway/compute_v1beta1_computenetwork.yaml
build-images	dev/tasks/build-images	2026-08-22T07:28:15.4572737Z #63 68.14 ./samples/resources/computevpngateway/compute_v1beta1_computevpngateway.yaml
build-images	dev/tasks/build-images	2026-08-22T07:28:15.4573947Z #63 68.14 ./samples/resources/computenetworkfirewallpolicy/
build-images	dev/tasks/build-images	2026-08-22T07:28:15.4576888Z #63 68.14 ./samples/resources/computenetworkfirewallpolicy/compute_v1beta1_computenetworkfirewallpolicy.yaml
build-images	dev/tasks/build-images	2026-08-22T07:28:15.4582487Z #63 68.14 ./samples/resources/secretmanagersecret/
build-images	dev/tasks/build-images	2026-08-22T07:28:15.4584934Z #63 68.14 ./samples/resources/secretmanagersecret/user-managed-secret-replication/
build-images	dev/tasks/build-images	2026-08-22T07:28:15.4591371Z #63 68.14 ./samples/resources/secretmanagersecret/user-managed-secret-replication/secretmanager_v1beta1_secretmanagersecret.yaml
build-images	dev/tasks/build-images	2026-08-22T07:28:15.4597820Z #63 68.14 ./samples/resources/secretmanagersecret/automatic-secret-replication/
build-images	dev/tasks/build-images	2026-08-22T07:28:15.4605774Z #63 68.14 ./samples/resources/secretmanagersecret/automatic-secret-replication/secretmanager_v1beta1_secretmanagersecret.yaml
build-images	dev/tasks/build-images	2026-08-22T07:28:15.4608213Z #63 68.14 ./samples/resources/dataformrepository/
build-images	dev/tasks/build-images	2026-08-22T07:28:15.4609140Z #63 68.14 ./samples/resources/dataformrepository/dataform_v1beta1_dataformrepository.yaml
build-images	dev/tasks/build-images	2026-08-22T07:28:15.4613178Z #63 68.14 ./samples/resources/iapbrand/
build-images	dev/tasks/build-images	2026-08-22T07:28:15.4617094Z #63 68.14 ./samples/resources/iapbrand/iap_v1beta1_iapbrand.yaml
build-images	dev/tasks/build-images	2026-08-22T07:28:15.4618103Z #63 68.14 ./samples/resources/dlpinspecttemplate/
build-images	dev/tasks/build-images	2026-08-22T07:28:15.4618880Z #63 68.14 ./samples/resources/dlpinspecttemplate/custom-inspect-template/
build-images	dev/tasks/build-images	2026-08-22T07:28:15.4620037Z #63 68.14 ./samples/resources/dlpinspecttemplate/custom-inspect-template/dlp_v1beta1_dlpstoredinfotype.yaml
build-images	dev/tasks/build-images	2026-08-22T07:28:15.4621435Z #63 68.14 ./samples/resources/dlpinspecttemplate/custom-inspect-template/dlp_v1beta1_dlpinspecttemplate.yaml
build-images	dev/tasks/build-images	2026-08-22T07:28:15.4628528Z #63 68.14 ./samples/resources/dlpinspecttemplate/inspection-inspect-template/
build-images	dev/tasks/build-images	2026-08-22T07:28:15.4632503Z #63 68.14 ./samples/resources/dlpinspecttemplate/inspection-inspect-template/dlp_v1beta1_dlpinspecttemplate.yaml
build-images	dev/tasks/build-images	2026-08-22T07:28:15.4635063Z #63 68.14 ./samples/resources/monitoringmonitoredproject/
build-images	dev/tasks/build-images	2026-08-22T07:28:15.4638666Z #63 68.14 ./samples/resources/monitoringmonitoredproject/monitoring_v1beta1_monitoringmonitoredproject.yaml
build-images	dev/tasks/build-images	2026-08-22T07:28:15.4642491Z #63 68.14 ./samples/resources/monitoringmonitoredproject/resourcemanager_v1beta1_project.yaml
build-images	dev/tasks/build-images	2026-08-22T07:28:15.4643942Z #63 68.14 ./samples/resources/computenetworkendpointgroup/
build-images	dev/tasks/build-images	2026-08-22T07:28:15.4645491Z #63 68.14 ./samples/resources/computenetworkendpointgroup/compute_v1beta1_computesubnetwork.yaml
build-images	dev/tasks/build-images	2026-08-22T07:28:15.4650058Z #63 68.14 ./samples/resources/computenetworkendpointgroup/compute_v1beta1_computenetworkendpointgroup.yaml
build-images	dev/tasks/build-images	2026-08-22T07:28:15.4652886Z #63 68.14 ./samples/resources/computenetworkendpointgroup/compute_v1beta1_computenetwork.yaml
build-images	dev/tasks/build-images	2026-08-22T07:28:15.4655205Z #63 68.14 ./samples/resources/bigtablegcpolicy/
build-images	dev/tasks/build-images	2026-08-22T07:28:15.4657585Z #63 68.14 ./samples/resources/bigtablegcpolicy/bigtable_v1beta1_bigtablegcpolicy.yaml
build-images	dev/tasks/build-images	2026-08-22T07:28:15.4658715Z #63 68.14 ./samples/resources/bigtablegcpolicy/bigtable_v1beta1_bigtableinstance.yaml
build-images	dev/tasks/build-images	2026-08-22T07:28:15.4659773Z #63 68.14 ./samples/resources/bigtablegcpolicy/bigtable_v1beta1_bigtabletable.yaml
build-images	dev/tasks/build-images	2026-08-22T07:28:15.4660681Z #63 68.14 ./samples/resources/bigquerydatatransferconfig/
build-images	dev/tasks/build-images	2026-08-22T07:28:15.4661904Z #63 68.14 ./samples/resources/bigquerydatatransferconfig/bigquerydatatransferconfig-scheduledquery/
build-images	dev/tasks/build-images	2026-08-22T07:28:15.4663596Z #63 68.14 ./samples/resources/bigquerydatatransferconfig/bigquerydatatransferconfig-scheduledquery/bigquery_v1beta1_bigquerydataset.yaml
build-images	dev/tasks/build-images	2026-08-22T07:28:15.4665706Z #63 68.14 ./samples/resources/bigquerydatatransferconfig/bigquerydatatransferconfig-scheduledquery/bigquerydatatransfer_v1beta1_bigquerydatatransferconfig.yaml
build-images	dev/tasks/build-images	2026-08-22T07:28:15.4667784Z #63 68.14 ./samples/resources/bigquerydatatransferconfig/bigquerydatatransferconfig-scheduledquery/iam_v1beta1_iamserviceaccount.yaml
build-images	dev/tasks/build-images	2026-08-22T07:28:15.4669103Z #63 68.14 ./samples/resources/computesharedvpchostproject/
build-images	dev/tasks/build-images	2026-08-22T07:28:15.4670208Z #63 68.14 ./samples/resources/computesharedvpchostproject/compute_v1beta1_computesharedvpchostproject.yaml
build-images	dev/tasks/build-images	2026-08-22T07:28:15.4671244Z #63 68.14 ./samples/resources/computeresourcepolicy/
build-images	dev/tasks/build-images	2026-08-22T07:28:15.4680937Z #63 68.14 ./samples/resources/computeresourcepolicy/hourly-resource-policy-schedule/
build-images	dev/tasks/build-images	2026-08-22T07:28:15.4682621Z #63 68.14 ./samples/resources/computeresourcepolicy/hourly-resource-policy-schedule/compute_v1alpha3_computeresourcepolicy.yaml
build-images	dev/tasks/build-images	2026-08-22T07:28:15.4684049Z #63 68.14 ./samples/resources/computeresourcepolicy/daily-resource-policy-schedule/
build-images	dev/tasks/build-images	2026-08-22T07:28:15.4685471Z #63 68.14 ./samples/resources/computeresourcepolicy/daily-resource-policy-schedule/compute_v1alpha3_computeresourcepolicy.yaml
build-images	dev/tasks/build-images	2026-08-22T07:28:15.4686846Z #63 68.14 ./samples/resources/computeresourcepolicy/weekly-resource-policy-schedule/
build-images	dev/tasks/build-images	2026-08-22T07:28:15.4688270Z #63 68.14 ./samples/resources/computeresourcepolicy/weekly-resource-policy-schedule/compute_v1alpha3_computeresourcepolicy.yaml
build-images	dev/tasks/build-images	2026-08-22T07:28:15.4689479Z #63 68.14 ./samples/resources/bigquerydataset/
build-images	dev/tasks/build-images	2026-08-22T07:28:15.4690290Z #63 68.14 ./samples/resources/bigquerydataset/bigquery_v1beta1_bigquerydataset.yaml
build-images	dev/tasks/build-images	2026-08-22T07:28:15.4691657Z #63 68.14 ./samples/resources/bigquerydataset/iam_v1beta1_iamserviceaccount.yaml
build-images	dev/tasks/build-images	2026-08-22T07:28:15.4693090Z #63 68.14 ./samples/resources/certificatemanagercertificatemapentry/
build-images	dev/tasks/build-images	2026-08-22T07:28:15.4694440Z #63 68.14 ./samples/resources/certificatemanagercertificatemapentry/certificatemanager_v1beta1_certificatemanagercertificate.yaml
build-images	dev/tasks/build-images	2026-08-22T07:28:15.4696347Z #63 68.14 ./samples/resources/certificatemanagercertificatemapentry/certificatemanager_v1beta1_certificatemanagercertificatemapentry.yaml
build-images	dev/tasks/build-images	2026-08-22T07:28:15.4697827Z #63 68.14 ./samples/resources/certificatemanagercertificatemapentry/secret.yaml
build-images	dev/tasks/build-images	2026-08-22T07:28:15.4699273Z #63 68.15 ./samples/resources/certificatemanagercertificatemapentry/certificatemanager_v1beta1_certificatemanagercertificatemap.yaml
build-images	dev/tasks/build-images	2026-08-22T07:28:15.4700544Z #63 68.15 ./samples/resources/apigeeendpointattachment/
build-images	dev/tasks/build-images	2026-08-22T07:28:15.4701502Z #63 68.15 ./samples/resources/apigeeendpointattachment/compute_v1beta1_computeforwardingrule.yaml
build-images	dev/tasks/build-images	2026-08-22T07:28:15.4706223Z #63 68.15 ./samples/resources/apigeeendpointattachment/compute_v1beta1_computeserviceattachment.yaml
build-images	dev/tasks/build-images	2026-08-22T07:28:15.4711057Z #63 68.15 ./samples/resources/apigeeendpointattachment/compute_v1beta1_computesubnetwork.yaml
build-images	dev/tasks/build-images	2026-08-22T07:28:15.4712957Z #63 68.15 ./samples/resources/apigeeendpointattachment/compute_v1beta1_computebackendservice.yaml
build-images	dev/tasks/build-images	2026-08-22T07:28:15.4714482Z #63 68.15 ./samples/resources/apigeeendpointattachment/compute_v1beta1_computenetwork.yaml
build-images	dev/tasks/build-images	2026-08-22T07:28:15.4716030Z #63 68.15 ./samples/resources/apigeeendpointattachment/apigee_v1beta1_apigeeendpointattachment.yaml
build-images	dev/tasks/build-images	2026-08-22T07:28:15.4717343Z #63 68.15 ./samples/resources/networkservicestlsroute/
build-images	dev/tasks/build-images	2026-08-22T07:28:15.4718944Z #63 68.15 ./samples/resources/networkservicestlsroute/networkservices_v1beta1_networkservicesmesh.yaml
build-images	dev/tasks/build-images	2026-08-22T07:28:15.4720581Z #63 68.15 ./samples/resources/networkservicestlsroute/compute_v1beta1_computebackendservice.yaml
build-images	dev/tasks/build-images	2026-08-22T07:28:15.4722180Z #63 68.15 ./samples/resources/networkservicestlsroute/networkservices_v1beta1_networkservicesgateway.yaml
build-images	dev/tasks/build-images	2026-08-22T07:28:15.4724378Z #63 68.15 ./samples/resources/networkservicestlsroute/networkservices_v1beta1_networkservicestlsroute.yaml
build-images	dev/tasks/build-images	2026-08-22T07:28:15.4725724Z #63 68.15 ./samples/resources/spannerbackupschedule/
build-images	dev/tasks/build-images	2026-08-22T07:28:15.4726919Z #63 68.15 ./samples/resources/spannerbackupschedule/spanner_v1beta1_spannerinstance.yaml
build-images	dev/tasks/build-images	2026-08-22T07:28:15.4728725Z #63 68.15 ./samples/resources/spannerbackupschedule/spanner_v1beta1_spannerbackupschedule.yaml
build-images	dev/tasks/build-images	2026-08-22T07:28:15.4729886Z #63 68.15 ./samples/resources/spannerbackupschedule/kms_v1beta1_kmscryptokey.yaml
build-images	dev/tasks/build-images	2026-08-22T07:28:15.4731162Z #63 68.15 ./samples/resources/spannerbackupschedule/kms_v1beta1_kmskeyring.yaml
build-images	dev/tasks/build-images	2026-08-22T07:28:15.4732418Z #63 68.15 ./samples/resources/spannerbackupschedule/spanner_v1beta1_spannerdatabase.yaml
build-images	dev/tasks/build-images	2026-08-22T07:28:15.4737344Z #63 68.15 ./samples/resources/spannerbackupschedule/serviceusage_v1beta1_serviceidentity.yaml
build-images	dev/tasks/build-images	2026-08-22T07:28:15.4738247Z #63 68.15 ./samples/resources/speechphraseset/
build-images	dev/tasks/build-images	2026-08-22T07:28:15.4739048Z #63 68.15 ./samples/resources/speechphraseset/speech_v1beta1_speechphraseset.yaml
build-images	dev/tasks/build-images	2026-08-22T07:28:15.4739914Z #63 68.15 ./samples/resources/alloydbbackup/
build-images	dev/tasks/build-images	2026-08-22T07:28:15.4740747Z #63 68.15 ./samples/resources/alloydbbackup/compute_v1beta1_computeaddress.yaml
build-images	dev/tasks/build-images	2026-08-22T07:28:15.4741939Z #63 68.15 ./samples/resources/alloydbbackup/alloydb_v1beta1_alloydbbackup.yaml
build-images	dev/tasks/build-images	2026-08-22T07:28:15.4743089Z #63 68.15 ./samples/resources/alloydbbackup/servicenetworking_v1beta1_servicenetworkingconnection.yaml
build-images	dev/tasks/build-images	2026-08-22T07:28:15.4744207Z #63 68.15 ./samples/resources/alloydbbackup/kms_v1beta1_kmscryptokey.yaml
build-images	dev/tasks/build-images	2026-08-22T07:28:15.4745139Z #63 68.15 ./samples/resources/alloydbbackup/alloydb_v1beta1_alloydbinstance.yaml
build-images	dev/tasks/build-images	2026-08-22T07:28:15.4746084Z #63 68.15 ./samples/resources/alloydbbackup/alloydb_v1beta1_alloydbcluster.yaml
build-images	dev/tasks/build-images	2026-08-22T07:28:15.4746997Z #63 68.15 ./samples/resources/alloydbbackup/compute_v1beta1_computenetwork.yaml
build-images	dev/tasks/build-images	2026-08-22T07:28:15.4748268Z #63 68.15 ./samples/resources/alloydbbackup/kms_v1beta1_kmskeyring.yaml
build-images	dev/tasks/build-images	2026-08-22T07:28:15.4749339Z #63 68.15 ./samples/resources/alloydbbackup/iam_v1beta1_iampartialpolicy.yaml
build-images	dev/tasks/build-images	2026-08-22T07:28:15.4750130Z #63 68.15 ./samples/resources/networkservicesendpointpolicy/
build-images	dev/tasks/build-images	2026-08-22T07:28:15.4751302Z #63 68.15 ./samples/resources/networkservicesendpointpolicy/networkservices-v1beta1-networkservicesendpointpolicy.yaml
build-images	dev/tasks/build-images	2026-08-22T07:28:15.4753559Z #63 68.15 ./samples/resources/networkservicesendpointpolicy/networksecurity_v1beta1_networksecurityclienttlspolicy.yaml
build-images	dev/tasks/build-images	2026-08-22T07:28:15.4755209Z #63 68.15 ./samples/resources/networkservicesendpointpolicy/networksecurity_v1beta1_networksecurityauthorizationpolicy.yaml
build-images	dev/tasks/build-images	2026-08-22T07:28:15.4757521Z #63 68.15 ./samples/resources/networkservicesendpointpolicy/networksecurity_v1beta1_networksecurityservertlspolicy.yaml
build-images	dev/tasks/build-images	2026-08-22T07:28:15.4758597Z #63 68.15 ./samples/resources/apikeyskey/
build-images	dev/tasks/build-images	2026-08-22T07:28:15.4759276Z #63 68.15 ./samples/resources/apikeyskey/apikeys_v1alpha1_apikeyskey.yaml
build-images	dev/tasks/build-images	2026-08-22T07:28:15.4760015Z #63 68.15 ./samples/resources/cloudbuildtrigger/
build-images	dev/tasks/build-images	2026-08-22T07:28:15.4760802Z #63 68.15 ./samples/resources/cloudbuildtrigger/build-trigger-for-github-repo/
build-images	dev/tasks/build-images	2026-08-22T07:28:15.4762335Z #63 68.15 ./samples/resources/cloudbuildtrigger/build-trigger-for-github-repo/cloudbuild_v1beta1_cloudbuildtrigger.yaml
build-images	dev/tasks/build-images	2026-08-22T07:28:15.4763621Z #63 68.15 ./samples/resources/cloudbuildtrigger/build-trigger-with-template-file/
build-images	dev/tasks/build-images	2026-08-22T07:28:15.4764958Z #63 68.15 ./samples/resources/cloudbuildtrigger/build-trigger-with-template-file/sourcerepo_v1beta1_sourcereporepository.yaml
build-images	dev/tasks/build-images	2026-08-22T07:28:15.4766563Z #63 68.15 ./samples/resources/cloudbuildtrigger/build-trigger-with-template-file/cloudbuild_v1beta1_cloudbuildtrigger.yaml
build-images	dev/tasks/build-images	2026-08-22T07:28:15.4768095Z #63 68.15 ./samples/resources/cloudbuildtrigger/build-trigger-with-template-file/iam_v1beta1_iamserviceaccount.yaml
build-images	dev/tasks/build-images	2026-08-22T07:28:15.4769346Z #63 68.15 ./samples/resources/cloudbuildtrigger/build-trigger-for-cloud-source-repo/
build-images	dev/tasks/build-images	2026-08-22T07:28:15.4770730Z #63 68.15 ./samples/resources/cloudbuildtrigger/build-trigger-for-cloud-source-repo/sourcerepo_v1beta1_sourcereporepository.yaml
build-images	dev/tasks/build-images	2026-08-22T07:28:15.4772606Z #63 68.15 ./samples/resources/cloudbuildtrigger/build-trigger-for-cloud-source-repo/cloudbuild_v1beta1_cloudbuildtrigger.yaml
build-images	dev/tasks/build-images	2026-08-22T07:28:15.4774328Z #63 68.15 ./samples/resources/cloudbuildtrigger/build-trigger-for-cloud-source-repo/secretmanager_v1beta1_secretmanagersecretversion.yaml
build-images	dev/tasks/build-images	2026-08-22T07:28:15.4776023Z #63 68.15 ./samples/resources/cloudbuildtrigger/build-trigger-for-cloud-source-repo/secretmanager_v1beta1_secretmanagersecret.yaml
build-images	dev/tasks/build-images	2026-08-22T07:28:15.4777133Z #63 68.15 ./samples/resources/sqluser/
build-images	dev/tasks/build-images	2026-08-22T07:28:15.4777750Z #63 68.15 ./samples/resources/sqluser/sql_v1beta1_sqlinstance.yaml
build-images	dev/tasks/build-images	2026-08-22T07:28:15.4778420Z #63 68.15 ./samples/resources/sqluser/secret.yaml
build-images	dev/tasks/build-images	2026-08-22T07:28:15.4779059Z #63 68.15 ./samples/resources/sqluser/sql_v1beta1_sqluser.yaml
build-images	dev/tasks/build-images	2026-08-22T07:28:15.4779724Z #63 68.15 ./samples/resources/monitoringgroup/
build-images	dev/tasks/build-images	2026-08-22T07:28:15.4780550Z #63 68.15 ./samples/resources/monitoringgroup/monitoring_v1beta1_monitoringgroup.yaml
build-images	dev/tasks/build-images	2026-08-22T07:28:15.4781396Z #63 68.15 ./samples/resources/computesecuritypolicy/
build-images	dev/tasks/build-images	2026-08-22T07:28:15.4782679Z #63 68.15 ./samples/resources/computesecuritypolicy/lockdown-security-policy-with-test/
build-images	dev/tasks/build-images	2026-08-22T07:28:15.4784116Z #63 68.15 ./samples/resources/computesecuritypolicy/lockdown-security-policy-with-test/compute_v1beta1_computesecuritypolicy.yaml
build-images	dev/tasks/build-images	2026-08-22T07:28:15.4785454Z #63 68.15 ./samples/resources/computesecuritypolicy/multirule-security-policy/
build-images	dev/tasks/build-images	2026-08-22T07:28:15.4786736Z #63 68.15 ./samples/resources/computesecuritypolicy/multirule-security-policy/compute_v1beta1_computesecuritypolicy.yaml
build-images	dev/tasks/build-images	2026-08-22T07:28:15.4787810Z #63 68.15 ./samples/resources/eventarctrigger/
build-images	dev/tasks/build-images	2026-08-22T07:28:15.4788544Z #63 68.15 ./samples/resources/eventarctrigger/iam_v1beta1_iampolicymember.yaml
build-images	dev/tasks/build-images	2026-08-22T07:28:15.4789529Z #63 68.15 ./samples/resources/eventarctrigger/pubsub_v1beta1_pubsubtopic.yaml
build-images	dev/tasks/build-images	2026-08-22T07:28:15.4790632Z #63 68.15 ./samples/resources/eventarctrigger/run_v1beta1_runservice.yaml
build-images	dev/tasks/build-images	2026-08-22T07:28:15.4792062Z #63 68.15 ./samples/resources/eventarctrigger/eventarc_v1beta1_eventarctrigger.yaml
build-images	dev/tasks/build-images	2026-08-22T07:28:15.4793110Z #63 68.15 ./samples/resources/eventarctrigger/iam_v1beta1_iamserviceaccount.yaml
build-images	dev/tasks/build-images	2026-08-22T07:28:15.4793919Z #63 68.15 ./samples/resources/speechcustomclass/
build-images	dev/tasks/build-images	2026-08-22T07:28:15.4794740Z #63 68.15 ./samples/resources/speechcustomclass/speech_v1beta1_speechcustomclass.yaml
build-images	dev/tasks/build-images	2026-08-22T07:28:15.4795541Z #63 68.15 ./samples/resources/computeroute/
build-images	dev/tasks/build-images	2026-08-22T07:28:15.4796255Z #63 68.15 ./samples/resources/computeroute/compute_v1beta1_computeroute.yaml
build-images	dev/tasks/build-images	2026-08-22T07:28:15.4797188Z #63 68.15 ./samples/resources/computeroute/compute_v1beta1_computenetwork.yaml
build-images	dev/tasks/build-images	2026-08-22T07:28:15.4797963Z #63 68.15 ./samples/resources/iamworkforcepool/
build-images	dev/tasks/build-images	2026-08-22T07:28:15.4798746Z #63 68.15 ./samples/resources/iamworkforcepool/iam_v1beta1_iamworkforcepool.yaml
build-images	dev/tasks/build-images	2026-08-22T07:28:15.4799594Z #63 68.15 ./samples/resources/iamworkforcepoolprovider/
build-images	dev/tasks/build-images	2026-08-22T07:28:15.4800481Z #63 68.15 ./samples/resources/iamworkforcepoolprovider/oidc-workforce-pool-provider/
build-images	dev/tasks/build-images	2026-08-22T07:28:15.4802123Z #63 68.15 ./samples/resources/iamworkforcepoolprovider/oidc-workforce-pool-provider/iam_v1beta1_iamworkforcepoolprovider.yaml
build-images	dev/tasks/build-images	2026-08-22T07:28:15.4803751Z #63 68.15 ./samples/resources/iamworkforcepoolprovider/oidc-workforce-pool-provider/iam_v1beta1_iamworkforcepool.yaml
build-images	dev/tasks/build-images	2026-08-22T07:28:15.4805086Z #63 68.15 ./samples/resources/iamworkforcepoolprovider/saml-workforce-pool-provider/
build-images	dev/tasks/build-images	2026-08-22T07:28:15.4806496Z #63 68.15 ./samples/resources/iamworkforcepoolprovider/saml-workforce-pool-provider/iam_v1beta1_iamworkforcepoolprovider.yaml
build-images	dev/tasks/build-images	2026-08-22T07:28:15.4808133Z #63 68.15 ./samples/resources/iamworkforcepoolprovider/saml-workforce-pool-provider/iam_v1beta1_iamworkforcepool.yaml
build-images	dev/tasks/build-images	2026-08-22T07:28:15.4809251Z #63 68.15 ./samples/resources/binaryauthorizationpolicy/
build-images	dev/tasks/build-images	2026-08-22T07:28:15.4810060Z #63 68.15 ./samples/resources/binaryauthorizationpolicy/namespace-policy/
build-images	dev/tasks/build-images	2026-08-22T07:28:15.4811438Z #63 68.15 ./samples/resources/binaryauthorizationpolicy/namespace-policy/binaryauthorization_v1beta1_binaryauthorizationattestor.yaml
build-images	dev/tasks/build-images	2026-08-22T07:28:15.4813644Z #63 68.15 ./samples/resources/binaryauthorizationpolicy/namespace-policy/containeranalysis_v1beta1_containeranalysisnote.yaml
build-images	dev/tasks/build-images	2026-08-22T07:28:15.4815185Z #63 68.15 ./samples/resources/binaryauthorizationpolicy/namespace-policy/resourcemanager_v1beta1_project.yaml
build-images	dev/tasks/build-images	2026-08-22T07:28:15.4816754Z #63 68.15 ./samples/resources/binaryauthorizationpolicy/namespace-policy/binaryauthorization_v1beta1_binaryauthorizationpolicy.yaml
build-images	dev/tasks/build-images	2026-08-22T07:28:15.4818303Z #63 68.15 ./samples/resources/binaryauthorizationpolicy/namespace-policy/serviceusage_v1beta1_service.yaml
build-images	dev/tasks/build-images	2026-08-22T07:28:15.4819406Z #63 68.15 ./samples/resources/binaryauthorizationpolicy/cluster-policy/
build-images	dev/tasks/build-images	2026-08-22T07:28:15.4820705Z #63 68.15 ./samples/resources/binaryauthorizationpolicy/cluster-policy/binaryauthorization_v1beta1_binaryauthorizationattestor.yaml
build-images	dev/tasks/build-images	2026-08-22T07:28:15.4822686Z #63 68.15 ./samples/resources/binaryauthorizationpolicy/cluster-policy/containeranalysis_v1beta1_containeranalysisnote.yaml
build-images	dev/tasks/build-images	2026-08-22T07:28:15.4824188Z #63 68.15 ./samples/resources/binaryauthorizationpolicy/cluster-policy/resourcemanager_v1beta1_project.yaml
build-images	dev/tasks/build-images	2026-08-22T07:28:15.4825692Z #63 68.15 ./samples/resources/binaryauthorizationpolicy/cluster-policy/binaryauthorization_v1beta1_binaryauthorizationpolicy.yaml
build-images	dev/tasks/build-images	2026-08-22T07:28:15.4827209Z #63 68.15 ./samples/resources/binaryauthorizationpolicy/cluster-policy/serviceusage_v1beta1_service.yaml
build-images	dev/tasks/build-images	2026-08-22T07:28:15.4828369Z #63 68.15 ./samples/resources/binaryauthorizationpolicy/service-identity-policy/
build-images	dev/tasks/build-images	2026-08-22T07:28:15.4829806Z #63 68.15 ./samples/resources/binaryauthorizationpolicy/service-identity-policy/binaryauthorization_v1beta1_binaryauthorizationattestor.yaml
build-images	dev/tasks/build-images	2026-08-22T07:28:15.4831620Z #63 68.15 ./samples/resources/binaryauthorizationpolicy/service-identity-policy/containeranalysis_v1beta1_containeranalysisnote.yaml
build-images	dev/tasks/build-images	2026-08-22T07:28:15.4833843Z #63 68.15 ./samples/resources/binaryauthorizationpolicy/service-identity-policy/resourcemanager_v1beta1_project.yaml
build-images	dev/tasks/build-images	2026-08-22T07:28:15.4835489Z #63 68.15 ./samples/resources/binaryauthorizationpolicy/service-identity-policy/binaryauthorization_v1beta1_binaryauthorizationpolicy.yaml
build-images	dev/tasks/build-images	2026-08-22T07:28:15.4837128Z #63 68.15 ./samples/resources/binaryauthorizationpolicy/service-identity-policy/serviceusage_v1beta1_service.yaml
build-images	dev/tasks/build-images	2026-08-22T07:28:15.4838294Z #63 68.15 ./samples/resources/binaryauthorizationpolicy/default-policy/
build-images	dev/tasks/build-images	2026-08-22T07:28:15.4839406Z #63 68.15 ./samples/resources/binaryauthorizationpolicy/default-policy/resourcemanager_v1beta1_project.yaml
build-images	dev/tasks/build-images	2026-08-22T07:28:15.4840907Z #63 68.15 ./samples/resources/binaryauthorizationpolicy/default-policy/binaryauthorization_v1beta1_binaryauthorizationpolicy.yaml
build-images	dev/tasks/build-images	2026-08-22T07:28:15.4846707Z #63 68.15 ./samples/resources/binaryauthorizationpolicy/default-policy/serviceusage_v1beta1_service.yaml
build-images	dev/tasks/build-images	2026-08-22T07:28:15.4847933Z #63 68.15 ./samples/resources/binaryauthorizationpolicy/service-account-policy/
build-images	dev/tasks/build-images	2026-08-22T07:28:15.4849525Z #63 68.15 ./samples/resources/binaryauthorizationpolicy/service-account-policy/binaryauthorization_v1beta1_binaryauthorizationattestor.yaml
build-images	dev/tasks/build-images	2026-08-22T07:28:15.4851374Z #63 68.15 ./samples/resources/binaryauthorizationpolicy/service-account-policy/containeranalysis_v1beta1_containeranalysisnote.yaml
build-images	dev/tasks/build-images	2026-08-22T07:28:15.4853355Z #63 68.15 ./samples/resources/binaryauthorizationpolicy/service-account-policy/resourcemanager_v1beta1_project.yaml
build-images	dev/tasks/build-images	2026-08-22T07:28:15.4855009Z #63 68.15 ./samples/resources/binaryauthorizationpolicy/service-account-policy/binaryauthorization_v1beta1_binaryauthorizationpolicy.yaml
build-images	dev/tasks/build-images	2026-08-22T07:28:15.4856632Z #63 68.16 ./samples/resources/binaryauthorizationpolicy/service-account-policy/serviceusage_v1beta1_service.yaml
build-images	dev/tasks/build-images	2026-08-22T07:28:15.4857638Z #63 68.16 ./samples/resources/managedkafkatopic/
build-images	dev/tasks/build-images	2026-08-22T07:28:15.4858511Z #63 68.16 ./samples/resources/managedkafkatopic/managedkafka_v1beta1_managedkafkacluster.yaml
build-images	dev/tasks/build-images	2026-08-22T07:28:15.4859603Z #63 68.16 ./samples/resources/managedkafkatopic/compute_v1beta1_computesubnetwork.yaml
build-images	dev/tasks/build-images	2026-08-22T07:28:15.4860620Z #63 68.16 ./samples/resources/managedkafkatopic/compute_v1beta1_computenetwork.yaml
build-images	dev/tasks/build-images	2026-08-22T07:28:15.4861689Z #63 68.16 ./samples/resources/managedkafkatopic/managedkafka_v1beta1_managedkafkatopic.yaml
build-images	dev/tasks/build-images	2026-08-22T07:28:15.4862894Z #63 68.16 ./samples/resources/apigeeenvgroup/
build-images	dev/tasks/build-images	2026-08-22T07:28:15.4863671Z #63 68.16 ./samples/resources/apigeeenvgroup/apigee_v1beta1_apigeeenvgroup.yaml
build-images	dev/tasks/build-images	2026-08-22T07:28:15.4864449Z #63 68.16 ./samples/resources/apigeeenvironment/
build-images	dev/tasks/build-images	2026-08-22T07:28:15.4865281Z #63 68.16 ./samples/resources/apigeeenvironment/apigee_v1beta1_apigeeenvironment.yaml
build-images	dev/tasks/build-images	2026-08-22T07:28:15.4866343Z #63 68.16 ./samples/resources/apigeeenvironment/apigee_v1beta1_apigeeorganization.yaml
build-images	dev/tasks/build-images	2026-08-22T07:28:15.4867392Z #63 68.16 ./samples/resources/apigeeenvironment/compute_v1beta1_computenetwork.yaml
build-images	dev/tasks/build-images	2026-08-22T07:28:15.4868236Z #63 68.16 ./samples/resources/iamserviceaccount/
build-images	dev/tasks/build-images	2026-08-22T07:28:15.4869053Z #63 68.16 ./samples/resources/iamserviceaccount/iam_v1beta1_iamserviceaccount.yaml
build-images	dev/tasks/build-images	2026-08-22T07:28:15.4869944Z #63 68.16 ./samples/resources/securesourcemanagerrepository/
build-images	dev/tasks/build-images	2026-08-22T07:28:15.4871145Z #63 68.16 ./samples/resources/securesourcemanagerrepository/securesourcemanager_v1beta1_securesourcemanagerinstance.yaml
build-images	dev/tasks/build-images	2026-08-22T07:28:15.4873076Z #63 68.16 ./samples/resources/securesourcemanagerrepository/securesourcemanager_v1beta1_securesourcemanagerrepository.yaml
build-images	dev/tasks/build-images	2026-08-22T07:28:15.4874298Z #63 68.16 ./samples/resources/networksecurityauthorizationpolicy/
build-images	dev/tasks/build-images	2026-08-22T07:28:15.4875588Z #63 68.16 ./samples/resources/networksecurityauthorizationpolicy/networksecurity_v1beta1_networksecurityauthorizationpolicy.yaml
build-images	dev/tasks/build-images	2026-08-22T07:28:15.4876738Z #63 68.16 ./samples/resources/computetargetpool/
build-images	dev/tasks/build-images	2026-08-22T07:28:15.4877551Z #63 68.16 ./samples/resources/computetargetpool/compute_v1beta1_computeinstance.yaml
build-images	dev/tasks/build-images	2026-08-22T07:28:15.4878905Z #63 68.16 ./samples/resources/computetargetpool/compute_v1beta1_computesubnetwork.yaml
build-images	dev/tasks/build-images	2026-08-22T07:28:15.4880231Z #63 68.16 ./samples/resources/computetargetpool/compute_v1beta1_computeinstancetemplate.yaml
build-images	dev/tasks/build-images	2026-08-22T07:28:15.4881360Z #63 68.16 ./samples/resources/computetargetpool/compute_v1beta1_computetargetpool.yaml
build-images	dev/tasks/build-images	2026-08-22T07:28:15.4885631Z #63 68.16 ./samples/resources/computetargetpool/compute_v1beta1_computehttphealthcheck.yaml
build-images	dev/tasks/build-images	2026-08-22T07:28:15.4886748Z #63 68.16 ./samples/resources/computetargetpool/compute_v1beta1_computenetwork.yaml
build-images	dev/tasks/build-images	2026-08-22T07:28:15.4887639Z #63 68.16 ./samples/resources/spannerdatabase/
build-images	dev/tasks/build-images	2026-08-22T07:28:15.4888534Z #63 68.16 ./samples/resources/spannerdatabase/spanner_v1beta1_spannerinstance.yaml
build-images	dev/tasks/build-images	2026-08-22T07:28:15.4889673Z #63 68.16 ./samples/resources/spannerdatabase/spanner_v1beta1_spannerdatabase.yaml
build-images	dev/tasks/build-images	2026-08-22T07:28:15.4890467Z #63 68.16 ./samples/resources/storagebucket/
build-images	dev/tasks/build-images	2026-08-22T07:28:15.4891230Z #63 68.16 ./samples/resources/storagebucket/storage_v1beta1_storagebucket.yaml
build-images	dev/tasks/build-images	2026-08-22T07:28:15.4892326Z #63 68.16 ./samples/resources/iamcustomrole/
build-images	dev/tasks/build-images	2026-08-22T07:28:15.4892967Z #63 68.16 ./samples/resources/iamcustomrole/project-role/
build-images	dev/tasks/build-images	2026-08-22T07:28:15.4893837Z #63 68.16 ./samples/resources/iamcustomrole/project-role/iam_v1beta1_iampolicymember.yaml
build-images	dev/tasks/build-images	2026-08-22T07:28:15.4894898Z #63 68.16 ./samples/resources/iamcustomrole/project-role/pubsub_v1beta1_pubsubtopic.yaml
build-images	dev/tasks/build-images	2026-08-22T07:28:15.4895845Z #63 68.16 ./samples/resources/iamcustomrole/project-role/iam_v1beta1_iamcustomrole.yaml
build-images	dev/tasks/build-images	2026-08-22T07:28:15.4896843Z #63 68.16 ./samples/resources/iamcustomrole/project-role/iam_v1beta1_iamserviceaccount.yaml
build-images	dev/tasks/build-images	2026-08-22T07:28:15.4897692Z #63 68.16 ./samples/resources/iamcustomrole/organization-role/
build-images	dev/tasks/build-images	2026-08-22T07:28:15.4898514Z #63 68.16 ./samples/resources/iamcustomrole/organization-role/iam_v1beta1_iamcustomrole.yaml
build-images	dev/tasks/build-images	2026-08-22T07:28:15.4899358Z #63 68.16 ./samples/resources/containeranalysisnote/
build-images	dev/tasks/build-images	2026-08-22T07:28:15.4900354Z #63 68.16 ./samples/resources/containeranalysisnote/containeranalysis_v1beta1_containeranalysisnote.yaml
build-images	dev/tasks/build-images	2026-08-22T07:28:15.4901365Z #63 68.16 ./samples/resources/iamworkloadidentitypool/
build-images	dev/tasks/build-images	2026-08-22T07:28:15.4902572Z #63 68.16 ./samples/resources/iamworkloadidentitypool/iam_v1beta1_iamworkloadidentitypool.yaml
build-images	dev/tasks/build-images	2026-08-22T07:28:15.4903453Z #63 68.16 ./samples/resources/service/
build-images	dev/tasks/build-images	2026-08-22T07:28:15.4904109Z #63 68.16 ./samples/resources/service/serviceusage_v1beta1_service.yaml
build-images	dev/tasks/build-images	2026-08-22T07:28:15.4904738Z #63 68.16 ./samples/resources/computesubnetwork/
build-images	dev/tasks/build-images	2026-08-22T07:28:15.4905743Z #63 68.16 ./samples/resources/computesubnetwork/compute_v1beta1_computesubnetwork.yaml
build-images	dev/tasks/build-images	2026-08-22T07:28:15.4906673Z #63 68.16 ./samples/resources/computesubnetwork/compute_v1beta1_computenetwork.yaml
build-images	dev/tasks/build-images	2026-08-22T07:28:15.4907507Z #63 68.16 ./samples/resources/billingbudgetsbudget/
build-images	dev/tasks/build-images	2026-08-22T07:28:15.4908193Z #63 68.16 ./samples/resources/billingbudgetsbudget/custom-budget/
build-images	dev/tasks/build-images	2026-08-22T07:28:15.4909187Z #63 68.16 ./samples/resources/billingbudgetsbudget/custom-budget/billingbudgets_v1beta1_billingbudgetsbudget.yaml
build-images	dev/tasks/build-images	2026-08-22T07:28:15.4910243Z #63 68.16 ./samples/resources/billingbudgetsbudget/calendar-budget/
build-images	dev/tasks/build-images	2026-08-22T07:28:15.4911300Z #63 68.16 ./samples/resources/billingbudgetsbudget/calendar-budget/billingbudgets_v1beta1_billingbudgetsbudget.yaml
build-images	dev/tasks/build-images	2026-08-22T07:28:15.4912991Z #63 68.16 ./samples/resources/billingbudgetsbudget/calendar-budget/pubsub_v1beta1_pubsubtopic.yaml
build-images	dev/tasks/build-images	2026-08-22T07:28:15.4914221Z #63 68.16 ./samples/resources/billingbudgetsbudget/calendar-budget/resourcemanager_v1beta1_project.yaml
build-images	dev/tasks/build-images	2026-08-22T07:28:15.4915605Z #63 68.16 ./samples/resources/billingbudgetsbudget/calendar-budget/monitoring_v1beta1_monitoringnotificationchannel.yaml
build-images	dev/tasks/build-images	2026-08-22T07:28:15.4916590Z #63 68.16 ./samples/resources/speechrecognizer/
build-images	dev/tasks/build-images	2026-08-22T07:28:15.4917351Z #63 68.16 ./samples/resources/speechrecognizer/speech_v1beta1_speechrecognizer.yaml
build-images	dev/tasks/build-images	2026-08-22T07:28:15.4918069Z #63 68.16 ./samples/resources/managedkafkacluster/
build-images	dev/tasks/build-images	2026-08-22T07:28:15.4919106Z #63 68.16 ./samples/resources/managedkafkacluster/managedkafkacluster-basic/
build-images	dev/tasks/build-images	2026-08-22T07:28:15.4920453Z #63 68.16 ./samples/resources/managedkafkacluster/managedkafkacluster-basic/managedkafka_v1beta1_managedkafkacluster.yaml
build-images	dev/tasks/build-images	2026-08-22T07:28:15.4922212Z #63 68.16 ./samples/resources/managedkafkacluster/managedkafkacluster-basic/compute_v1beta1_computesubnetwork.yaml
build-images	dev/tasks/build-images	2026-08-22T07:28:15.4923576Z #63 68.16 ./samples/resources/managedkafkacluster/managedkafkacluster-basic/compute_v1beta1_computenetwork.yaml
build-images	dev/tasks/build-images	2026-08-22T07:28:15.4924698Z #63 68.16 ./samples/resources/managedkafkacluster/managedkafkacluster-cmek/
build-images	dev/tasks/build-images	2026-08-22T07:28:15.4925734Z #63 68.16 ./samples/resources/managedkafkacluster/managedkafkacluster-cmek/iam_v1beta1_iampolicymember.yaml
build-images	dev/tasks/build-images	2026-08-22T07:28:15.4927062Z #63 68.16 ./samples/resources/managedkafkacluster/managedkafkacluster-cmek/managedkafka_v1beta1_managedkafkacluster.yaml
build-images	dev/tasks/build-images	2026-08-22T07:28:15.4928526Z #63 68.16 ./samples/resources/managedkafkacluster/managedkafkacluster-cmek/compute_v1beta1_computesubnetwork.yaml
build-images	dev/tasks/build-images	2026-08-22T07:28:15.4929897Z #63 68.16 ./samples/resources/managedkafkacluster/managedkafkacluster-cmek/kms_v1beta1_kmscryptokey.yaml
build-images	dev/tasks/build-images	2026-08-22T07:28:15.4931207Z #63 68.16 ./samples/resources/managedkafkacluster/managedkafkacluster-cmek/compute_v1beta1_computenetwork.yaml
build-images	dev/tasks/build-images	2026-08-22T07:28:15.4932637Z #63 68.16 ./samples/resources/managedkafkacluster/managedkafkacluster-cmek/kms_v1beta1_kmskeyring.yaml
build-images	dev/tasks/build-images	2026-08-22T07:28:15.4933911Z #63 68.16 ./samples/resources/managedkafkacluster/managedkafkacluster-cmek/serviceusage_v1beta1_serviceidentity.yaml
build-images	dev/tasks/build-images	2026-08-22T07:28:15.4934926Z #63 68.16 ./samples/resources/networkservicesmesh/
build-images	dev/tasks/build-images	2026-08-22T07:28:15.4935755Z #63 68.16 ./samples/resources/networkservicesmesh/networkservices_v1beta1_networkservicesmesh.yaml
build-images	dev/tasks/build-images	2026-08-22T07:28:15.4936656Z #63 68.16 ./samples/resources/workstation/
build-images	dev/tasks/build-images	2026-08-22T07:28:15.4937282Z #63 68.16 ./samples/resources/workstation/basic-workstation/
build-images	dev/tasks/build-images	2026-08-22T07:28:15.4938203Z #63 68.16 ./samples/resources/workstation/basic-workstation/compute_v1beta1_computesubnetwork.yaml
build-images	dev/tasks/build-images	2026-08-22T07:28:15.4939298Z #63 68.16 ./samples/resources/workstation/basic-workstation/workstations_v1beta1_workstation.yaml
build-images	dev/tasks/build-images	2026-08-22T07:28:15.4940494Z #63 68.16 ./samples/resources/workstation/basic-workstation/workstations_v1beta1_workstationconfig.yaml
build-images	dev/tasks/build-images	2026-08-22T07:28:15.4941634Z #63 68.16 ./samples/resources/workstation/basic-workstation/compute_v1beta1_computenetwork.yaml
build-images	dev/tasks/build-images	2026-08-22T07:28:15.4943066Z #63 68.16 ./samples/resources/workstation/basic-workstation/workstations_v1beta1_workstationcluster.yaml
build-images	dev/tasks/build-images	2026-08-22T07:28:15.4943970Z #63 68.16 ./samples/resources/servicedirectoryservice/
build-images	dev/tasks/build-images	2026-08-22T07:28:15.4944909Z #63 68.16 ./samples/resources/servicedirectoryservice/servicedirectory_v1beta1_servicedirectoryservice.yaml
build-images	dev/tasks/build-images	2026-08-22T07:28:15.4946190Z #63 68.16 ./samples/resources/servicedirectoryservice/servicedirectory_v1beta1_servicedirectorynamespace.yaml
build-images	dev/tasks/build-images	2026-08-22T07:28:15.4947286Z #63 68.16 ./samples/resources/identityplatformoauthidpconfig/
build-images	dev/tasks/build-images	2026-08-22T07:28:15.4948410Z #63 68.16 ./samples/resources/identityplatformoauthidpconfig/identityplatform_v1beta1_identityplatformoauthidpconfig.yaml
build-images	dev/tasks/build-images	2026-08-22T07:28:15.4949613Z #63 68.16 ./samples/resources/identityplatformoauthidpconfig/secret.yaml
build-images	dev/tasks/build-images	2026-08-22T07:28:15.4950329Z #63 68.16 ./samples/resources/edgecontainervpnconnection/
build-images	dev/tasks/build-images	2026-08-22T07:28:15.4951279Z #63 68.16 ./samples/resources/edgecontainervpnconnection/edgecontainer_v1beta1_edgecontainervpnconnection.yaml
build-images	dev/tasks/build-images	2026-08-22T07:28:15.4952828Z #63 68.16 ./samples/resources/edgecontainervpnconnection/edgecontainer_v1beta1_edgecontainercluster.yaml
build-images	dev/tasks/build-images	2026-08-22T07:28:15.4953686Z #63 68.16 ./samples/resources/storageanywherecache/
build-images	dev/tasks/build-images	2026-08-22T07:28:15.4954562Z #63 68.16 ./samples/resources/storageanywherecache/storage_v1beta1_storageanywherecache.yaml
build-images	dev/tasks/build-images	2026-08-22T07:28:15.4955647Z #63 68.16 ./samples/resources/storageanywherecache/storage_v1beta1_storagebucket.yaml
build-images	dev/tasks/build-images	2026-08-22T07:28:15.4956410Z #63 68.16 ./samples/resources/iampolicymember/
build-images	dev/tasks/build-images	2026-08-22T07:28:15.4957375Z #63 68.16 ./samples/resources/iampolicymember/org-level-iam-custom-role-policy-member/
build-images	dev/tasks/build-images	2026-08-22T07:28:15.4958819Z #63 68.16 ./samples/resources/iampolicymember/org-level-iam-custom-role-policy-member/iam_v1beta1_iampolicymember.yaml
build-images	dev/tasks/build-images	2026-08-22T07:28:15.4960257Z #63 68.16 ./samples/resources/iampolicymember/org-level-iam-custom-role-policy-member/iam_v1beta1_iamcustomrole.yaml
build-images	dev/tasks/build-images	2026-08-22T07:28:15.4961865Z #63 68.16 ./samples/resources/iampolicymember/org-level-iam-custom-role-policy-member/iam_v1beta1_iamserviceaccount.yaml
build-images	dev/tasks/build-images	2026-08-22T07:28:15.4963046Z #63 68.16 ./samples/resources/iampolicymember/policy-member-with-member-reference/
build-images	dev/tasks/build-images	2026-08-22T07:28:15.4964176Z #63 68.16 ./samples/resources/iampolicymember/policy-member-with-member-reference/iam_v1beta1_iampolicymember.yaml
build-images	dev/tasks/build-images	2026-08-22T07:28:15.4965626Z #63 68.16 ./samples/resources/iampolicymember/policy-member-with-member-reference/pubsub_v1beta1_pubsubtopic.yaml
build-images	dev/tasks/build-images	2026-08-22T07:28:15.4967005Z #63 68.16 ./samples/resources/iampolicymember/policy-member-with-member-reference/iam_v1beta1_iamserviceaccount.yaml
build-images	dev/tasks/build-images	2026-08-22T07:28:15.4968193Z #63 68.16 ./samples/resources/iampolicymember/pubsub-admin-policy-member/
build-images	dev/tasks/build-images	2026-08-22T07:28:15.4969172Z #63 68.16 ./samples/resources/iampolicymember/pubsub-admin-policy-member/iam_v1beta1_iampolicymember.yaml
build-images	dev/tasks/build-images	2026-08-22T07:28:15.4970522Z #63 68.16 ./samples/resources/iampolicymember/pubsub-admin-policy-member/pubsub_v1beta1_pubsubtopic.yaml
build-images	dev/tasks/build-images	2026-08-22T07:28:15.4972001Z #63 68.16 ./samples/resources/iampolicymember/pubsub-admin-policy-member/iam_v1beta1_iamserviceaccount.yaml
build-images	dev/tasks/build-images	2026-08-22T07:28:15.4973132Z #63 68.16 ./samples/resources/iampolicymember/external-organization-level-policy-member/
build-images	dev/tasks/build-images	2026-08-22T07:28:15.4974370Z #63 68.16 ./samples/resources/iampolicymember/external-organization-level-policy-member/iam_v1beta1_iampolicymember.yaml
build-images	dev/tasks/build-images	2026-08-22T07:28:15.4975985Z #63 68.16 ./samples/resources/iampolicymember/external-organization-level-policy-member/iam_v1beta1_iamserviceaccount.yaml
build-images	dev/tasks/build-images	2026-08-22T07:28:15.4977263Z #63 68.16 ./samples/resources/iampolicymember/external-project-level-policy-member/
build-images	dev/tasks/build-images	2026-08-22T07:28:15.4978495Z #63 68.16 ./samples/resources/iampolicymember/external-project-level-policy-member/iam_v1beta1_iampolicymember.yaml
build-images	dev/tasks/build-images	2026-08-22T07:28:15.4979893Z #63 68.16 ./samples/resources/iampolicymember/external-project-level-policy-member/iam_v1beta1_iamserviceaccount.yaml
build-images	dev/tasks/build-images	2026-08-22T07:28:15.4981320Z #63 68.16 ./samples/resources/iampolicymember/policy-member-with-bigqueryconnectionconnection-reference/
build-images	dev/tasks/build-images	2026-08-22T07:28:15.4983070Z #63 68.16 ./samples/resources/iampolicymember/policy-member-with-bigqueryconnectionconnection-reference/sql_v1beta1_sqlinstance.yaml
build-images	dev/tasks/build-images	2026-08-22T07:28:15.4984767Z #63 68.16 ./samples/resources/iampolicymember/policy-member-with-bigqueryconnectionconnection-reference/iam_v1beta1_iampolicymember.yaml
build-images	dev/tasks/build-images	2026-08-22T07:28:15.4986568Z #63 68.16 ./samples/resources/iampolicymember/policy-member-with-bigqueryconnectionconnection-reference/sql_v1beta1_sqldatabase.yaml
build-images	dev/tasks/build-images	2026-08-22T07:28:15.4988138Z #63 68.16 ./samples/resources/iampolicymember/policy-member-with-bigqueryconnectionconnection-reference/secret.yaml
build-images	dev/tasks/build-images	2026-08-22T07:28:15.4990100Z #63 68.16 ./samples/resources/iampolicymember/policy-member-with-bigqueryconnectionconnection-reference/bigqueryconnection_v1beta1_bigqueryconnectionconnection.yaml
build-images	dev/tasks/build-images	2026-08-22T07:28:15.4992220Z #63 68.16 ./samples/resources/iampolicymember/policy-member-with-bigqueryconnectionconnection-reference/sql_v1beta1_sqluser.yaml
build-images	dev/tasks/build-images	2026-08-22T07:28:15.4993556Z #63 68.16 ./samples/resources/iampolicymember/kms-policy-member-with-condition/
build-images	dev/tasks/build-images	2026-08-22T07:28:15.4994631Z #63 68.16 ./samples/resources/iampolicymember/kms-policy-member-with-condition/iam_v1beta1_iampolicymember.yaml
build-images	dev/tasks/build-images	2026-08-22T07:28:15.4995911Z #63 68.16 ./samples/resources/iampolicymember/kms-policy-member-with-condition/kms_v1beta1_kmskeyring.yaml
build-images	dev/tasks/build-images	2026-08-22T07:28:15.4997179Z #63 68.16 ./samples/resources/iampolicymember/kms-policy-member-with-condition/iam_v1beta1_iamserviceaccount.yaml
build-images	dev/tasks/build-images	2026-08-22T07:28:15.4998426Z #63 68.16 ./samples/resources/networkservicesgateway/
build-images	dev/tasks/build-images	2026-08-22T07:28:15.4999515Z #63 68.16 ./samples/resources/networkservicesgateway/networkservices_v1beta1_networkservicesgateway.yaml
build-images	dev/tasks/build-images	2026-08-22T07:28:15.5000875Z #63 68.17 ./samples/resources/networkservicesgateway/networksecurity_v1beta1_networksecurityservertlspolicy.yaml
build-images	dev/tasks/build-images	2026-08-22T07:28:15.5002103Z #63 68.17 ./samples/resources/bigqueryanalyticshublisting/
build-images	dev/tasks/build-images	2026-08-22T07:28:15.5003015Z #63 68.17 ./samples/resources/bigqueryanalyticshublisting/bigquery_v1beta1_bigquerydataset.yaml
build-images	dev/tasks/build-images	2026-08-22T07:28:15.5004339Z #63 68.17 ./samples/resources/bigqueryanalyticshublisting/bigqueryanalyticshub_v1beta1_bigqueryanalyticshubdataexchange.yaml
build-images	dev/tasks/build-images	2026-08-22T07:28:15.5005836Z #63 68.17 ./samples/resources/bigqueryanalyticshublisting/bigqueryanalyticshub_v1beta1_bigqueryanalyticshublisting.yaml
build-images	dev/tasks/build-images	2026-08-22T07:28:15.5006943Z #63 68.17 ./samples/resources/vertexaimetadatastore/
build-images	dev/tasks/build-images	2026-08-22T07:28:15.5007765Z #63 68.17 ./samples/resources/vertexaimetadatastore/vertexai_v1beta1_vertexaimetadatastore.yaml
build-images	dev/tasks/build-images	2026-08-22T07:28:15.5008821Z #63 68.17 ./samples/resources/vertexaimetadatastore/kms_v1beta1_kmscryptokey.yaml
build-images	dev/tasks/build-images	2026-08-22T07:28:15.5009694Z #63 68.17 ./samples/resources/vertexaimetadatastore/kms_v1beta1_kmskeyring.yaml
build-images	dev/tasks/build-images	2026-08-22T07:28:15.5010490Z #63 68.17 ./samples/resources/computesharedvpcserviceproject/
build-images	dev/tasks/build-images	2026-08-22T07:28:15.5011576Z #63 68.17 ./samples/resources/computesharedvpcserviceproject/compute_v1beta1_computesharedvpcserviceproject.yaml
build-images	dev/tasks/build-images	2026-08-22T07:28:15.5013017Z #63 68.17 ./samples/resources/computesharedvpcserviceproject/resourcemanager_v1beta1_project.yaml
build-images	dev/tasks/build-images	2026-08-22T07:28:15.5014239Z #63 68.17 ./samples/resources/computesharedvpcserviceproject/compute_v1beta1_computesharedvpchostproject.yaml
build-images	dev/tasks/build-images	2026-08-22T07:28:15.5015172Z #63 68.17 ./samples/resources/apphubapplication/
build-images	dev/tasks/build-images	2026-08-22T07:28:15.5015927Z #63 68.17 ./samples/resources/apphubapplication/apphub_v1beta1_apphubapplication.yaml
build-images	dev/tasks/build-images	2026-08-22T07:28:15.5016789Z #63 68.17 ./samples/resources/identityplatformconfig/
build-images	dev/tasks/build-images	2026-08-22T07:28:15.5017654Z #63 68.17 ./samples/resources/identityplatformconfig/resourcemanager_v1beta1_folder.yaml
build-images	dev/tasks/build-images	2026-08-22T07:28:15.5018767Z #63 68.17 ./samples/resources/identityplatformconfig/identityplatform_v1beta1_identityplatformconfig.yaml
build-images	dev/tasks/build-images	2026-08-22T07:28:15.5020059Z #63 68.17 ./samples/resources/identityplatformconfig/cloudfunctions_v1beta1_cloudfunctionsfunction.yaml
build-images	dev/tasks/build-images	2026-08-22T07:28:15.5033125Z #63 68.17 ./samples/resources/edgenetworksubnet/
build-images	dev/tasks/build-images	2026-08-22T07:28:15.5034006Z #63 68.17 ./samples/resources/edgenetworksubnet/edgenetwork_v1beta1_edgenetworknetwork.yaml
build-images	dev/tasks/build-images	2026-08-22T07:28:15.5035102Z #63 68.17 ./samples/resources/edgenetworksubnet/edgenetwork_v1beta1_edgenetworksubnet.yaml
build-images	dev/tasks/build-images	2026-08-22T07:28:15.5035847Z #63 68.17 ./samples/resources/vertexaiindex/
build-images	dev/tasks/build-images	2026-08-22T07:28:15.5036607Z #63 68.17 ./samples/resources/vertexaiindex/vertexai_v1beta1_vertexaiindex.yaml
build-images	dev/tasks/build-images	2026-08-22T07:28:15.5037422Z #63 68.17 ./samples/resources/vertexaiindex/iam_v1beta1_iampolicymember.yaml
build-images	dev/tasks/build-images	2026-08-22T07:28:15.5038404Z #63 68.17 ./samples/resources/vertexaiindex/serviceusage_v1beta1_serviceidentity.yaml
build-images	dev/tasks/build-images	2026-08-22T07:28:15.5039250Z #63 68.17 ./samples/resources/computeaddress/
build-images	dev/tasks/build-images	2026-08-22T07:28:15.5039929Z #63 68.17 ./samples/resources/computeaddress/global-compute-address/
build-images	dev/tasks/build-images	2026-08-22T07:28:15.5040872Z #63 68.17 ./samples/resources/computeaddress/global-compute-address/compute_v1beta1_computeaddress.yaml
build-images	dev/tasks/build-images	2026-08-22T07:28:15.5042403Z #63 68.17 ./samples/resources/computeaddress/global-compute-address/compute_v1beta1_computenetwork.yaml
build-images	dev/tasks/build-images	2026-08-22T07:28:15.5043355Z #63 68.17 ./samples/resources/computeaddress/regional-compute-address/
build-images	dev/tasks/build-images	2026-08-22T07:28:15.5044439Z #63 68.17 ./samples/resources/computeaddress/regional-compute-address/compute_v1beta1_computeaddress.yaml
build-images	dev/tasks/build-images	2026-08-22T07:28:15.5045677Z #63 68.17 ./samples/resources/computeaddress/regional-compute-address/compute_v1beta1_computesubnetwork.yaml
build-images	dev/tasks/build-images	2026-08-22T07:28:15.5046955Z #63 68.17 ./samples/resources/computeaddress/regional-compute-address/compute_v1beta1_computenetwork.yaml
build-images	dev/tasks/build-images	2026-08-22T07:28:15.5048122Z #63 68.17 ./samples/resources/computefirewallpolicyrule/
build-images	dev/tasks/build-images	2026-08-22T07:28:15.5049204Z #63 68.17 ./samples/resources/computefirewallpolicyrule/compute_v1beta1_computefirewallpolicyrule.yaml
build-images	dev/tasks/build-images	2026-08-22T07:28:15.5050440Z #63 68.17 ./samples/resources/computefirewallpolicyrule/compute_v1beta1_computenetwork.yaml
build-images	dev/tasks/build-images	2026-08-22T07:28:15.5051578Z #63 68.17 ./samples/resources/computefirewallpolicyrule/compute_v1beta1_computefirewallpolicy.yaml
build-images	dev/tasks/build-images	2026-08-22T07:28:15.5052932Z #63 68.17 ./samples/resources/computefirewallpolicyrule/iam_v1beta1_iamserviceaccount.yaml
build-images	dev/tasks/build-images	2026-08-22T07:28:15.5053769Z #63 68.17 ./samples/resources/iamaccessboundarypolicy/
build-images	dev/tasks/build-images	2026-08-22T07:28:15.5054610Z #63 68.17 ./samples/resources/iamaccessboundarypolicy/iam_v1beta1_iamaccessboundarypolicy.yaml
build-images	dev/tasks/build-images	2026-08-22T07:28:15.5055529Z #63 68.17 ./samples/resources/alloydbinstance/
build-images	dev/tasks/build-images	2026-08-22T07:28:15.5056134Z #63 68.17 ./samples/resources/alloydbinstance/read-instance/
build-images	dev/tasks/build-images	2026-08-22T07:28:15.5056981Z #63 68.17 ./samples/resources/alloydbinstance/read-instance/compute_v1beta1_computeaddress.yaml
build-images	dev/tasks/build-images	2026-08-22T07:28:15.5058314Z #63 68.17 ./samples/resources/alloydbinstance/read-instance/servicenetworking_v1beta1_servicenetworkingconnection.yaml
build-images	dev/tasks/build-images	2026-08-22T07:28:15.5059583Z #63 68.17 ./samples/resources/alloydbinstance/read-instance/alloydb_v1beta1_alloydbinstance.yaml
build-images	dev/tasks/build-images	2026-08-22T07:28:15.5060627Z #63 68.17 ./samples/resources/alloydbinstance/read-instance/alloydb_v1beta1_alloydbcluster.yaml
build-images	dev/tasks/build-images	2026-08-22T07:28:15.5061959Z #63 68.17 ./samples/resources/alloydbinstance/read-instance/compute_v1beta1_computenetwork.yaml
build-images	dev/tasks/build-images	2026-08-22T07:28:15.5062920Z #63 68.17 ./samples/resources/alloydbinstance/primary-instance/
build-images	dev/tasks/build-images	2026-08-22T07:28:15.5063910Z #63 68.17 ./samples/resources/alloydbinstance/primary-instance/compute_v1beta1_computeaddress.yaml
build-images	dev/tasks/build-images	2026-08-22T07:28:15.5065191Z #63 68.17 ./samples/resources/alloydbinstance/primary-instance/servicenetworking_v1beta1_servicenetworkingconnection.yaml
build-images	dev/tasks/build-images	2026-08-22T07:28:15.5066605Z #63 68.17 ./samples/resources/alloydbinstance/primary-instance/alloydb_v1beta1_alloydbinstance.yaml
build-images	dev/tasks/build-images	2026-08-22T07:28:15.5067730Z #63 68.17 ./samples/resources/alloydbinstance/primary-instance/alloydb_v1beta1_alloydbcluster.yaml
build-images	dev/tasks/build-images	2026-08-22T07:28:15.5068910Z #63 68.17 ./samples/resources/alloydbinstance/primary-instance/compute_v1beta1_computenetwork.yaml
build-images	dev/tasks/build-images	2026-08-22T07:28:15.5069825Z #63 68.17 ./samples/resources/alloydbinstance/secondary-instance/
build-images	dev/tasks/build-images	2026-08-22T07:28:15.5070825Z #63 68.17 ./samples/resources/alloydbinstance/secondary-instance/compute_v1beta1_computeaddress.yaml
build-images	dev/tasks/build-images	2026-08-22T07:28:15.5072355Z #63 68.17 ./samples/resources/alloydbinstance/secondary-instance/servicenetworking_v1beta1_servicenetworkingconnection.yaml
build-images	dev/tasks/build-images	2026-08-22T07:28:15.5073684Z #63 68.17 ./samples/resources/alloydbinstance/secondary-instance/alloydb_v1beta1_alloydbinstance.yaml
build-images	dev/tasks/build-images	2026-08-22T07:28:15.5074817Z #63 68.17 ./samples/resources/alloydbinstance/secondary-instance/alloydb_v1beta1_alloydbcluster.yaml
build-images	dev/tasks/build-images	2026-08-22T07:28:15.5076060Z #63 68.17 ./samples/resources/alloydbinstance/secondary-instance/compute_v1beta1_computenetwork.yaml
build-images	dev/tasks/build-images	2026-08-22T07:28:15.5077041Z #63 68.17 ./samples/resources/alloydbinstance/zonal-instance/
build-images	dev/tasks/build-images	2026-08-22T07:28:15.5077946Z #63 68.17 ./samples/resources/alloydbinstance/zonal-instance/compute_v1beta1_computeaddress.yaml
build-images	dev/tasks/build-images	2026-08-22T07:28:15.5079214Z #63 68.17 ./samples/resources/alloydbinstance/zonal-instance/servicenetworking_v1beta1_servicenetworkingconnection.yaml
build-images	dev/tasks/build-images	2026-08-22T07:28:15.5080476Z #63 68.17 ./samples/resources/alloydbinstance/zonal-instance/alloydb_v1beta1_alloydbinstance.yaml
build-images	dev/tasks/build-images	2026-08-22T07:28:15.5081631Z #63 68.17 ./samples/resources/alloydbinstance/zonal-instance/alloydb_v1beta1_alloydbcluster.yaml
build-images	dev/tasks/build-images	2026-08-22T07:28:15.5082881Z #63 68.17 ./samples/resources/alloydbinstance/zonal-instance/compute_v1beta1_computenetwork.yaml
build-images	dev/tasks/build-images	2026-08-22T07:28:15.5083780Z #63 68.17 ./samples/resources/computenetworkpeering/
build-images	dev/tasks/build-images	2026-08-22T07:28:15.5084520Z #63 68.17 ./samples/resources/computenetworkpeering/compute_v1beta1_computenetwork.yaml
build-images	dev/tasks/build-images	2026-08-22T07:28:15.5085762Z #63 68.17 ./samples/resources/computenetworkpeering/compute_v1beta1_computenetworkpeering.yaml
build-images	dev/tasks/build-images	2026-08-22T07:28:15.5086777Z #63 68.17 ./samples/resources/computeprojectmetadata/
build-images	dev/tasks/build-images	2026-08-22T07:28:15.5087629Z #63 68.17 ./samples/resources/computeprojectmetadata/compute_v1beta1_computeprojectmetadata.yaml
build-images	dev/tasks/build-images	2026-08-22T07:28:15.5088557Z #63 68.17 ./samples/resources/storagenotification/
build-images	dev/tasks/build-images	2026-08-22T07:28:15.5089356Z #63 68.17 ./samples/resources/storagenotification/iam_v1beta1_iampolicymember.yaml
build-images	dev/tasks/build-images	2026-08-22T07:28:15.5090343Z #63 68.17 ./samples/resources/storagenotification/pubsub_v1beta1_pubsubtopic.yaml
build-images	dev/tasks/build-images	2026-08-22T07:28:15.5091364Z #63 68.17 ./samples/resources/storagenotification/storage_v1beta1_storagenotification.yaml
build-images	dev/tasks/build-images	2026-08-22T07:28:15.5093145Z #63 68.17 ./samples/resources/storagenotification/storage_v1beta1_storagebucket.yaml
build-images	dev/tasks/build-images	2026-08-22T07:28:15.5093874Z #63 68.17 ./samples/resources/computeforwardingrule/
build-images	dev/tasks/build-images	2026-08-22T07:28:15.5094858Z #63 68.17 ./samples/resources/computeforwardingrule/global-internal-forwarding-rule-with-target-http-proxy/
build-images	dev/tasks/build-images	2026-08-22T07:28:15.5096505Z #63 68.17 ./samples/resources/computeforwardingrule/global-internal-forwarding-rule-with-target-http-proxy/compute_v1beta1_computeurlmap.yaml
build-images	dev/tasks/build-images	2026-08-22T07:28:15.5098446Z #63 68.17 ./samples/resources/computeforwardingrule/global-internal-forwarding-rule-with-target-http-proxy/compute_v1beta1_computeforwardingrule.yaml
build-images	dev/tasks/build-images	2026-08-22T07:28:15.5100405Z #63 68.17 ./samples/resources/computeforwardingrule/global-internal-forwarding-rule-with-target-http-proxy/compute_v1beta1_computesubnetwork_proxy.yaml
build-images	dev/tasks/build-images	2026-08-22T07:28:15.5102566Z #63 68.17 ./samples/resources/computeforwardingrule/global-internal-forwarding-rule-with-target-http-proxy/compute_v1beta1_computeaddress.yaml
build-images	dev/tasks/build-images	2026-08-22T07:28:15.5104410Z #63 68.17 ./samples/resources/computeforwardingrule/global-internal-forwarding-rule-with-target-http-proxy/compute_v1beta1_computesubnetwork.yaml
build-images	dev/tasks/build-images	2026-08-22T07:28:15.5106292Z #63 68.17 ./samples/resources/computeforwardingrule/global-internal-forwarding-rule-with-target-http-proxy/compute_v1beta1_computetargethttpproxy.yaml
build-images	dev/tasks/build-images	2026-08-22T07:28:15.5108379Z #63 68.17 ./samples/resources/computeforwardingrule/global-internal-forwarding-rule-with-target-http-proxy/compute_v1beta1_computebackendservice.yaml
build-images	dev/tasks/build-images	2026-08-22T07:28:15.5110297Z #63 68.17 ./samples/resources/computeforwardingrule/global-internal-forwarding-rule-with-target-http-proxy/compute_v1beta1_computeinstancegroup.yaml
build-images	dev/tasks/build-images	2026-08-22T07:28:15.5112371Z #63 68.17 ./samples/resources/computeforwardingrule/global-internal-forwarding-rule-with-target-http-proxy/compute_v1beta1_computenetwork.yaml
build-images	dev/tasks/build-images	2026-08-22T07:28:15.5114195Z #63 68.17 ./samples/resources/computeforwardingrule/global-internal-forwarding-rule-with-target-http-proxy/compute_v1beta1_computehealthcheck.yaml
build-images	dev/tasks/build-images	2026-08-22T07:28:15.5115690Z #63 68.17 ./samples/resources/computeforwardingrule/global-forwarding-rule-with-target-ssl-proxy/
build-images	dev/tasks/build-images	2026-08-22T07:28:15.5117249Z #63 68.17 ./samples/resources/computeforwardingrule/global-forwarding-rule-with-target-ssl-proxy/compute_v1beta1_computeforwardingrule.yaml
build-images	dev/tasks/build-images	2026-08-22T07:28:15.5119032Z #63 68.17 ./samples/resources/computeforwardingrule/global-forwarding-rule-with-target-ssl-proxy/compute_v1beta1_computetargetsslproxy.yaml
build-images	dev/tasks/build-images	2026-08-22T07:28:15.5120822Z #63 68.17 ./samples/resources/computeforwardingrule/global-forwarding-rule-with-target-ssl-proxy/compute_v1beta1_computebackendservice.yaml
build-images	dev/tasks/build-images	2026-08-22T07:28:15.5122801Z #63 68.17 ./samples/resources/computeforwardingrule/global-forwarding-rule-with-target-ssl-proxy/compute_v1beta1_secret.yaml
build-images	dev/tasks/build-images	2026-08-22T07:28:15.5124416Z #63 68.17 ./samples/resources/computeforwardingrule/global-forwarding-rule-with-target-ssl-proxy/compute_v1beta1_computesslcertificate.yaml
build-images	dev/tasks/build-images	2026-08-22T07:28:15.5126127Z #63 68.17 ./samples/resources/computeforwardingrule/global-forwarding-rule-with-target-ssl-proxy/compute_v1beta1_computehealthcheck.yaml
build-images	dev/tasks/build-images	2026-08-22T07:28:15.5127481Z #63 68.17 ./samples/resources/computeforwardingrule/regional-forwarding-rule/
build-images	dev/tasks/build-images	2026-08-22T07:28:15.5128960Z #63 68.17 ./samples/resources/computeforwardingrule/regional-forwarding-rule/compute_v1beta1_computeforwardingrule.yaml
build-images	dev/tasks/build-images	2026-08-22T07:28:15.5130532Z #63 68.17 ./samples/resources/computeforwardingrule/regional-forwarding-rule/compute_v1beta1_computeaddress.yaml
build-images	dev/tasks/build-images	2026-08-22T07:28:15.5132236Z #63 68.17 ./samples/resources/computeforwardingrule/regional-forwarding-rule/compute_v1beta1_computetargetvpngateway.yaml
build-images	dev/tasks/build-images	2026-08-22T07:28:15.5133716Z #63 68.17 ./samples/resources/computeforwardingrule/regional-forwarding-rule/compute_v1beta1_computenetwork.yaml
build-images	dev/tasks/build-images	2026-08-22T07:28:15.5134939Z #63 68.17 ./samples/resources/computeforwardingrule/global-forwarding-rule-with-target-tcp-proxy/
build-images	dev/tasks/build-images	2026-08-22T07:28:15.5136404Z #63 68.18 ./samples/resources/computeforwardingrule/global-forwarding-rule-with-target-tcp-proxy/compute_v1beta1_computeforwardingrule.yaml
build-images	dev/tasks/build-images	2026-08-22T07:28:15.5138157Z #63 68.18 ./samples/resources/computeforwardingrule/global-forwarding-rule-with-target-tcp-proxy/compute_v1beta1_computebackendservice.yaml
build-images	dev/tasks/build-images	2026-08-22T07:28:15.5140015Z #63 68.18 ./samples/resources/computeforwardingrule/global-forwarding-rule-with-target-tcp-proxy/compute_v1beta1_computehealthcheck.yaml
build-images	dev/tasks/build-images	2026-08-22T07:28:15.5142090Z #63 68.18 ./samples/resources/computeforwardingrule/global-forwarding-rule-with-target-tcp-proxy/compute_v1beta1_computetargettcpproxy.yaml
build-images	dev/tasks/build-images	2026-08-22T07:28:15.5143583Z #63 68.18 ./samples/resources/computeforwardingrule/global-forwarding-rule-with-target-grpc-proxy/
build-images	dev/tasks/build-images	2026-08-22T07:28:15.5145110Z #63 68.18 ./samples/resources/computeforwardingrule/global-forwarding-rule-with-target-grpc-proxy/compute_v1beta1_computeurlmap.yaml
build-images	dev/tasks/build-images	2026-08-22T07:28:15.5146821Z #63 68.18 ./samples/resources/computeforwardingrule/global-forwarding-rule-with-target-grpc-proxy/compute_v1beta1_computeforwardingrule.yaml
build-images	dev/tasks/build-images	2026-08-22T07:28:15.5148556Z #63 68.18 ./samples/resources/computeforwardingrule/global-forwarding-rule-with-target-grpc-proxy/compute_v1beta1_computetargetgrpcproxy.yaml
build-images	dev/tasks/build-images	2026-08-22T07:28:15.5150402Z #63 68.18 ./samples/resources/computeforwardingrule/global-forwarding-rule-with-target-grpc-proxy/compute_v1beta1_computebackendservice.yaml
build-images	dev/tasks/build-images	2026-08-22T07:28:15.5152056Z #63 68.18 ./samples/resources/computeforwardingrule/regional-forwarding-rule-vpc-psc/
build-images	dev/tasks/build-images	2026-08-22T07:28:15.5153422Z #63 68.18 ./samples/resources/computeforwardingrule/regional-forwarding-rule-vpc-psc/compute_v1beta1_computeforwardingrule.yaml
build-images	dev/tasks/build-images	2026-08-22T07:28:15.5154955Z #63 68.18 ./samples/resources/computeforwardingrule/regional-forwarding-rule-vpc-psc/compute_v1beta1_computeaddress.yaml
build-images	dev/tasks/build-images	2026-08-22T07:28:15.5156477Z #63 68.18 ./samples/resources/computeforwardingrule/regional-forwarding-rule-vpc-psc/compute_v1beta1_computeserviceattachment.yaml
build-images	dev/tasks/build-images	2026-08-22T07:28:15.5158008Z #63 68.18 ./samples/resources/computeforwardingrule/regional-forwarding-rule-vpc-psc/compute_v1beta1_computesubnetwork.yaml
build-images	dev/tasks/build-images	2026-08-22T07:28:15.5159556Z #63 68.18 ./samples/resources/computeforwardingrule/regional-forwarding-rule-vpc-psc/compute_v1beta1_computebackendservice.yaml
build-images	dev/tasks/build-images	2026-08-22T07:28:15.5161185Z #63 68.18 ./samples/resources/computeforwardingrule/regional-forwarding-rule-vpc-psc/compute_v1beta1_computenetwork.yaml
build-images	dev/tasks/build-images	2026-08-22T07:28:15.5162720Z #63 68.18 ./samples/resources/computeforwardingrule/global-forwarding-rule-with-target-http-proxy/
build-images	dev/tasks/build-images	2026-08-22T07:28:15.5164193Z #63 68.18 ./samples/resources/computeforwardingrule/global-forwarding-rule-with-target-http-proxy/compute_v1beta1_computeurlmap.yaml
build-images	dev/tasks/build-images	2026-08-22T07:28:15.5165859Z #63 68.18 ./samples/resources/computeforwardingrule/global-forwarding-rule-with-target-http-proxy/compute_v1beta1_computeforwardingrule.yaml
build-images	dev/tasks/build-images	2026-08-22T07:28:15.5167623Z #63 68.18 ./samples/resources/computeforwardingrule/global-forwarding-rule-with-target-http-proxy/compute_v1beta1_computetargethttpproxy.yaml
build-images	dev/tasks/build-images	2026-08-22T07:28:15.5169503Z #63 68.18 ./samples/resources/computeforwardingrule/global-forwarding-rule-with-target-http-proxy/compute_v1beta1_computebackendservice.yaml
build-images	dev/tasks/build-images	2026-08-22T07:28:15.5171240Z #63 68.18 ./samples/resources/computeforwardingrule/global-forwarding-rule-with-target-http-proxy/compute_v1beta1_computehealthcheck.yaml
build-images	dev/tasks/build-images	2026-08-22T07:28:15.5172955Z #63 68.18 ./samples/resources/apigeeinstanceattachment/
build-images	dev/tasks/build-images	2026-08-22T07:28:15.5173831Z #63 68.18 ./samples/resources/apigeeinstanceattachment/apigee_v1beta1_apigeeenvironment.yaml
build-images	dev/tasks/build-images	2026-08-22T07:28:15.5174897Z #63 68.18 ./samples/resources/apigeeinstanceattachment/apigee_v1beta1_apigeeinstance.yaml
build-images	dev/tasks/build-images	2026-08-22T07:28:15.5176012Z #63 68.18 ./samples/resources/apigeeinstanceattachment/apigee_v1beta1_apigeeinstanceattachment.yaml
build-images	dev/tasks/build-images	2026-08-22T07:28:15.5176849Z #63 68.18 ./samples/resources/dnsmanagedzone/
build-images	dev/tasks/build-images	2026-08-22T07:28:15.5177554Z #63 68.18 ./samples/resources/dnsmanagedzone/compute_v1beta1_computenetwork.yaml
build-images	dev/tasks/build-images	2026-08-22T07:28:15.5178366Z #63 68.18 ./samples/resources/dnsmanagedzone/dns_v1beta1_dnsmanagedzone.yaml
build-images	dev/tasks/build-images	2026-08-22T07:28:15.5179069Z #63 68.18 ./samples/resources/computeinstance/
build-images	dev/tasks/build-images	2026-08-22T07:28:15.5179686Z #63 68.18 ./samples/resources/computeinstance/instance-from-template/
build-images	dev/tasks/build-images	2026-08-22T07:28:15.5180709Z #63 68.18 ./samples/resources/computeinstance/instance-from-template/compute_v1beta1_computeinstance.yaml
build-images	dev/tasks/build-images	2026-08-22T07:28:15.5182390Z #63 68.18 ./samples/resources/computeinstance/instance-from-template/compute_v1beta1_computeinstancetemplate.yaml
build-images	dev/tasks/build-images	2026-08-22T07:28:15.5183672Z #63 68.18 ./samples/resources/computeinstance/instance-from-template/compute_v1beta1_computenetwork.yaml
build-images	dev/tasks/build-images	2026-08-22T07:28:15.5184952Z #63 68.18 ./samples/resources/computeinstance/instance-from-template/compute_v1beta1_computedisk.yaml
build-images	dev/tasks/build-images	2026-08-22T07:28:15.5185896Z #63 68.18 ./samples/resources/computeinstance/network-worker-instance/
build-images	dev/tasks/build-images	2026-08-22T07:28:15.5186882Z #63 68.18 ./samples/resources/computeinstance/network-worker-instance/compute_v1beta1_computeinstance.yaml
build-images	dev/tasks/build-images	2026-08-22T07:28:15.5188117Z #63 68.18 ./samples/resources/computeinstance/network-worker-instance/compute_v1beta1_computeaddress.yaml
build-images	dev/tasks/build-images	2026-08-22T07:28:15.5189498Z #63 68.18 ./samples/resources/computeinstance/network-worker-instance/compute_v1beta1_computesubnetwork.yaml
build-images	dev/tasks/build-images	2026-08-22T07:28:15.5190683Z #63 68.18 ./samples/resources/computeinstance/network-worker-instance/secret.yaml
build-images	dev/tasks/build-images	2026-08-22T07:28:15.5191911Z #63 68.18 ./samples/resources/computeinstance/network-worker-instance/compute_v1beta1_computenetwork.yaml
build-images	dev/tasks/build-images	2026-08-22T07:28:15.5193213Z #63 68.18 ./samples/resources/computeinstance/network-worker-instance/compute_v1beta1_computedisk.yaml
build-images	dev/tasks/build-images	2026-08-22T07:28:15.5194148Z #63 68.18 ./samples/resources/computeinstance/cloud-machine-instance/
build-images	dev/tasks/build-images	2026-08-22T07:28:15.5195150Z #63 68.18 ./samples/resources/computeinstance/cloud-machine-instance/compute_v1beta1_computeinstance.yaml
build-images	dev/tasks/build-images	2026-08-22T07:28:15.5196370Z #63 68.18 ./samples/resources/computeinstance/cloud-machine-instance/compute_v1beta1_computesubnetwork.yaml
build-images	dev/tasks/build-images	2026-08-22T07:28:15.5197476Z #63 68.18 ./samples/resources/computeinstance/cloud-machine-instance/secret.yaml
build-images	dev/tasks/build-images	2026-08-22T07:28:15.5198613Z #63 68.18 ./samples/resources/computeinstance/cloud-machine-instance/compute_v1beta1_computenetwork.yaml
build-images	dev/tasks/build-images	2026-08-22T07:28:15.5199774Z #63 68.18 ./samples/resources/computeinstance/cloud-machine-instance/compute_v1beta1_computedisk.yaml
build-images	dev/tasks/build-images	2026-08-22T07:28:15.5201030Z #63 68.18 ./samples/resources/computeinstance/cloud-machine-instance/iam_v1beta1_iamserviceaccount.yaml
build-images	dev/tasks/build-images	2026-08-22T07:28:15.5202231Z #63 68.18 ./samples/resources/computeinstance/instance-with-networkipref/
build-images	dev/tasks/build-images	2026-08-22T07:28:15.5203370Z #63 68.18 ./samples/resources/computeinstance/instance-with-networkipref/compute_v1beta1_computeinstance.yaml
build-images	dev/tasks/build-images	2026-08-22T07:28:15.5204630Z #63 68.18 ./samples/resources/computeinstance/instance-with-networkipref/compute_v1beta1_computeaddress.yaml
build-images	dev/tasks/build-images	2026-08-22T07:28:15.5205908Z #63 68.18 ./samples/resources/computeinstance/instance-with-networkipref/compute_v1beta1_computenetwork.yaml
build-images	dev/tasks/build-images	2026-08-22T07:28:15.5207153Z #63 68.18 ./samples/resources/computeinstance/instance-with-networkipref/compute_v1beta1_computedisk.yaml
build-images	dev/tasks/build-images	2026-08-22T07:28:15.5208441Z #63 68.18 ./samples/resources/computeinstance/instance-with-networkipref/iam_v1beta1_iamserviceaccount.yaml
build-images	dev/tasks/build-images	2026-08-22T07:28:15.5209699Z #63 68.18 ./samples/resources/privatecacertificatetemplate/
build-images	dev/tasks/build-images	2026-08-22T07:28:15.5210877Z #63 68.18 ./samples/resources/privatecacertificatetemplate/privateca_v1beta1_privatecacertificatetemplate.yaml
build-images	dev/tasks/build-images	2026-08-22T07:28:15.5212173Z #63 68.18 ./samples/resources/logginglogexclusion/
build-images	dev/tasks/build-images	2026-08-22T07:28:15.5212800Z #63 68.18 ./samples/resources/logginglogexclusion/project-exclusion/
build-images	dev/tasks/build-images	2026-08-22T07:28:15.5213857Z #63 68.18 ./samples/resources/logginglogexclusion/project-exclusion/resourcemanager_v1beta1_project.yaml
build-images	dev/tasks/build-images	2026-08-22T07:28:15.5215087Z #63 68.18 ./samples/resources/logginglogexclusion/project-exclusion/logging_v1beta1_logginglogexclusion.yaml
build-images	dev/tasks/build-images	2026-08-22T07:28:15.5216129Z #63 68.18 ./samples/resources/logginglogexclusion/folder-exclusion/
build-images	dev/tasks/build-images	2026-08-22T07:28:15.5217070Z #63 68.18 ./samples/resources/logginglogexclusion/folder-exclusion/resourcemanager_v1beta1_folder.yaml
build-images	dev/tasks/build-images	2026-08-22T07:28:15.5218269Z #63 68.18 ./samples/resources/logginglogexclusion/folder-exclusion/logging_v1beta1_logginglogexclusion.yaml
build-images	dev/tasks/build-images	2026-08-22T07:28:15.5219231Z #63 68.18 ./samples/resources/logginglogexclusion/billing-exclusion/
build-images	dev/tasks/build-images	2026-08-22T07:28:15.5220328Z #63 68.18 ./samples/resources/logginglogexclusion/billing-exclusion/logging_v1beta1_logginglogexclusion.yaml
build-images	dev/tasks/build-images	2026-08-22T07:28:15.5221442Z #63 68.18 ./samples/resources/logginglogexclusion/organization-exclusion/
build-images	dev/tasks/build-images	2026-08-22T07:28:15.5222708Z #63 68.18 ./samples/resources/logginglogexclusion/organization-exclusion/logging_v1beta1_logginglogexclusion.yaml
build-images	dev/tasks/build-images	2026-08-22T07:28:15.5223703Z #63 68.18 ./samples/resources/kmskeyhandle/
build-images	dev/tasks/build-images	2026-08-22T07:28:15.5224301Z #63 68.18 ./samples/resources/kmskeyhandle/kms_v1beta1_kmskeyhandle.yaml
build-images	dev/tasks/build-images	2026-08-22T07:28:15.5225010Z #63 68.18 ./samples/resources/containerattachedcluster/
build-images	dev/tasks/build-images	2026-08-22T07:28:15.5225815Z #63 68.18 ./samples/resources/containerattachedcluster/container-attached-cluster-basic/
build-images	dev/tasks/build-images	2026-08-22T07:28:15.5227251Z #63 68.18 ./samples/resources/containerattachedcluster/container-attached-cluster-basic/containerattached_v1beta1_containerattachedcluster.yaml
build-images	dev/tasks/build-images	2026-08-22T07:28:15.5228974Z #63 68.18 ./samples/resources/containerattachedcluster/container-attached-cluster-basic/resourcemanager_v1beta1_project.yaml
build-images	dev/tasks/build-images	2026-08-22T07:28:15.5230366Z #63 68.18 ./samples/resources/containerattachedcluster/container-attached-cluster-ignore-errors/
build-images	dev/tasks/build-images	2026-08-22T07:28:15.5232145Z #63 68.18 ./samples/resources/containerattachedcluster/container-attached-cluster-ignore-errors/containerattached_v1beta1_containerattachedcluster.yaml
build-images	dev/tasks/build-images	2026-08-22T07:28:15.5233970Z #63 68.18 ./samples/resources/containerattachedcluster/container-attached-cluster-ignore-errors/resourcemanager_v1beta1_project.yaml
build-images	dev/tasks/build-images	2026-08-22T07:28:15.5235301Z #63 68.18 ./samples/resources/containerattachedcluster/container-attached-cluster-full/
build-images	dev/tasks/build-images	2026-08-22T07:28:15.5236780Z #63 68.18 ./samples/resources/containerattachedcluster/container-attached-cluster-full/containerattached_v1beta1_containerattachedcluster.yaml
build-images	dev/tasks/build-images	2026-08-22T07:28:15.5238397Z #63 68.18 ./samples/resources/containerattachedcluster/container-attached-cluster-full/resourcemanager_v1beta1_project.yaml
build-images	dev/tasks/build-images	2026-08-22T07:28:15.5239443Z #63 68.18 ./samples/resources/vertexaiendpoint/
build-images	dev/tasks/build-images	2026-08-22T07:28:15.5240080Z #63 68.18 ./samples/resources/vertexaiendpoint/vertexai-endpoint-network/
build-images	dev/tasks/build-images	2026-08-22T07:28:15.5241216Z #63 68.18 ./samples/resources/vertexaiendpoint/vertexai-endpoint-network/compute_v1beta1_computeaddress.yaml
build-images	dev/tasks/build-images	2026-08-22T07:28:15.5242998Z #63 68.18 ./samples/resources/vertexaiendpoint/vertexai-endpoint-network/servicenetworking_v1beta1_servicenetworkingconnection.yaml
build-images	dev/tasks/build-images	2026-08-22T07:28:15.5244514Z #63 68.18 ./samples/resources/vertexaiendpoint/vertexai-endpoint-network/vertexai_v1beta1_vertexaiendpoint.yaml
build-images	dev/tasks/build-images	2026-08-22T07:28:15.5245806Z #63 68.18 ./samples/resources/vertexaiendpoint/vertexai-endpoint-network/compute_v1beta1_computenetwork.yaml
build-images	dev/tasks/build-images	2026-08-22T07:28:15.5246864Z #63 68.19 ./samples/resources/vertexaiendpoint/vertexai-endpoint-encryptionkey/
build-images	dev/tasks/build-images	2026-08-22T07:28:15.5247942Z #63 68.19 ./samples/resources/vertexaiendpoint/vertexai-endpoint-encryptionkey/iam_v1beta1_iampolicymember.yaml
build-images	dev/tasks/build-images	2026-08-22T07:28:15.5249786Z #63 68.19 ./samples/resources/vertexaiendpoint/vertexai-endpoint-encryptionkey/vertexai_v1beta1_vertexaiendpoint.yaml
build-images	dev/tasks/build-images	2026-08-22T07:28:15.5251121Z #63 68.19 ./samples/resources/vertexaiendpoint/vertexai-endpoint-encryptionkey/kms_v1beta1_kmscryptokey.yaml
build-images	dev/tasks/build-images	2026-08-22T07:28:15.5252636Z #63 68.19 ./samples/resources/vertexaiendpoint/vertexai-endpoint-encryptionkey/kms_v1beta1_kmskeyring.yaml
build-images	dev/tasks/build-images	2026-08-22T07:28:15.5254047Z #63 68.19 ./samples/resources/vertexaiendpoint/vertexai-endpoint-encryptionkey/serviceusage_v1beta1_serviceidentity.yaml
build-images	dev/tasks/build-images	2026-08-22T07:28:15.5255032Z #63 68.19 ./samples/resources/computetargetsslproxy/
build-images	dev/tasks/build-images	2026-08-22T07:28:15.5255834Z #63 68.19 ./samples/resources/computetargetsslproxy/compute_v1beta1_computesslpolicy.yaml
build-images	dev/tasks/build-images	2026-08-22T07:28:15.5256880Z #63 68.19 ./samples/resources/computetargetsslproxy/compute_v1beta1_computetargetsslproxy.yaml
build-images	dev/tasks/build-images	2026-08-22T07:28:15.5257966Z #63 68.19 ./samples/resources/computetargetsslproxy/compute_v1beta1_computebackendservice.yaml
build-images	dev/tasks/build-images	2026-08-22T07:28:15.5258932Z #63 68.19 ./samples/resources/computetargetsslproxy/secret.yaml
build-images	dev/tasks/build-images	2026-08-22T07:28:15.5259881Z #63 68.19 ./samples/resources/computetargetsslproxy/compute_v1beta1_computesslcertificate.yaml
build-images	dev/tasks/build-images	2026-08-22T07:28:15.5260911Z #63 68.19 ./samples/resources/computetargetsslproxy/compute_v1beta1_computehealthcheck.yaml
build-images	dev/tasks/build-images	2026-08-22T07:28:15.5261979Z #63 68.19 ./samples/resources/resourcemanagerpolicy/
build-images	dev/tasks/build-images	2026-08-22T07:28:15.5262764Z #63 68.19 ./samples/resources/resourcemanagerpolicy/organization-policy-for-organization/
build-images	dev/tasks/build-images	2026-08-22T07:28:15.5264186Z #63 68.19 ./samples/resources/resourcemanagerpolicy/organization-policy-for-organization/resourcemanager_v1beta1_resourcemanagerpolicy.yaml
build-images	dev/tasks/build-images	2026-08-22T07:28:15.5265550Z #63 68.19 ./samples/resources/resourcemanagerpolicy/organization-policy-for-project/
build-images	dev/tasks/build-images	2026-08-22T07:28:15.5266816Z #63 68.19 ./samples/resources/resourcemanagerpolicy/organization-policy-for-project/resourcemanager_v1beta1_project.yaml
build-images	dev/tasks/build-images	2026-08-22T07:28:15.5268512Z #63 68.19 ./samples/resources/resourcemanagerpolicy/organization-policy-for-project/resourcemanager_v1beta1_resourcemanagerpolicy.yaml
build-images	dev/tasks/build-images	2026-08-22T07:28:15.5269819Z #63 68.19 ./samples/resources/resourcemanagerpolicy/organization-policy-for-folder/
build-images	dev/tasks/build-images	2026-08-22T07:28:15.5271058Z #63 68.19 ./samples/resources/resourcemanagerpolicy/organization-policy-for-folder/resourcemanager_v1beta1_folder.yaml
build-images	dev/tasks/build-images	2026-08-22T07:28:15.5272900Z #63 68.19 ./samples/resources/resourcemanagerpolicy/organization-policy-for-folder/resourcemanager_v1beta1_resourcemanagerpolicy.yaml
build-images	dev/tasks/build-images	2026-08-22T07:28:15.5273984Z #63 68.19 ./samples/resources/privatecacertificate/
build-images	dev/tasks/build-images	2026-08-22T07:28:15.5274673Z #63 68.19 ./samples/resources/privatecacertificate/cert-sign-certificate/
build-images	dev/tasks/build-images	2026-08-22T07:28:15.5275830Z #63 68.19 ./samples/resources/privatecacertificate/cert-sign-certificate/privateca_v1beta1_privatecacertificateauthority.yaml
build-images	dev/tasks/build-images	2026-08-22T07:28:15.5277293Z #63 68.19 ./samples/resources/privatecacertificate/cert-sign-certificate/privateca_v1beta1_privatecacapool.yaml
build-images	dev/tasks/build-images	2026-08-22T07:28:15.5278768Z #63 68.19 ./samples/resources/privatecacertificate/cert-sign-certificate/privateca_v1beta1_privatecacertificate.yaml
build-images	dev/tasks/build-images	2026-08-22T07:28:15.5279805Z #63 68.19 ./samples/resources/privatecacertificate/basic-certificate/
build-images	dev/tasks/build-images	2026-08-22T07:28:15.5281001Z #63 68.19 ./samples/resources/privatecacertificate/basic-certificate/privateca_v1beta1_privatecacertificateauthority.yaml
build-images	dev/tasks/build-images	2026-08-22T07:28:15.5282683Z #63 68.19 ./samples/resources/privatecacertificate/basic-certificate/privateca_v1beta1_privatecacapool.yaml
build-images	dev/tasks/build-images	2026-08-22T07:28:15.5283967Z #63 68.19 ./samples/resources/privatecacertificate/basic-certificate/privateca_v1beta1_privatecacertificate.yaml
build-images	dev/tasks/build-images	2026-08-22T07:28:15.5285034Z #63 68.19 ./samples/resources/privatecacertificate/complex-certificate/
build-images	dev/tasks/build-images	2026-08-22T07:28:15.5286162Z #63 68.19 ./samples/resources/privatecacertificate/complex-certificate/privateca_v1beta1_privatecacertificateauthority.yaml
build-images	dev/tasks/build-images	2026-08-22T07:28:15.5287851Z #63 68.19 ./samples/resources/privatecacertificate/complex-certificate/privateca_v1beta1_privatecacapool.yaml
build-images	dev/tasks/build-images	2026-08-22T07:28:15.5289432Z #63 68.19 ./samples/resources/privatecacertificate/complex-certificate/privateca_v1beta1_privatecacertificate.yaml
build-images	dev/tasks/build-images	2026-08-22T07:28:15.5290478Z #63 68.19 ./samples/resources/computesslcertificate/
build-images	dev/tasks/build-images	2026-08-22T07:28:15.5291280Z #63 68.19 ./samples/resources/computesslcertificate/regional-compute-ssl-certificate/
build-images	dev/tasks/build-images	2026-08-22T07:28:15.5292543Z #63 68.19 ./samples/resources/computesslcertificate/regional-compute-ssl-certificate/secret.yaml
build-images	dev/tasks/build-images	2026-08-22T07:28:15.5293910Z #63 68.19 ./samples/resources/computesslcertificate/regional-compute-ssl-certificate/compute_v1beta1_computesslcertificate.yaml
build-images	dev/tasks/build-images	2026-08-22T07:28:15.5295129Z #63 68.19 ./samples/resources/computesslcertificate/global-compute-ssl-certificate/
build-images	dev/tasks/build-images	2026-08-22T07:28:15.5296137Z #63 68.19 ./samples/resources/computesslcertificate/global-compute-ssl-certificate/secret.yaml
build-images	dev/tasks/build-images	2026-08-22T07:28:15.5297503Z #63 68.19 ./samples/resources/computesslcertificate/global-compute-ssl-certificate/compute_v1beta1_computesslcertificate.yaml
build-images	dev/tasks/build-images	2026-08-22T07:28:15.5298657Z #63 68.19 ./samples/resources/computetargetinstance/
build-images	dev/tasks/build-images	2026-08-22T07:28:15.5299412Z #63 68.19 ./samples/resources/computetargetinstance/compute_v1beta1_computeinstance.yaml
build-images	dev/tasks/build-images	2026-08-22T07:28:15.5300483Z #63 68.19 ./samples/resources/computetargetinstance/compute_v1beta1_computesubnetwork.yaml
build-images	dev/tasks/build-images	2026-08-22T07:28:15.5301513Z #63 68.19 ./samples/resources/computetargetinstance/compute_v1beta1_computetargetinstance.yaml
build-images	dev/tasks/build-images	2026-08-22T07:28:15.5302785Z #63 68.19 ./samples/resources/computetargetinstance/compute_v1beta1_computenetwork.yaml
build-images	dev/tasks/build-images	2026-08-22T07:28:15.5303647Z #63 68.19 ./samples/resources/osconfigospolicyassignment/
build-images	dev/tasks/build-images	2026-08-22T07:28:15.5304392Z #63 68.19 ./samples/resources/osconfigospolicyassignment/fixed-os-policy-assignment/
build-images	dev/tasks/build-images	2026-08-22T07:28:15.5305792Z #63 68.19 ./samples/resources/osconfigospolicyassignment/fixed-os-policy-assignment/osconfig_v1beta1_osconfigospolicyassignment.yaml
build-images	dev/tasks/build-images	2026-08-22T07:28:15.5307170Z #63 68.19 ./samples/resources/osconfigospolicyassignment/percent-os-policy-assignment/
build-images	dev/tasks/build-images	2026-08-22T07:28:15.5308546Z #63 68.19 ./samples/resources/osconfigospolicyassignment/percent-os-policy-assignment/osconfig_v1beta1_osconfigospolicyassignment.yaml
build-images	dev/tasks/build-images	2026-08-22T07:28:15.5309626Z #63 68.19 ./samples/resources/computeinstancegroup/
build-images	dev/tasks/build-images	2026-08-22T07:28:15.5310460Z #63 68.19 ./samples/resources/computeinstancegroup/compute_v1beta1_computeinstance.yaml
build-images	dev/tasks/build-images	2026-08-22T07:28:15.5311437Z #63 68.19 ./samples/resources/computeinstancegroup/compute_v1beta1_computesubnetwork.yaml
build-images	dev/tasks/build-images	2026-08-22T07:28:15.5312696Z #63 68.19 ./samples/resources/computeinstancegroup/compute_v1beta1_computeinstancetemplate.yaml
build-images	dev/tasks/build-images	2026-08-22T07:28:15.5313789Z #63 68.19 ./samples/resources/computeinstancegroup/compute_v1beta1_computeinstancegroup.yaml
build-images	dev/tasks/build-images	2026-08-22T07:28:15.5314775Z #63 68.19 ./samples/resources/computeinstancegroup/compute_v1beta1_computenetwork.yaml
build-images	dev/tasks/build-images	2026-08-22T07:28:15.5315606Z #63 68.19 ./samples/resources/apigatewayapi/
build-images	dev/tasks/build-images	2026-08-22T07:28:15.5316407Z #63 68.19 ./samples/resources/apigatewayapi/apigateway_v1beta1_apigatewayapi.yaml
build-images	dev/tasks/build-images	2026-08-22T07:28:15.5317162Z #63 68.19 ./samples/resources/memcacheinstance/
build-images	dev/tasks/build-images	2026-08-22T07:28:15.5317860Z #63 68.19 ./samples/resources/memcacheinstance/memcache_v1beta1_memcacheinstance.yaml
build-images	dev/tasks/build-images	2026-08-22T07:28:15.5318867Z #63 68.19 ./samples/resources/memcacheinstance/compute_v1beta1_computeaddress.yaml
build-images	dev/tasks/build-images	2026-08-22T07:28:15.5319913Z #63 68.19 ./samples/resources/memcacheinstance/servicenetworking_v1beta1_servicenetworkingconnection.yaml
build-images	dev/tasks/build-images	2026-08-22T07:28:15.5321074Z #63 68.19 ./samples/resources/memcacheinstance/compute_v1beta1_computenetwork.yaml
build-images	dev/tasks/build-images	2026-08-22T07:28:15.5321949Z #63 68.19 ./samples/resources/kmscryptokey/
build-images	dev/tasks/build-images	2026-08-22T07:28:15.5322604Z #63 68.19 ./samples/resources/kmscryptokey/kms_v1beta1_kmscryptokey.yaml
build-images	dev/tasks/build-images	2026-08-22T07:28:15.5323339Z #63 68.19 ./samples/resources/kmscryptokey/kms_v1beta1_kmskeyring.yaml
build-images	dev/tasks/build-images	2026-08-22T07:28:15.5324021Z #63 68.19 ./samples/resources/dlpdeidentifytemplate/
build-images	dev/tasks/build-images	2026-08-22T07:28:15.5324944Z #63 68.19 ./samples/resources/dlpdeidentifytemplate/info-type-deidentify-template/
build-images	dev/tasks/build-images	2026-08-22T07:28:15.5326426Z #63 68.20 ./samples/resources/dlpdeidentifytemplate/info-type-deidentify-template/dlp_v1beta1_dlpdeidentifytemplate.yaml
build-images	dev/tasks/build-images	2026-08-22T07:28:15.5327856Z #63 68.20 ./samples/resources/dlpdeidentifytemplate/info-type-deidentify-template/kms_v1beta1_kmscryptokey.yaml
build-images	dev/tasks/build-images	2026-08-22T07:28:15.5329206Z #63 68.20 ./samples/resources/dlpdeidentifytemplate/info-type-deidentify-template/kms_v1beta1_kmskeyring.yaml
build-images	dev/tasks/build-images	2026-08-22T07:28:15.5330294Z #63 68.20 ./samples/resources/dlpdeidentifytemplate/record-deidentify-template/
build-images	dev/tasks/build-images	2026-08-22T07:28:15.5331458Z #63 68.20 ./samples/resources/dlpdeidentifytemplate/record-deidentify-template/dlp_v1beta1_dlpdeidentifytemplate.yaml
build-images	dev/tasks/build-images	2026-08-22T07:28:15.5332709Z #63 68.20 ./samples/resources/serviceidentity/
build-images	dev/tasks/build-images	2026-08-22T07:28:15.5333457Z #63 68.20 ./samples/resources/serviceidentity/serviceusage_v1beta1_serviceidentity.yaml
build-images	dev/tasks/build-images	2026-08-22T07:28:15.5334202Z #63 68.20 ./samples/resources/datacatalogtaxonomy/
build-images	dev/tasks/build-images	2026-08-22T07:28:15.5335083Z #63 68.20 ./samples/resources/datacatalogtaxonomy/datacatalog_v1beta1_datacatalogtaxonomy.yaml
build-images	dev/tasks/build-images	2026-08-22T07:28:15.5335966Z #63 68.20 ./samples/resources/dataproccluster/
build-images	dev/tasks/build-images	2026-08-22T07:28:15.5336799Z #63 68.20 ./samples/resources/dataproccluster/dataproc_v1beta1_dataprocautoscalingpolicy.yaml
build-images	dev/tasks/build-images	2026-08-22T07:28:15.5337781Z #63 68.20 ./samples/resources/dataproccluster/dataproc_v1beta1_dataproccluster.yaml
build-images	dev/tasks/build-images	2026-08-22T07:28:15.5338701Z #63 68.20 ./samples/resources/dataproccluster/storage_v1beta1_storagebucket.yaml
build-images	dev/tasks/build-images	2026-08-22T07:28:15.5339392Z #63 68.20 ./samples/resources/rediscluster/
build-images	dev/tasks/build-images	2026-08-22T07:28:15.5340152Z #63 68.20 ./samples/resources/rediscluster/compute_v1beta1_computesubnetwork.yaml
build-images	dev/tasks/build-images	2026-08-22T07:28:15.5340970Z #63 68.20 ./samples/resources/rediscluster/compute_v1beta1_computenetwork.yaml
build-images	dev/tasks/build-images	2026-08-22T07:28:15.5341980Z #63 68.20 ./samples/resources/rediscluster/redis_v1beta1_rediscluster.yaml
build-images	dev/tasks/build-images	2026-08-22T07:28:15.5343143Z #63 68.20 ./samples/resources/rediscluster/networkconnectivity_v1alpha1_networkconnectivityserviceconnectionpolicy.yaml
build-images	dev/tasks/build-images	2026-08-22T07:28:15.5344252Z #63 68.20 ./samples/resources/iapidentityawareproxyclient/
build-images	dev/tasks/build-images	2026-08-22T07:28:15.5345123Z #63 68.20 ./samples/resources/iapidentityawareproxyclient/iap_v1beta1_iapbrand.yaml
build-images	dev/tasks/build-images	2026-08-22T07:28:15.5346227Z #63 68.20 ./samples/resources/iapidentityawareproxyclient/iap_v1beta1_iapidentityawareproxyclient.yaml
build-images	dev/tasks/build-images	2026-08-22T07:28:15.5347199Z #63 68.20 ./samples/resources/parametermanagerparameter/
build-images	dev/tasks/build-images	2026-08-22T07:28:15.5347911Z #63 68.20 ./samples/resources/parametermanagerparameter/regionalparameter/
build-images	dev/tasks/build-images	2026-08-22T07:28:15.5348454Z #63 68.20 ./samples/resources/parametermanagerparameter/regionalparameter/kms_v1beta1_kmscryptokey.yaml
build-images	dev/tasks/build-images	2026-08-22T07:28:15.5349258Z #63 68.20 ./samples/resources/parametermanagerparameter/regionalparameter/parametermanager_v1alpha1_parametermanagerparameter_regional.yaml
build-images	dev/tasks/build-images	2026-08-22T07:28:15.5349799Z #63 68.20 ./samples/resources/parametermanagerparameter/regionalparameter/kms_v1beta1_kmskeyring.yaml
build-images	dev/tasks/build-images	2026-08-22T07:28:15.5350159Z #63 68.20 ./samples/resources/parametermanagerparameter/globalparameter/
build-images	dev/tasks/build-images	2026-08-22T07:28:15.5350867Z #63 68.20 ./samples/resources/parametermanagerparameter/globalparameter/parametermanager_v1alpha1_parametermanagerparameter.yaml
build-images	dev/tasks/build-images	2026-08-22T07:28:15.5351127Z #63 68.20 ./samples/resources/computepacketmirroring/
build-images	dev/tasks/build-images	2026-08-22T07:28:15.5351862Z #63 68.20 ./samples/resources/computepacketmirroring/compute_v1beta1_computeforwardingrule.yaml
build-images	dev/tasks/build-images	2026-08-22T07:28:15.5352353Z #63 68.20 ./samples/resources/computepacketmirroring/compute_v1beta1_computeinstance.yaml
build-images	dev/tasks/build-images	2026-08-22T07:28:15.5352907Z #63 68.20 ./samples/resources/computepacketmirroring/compute_v1beta1_computepacketmirroring.yaml
build-images	dev/tasks/build-images	2026-08-22T07:28:15.5353401Z #63 68.20 ./samples/resources/computepacketmirroring/compute_v1beta1_computesubnetwork.yaml
build-images	dev/tasks/build-images	2026-08-22T07:28:15.5353854Z #63 68.20 ./samples/resources/computepacketmirroring/compute_v1beta1_computebackendservice.yaml
build-images	dev/tasks/build-images	2026-08-22T07:28:15.5354500Z #63 68.20 ./samples/resources/computepacketmirroring/compute_v1beta1_computenetwork.yaml
build-images	dev/tasks/build-images	2026-08-22T07:28:15.5354992Z #63 68.20 ./samples/resources/monitoringuptimecheckconfig/
build-images	dev/tasks/build-images	2026-08-22T07:28:15.5355393Z #63 68.20 ./samples/resources/monitoringuptimecheckconfig/tcp-uptime-check-config/
build-images	dev/tasks/build-images	2026-08-22T07:28:15.5356067Z #63 68.20 ./samples/resources/monitoringuptimecheckconfig/tcp-uptime-check-config/monitoring_v1beta1_monitoringgroup.yaml
build-images	dev/tasks/build-images	2026-08-22T07:28:15.5356852Z #63 68.20 ./samples/resources/monitoringuptimecheckconfig/tcp-uptime-check-config/monitoring_v1beta1_monitoringuptimecheckconfig.yaml
build-images	dev/tasks/build-images	2026-08-22T07:28:15.5357247Z #63 68.20 ./samples/resources/monitoringuptimecheckconfig/http-uptime-check-config/
build-images	dev/tasks/build-images	2026-08-22T07:28:15.5357740Z #63 68.20 ./samples/resources/monitoringuptimecheckconfig/http-uptime-check-config/secret.yaml
build-images	dev/tasks/build-images	2026-08-22T07:28:15.5358515Z #63 68.20 ./samples/resources/monitoringuptimecheckconfig/http-uptime-check-config/monitoring_v1beta1_monitoringuptimecheckconfig.yaml
build-images	dev/tasks/build-images	2026-08-22T07:28:15.5358791Z #63 68.21 ./samples/resources/iamworkloadidentitypoolprovider/
build-images	dev/tasks/build-images	2026-08-22T07:28:15.5359368Z #63 68.21 ./samples/resources/iamworkloadidentitypoolprovider/aws-workload-identity-pool-provider/
build-images	dev/tasks/build-images	2026-08-22T07:28:15.5360324Z #63 68.21 ./samples/resources/iamworkloadidentitypoolprovider/aws-workload-identity-pool-provider/iam_v1beta1_iamworkloadidentitypoolprovider.yaml
build-images	dev/tasks/build-images	2026-08-22T07:28:15.5361181Z #63 68.21 ./samples/resources/iamworkloadidentitypoolprovider/aws-workload-identity-pool-provider/iam_v1beta1_iamworkloadidentitypool.yaml
build-images	dev/tasks/build-images	2026-08-22T07:28:15.5361967Z #63 68.21 ./samples/resources/iamworkloadidentitypoolprovider/oidc-workload-identity-pool-provider/
build-images	dev/tasks/build-images	2026-08-22T07:28:15.5362905Z #63 68.21 ./samples/resources/iamworkloadidentitypoolprovider/oidc-workload-identity-pool-provider/iam_v1beta1_iamworkloadidentitypoolprovider.yaml
build-images	dev/tasks/build-images	2026-08-22T07:28:15.5363751Z #63 68.21 ./samples/resources/iamworkloadidentitypoolprovider/oidc-workload-identity-pool-provider/iam_v1beta1_iamworkloadidentitypool.yaml
build-images	dev/tasks/build-images	2026-08-22T07:28:15.5363935Z #63 68.21 ./samples/resources/sqlsslcert/
build-images	dev/tasks/build-images	2026-08-22T07:28:15.5364232Z #63 68.21 ./samples/resources/sqlsslcert/sql_v1beta1_sqlinstance.yaml
build-images	dev/tasks/build-images	2026-08-22T07:28:15.5364537Z #63 68.21 ./samples/resources/sqlsslcert/sql_v1beta1_sqlsslcert.yaml
build-images	dev/tasks/build-images	2026-08-22T07:28:15.5364778Z #63 68.21 ./samples/resources/computerouternat/
build-images	dev/tasks/build-images	2026-08-22T07:28:15.5365124Z #63 68.21 ./samples/resources/computerouternat/router-nat-with-rules/
build-images	dev/tasks/build-images	2026-08-22T07:28:15.5365681Z #63 68.21 ./samples/resources/computerouternat/router-nat-with-rules/compute_v1beta1_computerouter.yaml
build-images	dev/tasks/build-images	2026-08-22T07:28:15.5366194Z #63 68.21 ./samples/resources/computerouternat/router-nat-with-rules/compute_v1beta1_computeaddress.yaml
build-images	dev/tasks/build-images	2026-08-22T07:28:15.5366748Z #63 68.21 ./samples/resources/computerouternat/router-nat-with-rules/compute_v1beta1_computenetwork.yaml
build-images	dev/tasks/build-images	2026-08-22T07:28:15.5367300Z #63 68.21 ./samples/resources/computerouternat/router-nat-with-rules/compute_v1beta1_computerouternat.yaml
build-images	dev/tasks/build-images	2026-08-22T07:28:15.5367671Z #63 68.21 ./samples/resources/computerouternat/router-nat-with-manual-nat-ips/
build-images	dev/tasks/build-images	2026-08-22T07:28:15.5368311Z #63 68.21 ./samples/resources/computerouternat/router-nat-with-manual-nat-ips/compute_v1beta1_computerouter.yaml
build-images	dev/tasks/build-images	2026-08-22T07:28:15.5368890Z #63 68.21 ./samples/resources/computerouternat/router-nat-with-manual-nat-ips/compute_v1beta1_computeaddress.yaml
build-images	dev/tasks/build-images	2026-08-22T07:28:15.5369510Z #63 68.21 ./samples/resources/computerouternat/router-nat-with-manual-nat-ips/compute_v1beta1_computenetwork.yaml
build-images	dev/tasks/build-images	2026-08-22T07:28:15.5370194Z #63 68.21 ./samples/resources/computerouternat/router-nat-with-manual-nat-ips/compute_v1beta1_computerouternat.yaml
build-images	dev/tasks/build-images	2026-08-22T07:28:15.5370575Z #63 68.21 ./samples/resources/computerouternat/router-nat-for-all-subnets/
build-images	dev/tasks/build-images	2026-08-22T07:28:15.5371194Z #63 68.21 ./samples/resources/computerouternat/router-nat-for-all-subnets/compute_v1beta1_computerouter.yaml
build-images	dev/tasks/build-images	2026-08-22T07:28:15.5371955Z #63 68.21 ./samples/resources/computerouternat/router-nat-for-all-subnets/compute_v1beta1_computenetwork.yaml
build-images	dev/tasks/build-images	2026-08-22T07:28:15.5372761Z #63 68.21 ./samples/resources/computerouternat/router-nat-for-all-subnets/compute_v1beta1_computerouternat.yaml
build-images	dev/tasks/build-images	2026-08-22T07:28:15.5373345Z #63 68.21 ./samples/resources/computerouternat/router-nat-for-list-of-subnets/
build-images	dev/tasks/build-images	2026-08-22T07:28:15.5373948Z #63 68.21 ./samples/resources/computerouternat/router-nat-for-list-of-subnets/compute_v1beta1_computerouter.yaml
build-images	dev/tasks/build-images	2026-08-22T07:28:15.5374549Z #63 68.21 ./samples/resources/computerouternat/router-nat-for-list-of-subnets/compute_v1beta1_computesubnetwork.yaml
build-images	dev/tasks/build-images	2026-08-22T07:28:15.5375200Z #63 68.21 ./samples/resources/computerouternat/router-nat-for-list-of-subnets/compute_v1beta1_computenetwork.yaml
build-images	dev/tasks/build-images	2026-08-22T07:28:15.5375841Z #63 68.21 ./samples/resources/computerouternat/router-nat-for-list-of-subnets/compute_v1beta1_computerouternat.yaml
build-images	dev/tasks/build-images	2026-08-22T07:28:15.5376014Z #63 68.21 ./samples/resources/dnsrecordset/
build-images	dev/tasks/build-images	2026-08-22T07:28:15.5376373Z #63 68.21 ./samples/resources/dnsrecordset/dns-routing-policy-primary-backup/
build-images	dev/tasks/build-images	2026-08-22T07:28:15.5377014Z #63 68.21 ./samples/resources/dnsrecordset/dns-routing-policy-primary-backup/compute_v1beta1_computeurlmap.yaml
build-images	dev/tasks/build-images	2026-08-22T07:28:15.5377645Z #63 68.21 ./samples/resources/dnsrecordset/dns-routing-policy-primary-backup/compute_v1beta1_computeforwardingrule.yaml
build-images	dev/tasks/build-images	2026-08-22T07:28:15.5378272Z #63 68.21 ./samples/resources/dnsrecordset/dns-routing-policy-primary-backup/compute_v1beta1_computeaddress.yaml
build-images	dev/tasks/build-images	2026-08-22T07:28:15.5378903Z #63 68.21 ./samples/resources/dnsrecordset/dns-routing-policy-primary-backup/compute_v1beta1_computesubnetwork.yaml
build-images	dev/tasks/build-images	2026-08-22T07:28:15.5379543Z #63 68.21 ./samples/resources/dnsrecordset/dns-routing-policy-primary-backup/compute_v1beta1_computetargethttpproxy.yaml
build-images	dev/tasks/build-images	2026-08-22T07:28:15.5380263Z #63 68.21 ./samples/resources/dnsrecordset/dns-routing-policy-primary-backup/compute_v1beta1_computebackendservice.yaml
build-images	dev/tasks/build-images	2026-08-22T07:28:15.5380978Z #63 68.21 ./samples/resources/dnsrecordset/dns-routing-policy-primary-backup/compute_v1beta1_computeinstancegroup.yaml
build-images	dev/tasks/build-images	2026-08-22T07:28:15.5381601Z #63 68.21 ./samples/resources/dnsrecordset/dns-routing-policy-primary-backup/compute_v1beta1_computenetwork.yaml
build-images	dev/tasks/build-images	2026-08-22T07:28:15.5382359Z #63 68.21 ./samples/resources/dnsrecordset/dns-routing-policy-primary-backup/dns_v1beta1_dnsmanagedzone.yaml
build-images	dev/tasks/build-images	2026-08-22T07:28:15.5382961Z #63 68.21 ./samples/resources/dnsrecordset/dns-routing-policy-primary-backup/dns_v1beta1_dnsrecordset.yaml
build-images	dev/tasks/build-images	2026-08-22T07:28:15.5383650Z #63 68.21 ./samples/resources/dnsrecordset/dns-routing-policy-primary-backup/compute_v1beta1_computehealthcheck.yaml
build-images	dev/tasks/build-images	2026-08-22T07:28:15.5383992Z #63 68.21 ./samples/resources/dnsrecordset/dns-routing-policy-geo/
build-images	dev/tasks/build-images	2026-08-22T07:28:15.5384464Z #63 68.21 ./samples/resources/dnsrecordset/dns-routing-policy-geo/dns_v1beta1_dnsmanagedzone.yaml
build-images	dev/tasks/build-images	2026-08-22T07:28:15.5384932Z #63 68.21 ./samples/resources/dnsrecordset/dns-routing-policy-geo/dns_v1beta1_dnsrecordset.yaml
build-images	dev/tasks/build-images	2026-08-22T07:28:15.5385267Z #63 68.21 ./samples/resources/dnsrecordset/dnssec-sshfp-record-set/
build-images	dev/tasks/build-images	2026-08-22T07:28:15.5385814Z #63 68.21 ./samples/resources/dnsrecordset/dnssec-sshfp-record-set/dns_v1beta1_dnsmanagedzone.yaml
build-images	dev/tasks/build-images	2026-08-22T07:28:15.5386277Z #63 68.21 ./samples/resources/dnsrecordset/dnssec-sshfp-record-set/dns_v1beta1_dnsrecordset.yaml
build-images	dev/tasks/build-images	2026-08-22T07:28:15.5386522Z #63 68.22 ./samples/resources/dnsrecordset/dns-a-record-set/
build-images	dev/tasks/build-images	2026-08-22T07:28:15.5386989Z #63 68.22 ./samples/resources/dnsrecordset/dns-a-record-set/dns_v1beta1_dnsmanagedzone.yaml
build-images	dev/tasks/build-images	2026-08-22T07:28:15.5387393Z #63 68.22 ./samples/resources/dnsrecordset/dns-a-record-set/dns_v1beta1_dnsrecordset.yaml
build-images	dev/tasks/build-images	2026-08-22T07:28:15.5387914Z #63 68.22 ./samples/resources/dnsrecordset/dns-routing-policy-geo-with-compute-address-reference/
build-images	dev/tasks/build-images	2026-08-22T07:28:15.5388707Z #63 68.22 ./samples/resources/dnsrecordset/dns-routing-policy-geo-with-compute-address-reference/compute_v1beta1_computeaddress2.yaml
build-images	dev/tasks/build-images	2026-08-22T07:28:15.5389538Z #63 68.22 ./samples/resources/dnsrecordset/dns-routing-policy-geo-with-compute-address-reference/compute_v1beta1_computeaddress1.yaml
build-images	dev/tasks/build-images	2026-08-22T07:28:15.5390579Z #63 68.22 ./samples/resources/dnsrecordset/dns-routing-policy-geo-with-compute-address-reference/compute_v1beta1_computenetwork.yaml
build-images	dev/tasks/build-images	2026-08-22T07:28:15.5391508Z #63 68.22 ./samples/resources/dnsrecordset/dns-routing-policy-geo-with-compute-address-reference/dns_v1beta1_dnsmanagedzone.yaml
build-images	dev/tasks/build-images	2026-08-22T07:28:15.5392497Z #63 68.22 ./samples/resources/dnsrecordset/dns-routing-policy-geo-with-compute-address-reference/dns_v1beta1_dnsrecordset.yaml
build-images	dev/tasks/build-images	2026-08-22T07:28:15.5392814Z #63 68.22 ./samples/resources/dnsrecordset/dns-srv-record-set/
build-images	dev/tasks/build-images	2026-08-22T07:28:15.5393317Z #63 68.22 ./samples/resources/dnsrecordset/dns-srv-record-set/dns_v1beta1_dnsmanagedzone.yaml
build-images	dev/tasks/build-images	2026-08-22T07:28:15.5393756Z #63 68.22 ./samples/resources/dnsrecordset/dns-srv-record-set/dns_v1beta1_dnsrecordset.yaml
build-images	dev/tasks/build-images	2026-08-22T07:28:15.5394201Z #63 68.22 ./samples/resources/dnsrecordset/dns-a-record-set-with-compute-address-reference/
build-images	dev/tasks/build-images	2026-08-22T07:28:15.5394965Z #63 68.22 ./samples/resources/dnsrecordset/dns-a-record-set-with-compute-address-reference/compute_v1beta1_computeaddress.yaml
build-images	dev/tasks/build-images	2026-08-22T07:28:15.5395755Z #63 68.22 ./samples/resources/dnsrecordset/dns-a-record-set-with-compute-address-reference/compute_v1beta1_computenetwork.yaml
build-images	dev/tasks/build-images	2026-08-22T07:28:15.5396440Z #63 68.22 ./samples/resources/dnsrecordset/dns-a-record-set-with-compute-address-reference/dns_v1beta1_dnsmanagedzone.yaml
build-images	dev/tasks/build-images	2026-08-22T07:28:15.5397120Z #63 68.22 ./samples/resources/dnsrecordset/dns-a-record-set-with-compute-address-reference/dns_v1beta1_dnsrecordset.yaml
build-images	dev/tasks/build-images	2026-08-22T07:28:15.5397428Z #63 68.22 ./samples/resources/dnsrecordset/dns-cname-record-set/
build-images	dev/tasks/build-images	2026-08-22T07:28:15.5397893Z #63 68.22 ./samples/resources/dnsrecordset/dns-cname-record-set/dns_v1beta1_dnsmanagedzone.yaml
build-images	dev/tasks/build-images	2026-08-22T07:28:15.5398319Z #63 68.22 ./samples/resources/dnsrecordset/dns-cname-record-set/dns_v1beta1_dnsrecordset.yaml
build-images	dev/tasks/build-images	2026-08-22T07:28:15.5398747Z #63 68.22 ./samples/resources/dnsrecordset/dns-routing-policy-wrr-health-checks/
build-images	dev/tasks/build-images	2026-08-22T07:28:15.5399444Z #63 68.22 ./samples/resources/dnsrecordset/dns-routing-policy-wrr-health-checks/compute_v1beta1_computeforwardingrule.yaml
build-images	dev/tasks/build-images	2026-08-22T07:28:15.5400061Z #63 68.22 ./samples/resources/dnsrecordset/dns-routing-policy-wrr-health-checks/compute_v1beta1_computeaddress.yaml
build-images	dev/tasks/build-images	2026-08-22T07:28:15.5400767Z #63 68.22 ./samples/resources/dnsrecordset/dns-routing-policy-wrr-health-checks/compute_v1beta1_computesubnetwork.yaml
build-images	dev/tasks/build-images	2026-08-22T07:28:15.5401501Z #63 68.22 ./samples/resources/dnsrecordset/dns-routing-policy-wrr-health-checks/compute_v1beta1_computebackendservice.yaml
build-images	dev/tasks/build-images	2026-08-22T07:28:15.5402439Z #63 68.22 ./samples/resources/dnsrecordset/dns-routing-policy-wrr-health-checks/compute_v1beta1_computeinstancegroup.yaml
build-images	dev/tasks/build-images	2026-08-22T07:28:15.5403040Z #63 68.22 ./samples/resources/dnsrecordset/dns-routing-policy-wrr-health-checks/compute_v1beta1_computenetwork.yaml
build-images	dev/tasks/build-images	2026-08-22T07:28:15.5403644Z #63 68.22 ./samples/resources/dnsrecordset/dns-routing-policy-wrr-health-checks/dns_v1beta1_dnsmanagedzone.yaml
build-images	dev/tasks/build-images	2026-08-22T07:28:15.5404281Z #63 68.22 ./samples/resources/dnsrecordset/dns-routing-policy-wrr-health-checks/dns_v1beta1_dnsrecordset.yaml
build-images	dev/tasks/build-images	2026-08-22T07:28:15.5404956Z #63 68.22 ./samples/resources/dnsrecordset/dns-routing-policy-wrr-health-checks/compute_v1beta1_computehealthcheck.yaml
build-images	dev/tasks/build-images	2026-08-22T07:28:15.5405215Z #63 68.22 ./samples/resources/dnsrecordset/dns-aaaa-record-set/
build-images	dev/tasks/build-images	2026-08-22T07:28:15.5405687Z #63 68.22 ./samples/resources/dnsrecordset/dns-aaaa-record-set/dns_v1beta1_dnsmanagedzone.yaml
build-images	dev/tasks/build-images	2026-08-22T07:28:15.5406185Z #63 68.22 ./samples/resources/dnsrecordset/dns-aaaa-record-set/dns_v1beta1_dnsrecordset.yaml
build-images	dev/tasks/build-images	2026-08-22T07:28:15.5406527Z #63 68.22 ./samples/resources/dnsrecordset/dnssec-dnskey-record-set/
build-images	dev/tasks/build-images	2026-08-22T07:28:15.5407050Z #63 68.22 ./samples/resources/dnsrecordset/dnssec-dnskey-record-set/dns_v1beta1_dnsmanagedzone.yaml
build-images	dev/tasks/build-images	2026-08-22T07:28:15.5407507Z #63 68.22 ./samples/resources/dnsrecordset/dnssec-dnskey-record-set/dns_v1beta1_dnsrecordset.yaml
build-images	dev/tasks/build-images	2026-08-22T07:28:15.5407761Z #63 68.22 ./samples/resources/dnsrecordset/dns-ns-record-set/
build-images	dev/tasks/build-images	2026-08-22T07:28:15.5408404Z #63 68.22 ./samples/resources/dnsrecordset/dns-ns-record-set/dns_v1beta1_dnsmanagedzone.yaml
build-images	dev/tasks/build-images	2026-08-22T07:28:15.5408994Z #63 68.22 ./samples/resources/dnsrecordset/dns-ns-record-set/dns_v1beta1_dnsrecordset.yaml
build-images	dev/tasks/build-images	2026-08-22T07:28:15.5409278Z #63 68.22 ./samples/resources/dnsrecordset/dns-mx-record-set/
build-images	dev/tasks/build-images	2026-08-22T07:28:15.5409727Z #63 68.22 ./samples/resources/dnsrecordset/dns-mx-record-set/dns_v1beta1_dnsmanagedzone.yaml
build-images	dev/tasks/build-images	2026-08-22T07:28:15.5410132Z #63 68.22 ./samples/resources/dnsrecordset/dns-mx-record-set/dns_v1beta1_dnsrecordset.yaml
build-images	dev/tasks/build-images	2026-08-22T07:28:15.5410417Z #63 68.22 ./samples/resources/dnsrecordset/dns-routing-policy-wrr/
build-images	dev/tasks/build-images	2026-08-22T07:28:15.5410950Z #63 68.22 ./samples/resources/dnsrecordset/dns-routing-policy-wrr/dns_v1beta1_dnsmanagedzone.yaml
build-images	dev/tasks/build-images	2026-08-22T07:28:15.5411475Z #63 68.22 ./samples/resources/dnsrecordset/dns-routing-policy-wrr/dns_v1beta1_dnsrecordset.yaml
build-images	dev/tasks/build-images	2026-08-22T07:28:15.5411963Z #63 68.22 ./samples/resources/dnsrecordset/dns-txt-record-set/
build-images	dev/tasks/build-images	2026-08-22T07:28:15.5412478Z #63 68.22 ./samples/resources/dnsrecordset/dns-txt-record-set/dns_v1beta1_dnsmanagedzone.yaml
build-images	dev/tasks/build-images	2026-08-22T07:28:15.5412955Z #63 68.22 ./samples/resources/dnsrecordset/dns-txt-record-set/dns_v1beta1_dnsrecordset.yaml
build-images	dev/tasks/build-images	2026-08-22T07:28:15.5413327Z #63 68.22 ./samples/resources/dnsrecordset/dns-routing-policy-geo-health-checks/
build-images	dev/tasks/build-images	2026-08-22T07:28:15.5414013Z #63 68.22 ./samples/resources/dnsrecordset/dns-routing-policy-geo-health-checks/compute_v1beta1_computeforwardingrule.yaml
build-images	dev/tasks/build-images	2026-08-22T07:28:15.5414702Z #63 68.22 ./samples/resources/dnsrecordset/dns-routing-policy-geo-health-checks/compute_v1beta1_computeaddress.yaml
build-images	dev/tasks/build-images	2026-08-22T07:28:15.5415329Z #63 68.22 ./samples/resources/dnsrecordset/dns-routing-policy-geo-health-checks/compute_v1beta1_computesubnetwork.yaml
build-images	dev/tasks/build-images	2026-08-22T07:28:15.5416008Z #63 68.22 ./samples/resources/dnsrecordset/dns-routing-policy-geo-health-checks/compute_v1beta1_computebackendservice.yaml
build-images	dev/tasks/build-images	2026-08-22T07:28:15.5416726Z #63 68.22 ./samples/resources/dnsrecordset/dns-routing-policy-geo-health-checks/compute_v1beta1_computeinstancegroup.yaml
build-images	dev/tasks/build-images	2026-08-22T07:28:15.5417333Z #63 68.23 ./samples/resources/dnsrecordset/dns-routing-policy-geo-health-checks/compute_v1beta1_computenetwork.yaml
build-images	dev/tasks/build-images	2026-08-22T07:28:15.5417955Z #63 68.23 ./samples/resources/dnsrecordset/dns-routing-policy-geo-health-checks/dns_v1beta1_dnsmanagedzone.yaml
build-images	dev/tasks/build-images	2026-08-22T07:28:15.5418521Z #63 68.23 ./samples/resources/dnsrecordset/dns-routing-policy-geo-health-checks/dns_v1beta1_dnsrecordset.yaml
build-images	dev/tasks/build-images	2026-08-22T07:28:15.5419174Z #63 68.23 ./samples/resources/dnsrecordset/dns-routing-policy-geo-health-checks/compute_v1beta1_computehealthcheck.yaml
build-images	dev/tasks/build-images	2026-08-22T07:28:15.5419512Z #63 68.23 ./samples/resources/dnsrecordset/dnssec-ipsecvpnkey-record-set/
build-images	dev/tasks/build-images	2026-08-22T07:28:15.5420025Z #63 68.23 ./samples/resources/dnsrecordset/dnssec-ipsecvpnkey-record-set/dns_v1beta1_dnsmanagedzone.yaml
build-images	dev/tasks/build-images	2026-08-22T07:28:15.5420597Z #63 68.23 ./samples/resources/dnsrecordset/dnssec-ipsecvpnkey-record-set/dns_v1beta1_dnsrecordset.yaml
build-images	dev/tasks/build-images	2026-08-22T07:28:15.5420926Z #63 68.23 ./samples/resources/dnsrecordset/dnssec-ds-record-set/
build-images	dev/tasks/build-images	2026-08-22T07:28:15.5421460Z #63 68.23 ./samples/resources/dnsrecordset/dnssec-ds-record-set/dns_v1beta1_dnsmanagedzone.yaml
build-images	dev/tasks/build-images	2026-08-22T07:28:15.5422208Z #63 68.23 ./samples/resources/dnsrecordset/dnssec-ds-record-set/dns_v1beta1_dnsrecordset.yaml
build-images	dev/tasks/build-images	2026-08-22T07:28:15.5422474Z #63 68.23 ./samples/resources/computetargethttpsproxy/
build-images	dev/tasks/build-images	2026-08-22T07:28:15.5422960Z #63 68.23 ./samples/resources/computetargethttpsproxy/target-https-proxy-with-ssl-certificates/
build-images	dev/tasks/build-images	2026-08-22T07:28:15.5423709Z #63 68.23 ./samples/resources/computetargethttpsproxy/target-https-proxy-with-ssl-certificates/compute_v1beta1_computeurlmap.yaml
build-images	dev/tasks/build-images	2026-08-22T07:28:15.5424606Z #63 68.23 ./samples/resources/computetargethttpsproxy/target-https-proxy-with-ssl-certificates/compute_v1beta1_computesslpolicy.yaml
build-images	dev/tasks/build-images	2026-08-22T07:28:15.5425387Z #63 68.23 ./samples/resources/computetargethttpsproxy/target-https-proxy-with-ssl-certificates/compute_v1beta1_computebackendservice.yaml
build-images	dev/tasks/build-images	2026-08-22T07:28:15.5426224Z #63 68.23 ./samples/resources/computetargethttpsproxy/target-https-proxy-with-ssl-certificates/secret.yaml
build-images	dev/tasks/build-images	2026-08-22T07:28:15.5427187Z #63 68.23 ./samples/resources/computetargethttpsproxy/target-https-proxy-with-ssl-certificates/compute_v1beta1_computetargethttpsproxy.yaml
build-images	dev/tasks/build-images	2026-08-22T07:28:15.5428015Z #63 68.23 ./samples/resources/computetargethttpsproxy/target-https-proxy-with-ssl-certificates/compute_v1beta1_computesslcertificate.yaml
build-images	dev/tasks/build-images	2026-08-22T07:28:15.5428770Z #63 68.23 ./samples/resources/computetargethttpsproxy/target-https-proxy-with-ssl-certificates/compute_v1beta1_computehealthcheck.yaml
build-images	dev/tasks/build-images	2026-08-22T07:28:15.5429476Z #63 68.23 ./samples/resources/computetargethttpsproxy/target-https-proxy-with-certificate-manager-certificates/
build-images	dev/tasks/build-images	2026-08-22T07:28:15.5430420Z #63 68.23 ./samples/resources/computetargethttpsproxy/target-https-proxy-with-certificate-manager-certificates/compute_v1beta1_computeurlmap.yaml
build-images	dev/tasks/build-images	2026-08-22T07:28:15.5431532Z #63 68.23 ./samples/resources/computetargethttpsproxy/target-https-proxy-with-certificate-manager-certificates/certificatemanager_v1beta1_certificatemanagercertificate.yaml
build-images	dev/tasks/build-images	2026-08-22T07:28:15.5432711Z #63 68.23 ./samples/resources/computetargethttpsproxy/target-https-proxy-with-certificate-manager-certificates/compute_v1beta1_computebackendservice.yaml
build-images	dev/tasks/build-images	2026-08-22T07:28:15.5433485Z #63 68.23 ./samples/resources/computetargethttpsproxy/target-https-proxy-with-certificate-manager-certificates/secret.yaml
build-images	dev/tasks/build-images	2026-08-22T07:28:15.5434420Z #63 68.23 ./samples/resources/computetargethttpsproxy/target-https-proxy-with-certificate-manager-certificates/compute_v1beta1_computetargethttpsproxy.yaml
build-images	dev/tasks/build-images	2026-08-22T07:28:15.5434749Z #63 68.23 ./samples/resources/computefirewallpolicyassociation/
build-images	dev/tasks/build-images	2026-08-22T07:28:15.5435445Z #63 68.23 ./samples/resources/computefirewallpolicyassociation/association-with-organization-attachment-target/
build-images	dev/tasks/build-images	2026-08-22T07:28:15.5436441Z #63 68.23 ./samples/resources/computefirewallpolicyassociation/association-with-organization-attachment-target/compute_v1beta1_computefirewallpolicyassociation.yaml
build-images	dev/tasks/build-images	2026-08-22T07:28:15.5437408Z #63 68.23 ./samples/resources/computefirewallpolicyassociation/association-with-organization-attachment-target/compute_v1beta1_computefirewallpolicy.yaml
build-images	dev/tasks/build-images	2026-08-22T07:28:15.5437994Z #63 68.23 ./samples/resources/computefirewallpolicyassociation/association-with-folder-attachment-target/
build-images	dev/tasks/build-images	2026-08-22T07:28:15.5438811Z #63 68.23 ./samples/resources/computefirewallpolicyassociation/association-with-folder-attachment-target/resourcemanager_v1beta1_folder.yaml
build-images	dev/tasks/build-images	2026-08-22T07:28:15.5439808Z #63 68.23 ./samples/resources/computefirewallpolicyassociation/association-with-folder-attachment-target/compute_v1beta1_computefirewallpolicyassociation.yaml
build-images	dev/tasks/build-images	2026-08-22T07:28:15.5440768Z #63 68.23 ./samples/resources/computefirewallpolicyassociation/association-with-folder-attachment-target/compute_v1beta1_computefirewallpolicy.yaml
build-images	dev/tasks/build-images	2026-08-22T07:28:15.5441060Z #63 68.23 ./samples/resources/servicenetworkingconnection/
build-images	dev/tasks/build-images	2026-08-22T07:28:15.5441557Z #63 68.23 ./samples/resources/servicenetworkingconnection/compute_v1beta1_computeaddress.yaml
build-images	dev/tasks/build-images	2026-08-22T07:28:15.5442402Z #63 68.23 ./samples/resources/servicenetworkingconnection/servicenetworking_v1beta1_servicenetworkingconnection.yaml
build-images	dev/tasks/build-images	2026-08-22T07:28:15.5442912Z #63 68.23 ./samples/resources/servicenetworkingconnection/compute_v1beta1_computenetwork.yaml
build-images	dev/tasks/build-images	2026-08-22T07:28:15.5443159Z #63 68.24 ./samples/resources/memorystoreinstance/
build-images	dev/tasks/build-images	2026-08-22T07:28:15.5443687Z #63 68.24 ./samples/resources/memorystoreinstance/memorystore_v1beta1_memorystoreinstance.yaml
build-images	dev/tasks/build-images	2026-08-22T07:28:15.5444099Z #63 68.24 ./samples/resources/memorystoreinstance/compute_v1beta1_computesubnetwork.yaml
build-images	dev/tasks/build-images	2026-08-22T07:28:15.5444507Z #63 68.24 ./samples/resources/memorystoreinstance/compute_v1beta1_computenetwork.yaml
build-images	dev/tasks/build-images	2026-08-22T07:28:15.5445292Z #63 68.24 ./samples/resources/memorystoreinstance/networkconnectivity_v1alpha1_networkconnectivityserviceconnectionpolicy.yaml
build-images	dev/tasks/build-images	2026-08-22T07:28:15.5445582Z #63 68.24 ./samples/resources/certificatemanagercertificate/
build-images	dev/tasks/build-images	2026-08-22T07:28:15.5446164Z #63 68.24 ./samples/resources/certificatemanagercertificate/self-managed-certificate/
build-images	dev/tasks/build-images	2026-08-22T07:28:15.5447193Z #63 68.24 ./samples/resources/certificatemanagercertificate/self-managed-certificate/certificatemanager_v1beta1_certificatemanagercertificate.yaml
build-images	dev/tasks/build-images	2026-08-22T07:28:15.5447678Z #63 68.24 ./samples/resources/certificatemanagercertificate/self-managed-certificate/secret.yaml
build-images	dev/tasks/build-images	2026-08-22T07:28:15.5448134Z #63 68.24 ./samples/resources/certificatemanagercertificate/managed-dns-certificate/
build-images	dev/tasks/build-images	2026-08-22T07:28:15.5449005Z #63 68.24 ./samples/resources/certificatemanagercertificate/managed-dns-certificate/certificatamanager_v1beta1_certificatemanagerdnsauthorization.yaml
build-images	dev/tasks/build-images	2026-08-22T07:28:15.5449895Z #63 68.24 ./samples/resources/certificatemanagercertificate/managed-dns-certificate/certificatemanager_v1beta1_certificatemanagercertificate.yaml
build-images	dev/tasks/build-images	2026-08-22T07:28:15.5450139Z #63 68.24 ./samples/resources/cloudschedulerjob/
build-images	dev/tasks/build-images	2026-08-22T07:28:15.5450494Z #63 68.24 ./samples/resources/cloudschedulerjob/scheduler-job-pubsub/
build-images	dev/tasks/build-images	2026-08-22T07:28:15.5451173Z #63 68.24 ./samples/resources/cloudschedulerjob/scheduler-job-pubsub/cloudscheduler_v1beta1_cloudschedulerjob.yaml
build-images	dev/tasks/build-images	2026-08-22T07:28:15.5451978Z #63 68.24 ./samples/resources/cloudschedulerjob/scheduler-job-pubsub/pubsub_v1beta1_pubsubtopic.yaml
build-images	dev/tasks/build-images	2026-08-22T07:28:15.5452275Z #63 68.24 ./samples/resources/cloudschedulerjob/scheduler-job-oauth/
build-images	dev/tasks/build-images	2026-08-22T07:28:15.5452899Z #63 68.24 ./samples/resources/cloudschedulerjob/scheduler-job-oauth/cloudscheduler_v1beta1_cloudschedulerjob.yaml
build-images	dev/tasks/build-images	2026-08-22T07:28:15.5453482Z #63 68.24 ./samples/resources/cloudschedulerjob/scheduler-job-oauth/iam_v1beta1_iamserviceaccount.yaml
build-images	dev/tasks/build-images	2026-08-22T07:28:15.5453801Z #63 68.24 ./samples/resources/cloudschedulerjob/scheduler-job-http/
build-images	dev/tasks/build-images	2026-08-22T07:28:15.5454365Z #63 68.24 ./samples/resources/cloudschedulerjob/scheduler-job-http/cloudscheduler_v1beta1_cloudschedulerjob.yaml
build-images	dev/tasks/build-images	2026-08-22T07:28:15.5454619Z #63 68.24 ./samples/resources/monitoringnotificationchannel/
build-images	dev/tasks/build-images	2026-08-22T07:28:15.5455180Z #63 68.24 ./samples/resources/monitoringnotificationchannel/sms-monitoring-notification-channel/
build-images	dev/tasks/build-images	2026-08-22T07:28:15.5456145Z #63 68.24 ./samples/resources/monitoringnotificationchannel/sms-monitoring-notification-channel/monitoring_v1beta1_monitoringnotificationchannel.yaml
build-images	dev/tasks/build-images	2026-08-22T07:28:15.5456659Z #63 68.24 ./samples/resources/monitoringnotificationchannel/pubsub-monitoring-notification-channel/
build-images	dev/tasks/build-images	2026-08-22T07:28:15.5457441Z #63 68.24 ./samples/resources/monitoringnotificationchannel/pubsub-monitoring-notification-channel/iam_v1beta1_iampolicymember.yaml
build-images	dev/tasks/build-images	2026-08-22T07:28:15.5458194Z #63 68.24 ./samples/resources/monitoringnotificationchannel/pubsub-monitoring-notification-channel/pubsub_v1beta1_pubsubtopic.yaml
build-images	dev/tasks/build-images	2026-08-22T07:28:15.5459133Z #63 68.24 ./samples/resources/monitoringnotificationchannel/pubsub-monitoring-notification-channel/monitoring_v1beta1_monitoringnotificationchannel.yaml
build-images	dev/tasks/build-images	2026-08-22T07:28:15.5459713Z #63 68.24 ./samples/resources/monitoringnotificationchannel/disabled-email-monitoring-notification-channel/
build-images	dev/tasks/build-images	2026-08-22T07:28:15.5460747Z #63 68.24 ./samples/resources/monitoringnotificationchannel/disabled-email-monitoring-notification-channel/monitoring_v1beta1_monitoringnotificationchannel.yaml
build-images	dev/tasks/build-images	2026-08-22T07:28:15.5461440Z #63 68.24 ./samples/resources/monitoringnotificationchannel/basicauth-webhook-monitoring-notification-channel/
build-images	dev/tasks/build-images	2026-08-22T07:28:15.5462382Z #63 68.24 ./samples/resources/monitoringnotificationchannel/basicauth-webhook-monitoring-notification-channel/secret.yaml
build-images	dev/tasks/build-images	2026-08-22T07:28:15.5463366Z #63 68.24 ./samples/resources/monitoringnotificationchannel/basicauth-webhook-monitoring-notification-channel/monitoring_v1beta1_monitoringnotificationchannel.yaml
build-images	dev/tasks/build-images	2026-08-22T07:28:15.5463601Z #63 68.24 ./samples/resources/logginglogmetric/
build-images	dev/tasks/build-images	2026-08-22T07:28:15.5463908Z #63 68.24 ./samples/resources/logginglogmetric/int-log-metric/
build-images	dev/tasks/build-images	2026-08-22T07:28:15.5464450Z #63 68.24 ./samples/resources/logginglogmetric/int-log-metric/logging_v1beta1_logginglogmetric.yaml
build-images	dev/tasks/build-images	2026-08-22T07:28:15.5464936Z #63 68.24 ./samples/resources/logginglogmetric/explicit-log-metric/
build-images	dev/tasks/build-images	2026-08-22T07:28:15.5465608Z #63 68.24 ./samples/resources/logginglogmetric/explicit-log-metric/logging_v1beta1_logginglogmetric.yaml
build-images	dev/tasks/build-images	2026-08-22T07:28:15.5465940Z #63 68.25 ./samples/resources/logginglogmetric/exponential-log-metric/
build-images	dev/tasks/build-images	2026-08-22T07:28:15.5466566Z #63 68.25 ./samples/resources/logginglogmetric/exponential-log-metric/logging_v1beta1_logginglogmetric.yaml
build-images	dev/tasks/build-images	2026-08-22T07:28:15.5466876Z #63 68.25 ./samples/resources/logginglogmetric/linear-log-metric/
build-images	dev/tasks/build-images	2026-08-22T07:28:15.5467401Z #63 68.25 ./samples/resources/logginglogmetric/linear-log-metric/logging_v1beta1_logginglogmetric.yaml
build-images	dev/tasks/build-images	2026-08-22T07:28:15.5467611Z #63 68.25 ./samples/resources/sourcereporepository/
build-images	dev/tasks/build-images	2026-08-22T07:28:15.5467997Z #63 68.25 ./samples/resources/sourcereporepository/pubsub_v1beta1_pubsubtopic.yaml
build-images	dev/tasks/build-images	2026-08-22T07:28:15.5468516Z #63 68.25 ./samples/resources/sourcereporepository/sourcerepo_v1beta1_sourcereporepository.yaml
build-images	dev/tasks/build-images	2026-08-22T07:28:15.5468958Z #63 68.25 ./samples/resources/sourcereporepository/iam_v1beta1_iamserviceaccount.yaml
build-images	dev/tasks/build-images	2026-08-22T07:28:15.5469152Z #63 68.25 ./samples/resources/spannerinstance/
build-images	dev/tasks/build-images	2026-08-22T07:28:15.5469521Z #63 68.25 ./samples/resources/spannerinstance/spanner_v1beta1_spannerinstance.yaml
build-images	dev/tasks/build-images	2026-08-22T07:28:15.5469808Z #63 68.25 ./samples/resources/accesscontextmanageraccesslevel/
build-images	dev/tasks/build-images	2026-08-22T07:28:15.5470568Z #63 68.25 ./samples/resources/accesscontextmanageraccesslevel/accesscontextmanager_v1beta1_accesscontextmanageraccesslevel.yaml
build-images	dev/tasks/build-images	2026-08-22T07:28:15.5471297Z #63 68.25 ./samples/resources/accesscontextmanageraccesslevel/accesscontextmanager_v1beta1_accesscontextmanageraccesspolicy.yaml
build-images	dev/tasks/build-images	2026-08-22T07:28:15.5471612Z #63 68.25 ./samples/resources/monitoringservicelevelobjective/
build-images	dev/tasks/build-images	2026-08-22T07:28:15.5472375Z #63 68.25 ./samples/resources/monitoringservicelevelobjective/window-based-gtr-distribution-cut/
build-images	dev/tasks/build-images	2026-08-22T07:28:15.5473260Z #63 68.25 ./samples/resources/monitoringservicelevelobjective/window-based-gtr-distribution-cut/monitoring_v1beta1_monitoringservice.yaml
build-images	dev/tasks/build-images	2026-08-22T07:28:15.5474212Z #63 68.25 ./samples/resources/monitoringservicelevelobjective/window-based-gtr-distribution-cut/monitoring_v1beta1_monitoringservicelevelobjective.yaml
build-images	dev/tasks/build-images	2026-08-22T07:28:15.5474716Z #63 68.25 ./samples/resources/monitoringservicelevelobjective/window-based-good-bad-metric-filter/
build-images	dev/tasks/build-images	2026-08-22T07:28:15.5475579Z #63 68.25 ./samples/resources/monitoringservicelevelobjective/window-based-good-bad-metric-filter/monitoring_v1beta1_monitoringservice.yaml
build-images	dev/tasks/build-images	2026-08-22T07:28:15.5476471Z #63 68.25 ./samples/resources/monitoringservicelevelobjective/window-based-good-bad-metric-filter/monitoring_v1beta1_monitoringservicelevelobjective.yaml
build-images	dev/tasks/build-images	2026-08-22T07:28:15.5477064Z #63 68.25 ./samples/resources/monitoringservicelevelobjective/request-based-gtr-total-service-filter/
build-images	dev/tasks/build-images	2026-08-22T07:28:15.5477960Z #63 68.25 ./samples/resources/monitoringservicelevelobjective/request-based-gtr-total-service-filter/monitoring_v1beta1_monitoringservice.yaml
build-images	dev/tasks/build-images	2026-08-22T07:28:15.5478882Z #63 68.25 ./samples/resources/monitoringservicelevelobjective/request-based-gtr-total-service-filter/monitoring_v1beta1_monitoringservicelevelobjective.yaml
build-images	dev/tasks/build-images	2026-08-22T07:28:15.5479421Z #63 68.25 ./samples/resources/monitoringservicelevelobjective/window-based-metric-mean-filter/
build-images	dev/tasks/build-images	2026-08-22T07:28:15.5480163Z #63 68.25 ./samples/resources/monitoringservicelevelobjective/window-based-metric-mean-filter/monitoring_v1beta1_monitoringservice.yaml
build-images	dev/tasks/build-images	2026-08-22T07:28:15.5481035Z #63 68.25 ./samples/resources/monitoringservicelevelobjective/window-based-metric-mean-filter/monitoring_v1beta1_monitoringservicelevelobjective.yaml
build-images	dev/tasks/build-images	2026-08-22T07:28:15.5481529Z #63 68.25 ./samples/resources/monitoringservicelevelobjective/request-based-good-total-ratio/
build-images	dev/tasks/build-images	2026-08-22T07:28:15.5482629Z #63 68.25 ./samples/resources/monitoringservicelevelobjective/request-based-good-total-ratio/monitoring_v1beta1_monitoringservice.yaml
build-images	dev/tasks/build-images	2026-08-22T07:28:15.5483591Z #63 68.25 ./samples/resources/monitoringservicelevelobjective/request-based-good-total-ratio/monitoring_v1beta1_monitoringservicelevelobjective.yaml
build-images	dev/tasks/build-images	2026-08-22T07:28:15.5484577Z #63 68.25 ./samples/resources/monitoringservicelevelobjective/window-based-gtr-performance-gtr-total-service-filter/
build-images	dev/tasks/build-images	2026-08-22T07:28:15.5485556Z #63 68.25 ./samples/resources/monitoringservicelevelobjective/window-based-gtr-performance-gtr-total-service-filter/monitoring_v1beta1_monitoringservice.yaml
build-images	dev/tasks/build-images	2026-08-22T07:28:15.5486659Z #63 68.25 ./samples/resources/monitoringservicelevelobjective/window-based-gtr-performance-gtr-total-service-filter/monitoring_v1beta1_monitoringservicelevelobjective.yaml
build-images	dev/tasks/build-images	2026-08-22T07:28:15.5487144Z #63 68.25 ./samples/resources/monitoringservicelevelobjective/window-based-metric-sum-filter/
build-images	dev/tasks/build-images	2026-08-22T07:28:15.5487930Z #63 68.25 ./samples/resources/monitoringservicelevelobjective/window-based-metric-sum-filter/monitoring_v1beta1_monitoringservice.yaml
build-images	dev/tasks/build-images	2026-08-22T07:28:15.5488795Z #63 68.25 ./samples/resources/monitoringservicelevelobjective/window-based-metric-sum-filter/monitoring_v1beta1_monitoringservicelevelobjective.yaml
build-images	dev/tasks/build-images	2026-08-22T07:28:15.5489294Z #63 68.25 ./samples/resources/monitoringservicelevelobjective/window-based-gtr-performance-gtr/
build-images	dev/tasks/build-images	2026-08-22T07:28:15.5490164Z #63 68.25 ./samples/resources/monitoringservicelevelobjective/window-based-gtr-performance-gtr/monitoring_v1beta1_monitoringservice.yaml
build-images	dev/tasks/build-images	2026-08-22T07:28:15.5491144Z #63 68.25 ./samples/resources/monitoringservicelevelobjective/window-based-gtr-performance-gtr/monitoring_v1beta1_monitoringservicelevelobjective.yaml
build-images	dev/tasks/build-images	2026-08-22T07:28:15.5491892Z #63 68.25 ./samples/resources/monitoringservicelevelobjective/request-based-distribution-cut/
build-images	dev/tasks/build-images	2026-08-22T07:28:15.5492654Z #63 68.25 ./samples/resources/monitoringservicelevelobjective/request-based-distribution-cut/monitoring_v1beta1_monitoringservice.yaml
build-images	dev/tasks/build-images	2026-08-22T07:28:15.5493563Z #63 68.25 ./samples/resources/monitoringservicelevelobjective/request-based-distribution-cut/monitoring_v1beta1_monitoringservicelevelobjective.yaml
build-images	dev/tasks/build-images	2026-08-22T07:28:15.5493798Z #63 68.25 ./samples/resources/bigtabletable/
build-images	dev/tasks/build-images	2026-08-22T07:28:15.5494234Z #63 68.25 ./samples/resources/bigtabletable/bigtable_v1beta1_bigtableinstance.yaml
build-images	dev/tasks/build-images	2026-08-22T07:28:15.5494597Z #63 68.25 ./samples/resources/bigtabletable/bigtable_v1beta1_bigtabletable.yaml
build-images	dev/tasks/build-images	2026-08-22T07:28:15.5494770Z #63 68.25 ./samples/resources/alloydbuser/
build-images	dev/tasks/build-images	2026-08-22T07:28:15.5494995Z #63 68.25 ./samples/resources/alloydbuser/database-user/
build-images	dev/tasks/build-images	2026-08-22T07:28:15.5495450Z #63 68.25 ./samples/resources/alloydbuser/database-user/compute_v1beta1_computeaddress.yaml
build-images	dev/tasks/build-images	2026-08-22T07:28:15.5496092Z #63 68.25 ./samples/resources/alloydbuser/database-user/servicenetworking_v1beta1_servicenetworkingconnection.yaml
build-images	dev/tasks/build-images	2026-08-22T07:28:15.5496514Z #63 68.25 ./samples/resources/alloydbuser/database-user/alloydb_v1beta1_alloydbinstance.yaml
build-images	dev/tasks/build-images	2026-08-22T07:28:15.5496966Z #63 68.25 ./samples/resources/alloydbuser/database-user/alloydb_v1beta1_alloydbcluster.yaml
build-images	dev/tasks/build-images	2026-08-22T07:28:15.5497425Z #63 68.25 ./samples/resources/alloydbuser/database-user/compute_v1beta1_computenetwork.yaml
build-images	dev/tasks/build-images	2026-08-22T07:28:15.5497829Z #63 68.25 ./samples/resources/alloydbuser/database-user/alloydb_v1beta1_alloydbuser.yaml
build-images	dev/tasks/build-images	2026-08-22T07:28:15.5498045Z #63 68.25 ./samples/resources/alloydbuser/iam-user/
build-images	dev/tasks/build-images	2026-08-22T07:28:15.5498486Z #63 68.25 ./samples/resources/alloydbuser/iam-user/compute_v1beta1_computeaddress.yaml
build-images	dev/tasks/build-images	2026-08-22T07:28:15.5499115Z #63 68.25 ./samples/resources/alloydbuser/iam-user/servicenetworking_v1beta1_servicenetworkingconnection.yaml
build-images	dev/tasks/build-images	2026-08-22T07:28:15.5499562Z #63 68.26 ./samples/resources/alloydbuser/iam-user/alloydb_v1beta1_alloydbinstance.yaml
build-images	dev/tasks/build-images	2026-08-22T07:28:15.5500011Z #63 68.26 ./samples/resources/alloydbuser/iam-user/alloydb_v1beta1_alloydbcluster.yaml
build-images	dev/tasks/build-images	2026-08-22T07:28:15.5500436Z #63 68.26 ./samples/resources/alloydbuser/iam-user/compute_v1beta1_computenetwork.yaml
build-images	dev/tasks/build-images	2026-08-22T07:28:15.5500804Z #63 68.26 ./samples/resources/alloydbuser/iam-user/alloydb_v1beta1_alloydbuser.yaml
build-images	dev/tasks/build-images	2026-08-22T07:28:15.5500982Z #63 68.26 ./samples/resources/pubsubtopic/
build-images	dev/tasks/build-images	2026-08-22T07:28:15.5501548Z #63 68.26 ./samples/resources/pubsubtopic/pubsub_v1beta1_pubsubtopic.yaml
build-images	dev/tasks/build-images	2026-08-22T07:28:15.5502285Z #63 68.26 ./samples/resources/pubsubtopic/pubsub_v1beta1_pubsubschema.yaml
build-images	dev/tasks/build-images	2026-08-22T07:28:15.5502517Z #63 68.26 ./samples/resources/kmsautokeyconfig/
build-images	dev/tasks/build-images	2026-08-22T07:28:15.5502889Z #63 68.26 ./samples/resources/kmsautokeyconfig/kms_v1beta1_kmsautokeyconfig.yaml
build-images	dev/tasks/build-images	2026-08-22T07:28:15.5503080Z #63 68.26 ./samples/resources/computefirewall/
build-images	dev/tasks/build-images	2026-08-22T07:28:15.5503358Z #63 68.26 ./samples/resources/computefirewall/allow-rule-firewall/
build-images	dev/tasks/build-images	2026-08-22T07:28:15.5503894Z #63 68.26 ./samples/resources/computefirewall/allow-rule-firewall/compute_v1beta1_computenetwork.yaml
build-images	dev/tasks/build-images	2026-08-22T07:28:15.5504478Z #63 68.26 ./samples/resources/computefirewall/allow-rule-firewall/compute_v1beta1_computefirewall.yaml
build-images	dev/tasks/build-images	2026-08-22T07:28:15.5504767Z #63 68.26 ./samples/resources/computefirewall/deny-rule-firewall/
build-images	dev/tasks/build-images	2026-08-22T07:28:15.5505254Z #63 68.26 ./samples/resources/computefirewall/deny-rule-firewall/compute_v1beta1_computenetwork.yaml
build-images	dev/tasks/build-images	2026-08-22T07:28:15.5505798Z #63 68.26 ./samples/resources/computefirewall/deny-rule-firewall/compute_v1beta1_computefirewall.yaml
build-images	dev/tasks/build-images	2026-08-22T07:28:15.5506030Z #63 68.26 ./samples/resources/edgenetworknetwork/
build-images	dev/tasks/build-images	2026-08-22T07:28:15.5506478Z #63 68.26 ./samples/resources/edgenetworknetwork/edgenetwork_v1beta1_edgenetworknetwork.yaml
build-images	dev/tasks/build-images	2026-08-22T07:28:15.5506692Z #63 68.26 ./samples/resources/monitoringalertpolicy/
build-images	dev/tasks/build-images	2026-08-22T07:28:15.5507122Z #63 68.26 ./samples/resources/monitoringalertpolicy/instance-performance-alert-policy/
build-images	dev/tasks/build-images	2026-08-22T07:28:15.5507960Z #63 68.26 ./samples/resources/monitoringalertpolicy/instance-performance-alert-policy/monitoring_v1beta1_monitoringnotificationchannel.yaml
build-images	dev/tasks/build-images	2026-08-22T07:28:15.5508699Z #63 68.26 ./samples/resources/monitoringalertpolicy/instance-performance-alert-policy/monitoring_v1beta1_monitoringalertpolicy.yaml
build-images	dev/tasks/build-images	2026-08-22T07:28:15.5509179Z #63 68.26 ./samples/resources/monitoringalertpolicy/network-connectivity-alert-policy/
build-images	dev/tasks/build-images	2026-08-22T07:28:15.5510066Z #63 68.26 ./samples/resources/monitoringalertpolicy/network-connectivity-alert-policy/monitoring_v1beta1_monitoringnotificationchannel.yaml
build-images	dev/tasks/build-images	2026-08-22T07:28:15.5510881Z #63 68.26 ./samples/resources/monitoringalertpolicy/network-connectivity-alert-policy/monitoring_v1beta1_monitoringalertpolicy.yaml
build-images	dev/tasks/build-images	2026-08-22T07:28:15.5511148Z #63 68.26 ./samples/resources/networksecurityservertlspolicy/
build-images	dev/tasks/build-images	2026-08-22T07:28:15.5512600Z #63 68.26 ./samples/resources/networksecurityservertlspolicy/networksecurity_v1beta1_networksecurityservertlspolicy.yaml
build-images	dev/tasks/build-images	2026-08-22T07:28:15.5512877Z #63 68.26 ./samples/resources/cloudidsendpoint/
build-images	dev/tasks/build-images	2026-08-22T07:28:15.5513312Z #63 68.26 ./samples/resources/cloudidsendpoint/compute_v1beta1_computeaddress.yaml
build-images	dev/tasks/build-images	2026-08-22T07:28:15.5513885Z #63 68.26 ./samples/resources/cloudidsendpoint/servicenetworking_v1beta1_servicenetworkingconnection.yaml
build-images	dev/tasks/build-images	2026-08-22T07:28:15.5514258Z #63 68.26 ./samples/resources/cloudidsendpoint/compute_v1beta1_computenetwork.yaml
build-images	dev/tasks/build-images	2026-08-22T07:28:15.5514698Z #63 68.26 ./samples/resources/cloudidsendpoint/cloudids_v1beta1_cloudidsendpoint.yaml
build-images	dev/tasks/build-images	2026-08-22T07:28:15.5514974Z #63 68.26 ./samples/resources/dataflowflextemplatejob/
build-images	dev/tasks/build-images	2026-08-22T07:28:15.5515492Z #63 68.26 ./samples/resources/dataflowflextemplatejob/streaming-dataflow-flex-template-job/
build-images	dev/tasks/build-images	2026-08-22T07:28:15.5516216Z #63 68.26 ./samples/resources/dataflowflextemplatejob/streaming-dataflow-flex-template-job/bigquery_v1beta1_bigquerydataset.yaml
build-images	dev/tasks/build-images	2026-08-22T07:28:15.5516961Z #63 68.26 ./samples/resources/dataflowflextemplatejob/streaming-dataflow-flex-template-job/pubsub_v1beta1_pubsubsubscription.yaml
build-images	dev/tasks/build-images	2026-08-22T07:28:15.5517625Z #63 68.26 ./samples/resources/dataflowflextemplatejob/streaming-dataflow-flex-template-job/pubsub_v1beta1_pubsubtopic.yaml
build-images	dev/tasks/build-images	2026-08-22T07:28:15.5518336Z #63 68.26 ./samples/resources/dataflowflextemplatejob/streaming-dataflow-flex-template-job/bigquery_v1beta1_bigquerytable.yaml
build-images	dev/tasks/build-images	2026-08-22T07:28:15.5519087Z #63 68.26 ./samples/resources/dataflowflextemplatejob/streaming-dataflow-flex-template-job/dataflow_v1beta1_dataflowflextemplatejob.yaml
build-images	dev/tasks/build-images	2026-08-22T07:28:15.5519906Z #63 68.26 ./samples/resources/dataflowflextemplatejob/batch-dataflow-flex-template-job/
build-images	dev/tasks/build-images	2026-08-22T07:28:15.5520641Z #63 68.26 ./samples/resources/dataflowflextemplatejob/batch-dataflow-flex-template-job/storage_v1beta1_storagebucket.yaml
build-images	dev/tasks/build-images	2026-08-22T07:28:15.5521432Z #63 68.26 ./samples/resources/dataflowflextemplatejob/batch-dataflow-flex-template-job/dataflow_v1beta1_dataflowflextemplatejob.yaml
build-images	dev/tasks/build-images	2026-08-22T07:28:15.5521626Z #63 68.26 ./samples/resources/logginglogsink/
build-images	dev/tasks/build-images	2026-08-22T07:28:15.5522083Z #63 68.26 ./samples/resources/logginglogsink/folder-sink/
build-images	dev/tasks/build-images	2026-08-22T07:28:15.5522542Z #63 68.26 ./samples/resources/logginglogsink/folder-sink/resourcemanager_v1beta1_folder.yaml
build-images	dev/tasks/build-images	2026-08-22T07:28:15.5523062Z #63 68.26 ./samples/resources/logginglogsink/folder-sink/bigquery_v1beta1_bigquerydataset.yaml
build-images	dev/tasks/build-images	2026-08-22T07:28:15.5523522Z #63 68.26 ./samples/resources/logginglogsink/folder-sink/logging_v1beta1_logginglogsink.yaml
build-images	dev/tasks/build-images	2026-08-22T07:28:15.5523788Z #63 68.26 ./samples/resources/logginglogsink/organization-sink/
build-images	dev/tasks/build-images	2026-08-22T07:28:15.5524272Z #63 68.26 ./samples/resources/logginglogsink/organization-sink/storage_v1beta1_storagebucket.yaml
build-images	dev/tasks/build-images	2026-08-22T07:28:15.5524800Z #63 68.26 ./samples/resources/logginglogsink/organization-sink/logging_v1beta1_logginglogsink.yaml
build-images	dev/tasks/build-images	2026-08-22T07:28:15.5525032Z #63 68.26 ./samples/resources/logginglogsink/project-sink/
build-images	dev/tasks/build-images	2026-08-22T07:28:15.5525441Z #63 68.26 ./samples/resources/logginglogsink/project-sink/pubsub_v1beta1_pubsubtopic.yaml
build-images	dev/tasks/build-images	2026-08-22T07:28:15.5525929Z #63 68.26 ./samples/resources/logginglogsink/project-sink/resourcemanager_v1beta1_project.yaml
build-images	dev/tasks/build-images	2026-08-22T07:28:15.5526385Z #63 68.26 ./samples/resources/logginglogsink/project-sink/logging_v1beta1_logginglogsink.yaml
build-images	dev/tasks/build-images	2026-08-22T07:28:15.5526613Z #63 68.26 ./samples/resources/dataprocworkflowtemplate/
build-images	dev/tasks/build-images	2026-08-22T07:28:15.5527166Z #63 68.26 ./samples/resources/dataprocworkflowtemplate/dataproc_v1beta1_dataprocautoscalingpolicy.yaml
build-images	dev/tasks/build-images	2026-08-22T07:28:15.5527758Z #63 68.26 ./samples/resources/dataprocworkflowtemplate/dataproc_v1beta1_dataprocworkflowtemplate.yaml
build-images	dev/tasks/build-images	2026-08-22T07:28:15.5528101Z #63 68.26 ./samples/resources/certificatemanagerdnsauthorization/
build-images	dev/tasks/build-images	2026-08-22T07:28:15.5528946Z #63 68.26 ./samples/resources/certificatemanagerdnsauthorization/certificatamanager_v1beta1_certificatemanagerdnsauthorization.yaml
build-images	dev/tasks/build-images	2026-08-22T07:28:15.5529203Z #63 68.26 ./samples/resources/computeinstancetemplate/
build-images	dev/tasks/build-images	2026-08-22T07:28:15.5529661Z #63 68.26 ./samples/resources/computeinstancetemplate/compute_v1beta1_computesubnetwork.yaml
build-images	dev/tasks/build-images	2026-08-22T07:28:15.5530061Z #63 68.26 ./samples/resources/computeinstancetemplate/compute_v1beta1_computeimage.yaml
build-images	dev/tasks/build-images	2026-08-22T07:28:15.5530597Z #63 68.26 ./samples/resources/computeinstancetemplate/compute_v1beta1_computeinstancetemplate.yaml
build-images	dev/tasks/build-images	2026-08-22T07:28:15.5531076Z #63 68.26 ./samples/resources/computeinstancetemplate/compute_v1beta1_computenetwork.yaml
build-images	dev/tasks/build-images	2026-08-22T07:28:15.5531526Z #63 68.26 ./samples/resources/computeinstancetemplate/compute_v1beta1_computedisk.yaml
build-images	dev/tasks/build-images	2026-08-22T07:28:15.5532158Z #63 68.26 ./samples/resources/computeinstancetemplate/iam_v1beta1_iamserviceaccount.yaml
build-images	dev/tasks/build-images	2026-08-22T07:28:15.5532364Z #63 68.27 ./samples/resources/bigtableappprofile/
build-images	dev/tasks/build-images	2026-08-22T07:28:15.5532785Z #63 68.27 ./samples/resources/bigtableappprofile/single-cluster-bigtable-app-profile/
build-images	dev/tasks/build-images	2026-08-22T07:28:15.5533530Z #63 68.27 ./samples/resources/bigtableappprofile/single-cluster-bigtable-app-profile/bigtable_v1beta1_bigtableinstance.yaml
build-images	dev/tasks/build-images	2026-08-22T07:28:15.5534270Z #63 68.27 ./samples/resources/bigtableappprofile/single-cluster-bigtable-app-profile/bigtable_v1beta1_bigtableappprofile.yaml
build-images	dev/tasks/build-images	2026-08-22T07:28:15.5534669Z #63 68.27 ./samples/resources/bigtableappprofile/multicluster-bigtable-app-profile/
build-images	dev/tasks/build-images	2026-08-22T07:28:15.5535351Z #63 68.27 ./samples/resources/bigtableappprofile/multicluster-bigtable-app-profile/bigtable_v1beta1_bigtableinstance.yaml
build-images	dev/tasks/build-images	2026-08-22T07:28:15.5536013Z #63 68.27 ./samples/resources/bigtableappprofile/multicluster-bigtable-app-profile/bigtable_v1beta1_bigtableappprofile.yaml
build-images	dev/tasks/build-images	2026-08-22T07:28:15.5536746Z #63 68.27 ./samples/resources/bigtableappprofile/priority-bigtable-app-profile/
build-images	dev/tasks/build-images	2026-08-22T07:28:15.5537360Z #63 68.27 ./samples/resources/bigtableappprofile/priority-bigtable-app-profile/bigtable_v1beta1_bigtableinstance.yaml
build-images	dev/tasks/build-images	2026-08-22T07:28:15.5538089Z #63 68.27 ./samples/resources/bigtableappprofile/priority-bigtable-app-profile/bigtable_v1beta1_bigtableappprofile.yaml
build-images	dev/tasks/build-images	2026-08-22T07:28:15.5538307Z #63 68.27 ./samples/resources/workstationconfig/
build-images	dev/tasks/build-images	2026-08-22T07:28:15.5538631Z #63 68.27 ./samples/resources/workstationconfig/basic-workstationconfig/
build-images	dev/tasks/build-images	2026-08-22T07:28:15.5539210Z #63 68.27 ./samples/resources/workstationconfig/basic-workstationconfig/compute_v1beta1_computesubnetwork.yaml
build-images	dev/tasks/build-images	2026-08-22T07:28:15.5539883Z #63 68.27 ./samples/resources/workstationconfig/basic-workstationconfig/workstations_v1beta1_workstationconfig.yaml
build-images	dev/tasks/build-images	2026-08-22T07:28:15.5540502Z #63 68.27 ./samples/resources/workstationconfig/basic-workstationconfig/compute_v1beta1_computenetwork.yaml
build-images	dev/tasks/build-images	2026-08-22T07:28:15.5541140Z #63 68.27 ./samples/resources/workstationconfig/basic-workstationconfig/workstations_v1beta1_workstationcluster.yaml
build-images	dev/tasks/build-images	2026-08-22T07:28:15.5541344Z #63 68.27 ./samples/resources/cloudidentitygroup/
build-images	dev/tasks/build-images	2026-08-22T07:28:15.5542227Z #63 68.27 ./samples/resources/cloudidentitygroup/cloudidentity_v1beta1_cloudidentitygroup.yaml
build-images	dev/tasks/build-images	2026-08-22T07:28:15.5542405Z #63 68.27 ./samples/resources/folder/
build-images	dev/tasks/build-images	2026-08-22T07:28:15.5542608Z #63 68.27 ./samples/resources/folder/folder-in-org/
build-images	dev/tasks/build-images	2026-08-22T07:28:15.5543000Z #63 68.27 ./samples/resources/folder/folder-in-org/resourcemanager_v1beta1_folder.yaml
build-images	dev/tasks/build-images	2026-08-22T07:28:15.5543246Z #63 68.27 ./samples/resources/folder/folder-in-folder/
build-images	dev/tasks/build-images	2026-08-22T07:28:15.5543710Z #63 68.27 ./samples/resources/folder/folder-in-folder/resourcemanager_v1beta1_folder.yaml
build-images	dev/tasks/build-images	2026-08-22T07:28:15.5543960Z #63 68.27 ./samples/resources/cloudbuildworkerpool/
build-images	dev/tasks/build-images	2026-08-22T07:28:15.5544409Z #63 68.27 ./samples/resources/cloudbuildworkerpool/workerpool-with-default-network/
build-images	dev/tasks/build-images	2026-08-22T07:28:15.5545163Z #63 68.27 ./samples/resources/cloudbuildworkerpool/workerpool-with-default-network/cloudbuild_v1beta1_cloudbuildworkerpool.yaml
build-images	dev/tasks/build-images	2026-08-22T07:28:15.5545629Z #63 68.27 ./samples/resources/cloudbuildworkerpool/workerpool-with-peered-network/
build-images	dev/tasks/build-images	2026-08-22T07:28:15.5546352Z #63 68.27 ./samples/resources/cloudbuildworkerpool/workerpool-with-peered-network/compute_v1beta1_computeaddress.yaml
build-images	dev/tasks/build-images	2026-08-22T07:28:15.5547206Z #63 68.27 ./samples/resources/cloudbuildworkerpool/workerpool-with-peered-network/servicenetworking_v1beta1_servicenetworkingconnection.yaml
build-images	dev/tasks/build-images	2026-08-22T07:28:15.5547905Z #63 68.27 ./samples/resources/cloudbuildworkerpool/workerpool-with-peered-network/cloudbuild_v1beta1_cloudbuildworkerpool.yaml
build-images	dev/tasks/build-images	2026-08-22T07:28:15.5548537Z #63 68.27 ./samples/resources/cloudbuildworkerpool/workerpool-with-peered-network/compute_v1beta1_computenetwork.yaml
build-images	dev/tasks/build-images	2026-08-22T07:28:15.5548732Z #63 68.27 ./samples/resources/pubsubsubscription/
build-images	dev/tasks/build-images	2026-08-22T07:28:15.5549133Z #63 68.27 ./samples/resources/pubsubsubscription/bigquery-pubsub-subscription/
build-images	dev/tasks/build-images	2026-08-22T07:28:15.5549802Z #63 68.27 ./samples/resources/pubsubsubscription/bigquery-pubsub-subscription/iam_v1beta1_iampolicymember.yaml
build-images	dev/tasks/build-images	2026-08-22T07:28:15.5550475Z #63 68.27 ./samples/resources/pubsubsubscription/bigquery-pubsub-subscription/bigquery_v1beta1_bigquerydataset.yaml
build-images	dev/tasks/build-images	2026-08-22T07:28:15.5551180Z #63 68.27 ./samples/resources/pubsubsubscription/bigquery-pubsub-subscription/pubsub_v1beta1_pubsubsubscription.yaml
build-images	dev/tasks/build-images	2026-08-22T07:28:15.5552096Z #63 68.27 ./samples/resources/pubsubsubscription/bigquery-pubsub-subscription/pubsub_v1beta1_pubsubtopic.yaml
build-images	dev/tasks/build-images	2026-08-22T07:28:15.5552681Z #63 68.27 ./samples/resources/pubsubsubscription/bigquery-pubsub-subscription/bigquery_v1beta1_bigquerytable.yaml
build-images	dev/tasks/build-images	2026-08-22T07:28:15.5553039Z #63 68.27 ./samples/resources/pubsubsubscription/basic-pubsub-subscription/
build-images	dev/tasks/build-images	2026-08-22T07:28:15.5553705Z #63 68.27 ./samples/resources/pubsubsubscription/basic-pubsub-subscription/pubsub_v1beta1_pubsubsubscription.yaml
build-images	dev/tasks/build-images	2026-08-22T07:28:15.5554471Z #63 68.27 ./samples/resources/pubsubsubscription/basic-pubsub-subscription/pubsub_v1beta1_pubsubtopic.yaml
build-images	dev/tasks/build-images	2026-08-22T07:28:15.5554866Z #63 68.28 ./samples/resources/iamserviceaccountkey/
build-images	dev/tasks/build-images	2026-08-22T07:28:15.5555304Z #63 68.28 ./samples/resources/iamserviceaccountkey/iam_v1beta1_iamserviceaccountkey.yaml
build-images	dev/tasks/build-images	2026-08-22T07:28:15.5555753Z #63 68.28 ./samples/resources/iamserviceaccountkey/iam_v1beta1_iamserviceaccount.yaml
build-images	dev/tasks/build-images	2026-08-22T07:28:15.5555976Z #63 68.28 ./samples/resources/filestorebackup/
build-images	dev/tasks/build-images	2026-08-22T07:28:15.5556424Z #63 68.28 ./samples/resources/filestorebackup/filestore_v1beta1_filestoreinstance.yaml
build-images	dev/tasks/build-images	2026-08-22T07:28:15.5556790Z #63 68.28 ./samples/resources/filestorebackup/compute_v1beta1_computenetwork.yaml
build-images	dev/tasks/build-images	2026-08-22T07:28:15.5557169Z #63 68.28 ./samples/resources/filestorebackup/filestore_v1beta1_filestorebackup.yaml
build-images	dev/tasks/build-images	2026-08-22T07:28:15.5557372Z #63 68.28 ./samples/resources/workstationcluster/
build-images	dev/tasks/build-images	2026-08-22T07:28:15.5557910Z #63 68.28 ./samples/resources/workstationcluster/workstationcluster-with-privateclusterconfig/
build-images	dev/tasks/build-images	2026-08-22T07:28:15.5558682Z #63 68.28 ./samples/resources/workstationcluster/workstationcluster-with-privateclusterconfig/compute_v1beta1_computesubnetwork.yaml
build-images	dev/tasks/build-images	2026-08-22T07:28:15.5559460Z #63 68.28 ./samples/resources/workstationcluster/workstationcluster-with-privateclusterconfig/compute_v1beta1_computenetwork.yaml
build-images	dev/tasks/build-images	2026-08-22T07:28:15.5560227Z #63 68.28 ./samples/resources/workstationcluster/workstationcluster-with-privateclusterconfig/workstations_v1beta1_workstationcluster.yaml
build-images	dev/tasks/build-images	2026-08-22T07:28:15.5560592Z #63 68.28 ./samples/resources/workstationcluster/basic-workstationcluster/
build-images	dev/tasks/build-images	2026-08-22T07:28:15.5561257Z #63 68.28 ./samples/resources/workstationcluster/basic-workstationcluster/compute_v1beta1_computesubnetwork.yaml
build-images	dev/tasks/build-images	2026-08-22T07:28:15.5562091Z #63 68.28 ./samples/resources/workstationcluster/basic-workstationcluster/compute_v1beta1_computenetwork.yaml
build-images	dev/tasks/build-images	2026-08-22T07:28:15.5562806Z #63 68.28 ./samples/resources/workstationcluster/basic-workstationcluster/workstations_v1beta1_workstationcluster.yaml
build-images	dev/tasks/build-images	2026-08-22T07:28:15.5563025Z #63 68.28 ./samples/resources/firestoreindex/
build-images	dev/tasks/build-images	2026-08-22T07:28:15.5563395Z #63 68.28 ./samples/resources/firestoreindex/firestore_v1beta1_firestoreindex.yaml
build-images	dev/tasks/build-images	2026-08-22T07:28:15.5563580Z #63 68.28 ./samples/resources/computenetwork/
build-images	dev/tasks/build-images	2026-08-22T07:28:15.5563970Z #63 68.28 ./samples/resources/computenetwork/compute_v1beta1_computenetwork.yaml
build-images	dev/tasks/build-images	2026-08-22T07:28:15.5564202Z #63 68.28 ./samples/resources/firestoredatabase/
build-images	dev/tasks/build-images	2026-08-22T07:28:15.5564577Z #63 68.28 ./samples/resources/firestoredatabase/basic-firestoredatabase/
build-images	dev/tasks/build-images	2026-08-22T07:28:15.5565229Z #63 68.28 ./samples/resources/firestoredatabase/basic-firestoredatabase/firestore_v1beta1_firestoredatabase.yaml
build-images	dev/tasks/build-images	2026-08-22T07:28:15.5565467Z #63 68.28 ./samples/resources/storagebucketaccesscontrol/
build-images	dev/tasks/build-images	2026-08-22T07:28:15.5566003Z #63 68.28 ./samples/resources/storagebucketaccesscontrol/storage_v1beta1_storagebucketaccesscontrol.yaml
build-images	dev/tasks/build-images	2026-08-22T07:28:15.5566499Z #63 68.28 ./samples/resources/storagebucketaccesscontrol/storage_v1beta1_storagebucket.yaml
build-images	dev/tasks/build-images	2026-08-22T07:28:15.5566797Z #63 68.28 ./samples/resources/securesourcemanagerinstance/
build-images	dev/tasks/build-images	2026-08-22T07:28:15.5567300Z #63 68.28 ./samples/resources/securesourcemanagerinstance/securesourcemanagerinstance-basic/
build-images	dev/tasks/build-images	2026-08-22T07:28:15.5568218Z #63 68.28 ./samples/resources/securesourcemanagerinstance/securesourcemanagerinstance-basic/securesourcemanager_v1beta1_securesourcemanagerinstance.yaml
build-images	dev/tasks/build-images	2026-08-22T07:28:15.5568695Z #63 68.28 ./samples/resources/securesourcemanagerinstance/securesourcemanagerinstance-cmek/
build-images	dev/tasks/build-images	2026-08-22T07:28:15.5569407Z #63 68.28 ./samples/resources/securesourcemanagerinstance/securesourcemanagerinstance-cmek/iam_v1beta1_iampolicymember.yaml
build-images	dev/tasks/build-images	2026-08-22T07:28:15.5570067Z #63 68.28 ./samples/resources/securesourcemanagerinstance/securesourcemanagerinstance-cmek/kms_v1beta1_kmscryptokey.yaml
build-images	dev/tasks/build-images	2026-08-22T07:28:15.5571003Z #63 68.28 ./samples/resources/securesourcemanagerinstance/securesourcemanagerinstance-cmek/securesourcemanager_v1beta1_securesourcemanagerinstance.yaml
build-images	dev/tasks/build-images	2026-08-22T07:28:15.5572361Z #63 68.28 ./samples/resources/securesourcemanagerinstance/securesourcemanagerinstance-cmek/kms_v1beta1_kmskeyring.yaml
build-images	dev/tasks/build-images	2026-08-22T07:28:15.5572603Z #63 68.28 ./samples/resources/computevpntunnel/
build-images	dev/tasks/build-images	2026-08-22T07:28:15.5573021Z #63 68.28 ./samples/resources/computevpntunnel/compute_v1beta1_computeforwardingrule.yaml
build-images	dev/tasks/build-images	2026-08-22T07:28:15.5573401Z #63 68.28 ./samples/resources/computevpntunnel/compute_v1beta1_computeaddress.yaml
build-images	dev/tasks/build-images	2026-08-22T07:28:15.5573882Z #63 68.28 ./samples/resources/computevpntunnel/compute_v1beta1_computetargetvpngateway.yaml
build-images	dev/tasks/build-images	2026-08-22T07:28:15.5574111Z #63 68.28 ./samples/resources/computevpntunnel/secret.yaml
build-images	dev/tasks/build-images	2026-08-22T07:28:15.5574484Z #63 68.28 ./samples/resources/computevpntunnel/compute_v1beta1_computenetwork.yaml
build-images	dev/tasks/build-images	2026-08-22T07:28:15.5574902Z #63 68.28 ./samples/resources/computevpntunnel/compute_v1beta1_computevpntunnel.yaml
build-images	dev/tasks/build-images	2026-08-22T07:28:15.5575138Z #63 68.29 ./samples/resources/computenodetemplate/
build-images	dev/tasks/build-images	2026-08-22T07:28:15.5575454Z #63 68.29 ./samples/resources/computenodetemplate/typed-node-template/
build-images	dev/tasks/build-images	2026-08-22T07:28:15.5576022Z #63 68.29 ./samples/resources/computenodetemplate/typed-node-template/compute_v1beta1_computenodetemplate.yaml
build-images	dev/tasks/build-images	2026-08-22T07:28:15.5576388Z #63 68.29 ./samples/resources/computenodetemplate/flexible-node-template/
build-images	dev/tasks/build-images	2026-08-22T07:28:15.5577058Z #63 68.29 ./samples/resources/computenodetemplate/flexible-node-template/compute_v1beta1_computenodetemplate.yaml
build-images	dev/tasks/build-images	2026-08-22T07:28:15.5577410Z #63 68.29 ./samples/resources/identityplatformtenantoauthidpconfig/
build-images	dev/tasks/build-images	2026-08-22T07:28:15.5578265Z #63 68.29 ./samples/resources/identityplatformtenantoauthidpconfig/identityplatform_v1beta1_identityplatformtenantoauthidpconfig.yaml
build-images	dev/tasks/build-images	2026-08-22T07:28:15.5578636Z #63 68.29 ./samples/resources/identityplatformtenantoauthidpconfig/secret.yaml
build-images	dev/tasks/build-images	2026-08-22T07:28:15.5579309Z #63 68.29 ./samples/resources/identityplatformtenantoauthidpconfig/identityplatform_v1beta1_identityplatformtenant.yaml
build-images	dev/tasks/build-images	2026-08-22T07:28:15.5579604Z #63 68.29 ./samples/resources/computeinstancegroupmanager/
build-images	dev/tasks/build-images	2026-08-22T07:28:15.5580163Z #63 68.29 ./samples/resources/computeinstancegroupmanager/zonal-compute-instance-group-manager/
build-images	dev/tasks/build-images	2026-08-22T07:28:15.5580920Z #63 68.29 ./samples/resources/computeinstancegroupmanager/zonal-compute-instance-group-manager/compute_v1beta1_computesubnetwork.yaml
build-images	dev/tasks/build-images	2026-08-22T07:28:15.5581979Z #63 68.29 ./samples/resources/computeinstancegroupmanager/zonal-compute-instance-group-manager/compute_v1beta1_computeinstancetemplate.yaml
build-images	dev/tasks/build-images	2026-08-22T07:28:15.5582921Z #63 68.29 ./samples/resources/computeinstancegroupmanager/zonal-compute-instance-group-manager/compute_v1beta1_computeinstancegroupmanager.yaml
build-images	dev/tasks/build-images	2026-08-22T07:28:15.5583631Z #63 68.29 ./samples/resources/computeinstancegroupmanager/zonal-compute-instance-group-manager/compute_v1beta1_computenetwork.yaml
build-images	dev/tasks/build-images	2026-08-22T07:28:15.5584436Z #63 68.29 ./samples/resources/computeinstancegroupmanager/zonal-compute-instance-group-manager/compute_v1beta1_computehealthcheck.yaml
build-images	dev/tasks/build-images	2026-08-22T07:28:15.5584950Z #63 68.29 ./samples/resources/computeinstancegroupmanager/regional-compute-instance-group-manager/
build-images	dev/tasks/build-images	2026-08-22T07:28:15.5585769Z #63 68.29 ./samples/resources/computeinstancegroupmanager/regional-compute-instance-group-manager/compute_v1beta1_computesubnetwork.yaml
build-images	dev/tasks/build-images	2026-08-22T07:28:15.5586560Z #63 68.29 ./samples/resources/computeinstancegroupmanager/regional-compute-instance-group-manager/compute_v1beta1_computeinstancetemplate.yaml
build-images	dev/tasks/build-images	2026-08-22T07:28:15.5587485Z #63 68.29 ./samples/resources/computeinstancegroupmanager/regional-compute-instance-group-manager/compute_v1beta1_computeinstancegroupmanager.yaml
build-images	dev/tasks/build-images	2026-08-22T07:28:15.5588336Z #63 68.29 ./samples/resources/computeinstancegroupmanager/regional-compute-instance-group-manager/compute_v1beta1_computenetwork.yaml
build-images	dev/tasks/build-images	2026-08-22T07:28:15.5589152Z #63 68.29 ./samples/resources/computeinstancegroupmanager/regional-compute-instance-group-manager/compute_v1beta1_computehealthcheck.yaml
build-images	dev/tasks/build-images	2026-08-22T07:28:15.5589382Z #63 68.29 ./samples/resources/identityplatformtenant/
build-images	dev/tasks/build-images	2026-08-22T07:28:15.5590247Z #63 68.29 ./samples/resources/identityplatformtenant/identityplatform_v1beta1_identityplatformtenant.yaml
build-images	dev/tasks/build-images	2026-08-22T07:28:15.5590705Z #63 68.29 ./samples/resources/computehttpshealthcheck/
build-images	dev/tasks/build-images	2026-08-22T07:28:15.5591217Z #63 68.29 ./samples/resources/computehttpshealthcheck/compute_v1beta1_computehttpshealthcheck.yaml
build-images	dev/tasks/build-images	2026-08-22T07:28:15.5591486Z #63 68.29 ./samples/resources/computenetworkfirewallpolicyrule/
build-images	dev/tasks/build-images	2026-08-22T07:28:15.5592318Z #63 68.29 ./samples/resources/computenetworkfirewallpolicyrule/compute_v1beta1_computenetworkfirewallpolicy.yaml
build-images	dev/tasks/build-images	2026-08-22T07:28:15.5592972Z #63 68.29 ./samples/resources/computenetworkfirewallpolicyrule/compute_v1alpha1_computenetworkfirewallpolicyrule.yaml
build-images	dev/tasks/build-images	2026-08-22T07:28:15.5593483Z #63 68.29 ./samples/resources/computenetworkfirewallpolicyrule/compute_v1beta1_computenetwork.yaml
build-images	dev/tasks/build-images	2026-08-22T07:28:15.5593995Z #63 68.29 ./samples/resources/computenetworkfirewallpolicyrule/iam_v1beta1_iamserviceaccount.yaml
build-images	dev/tasks/build-images	2026-08-22T07:28:15.5594187Z #63 68.29 ./samples/resources/computerouter/
build-images	dev/tasks/build-images	2026-08-22T07:28:15.5594544Z #63 68.29 ./samples/resources/computerouter/compute_v1beta1_computerouter.yaml
build-images	dev/tasks/build-images	2026-08-22T07:28:15.5594934Z #63 68.29 ./samples/resources/computerouter/compute_v1beta1_computenetwork.yaml
build-images	dev/tasks/build-images	2026-08-22T07:28:15.5595231Z #63 68.29 ./samples/resources/binaryauthorizationattestor/
build-images	dev/tasks/build-images	2026-08-22T07:28:15.5595960Z #63 68.29 ./samples/resources/binaryauthorizationattestor/binaryauthorization_v1beta1_binaryauthorizationattestor.yaml
build-images	dev/tasks/build-images	2026-08-22T07:28:15.5596614Z #63 68.29 ./samples/resources/binaryauthorizationattestor/containeranalysis_v1beta1_containeranalysisnote.yaml
build-images	dev/tasks/build-images	2026-08-22T07:28:15.5596802Z #63 68.29 ./samples/resources/computedisk/
build-images	dev/tasks/build-images	2026-08-22T07:28:15.5597074Z #63 68.29 ./samples/resources/computedisk/regional-compute-disk/
build-images	dev/tasks/build-images	2026-08-22T07:28:15.5597559Z #63 68.29 ./samples/resources/computedisk/regional-compute-disk/compute_v1beta1_computesnapshot.yaml
build-images	dev/tasks/build-images	2026-08-22T07:28:15.5598077Z #63 68.29 ./samples/resources/computedisk/regional-compute-disk/compute_v1beta1_computedisk.yaml
build-images	dev/tasks/build-images	2026-08-22T07:28:15.5598467Z #63 68.29 ./samples/resources/computedisk/compute-disk-from-source-disk/
build-images	dev/tasks/build-images	2026-08-22T07:28:15.5599020Z #63 68.29 ./samples/resources/computedisk/compute-disk-from-source-disk/compute_v1beta1_computedisk.yaml
build-images	dev/tasks/build-images	2026-08-22T07:28:15.5599275Z #63 68.29 ./samples/resources/computedisk/zonal-compute-disk/
build-images	dev/tasks/build-images	2026-08-22T07:28:15.5599583Z #63 68.29 ./samples/resources/computedisk/zonal-compute-disk/secret.yaml
build-images	dev/tasks/build-images	2026-08-22T07:28:15.5600072Z #63 68.29 ./samples/resources/computedisk/zonal-compute-disk/compute_v1beta1_computedisk.yaml
build-images	dev/tasks/build-images	2026-08-22T07:28:15.5600320Z #63 68.29 ./samples/resources/storagetransferjob/
build-images	dev/tasks/build-images	2026-08-22T07:28:15.5600733Z #63 68.29 ./samples/resources/storagetransferjob/iam_v1beta1_iampolicymember.yaml
build-images	dev/tasks/build-images	2026-08-22T07:28:15.5601148Z #63 68.29 ./samples/resources/storagetransferjob/storage_v1beta1_storagebucket.yaml
build-images	dev/tasks/build-images	2026-08-22T07:28:15.5601612Z #63 68.29 ./samples/resources/storagetransferjob/storagetransfer_v1beta1_storagetransferjob.yaml
build-images	dev/tasks/build-images	2026-08-22T07:28:15.5602110Z #63 68.29 ./samples/resources/datacatalogpolicytag/
build-images	dev/tasks/build-images	2026-08-22T07:28:15.5602653Z #63 68.29 ./samples/resources/datacatalogpolicytag/datacatalog_v1beta1_datacatalogpolicytag.yaml
build-images	dev/tasks/build-images	2026-08-22T07:28:15.5603153Z #63 68.29 ./samples/resources/datacatalogpolicytag/datacatalog_v1beta1_datacatalogtaxonomy.yaml
build-images	dev/tasks/build-images	2026-08-22T07:28:15.5603359Z #63 68.29 ./samples/resources/edgecontainercluster/
build-images	dev/tasks/build-images	2026-08-22T07:28:15.5603821Z #63 68.29 ./samples/resources/edgecontainercluster/edgecontainercluster-remote-control-plane/
build-images	dev/tasks/build-images	2026-08-22T07:28:15.5604661Z #63 68.29 ./samples/resources/edgecontainercluster/edgecontainercluster-remote-control-plane/edgecontainer_v1beta1_edgecontainercluster.yaml
build-images	dev/tasks/build-images	2026-08-22T07:28:15.5605122Z #63 68.29 ./samples/resources/edgecontainercluster/edgecontainercluster-local-control-plane/
build-images	dev/tasks/build-images	2026-08-22T07:28:15.5606000Z #63 68.29 ./samples/resources/edgecontainercluster/edgecontainercluster-local-control-plane/edgecontainer_v1beta1_edgecontainercluster.yaml
build-images	dev/tasks/build-images	2026-08-22T07:28:15.5606404Z #63 68.29 ./samples/resources/containercluster/
build-images	dev/tasks/build-images	2026-08-22T07:28:15.5606922Z #63 68.29 ./samples/resources/containercluster/autopilot-cluster/
build-images	dev/tasks/build-images	2026-08-22T07:28:15.5607495Z #63 68.29 ./samples/resources/containercluster/autopilot-cluster/container_v1beta1_containercluster.yaml
build-images	dev/tasks/build-images	2026-08-22T07:28:15.6173472Z #63 68.29 ./samples/resources/containercluster/vpc-native-container-cluster/
build-images	dev/tasks/build-images	2026-08-22T07:28:15.6174544Z #63 68.29 ./samples/resources/containercluster/vpc-native-container-cluster/compute_v1beta1_computesubnetwork.yaml
build-images	dev/tasks/build-images	2026-08-22T07:28:15.6175318Z #63 68.29 ./samples/resources/containercluster/vpc-native-container-cluster/container_v1beta1_containercluster.yaml
build-images	dev/tasks/build-images	2026-08-22T07:28:15.6176033Z #63 68.29 ./samples/resources/containercluster/vpc-native-container-cluster/pubsub_v1beta1_pubsubtopic.yaml
build-images	dev/tasks/build-images	2026-08-22T07:28:15.6176772Z #63 68.29 ./samples/resources/containercluster/vpc-native-container-cluster/compute_v1beta1_computenetwork.yaml
build-images	dev/tasks/build-images	2026-08-22T07:28:15.6177382Z #63 68.29 ./samples/resources/containercluster/in-transit-encryption-container-cluster/
build-images	dev/tasks/build-images	2026-08-22T07:28:15.6178162Z #63 68.29 ./samples/resources/containercluster/in-transit-encryption-container-cluster/container_v1beta1_containercluster.yaml
build-images	dev/tasks/build-images	2026-08-22T07:28:15.6180656Z #63 68.29 ./samples/resources/containercluster/routes-based-container-cluster/
build-images	dev/tasks/build-images	2026-08-22T07:28:15.6181384Z #63 68.29 ./samples/resources/containercluster/routes-based-container-cluster/container_v1beta1_containercluster.yaml
build-images	dev/tasks/build-images	2026-08-22T07:28:15.6181660Z #63 68.29 ./samples/resources/configcontrollerinstance/
build-images	dev/tasks/build-images	2026-08-22T07:28:15.6182373Z #63 68.29 ./samples/resources/configcontrollerinstance/autopilot-config-controller-instance/
build-images	dev/tasks/build-images	2026-08-22T07:28:15.6183272Z #63 68.29 ./samples/resources/configcontrollerinstance/autopilot-config-controller-instance/configcontroller_v1beta1_configcontrollerinstance.yaml
build-images	dev/tasks/build-images	2026-08-22T07:28:15.6183785Z #63 68.29 ./samples/resources/configcontrollerinstance/standard-config-controller-instance/
build-images	dev/tasks/build-images	2026-08-22T07:28:15.6184626Z #63 68.30 ./samples/resources/configcontrollerinstance/standard-config-controller-instance/configcontroller_v1beta1_configcontrollerinstance.yaml
build-images	dev/tasks/build-images	2026-08-22T07:28:15.6185397Z #63 68.30 ./samples/resources/configcontrollerinstance/standard-config-controller-instance/compute_v1beta1_computenetwork.yaml
build-images	dev/tasks/build-images	2026-08-22T07:28:15.6185669Z #63 68.30 ./samples/resources/networkservicesgrpcroute/
build-images	dev/tasks/build-images	2026-08-22T07:28:15.6186253Z #63 68.30 ./samples/resources/networkservicesgrpcroute/networkservices_v1beta1_networkservicesmesh.yaml
build-images	dev/tasks/build-images	2026-08-22T07:28:15.6187055Z #63 68.30 ./samples/resources/networkservicesgrpcroute/networkservices_v1beta1_networkservicesgrpcroute.yaml
build-images	dev/tasks/build-images	2026-08-22T07:28:15.6187553Z #63 68.30 ./samples/resources/networkservicesgrpcroute/compute_v1beta1_computebackendservice.yaml
build-images	dev/tasks/build-images	2026-08-22T07:28:15.6188295Z #63 68.30 ./samples/resources/networkservicesgrpcroute/networkservices_v1beta1_networkservicesgateway.yaml
build-images	dev/tasks/build-images	2026-08-22T07:28:15.6188762Z #63 68.30 ./samples/resources/privilegedaccessmanagerentitlement/
build-images	dev/tasks/build-images	2026-08-22T07:28:15.6189372Z #63 68.30 ./samples/resources/privilegedaccessmanagerentitlement/org-level-entitlement/
build-images	dev/tasks/build-images	2026-08-22T07:28:15.6190580Z #63 68.30 ./samples/resources/privilegedaccessmanagerentitlement/org-level-entitlement/privilegedaccessmanager_v1beta1_privilegedaccessmanagerentitlement.yaml
build-images	dev/tasks/build-images	2026-08-22T07:28:15.6191361Z #63 68.30 ./samples/resources/privilegedaccessmanagerentitlement/org-level-entitlement/iam_v1beta1_iamserviceaccount.yaml
build-images	dev/tasks/build-images	2026-08-22T07:28:15.6192107Z #63 68.30 ./samples/resources/privilegedaccessmanagerentitlement/project-level-entitlement/
build-images	dev/tasks/build-images	2026-08-22T07:28:15.6193215Z #63 68.30 ./samples/resources/privilegedaccessmanagerentitlement/project-level-entitlement/privilegedaccessmanager_v1beta1_privilegedaccessmanagerentitlement.yaml
build-images	dev/tasks/build-images	2026-08-22T07:28:15.6194080Z #63 68.30 ./samples/resources/privilegedaccessmanagerentitlement/project-level-entitlement/iam_v1beta1_iamserviceaccount.yaml
build-images	dev/tasks/build-images	2026-08-22T07:28:15.6194540Z #63 68.30 ./samples/resources/privilegedaccessmanagerentitlement/folder-level-entitlement/
build-images	dev/tasks/build-images	2026-08-22T07:28:15.6198474Z #63 68.30 ./samples/resources/privilegedaccessmanagerentitlement/folder-level-entitlement/privilegedaccessmanager_v1beta1_privilegedaccessmanagerentitlement.yaml
build-images	dev/tasks/build-images	2026-08-22T07:28:15.6199473Z #63 68.30 ./samples/resources/privilegedaccessmanagerentitlement/folder-level-entitlement/iam_v1beta1_iamserviceaccount.yaml
build-images	dev/tasks/build-images	2026-08-22T07:28:15.6199735Z #63 68.30 ./samples/resources/cloudfunctionsfunction/
build-images	dev/tasks/build-images	2026-08-22T07:28:15.6200158Z #63 68.30 ./samples/resources/cloudfunctionsfunction/eventtrigger-with-pubsubtopic/
build-images	dev/tasks/build-images	2026-08-22T07:28:15.6200758Z #63 68.30 ./samples/resources/cloudfunctionsfunction/eventtrigger-with-pubsubtopic/pubsub_v1beta1_pubsubtopic.yaml
build-images	dev/tasks/build-images	2026-08-22T07:28:15.6201580Z #63 68.30 ./samples/resources/cloudfunctionsfunction/eventtrigger-with-pubsubtopic/cloudfunctions_v1beta1_cloudfunctionsfunction.yaml
build-images	dev/tasks/build-images	2026-08-22T07:28:15.6202496Z #63 68.30 ./samples/resources/cloudfunctionsfunction/eventtrigger-with-pubsubtopic/compute_v1beta1_computenetwork.yaml
build-images	dev/tasks/build-images	2026-08-22T07:28:15.6203176Z #63 68.30 ./samples/resources/cloudfunctionsfunction/eventtrigger-with-pubsubtopic/vpcaccess_v1beta1_vpcaccessconnector.yaml
build-images	dev/tasks/build-images	2026-08-22T07:28:15.6203825Z #63 68.30 ./samples/resources/cloudfunctionsfunction/eventtrigger-with-storagebucket/
build-images	dev/tasks/build-images	2026-08-22T07:28:15.6204552Z #63 68.30 ./samples/resources/cloudfunctionsfunction/eventtrigger-with-storagebucket/storage_v1beta1_storagebucket.yaml
build-images	dev/tasks/build-images	2026-08-22T07:28:15.6205493Z #63 68.30 ./samples/resources/cloudfunctionsfunction/eventtrigger-with-storagebucket/cloudfunctions_v1beta1_cloudfunctionsfunction.yaml
build-images	dev/tasks/build-images	2026-08-22T07:28:15.6205914Z #63 68.30 ./samples/resources/cloudfunctionsfunction/httpstrigger/
build-images	dev/tasks/build-images	2026-08-22T07:28:15.6206578Z #63 68.30 ./samples/resources/cloudfunctionsfunction/httpstrigger/cloudfunctions_v1beta1_cloudfunctionsfunction.yaml
build-images	dev/tasks/build-images	2026-08-22T07:28:15.6206875Z #63 68.30 ./samples/resources/computeregionnetworkendpointgroup/
build-images	dev/tasks/build-images	2026-08-22T07:28:15.6207663Z #63 68.30 ./samples/resources/computeregionnetworkendpointgroup/cloud-function-region-network-endpoint-group/
build-images	dev/tasks/build-images	2026-08-22T07:28:15.6208752Z #63 68.30 ./samples/resources/computeregionnetworkendpointgroup/cloud-function-region-network-endpoint-group/cloudfunctions_v1beta1_cloudfunctionsfunction.yaml
build-images	dev/tasks/build-images	2026-08-22T07:28:15.6209931Z #63 68.30 ./samples/resources/computeregionnetworkendpointgroup/cloud-function-region-network-endpoint-group/compute_v1beta1_computeregionnetworkendpointgroup.yaml
build-images	dev/tasks/build-images	2026-08-22T07:28:15.6210679Z #63 68.30 ./samples/resources/computeregionnetworkendpointgroup/cloud-run-region-network-endpoint-group/
build-images	dev/tasks/build-images	2026-08-22T07:28:15.6211629Z #63 68.30 ./samples/resources/computeregionnetworkendpointgroup/cloud-run-region-network-endpoint-group/run_v1beta1_runservice.yaml
build-images	dev/tasks/build-images	2026-08-22T07:28:15.6212821Z #63 68.30 ./samples/resources/computeregionnetworkendpointgroup/cloud-run-region-network-endpoint-group/compute_v1beta1_computeregionnetworkendpointgroup.yaml
build-images	dev/tasks/build-images	2026-08-22T07:28:15.6215207Z #63 68.30 ./samples/resources/computeregionnetworkendpointgroup/private-service-connection-region-network-endpoint-group/
build-images	dev/tasks/build-images	2026-08-22T07:28:15.6216337Z #63 68.30 ./samples/resources/computeregionnetworkendpointgroup/private-service-connection-region-network-endpoint-group/compute_v1beta1_computeforwardingrule.yaml
build-images	dev/tasks/build-images	2026-08-22T07:28:15.6217442Z #63 68.30 ./samples/resources/computeregionnetworkendpointgroup/private-service-connection-region-network-endpoint-group/compute_v1beta1_computeserviceattachment.yaml
build-images	dev/tasks/build-images	2026-08-22T07:28:15.6218438Z #63 68.30 ./samples/resources/computeregionnetworkendpointgroup/private-service-connection-region-network-endpoint-group/compute_v1beta1_computesubnetwork.yaml
build-images	dev/tasks/build-images	2026-08-22T07:28:15.6219528Z #63 68.30 ./samples/resources/computeregionnetworkendpointgroup/private-service-connection-region-network-endpoint-group/compute_v1beta1_computebackendservice.yaml
build-images	dev/tasks/build-images	2026-08-22T07:28:15.6220503Z #63 68.30 ./samples/resources/computeregionnetworkendpointgroup/private-service-connection-region-network-endpoint-group/compute_v1beta1_computenetwork.yaml
build-images	dev/tasks/build-images	2026-08-22T07:28:15.6221946Z #63 68.30 ./samples/resources/computeregionnetworkendpointgroup/private-service-connection-region-network-endpoint-group/compute_v1beta1_computeregionnetworkendpointgroup.yaml
build-images	dev/tasks/build-images	2026-08-22T07:28:15.6222559Z #63 68.30 ./samples/resources/monitoringservice/
build-images	dev/tasks/build-images	2026-08-22T07:28:15.6223224Z #63 68.30 ./samples/resources/monitoringservice/monitoring_v1beta1_monitoringservice.yaml
build-images	dev/tasks/build-images	2026-08-22T07:28:15.6223625Z #63 68.30 ./samples/resources/servicedirectoryendpoint/
build-images	dev/tasks/build-images	2026-08-22T07:28:15.6224141Z #63 68.30 ./samples/resources/servicedirectoryendpoint/compute_v1beta1_computeaddress.yaml
build-images	dev/tasks/build-images	2026-08-22T07:28:15.6224779Z #63 68.30 ./samples/resources/servicedirectoryendpoint/servicedirectory_v1beta1_servicedirectoryservice.yaml
build-images	dev/tasks/build-images	2026-08-22T07:28:15.6225549Z #63 68.30 ./samples/resources/servicedirectoryendpoint/servicedirectory_v1beta1_servicedirectoryendpoint.yaml
build-images	dev/tasks/build-images	2026-08-22T07:28:15.6226115Z #63 68.30 ./samples/resources/servicedirectoryendpoint/compute_v1beta1_computenetwork.yaml
build-images	dev/tasks/build-images	2026-08-22T07:28:15.6226817Z #63 68.30 ./samples/resources/servicedirectoryendpoint/servicedirectory_v1beta1_servicedirectorynamespace.yaml
build-images	dev/tasks/build-images	2026-08-22T07:28:15.6227230Z #63 68.30 ./samples/resources/bigqueryanalyticshubdataexchange/
build-images	dev/tasks/build-images	2026-08-22T07:28:15.6228111Z #63 68.30 ./samples/resources/bigqueryanalyticshubdataexchange/bigqueryanalyticshub_v1beta1_bigqueryanalyticshubdataexchange.yaml
build-images	dev/tasks/build-images	2026-08-22T07:28:15.6228309Z #63 68.30 ./samples/resources/runjob/
build-images	dev/tasks/build-images	2026-08-22T07:28:15.6231667Z #63 68.30 ./samples/resources/runjob/job-with-sql/
build-images	dev/tasks/build-images	2026-08-22T07:28:15.6232288Z #63 68.30 ./samples/resources/runjob/job-with-sql/sql_v1beta1_sqlinstance.yaml
build-images	dev/tasks/build-images	2026-08-22T07:28:15.6232652Z #63 68.30 ./samples/resources/runjob/job-with-sql/run_v1beta1_runjob.yaml
build-images	dev/tasks/build-images	2026-08-22T07:28:15.6232985Z #63 68.30 ./samples/resources/runjob/job-with-secretmanagersecret/
build-images	dev/tasks/build-images	2026-08-22T07:28:15.6233535Z #63 68.30 ./samples/resources/runjob/job-with-secretmanagersecret/iam_v1beta1_iampolicymember.yaml
build-images	dev/tasks/build-images	2026-08-22T07:28:15.6233998Z #63 68.30 ./samples/resources/runjob/job-with-secretmanagersecret/run_v1beta1_runjob.yaml
build-images	dev/tasks/build-images	2026-08-22T07:28:15.6234577Z #63 68.30 ./samples/resources/runjob/job-with-secretmanagersecret/secret.yaml
build-images	dev/tasks/build-images	2026-08-22T07:28:15.6235401Z #63 68.30 ./samples/resources/runjob/job-with-secretmanagersecret/secretmanager_v1beta1_secretmanagersecretversion.yaml
build-images	dev/tasks/build-images	2026-08-22T07:28:15.6236123Z #63 68.30 ./samples/resources/runjob/job-with-secretmanagersecret/secretmanager_v1beta1_secretmanagersecret.yaml
build-images	dev/tasks/build-images	2026-08-22T07:28:15.6236493Z #63 68.30 ./samples/resources/runjob/job-with-kmscryptokey/
build-images	dev/tasks/build-images	2026-08-22T07:28:15.6237288Z #63 68.30 ./samples/resources/runjob/job-with-kmscryptokey/kms_v1beta1_kmscryptokey.yaml
build-images	dev/tasks/build-images	2026-08-22T07:28:15.6237653Z #63 68.30 ./samples/resources/runjob/job-with-kmscryptokey/run_v1beta1_runjob.yaml
build-images	dev/tasks/build-images	2026-08-22T07:28:15.6238090Z #63 68.30 ./samples/resources/runjob/job-with-kmscryptokey/kms_v1beta1_kmskeyring.yaml
build-images	dev/tasks/build-images	2026-08-22T07:28:15.6238572Z #63 68.30 ./samples/resources/runjob/job-with-kmscryptokey/iam_v1beta1_iampolicymemeber.yaml
build-images	dev/tasks/build-images	2026-08-22T07:28:15.6238870Z #63 68.30 ./samples/resources/runjob/job-with-iamserviceaccount/
build-images	dev/tasks/build-images	2026-08-22T07:28:15.6239273Z #63 68.30 ./samples/resources/runjob/job-with-iamserviceaccount/run_v1beta1_runjob.yaml
build-images	dev/tasks/build-images	2026-08-22T07:28:15.6239762Z #63 68.30 ./samples/resources/runjob/job-with-iamserviceaccount/iam_v1beta1_iamserviceaccount.yaml
build-images	dev/tasks/build-images	2026-08-22T07:28:15.6239987Z #63 68.30 ./samples/resources/runjob/basic-job/
build-images	dev/tasks/build-images	2026-08-22T07:28:15.6240326Z #63 68.30 ./samples/resources/runjob/basic-job/run_v1beta1_runjob.yaml
build-images	dev/tasks/build-images	2026-08-22T07:28:15.6240540Z #63 68.31 ./samples/resources/vertexaidataset/
build-images	dev/tasks/build-images	2026-08-22T07:28:15.6240882Z #63 68.31 ./samples/resources/vertexaidataset/vertexai-dataset-basic/
build-images	dev/tasks/build-images	2026-08-22T07:28:15.6241442Z #63 68.31 ./samples/resources/vertexaidataset/vertexai-dataset-basic/vertexai_v1beta1_vertexaidataset.yaml
build-images	dev/tasks/build-images	2026-08-22T07:28:15.6242076Z #63 68.31 ./samples/resources/vertexaidataset/vertexai-dataset-encryptionkey/
build-images	dev/tasks/build-images	2026-08-22T07:28:15.6242707Z #63 68.31 ./samples/resources/vertexaidataset/vertexai-dataset-encryptionkey/iam_v1beta1_iampolicymember.yaml
build-images	dev/tasks/build-images	2026-08-22T07:28:15.6243322Z #63 68.31 ./samples/resources/vertexaidataset/vertexai-dataset-encryptionkey/kms_v1beta1_kmscryptokey.yaml
build-images	dev/tasks/build-images	2026-08-22T07:28:15.6244280Z #63 68.31 ./samples/resources/vertexaidataset/vertexai-dataset-encryptionkey/vertexai_v1beta1_vertexaidataset.yaml
build-images	dev/tasks/build-images	2026-08-22T07:28:15.6244833Z #63 68.31 ./samples/resources/vertexaidataset/vertexai-dataset-encryptionkey/kms_v1beta1_kmskeyring.yaml
build-images	dev/tasks/build-images	2026-08-22T07:28:15.6245466Z #63 68.31 ./samples/resources/vertexaidataset/vertexai-dataset-encryptionkey/serviceusage_v1beta1_serviceidentity.yaml
build-images	dev/tasks/build-images	2026-08-22T07:28:15.6245739Z #63 68.31 ./samples/resources/artifactregistryrepository/
build-images	dev/tasks/build-images	2026-08-22T07:28:15.6246341Z #63 68.31 ./samples/resources/artifactregistryrepository/artifactregistry_v1beta1_artifactregistryrepository.yaml
build-images	dev/tasks/build-images	2026-08-22T07:28:15.6246507Z #63 68.31 ./samples/resources/runservice/
build-images	dev/tasks/build-images	2026-08-22T07:28:15.6246768Z #63 68.31 ./samples/resources/runservice/run-service-probes/
build-images	dev/tasks/build-images	2026-08-22T07:28:15.6247229Z #63 68.31 ./samples/resources/runservice/run-service-probes/run_v1beta1_runservice.yaml
build-images	dev/tasks/build-images	2026-08-22T07:28:15.6247581Z #63 68.31 ./samples/resources/runservice/run-service-serviceaccount/
build-images	dev/tasks/build-images	2026-08-22T07:28:15.6248097Z #63 68.31 ./samples/resources/runservice/run-service-serviceaccount/run_v1beta1_ruservice.yaml
build-images	dev/tasks/build-images	2026-08-22T07:28:15.6248664Z #63 68.31 ./samples/resources/runservice/run-service-serviceaccount/iam_v1beta1_iamserviceaccount.yaml
build-images	dev/tasks/build-images	2026-08-22T07:28:15.6248935Z #63 68.31 ./samples/resources/runservice/run-service-vpcaccess/
build-images	dev/tasks/build-images	2026-08-22T07:28:15.6249356Z #63 68.31 ./samples/resources/runservice/run-service-vpcaccess/compute_v1beta1_network.yaml
build-images	dev/tasks/build-images	2026-08-22T07:28:15.6249795Z #63 68.31 ./samples/resources/runservice/run-service-vpcaccess/run_v1beta1_runservice.yaml
build-images	dev/tasks/build-images	2026-08-22T07:28:15.6250390Z #63 68.31 ./samples/resources/runservice/run-service-vpcaccess/vpcaccess_v1beta1_vpcaccessconnector.yaml
build-images	dev/tasks/build-images	2026-08-22T07:28:15.6250712Z #63 68.31 ./samples/resources/runservice/run-service-multicontainer/
build-images	dev/tasks/build-images	2026-08-22T07:28:15.6251185Z #63 68.31 ./samples/resources/runservice/run-service-multicontainer/run_v1beta1_runservice.yaml
build-images	dev/tasks/build-images	2026-08-22T07:28:15.6251431Z #63 68.31 ./samples/resources/runservice/run-service-secret/
build-images	dev/tasks/build-images	2026-08-22T07:28:15.6252673Z #63 68.31 ./samples/resources/runservice/run-service-secret/iam_v1beta1_iampolicymember.yaml
build-images	dev/tasks/build-images	2026-08-22T07:28:15.6253055Z #63 68.31 ./samples/resources/runservice/run-service-secret/secret.yaml
build-images	dev/tasks/build-images	2026-08-22T07:28:15.6253477Z #63 68.31 ./samples/resources/runservice/run-service-secret/run_v1beta1_runservice.yaml
build-images	dev/tasks/build-images	2026-08-22T07:28:15.6254057Z #63 68.31 ./samples/resources/runservice/run-service-secret/secretmanager_v1beta1_secretmanagersecretversion.yaml
build-images	dev/tasks/build-images	2026-08-22T07:28:15.6254616Z #63 68.31 ./samples/resources/runservice/run-service-secret/secretmanager_v1beta1_secretmanagersecret.yaml
build-images	dev/tasks/build-images	2026-08-22T07:28:15.6254849Z #63 68.31 ./samples/resources/runservice/run-service-sql/
build-images	dev/tasks/build-images	2026-08-22T07:28:15.6255230Z #63 68.31 ./samples/resources/runservice/run-service-sql/sql_v1beta1_sqlinstance.yaml
build-images	dev/tasks/build-images	2026-08-22T07:28:15.6255654Z #63 68.31 ./samples/resources/runservice/run-service-sql/run_v1beta1_runservice.yaml
build-images	dev/tasks/build-images	2026-08-22T07:28:15.6255991Z #63 68.31 ./samples/resources/runservice/run-service-encryptionkey/
build-images	dev/tasks/build-images	2026-08-22T07:28:15.6256470Z #63 68.31 ./samples/resources/runservice/run-service-encryptionkey/iam_v1beta1_iampolicymember.yaml
build-images	dev/tasks/build-images	2026-08-22T07:28:15.6256938Z #63 68.31 ./samples/resources/runservice/run-service-encryptionkey/kms_v1beta1_kmscryptokey.yaml
build-images	dev/tasks/build-images	2026-08-22T07:28:15.6257446Z #63 68.31 ./samples/resources/runservice/run-service-encryptionkey/run_v1beta1_runservice.yaml
build-images	dev/tasks/build-images	2026-08-22T07:28:15.6257941Z #63 68.32 ./samples/resources/runservice/run-service-encryptionkey/kms_v1beta1_kmskeyring.yaml
build-images	dev/tasks/build-images	2026-08-22T07:28:15.6258224Z #63 68.32 ./samples/resources/runservice/run-service-basic/
build-images	dev/tasks/build-images	2026-08-22T07:28:15.6258668Z #63 68.32 ./samples/resources/runservice/run-service-basic/run_v1beta1_runservice.yaml
build-images	dev/tasks/build-images	2026-08-22T07:28:15.6258912Z #63 68.32 ./samples/resources/computehttphealthcheck/
build-images	dev/tasks/build-images	2026-08-22T07:28:15.6259417Z #63 68.32 ./samples/resources/computehttphealthcheck/compute_v1beta1_computehttphealthcheck.yaml
build-images	dev/tasks/build-images	2026-08-22T07:28:15.6259899Z #63 68.32 ./samples/resources/networkconnectivityspoke/
build-images	dev/tasks/build-images	2026-08-22T07:28:15.6260548Z #63 68.32 ./samples/resources/networkconnectivityspoke/compute_v1beta1_computeinstance.yaml
build-images	dev/tasks/build-images	2026-08-22T07:28:15.6261070Z #63 68.32 ./samples/resources/networkconnectivityspoke/compute_v1beta1_computesubnetwork.yaml
build-images	dev/tasks/build-images	2026-08-22T07:28:15.6261901Z #63 68.32 ./samples/resources/networkconnectivityspoke/networkconnectivity_v1beta1_networkconnectivityhub.yaml
build-images	dev/tasks/build-images	2026-08-22T07:28:15.6262490Z #63 68.32 ./samples/resources/networkconnectivityspoke/networkconnectivity_v1beta1_networkconnectivityspoke.yaml
build-images	dev/tasks/build-images	2026-08-22T07:28:15.6262980Z #63 68.32 ./samples/resources/networkconnectivityspoke/compute_v1beta1_computenetwork.yaml
build-images	dev/tasks/build-images	2026-08-22T07:28:15.6263226Z #63 68.32 ./samples/resources/computereservation/
build-images	dev/tasks/build-images	2026-08-22T07:28:15.6263587Z #63 68.32 ./samples/resources/computereservation/bulk-compute-reservation/
build-images	dev/tasks/build-images	2026-08-22T07:28:15.6264164Z #63 68.32 ./samples/resources/computereservation/bulk-compute-reservation/compute_v1beta1_computereservation.yaml
build-images	dev/tasks/build-images	2026-08-22T07:28:15.6264576Z #63 68.32 ./samples/resources/computereservation/specialized-compute-reservation/
build-images	dev/tasks/build-images	2026-08-22T07:28:15.6265257Z #63 68.32 ./samples/resources/computereservation/specialized-compute-reservation/compute_v1beta1_computereservation.yaml
build-images	dev/tasks/build-images	2026-08-22T07:28:15.6265432Z #63 68.32 ./samples/resources/tagstagvalue/
build-images	dev/tasks/build-images	2026-08-22T07:28:15.6265676Z #63 68.32 ./samples/resources/tagstagvalue/tagstagvalue-org/
build-images	dev/tasks/build-images	2026-08-22T07:28:15.6266116Z #63 68.32 ./samples/resources/tagstagvalue/tagstagvalue-org/tags_v1beta1_tagstagkey.yaml
build-images	dev/tasks/build-images	2026-08-22T07:28:15.6266541Z #63 68.32 ./samples/resources/tagstagvalue/tagstagvalue-org/tags_v1beta1_tagstagvalue.yaml
build-images	dev/tasks/build-images	2026-08-22T07:28:15.6266804Z #63 68.32 ./samples/resources/tagstagvalue/tagstagvalue-project/
build-images	dev/tasks/build-images	2026-08-22T07:28:15.6267270Z #63 68.32 ./samples/resources/tagstagvalue/tagstagvalue-project/tags_v1beta1_tagstagkey.yaml
build-images	dev/tasks/build-images	2026-08-22T07:28:15.6267787Z #63 68.32 ./samples/resources/tagstagvalue/tagstagvalue-project/tags_v1beta1_tagstagvalue.yaml
build-images	dev/tasks/build-images	2026-08-22T07:28:15.6268010Z #63 68.32 ./samples/resources/apigeeinstance/
build-images	dev/tasks/build-images	2026-08-22T07:28:15.6268433Z #63 68.32 ./samples/resources/apigeeinstance/apigee_v1beta1_apigeeinstance.yaml
build-images	dev/tasks/build-images	2026-08-22T07:28:15.6268697Z #63 68.32 ./samples/resources/tagslocationtagbinding/
build-images	dev/tasks/build-images	2026-08-22T07:28:15.6269148Z #63 68.32 ./samples/resources/tagslocationtagbinding/tagslocationtagbinding-storage/
build-images	dev/tasks/build-images	2026-08-22T07:28:15.6269746Z #63 68.32 ./samples/resources/tagslocationtagbinding/tagslocationtagbinding-storage/tags_v1beta1_tagstagkey.yaml
build-images	dev/tasks/build-images	2026-08-22T07:28:15.6270406Z #63 68.32 ./samples/resources/tagslocationtagbinding/tagslocationtagbinding-storage/storage_v1beta1_storagebucket.yaml
build-images	dev/tasks/build-images	2026-08-22T07:28:15.6271073Z #63 68.32 ./samples/resources/tagslocationtagbinding/tagslocationtagbinding-storage/tags_v1beta1_tagstagvalue.yaml
build-images	dev/tasks/build-images	2026-08-22T07:28:15.6271995Z #63 68.32 ./samples/resources/tagslocationtagbinding/tagslocationtagbinding-storage/tags_v1beta1_tagslocationtagbinding.yaml
build-images	dev/tasks/build-images	2026-08-22T07:28:15.6272238Z #63 68.32 ./samples/resources/networkservicestcproute/
build-images	dev/tasks/build-images	2026-08-22T07:28:15.6272776Z #63 68.32 ./samples/resources/networkservicestcproute/networkservices_v1beta1_networkservicesmesh.yaml
build-images	dev/tasks/build-images	2026-08-22T07:28:15.6273290Z #63 68.32 ./samples/resources/networkservicestcproute/compute_v1beta1_computebackendservice.yaml
build-images	dev/tasks/build-images	2026-08-22T07:28:15.6273819Z #63 68.32 ./samples/resources/networkservicestcproute/networkservices_v1beta1_networkservicesgateway.yaml
build-images	dev/tasks/build-images	2026-08-22T07:28:15.6274396Z #63 68.32 ./samples/resources/networkservicestcproute/networkservices_v1beta1_networkservicestcproute.yaml
build-images	dev/tasks/build-images	2026-08-22T07:28:15.6274653Z #63 68.32 ./samples/resources/computetargethttpproxy/
build-images	dev/tasks/build-images	2026-08-22T07:28:15.6275079Z #63 68.32 ./samples/resources/computetargethttpproxy/compute_v1beta1_computeurlmap.yaml
build-images	dev/tasks/build-images	2026-08-22T07:28:15.6275540Z #63 68.32 ./samples/resources/computetargethttpproxy/compute_v1beta1_computetargethttpproxy.yaml
build-images	dev/tasks/build-images	2026-08-22T07:28:15.6276057Z #63 68.32 ./samples/resources/computetargethttpproxy/compute_v1beta1_computebackendservice.yaml
build-images	dev/tasks/build-images	2026-08-22T07:28:15.6276760Z #63 68.32 ./samples/resources/computetargethttpproxy/compute_v1beta1_computehealthcheck.yaml
build-images	dev/tasks/build-images	2026-08-22T07:28:15.6277237Z #63 68.32 ./samples/resources/bigqueryconnectionconnection/
build-images	dev/tasks/build-images	2026-08-22T07:28:15.6277629Z #63 68.32 ./samples/resources/bigqueryconnectionconnection/azure-connection/
build-images	dev/tasks/build-images	2026-08-22T07:28:15.6278435Z #63 68.32 ./samples/resources/bigqueryconnectionconnection/azure-connection/bigqueryconnection_v1beta1_bigqueryconnectionconnection.yaml
build-images	dev/tasks/build-images	2026-08-22T07:28:15.6278826Z #63 68.32 ./samples/resources/bigqueryconnectionconnection/cloudresource-connection/
build-images	dev/tasks/build-images	2026-08-22T07:28:15.6279719Z #63 68.32 ./samples/resources/bigqueryconnectionconnection/cloudresource-connection/bigqueryconnection_v1beta1_bigqueryconnectionconnection.yaml
build-images	dev/tasks/build-images	2026-08-22T07:28:15.6280116Z #63 68.32 ./samples/resources/bigqueryconnectionconnection/cloudsql-connection/
build-images	dev/tasks/build-images	2026-08-22T07:28:15.6280657Z #63 68.32 ./samples/resources/bigqueryconnectionconnection/cloudsql-connection/sql_v1beta1_sqlinstance.yaml
build-images	dev/tasks/build-images	2026-08-22T07:28:15.6281265Z #63 68.32 ./samples/resources/bigqueryconnectionconnection/cloudsql-connection/sql_v1beta1_sqldatabase.yaml
build-images	dev/tasks/build-images	2026-08-22T07:28:15.6282034Z #63 68.32 ./samples/resources/bigqueryconnectionconnection/cloudsql-connection/secret.yaml
build-images	dev/tasks/build-images	2026-08-22T07:28:15.6282814Z #63 68.32 ./samples/resources/bigqueryconnectionconnection/cloudsql-connection/bigqueryconnection_v1beta1_bigqueryconnectionconnection.yaml
build-images	dev/tasks/build-images	2026-08-22T07:28:15.6283377Z #63 68.32 ./samples/resources/bigqueryconnectionconnection/cloudsql-connection/sql_v1beta1_sqluser.yaml
build-images	dev/tasks/build-images	2026-08-22T07:28:15.6283723Z #63 68.32 ./samples/resources/bigqueryconnectionconnection/spark-connection/
build-images	dev/tasks/build-images	2026-08-22T07:28:15.6284504Z #63 68.32 ./samples/resources/bigqueryconnectionconnection/spark-connection/bigqueryconnection_v1beta1_bigqueryconnectionconnection.yaml
build-images	dev/tasks/build-images	2026-08-22T07:28:15.6284907Z #63 68.32 ./samples/resources/bigqueryconnectionconnection/cloudspanner-connection/
build-images	dev/tasks/build-images	2026-08-22T07:28:15.6285582Z #63 68.32 ./samples/resources/bigqueryconnectionconnection/cloudspanner-connection/spanner_v1beta1_spannerinstance.yaml
build-images	dev/tasks/build-images	2026-08-22T07:28:15.6286522Z #63 68.32 ./samples/resources/bigqueryconnectionconnection/cloudspanner-connection/bigqueryconnection_v1beta1_bigqueryconnectionconnection.yaml
build-images	dev/tasks/build-images	2026-08-22T07:28:15.6287247Z #63 68.32 ./samples/resources/bigqueryconnectionconnection/cloudspanner-connection/spanner_v1beta1_spannerdatabase.yaml
build-images	dev/tasks/build-images	2026-08-22T07:28:15.6287627Z #63 68.32 ./samples/resources/bigqueryconnectionconnection/aws-connection/
build-images	dev/tasks/build-images	2026-08-22T07:28:15.6288361Z #63 68.32 ./samples/resources/bigqueryconnectionconnection/aws-connection/bigqueryconnection_v1beta1_bigqueryconnectionconnection.yaml
build-images	dev/tasks/build-images	2026-08-22T07:28:15.6288529Z #63 68.32 ./samples/resources/kmskeyring/
build-images	dev/tasks/build-images	2026-08-22T07:28:15.6288849Z #63 68.32 ./samples/resources/kmskeyring/kms_v1beta1_kmskeyring.yaml
build-images	dev/tasks/build-images	2026-08-22T07:28:15.6289171Z #63 68.32 ./samples/resources/storagedefaultobjectaccesscontrol/
build-images	dev/tasks/build-images	2026-08-22T07:28:15.6289963Z #63 68.33 ./samples/resources/storagedefaultobjectaccesscontrol/storage_v1beta1_storagedefaultobjectaccesscontrol.yaml
build-images	dev/tasks/build-images	2026-08-22T07:28:15.6290467Z #63 68.33 ./samples/resources/storagedefaultobjectaccesscontrol/storage_v1beta1_storagebucket.yaml
build-images	dev/tasks/build-images	2026-08-22T07:28:15.6290668Z #63 68.33 ./samples/resources/bigqueryroutine/
build-images	dev/tasks/build-images	2026-08-22T07:28:15.6291103Z #63 68.33 ./samples/resources/bigqueryroutine/bigquery_v1beta1_bigqueryroutine.yaml
build-images	dev/tasks/build-images	2026-08-22T07:28:15.6291531Z #63 68.33 ./samples/resources/bigqueryroutine/bigquery_v1beta1_bigquerydataset.yaml
build-images	dev/tasks/build-images	2026-08-22T07:28:15.6292116Z #63 68.33 ./samples/resources/bigqueryroutine/iam_v1beta1_iamserviceaccount.yaml
build-images	dev/tasks/build-images	2026-08-22T07:28:15.6292342Z #63 68.33 ./samples/resources/gkehubfeaturemembership/
build-images	dev/tasks/build-images	2026-08-22T07:28:15.6292832Z #63 68.33 ./samples/resources/gkehubfeaturemembership/configsync-auto-upgrade-feature-membership/
build-images	dev/tasks/build-images	2026-08-22T07:28:15.6293705Z #63 68.33 ./samples/resources/gkehubfeaturemembership/configsync-auto-upgrade-feature-membership/gkehub_v1beta1_gkehubfeaturemembership.yaml
build-images	dev/tasks/build-images	2026-08-22T07:28:15.6294423Z #63 68.33 ./samples/resources/gkehubfeaturemembership/configsync-auto-upgrade-feature-membership/gkehub_v1beta1_gkehubfeature.yaml
build-images	dev/tasks/build-images	2026-08-22T07:28:15.6295603Z #63 68.33 ./samples/resources/gkehubfeaturemembership/configsync-auto-upgrade-feature-membership/container_v1beta1_containercluster.yaml
build-images	dev/tasks/build-images	2026-08-22T07:28:15.6296348Z #63 68.33 ./samples/resources/gkehubfeaturemembership/configsync-auto-upgrade-feature-membership/resourcemanager_v1beta1_project.yaml
build-images	dev/tasks/build-images	2026-08-22T07:28:15.6297164Z #63 68.33 ./samples/resources/gkehubfeaturemembership/configsync-auto-upgrade-feature-membership/serviceusage_v1beta1_service.yaml
build-images	dev/tasks/build-images	2026-08-22T07:28:15.6298003Z #63 68.33 ./samples/resources/gkehubfeaturemembership/configsync-auto-upgrade-feature-membership/gkehub_v1beta1_gkehubmembership.yaml
build-images	dev/tasks/build-images	2026-08-22T07:28:15.6298491Z #63 68.33 ./samples/resources/gkehubfeaturemembership/config-management-feature-membership/
build-images	dev/tasks/build-images	2026-08-22T07:28:15.6299242Z #63 68.33 ./samples/resources/gkehubfeaturemembership/config-management-feature-membership/gkehub_v1beta1_gkehubfeaturemembership.yaml
build-images	dev/tasks/build-images	2026-08-22T07:28:15.6299956Z #63 68.33 ./samples/resources/gkehubfeaturemembership/config-management-feature-membership/gkehub_v1beta1_gkehubfeature.yaml
build-images	dev/tasks/build-images	2026-08-22T07:28:15.6300694Z #63 68.33 ./samples/resources/gkehubfeaturemembership/config-management-feature-membership/container_v1beta1_containercluster.yaml
build-images	dev/tasks/build-images	2026-08-22T07:28:15.6301472Z #63 68.33 ./samples/resources/gkehubfeaturemembership/config-management-feature-membership/resourcemanager_v1beta1_project.yaml
build-images	dev/tasks/build-images	2026-08-22T07:28:15.6302376Z #63 68.33 ./samples/resources/gkehubfeaturemembership/config-management-feature-membership/serviceusage_v1beta1_service.yaml
build-images	dev/tasks/build-images	2026-08-22T07:28:15.6303154Z #63 68.33 ./samples/resources/gkehubfeaturemembership/config-management-feature-membership/gkehub_v1beta1_gkehubmembership.yaml
build-images	dev/tasks/build-images	2026-08-22T07:28:15.6303582Z #63 68.33 ./samples/resources/gkehubfeaturemembership/service-mesh-feature-membership/
build-images	dev/tasks/build-images	2026-08-22T07:28:15.6304295Z #63 68.33 ./samples/resources/gkehubfeaturemembership/service-mesh-feature-membership/gkehub_v1beta1_gkehubfeaturemembership.yaml
build-images	dev/tasks/build-images	2026-08-22T07:28:15.6304967Z #63 68.33 ./samples/resources/gkehubfeaturemembership/service-mesh-feature-membership/gkehub_v1beta1_gkehubfeature.yaml
build-images	dev/tasks/build-images	2026-08-22T07:28:15.6305658Z #63 68.33 ./samples/resources/gkehubfeaturemembership/service-mesh-feature-membership/container_v1beta1_containercluster.yaml
build-images	dev/tasks/build-images	2026-08-22T07:28:15.6306405Z #63 68.33 ./samples/resources/gkehubfeaturemembership/service-mesh-feature-membership/resourcemanager_v1beta1_project.yaml
build-images	dev/tasks/build-images	2026-08-22T07:28:15.6307131Z #63 68.33 ./samples/resources/gkehubfeaturemembership/service-mesh-feature-membership/serviceusage_v1beta1_service.yaml
build-images	dev/tasks/build-images	2026-08-22T07:28:15.6307854Z #63 68.33 ./samples/resources/gkehubfeaturemembership/service-mesh-feature-membership/gkehub_v1beta1_gkehubmembership.yaml
build-images	dev/tasks/build-images	2026-08-22T07:28:15.6308081Z #63 68.33 ./samples/resources/bigqueryjob/
build-images	dev/tasks/build-images	2026-08-22T07:28:15.6308381Z #63 68.33 ./samples/resources/bigqueryjob/copy-bigquery-job/
build-images	dev/tasks/build-images	2026-08-22T07:28:15.6308883Z #63 68.33 ./samples/resources/bigqueryjob/copy-bigquery-job/iam_v1beta1_iampolicymember.yaml
build-images	dev/tasks/build-images	2026-08-22T07:28:15.6309379Z #63 68.33 ./samples/resources/bigqueryjob/copy-bigquery-job/bigquery_v1beta1_bigquerydataset.yaml
build-images	dev/tasks/build-images	2026-08-22T07:28:15.6309787Z #63 68.33 ./samples/resources/bigqueryjob/copy-bigquery-job/kms_v1beta1_kmscryptokey.yaml
build-images	dev/tasks/build-images	2026-08-22T07:28:15.6310234Z #63 68.33 ./samples/resources/bigqueryjob/copy-bigquery-job/bigquery_v1beta1_bigqueryjob.yaml
build-images	dev/tasks/build-images	2026-08-22T07:28:15.6310682Z #63 68.33 ./samples/resources/bigqueryjob/copy-bigquery-job/bigquery_v1beta1_bigquerytable.yaml
build-images	dev/tasks/build-images	2026-08-22T07:28:15.6311099Z #63 68.33 ./samples/resources/bigqueryjob/copy-bigquery-job/kms_v1beta1_kmskeyring.yaml
build-images	dev/tasks/build-images	2026-08-22T07:28:15.6311395Z #63 68.33 ./samples/resources/bigqueryjob/query-bigquery-job/
build-images	dev/tasks/build-images	2026-08-22T07:28:15.6312259Z #63 68.33 ./samples/resources/bigqueryjob/query-bigquery-job/bigquery_v1beta1_bigquerydataset.yaml
build-images	dev/tasks/build-images	2026-08-22T07:28:15.6312784Z #63 68.33 ./samples/resources/bigqueryjob/query-bigquery-job/bigquery_v1beta1_bigqueryjob.yaml
build-images	dev/tasks/build-images	2026-08-22T07:28:15.6313496Z #63 68.33 ./samples/resources/bigqueryjob/query-bigquery-job/bigquery_v1beta1_bigquerytable.yaml
build-images	dev/tasks/build-images	2026-08-22T07:28:15.6313928Z #63 68.33 ./samples/resources/bigqueryjob/load-bigquery-job/
build-images	dev/tasks/build-images	2026-08-22T07:28:15.6314392Z #63 68.33 ./samples/resources/bigqueryjob/load-bigquery-job/bigquery_v1beta1_bigquerydataset.yaml
build-images	dev/tasks/build-images	2026-08-22T07:28:15.6314839Z #63 68.33 ./samples/resources/bigqueryjob/load-bigquery-job/bigquery_v1beta1_bigqueryjob.yaml
build-images	dev/tasks/build-images	2026-08-22T07:28:15.6315379Z #63 68.33 ./samples/resources/bigqueryjob/load-bigquery-job/bigquery_v1beta1_bigquerytable.yaml
build-images	dev/tasks/build-images	2026-08-22T07:28:15.6315778Z #63 68.33 ./samples/resources/bigqueryjob/extract-bigquery-job/
build-images	dev/tasks/build-images	2026-08-22T07:28:15.6316353Z #63 68.33 ./samples/resources/bigqueryjob/extract-bigquery-job/bigquery_v1beta1_bigquerydataset.yaml
build-images	dev/tasks/build-images	2026-08-22T07:28:15.6316900Z #63 68.33 ./samples/resources/bigqueryjob/extract-bigquery-job/bigquery_v1beta1_bigqueryjob.yaml
build-images	dev/tasks/build-images	2026-08-22T07:28:15.6317474Z #63 68.33 ./samples/resources/bigqueryjob/extract-bigquery-job/bigquery_v1beta1_bigquerytable.yaml
build-images	dev/tasks/build-images	2026-08-22T07:28:15.6318317Z #63 68.33 ./samples/resources/bigqueryjob/extract-bigquery-job/storage_v1beta1_storagebucket.yaml
build-images	dev/tasks/build-images	2026-08-22T07:28:15.6318624Z #63 68.33 ./samples/resources/computetargettcpproxy/
build-images	dev/tasks/build-images	2026-08-22T07:28:15.6319205Z #63 68.33 ./samples/resources/computetargettcpproxy/compute_v1beta1_computebackendservice.yaml
build-images	dev/tasks/build-images	2026-08-22T07:28:15.6319791Z #63 68.33 ./samples/resources/computetargettcpproxy/compute_v1beta1_computehealthcheck.yaml
build-images	dev/tasks/build-images	2026-08-22T07:28:15.6320266Z #63 68.33 ./samples/resources/computetargettcpproxy/compute_v1beta1_computetargettcpproxy.yaml
build-images	dev/tasks/build-images	2026-08-22T07:28:15.6320671Z #63 68.33 ./samples/resources/redisinstance/
build-images	dev/tasks/build-images	2026-08-22T07:28:15.6321204Z #63 68.33 ./samples/resources/redisinstance/redis_v1beta1_redisinstance.yaml
build-images	dev/tasks/build-images	2026-08-22T07:28:16.0723153Z #63 68.94 Generating channel manifests...
build-images	dev/tasks/build-images	2026-08-22T07:28:16.8380340Z #63 69.71 # Warning: 'patchesJson6902' is deprecated. Please use 'patches' instead. Run 'kustomize edit fix' to update your Kustomization automatically.
build-images	dev/tasks/build-images	2026-08-22T07:28:17.0174874Z #63 69.89 # Warning: 'patchesJson6902' is deprecated. Please use 'patches' instead. Run 'kustomize edit fix' to update your Kustomization automatically.
build-images	dev/tasks/build-images	2026-08-22T07:28:24.9287356Z #63 77.80 # Warning: 'patchesJson6902' is deprecated. Please use 'patches' instead. Run 'kustomize edit fix' to update your Kustomization automatically.
build-images	dev/tasks/build-images	2026-08-22T07:28:32.5014502Z #63 85.37 go: downloading github.com/google/addlicense v1.0.1-0.20220826150037-04bfe4ee9ca5
build-images	dev/tasks/build-images	2026-08-22T07:28:32.6930447Z #63 85.56 go: downloading github.com/bmatcuk/doublestar/v4 v4.0.2
build-images	dev/tasks/build-images	2026-08-22T07:28:32.8473375Z #63 85.56 go: downloading golang.org/x/sync v0.0.0-20190911185100-cd5d95a43a6e
build-images	dev/tasks/build-images	2026-08-22T07:28:35.1414894Z #63 88.01 Verifying version 1.155.0 in generated manifests...
build-images	dev/tasks/build-images	2026-08-22T07:28:35.3243620Z #63 88.01 Checking /go/src/github.com/GoogleCloudPlatform/k8s-config-connector/operator/channels/packages/configconnector/1.155.0/namespaced/0-cnrm-system.yaml...
build-images	dev/tasks/build-images	2026-08-22T07:28:35.3250578Z #63 88.01 Found version 1.155.0 in /go/src/github.com/GoogleCloudPlatform/k8s-config-connector/operator/channels/packages/configconnector/1.155.0/namespaced/0-cnrm-system.yaml:
build-images	dev/tasks/build-images	2026-08-22T07:28:35.3267617Z #63 88.02     cnrm.cloud.google.com/version: 1.155.0
build-images	dev/tasks/build-images	2026-08-22T07:28:35.3278450Z #63 88.02 Checking /go/src/github.com/GoogleCloudPlatform/k8s-config-connector/operator/autopilot-channels/packages/configconnector/1.155.0/namespaced/0-cnrm-system.yaml...
build-images	dev/tasks/build-images	2026-08-22T07:28:35.3280866Z #63 88.02 Found version 1.155.0 in /go/src/github.com/GoogleCloudPlatform/k8s-config-connector/operator/autopilot-channels/packages/configconnector/1.155.0/namespaced/0-cnrm-system.yaml:
build-images	dev/tasks/build-images	2026-08-22T07:28:35.3282917Z #63 88.03     cnrm.cloud.google.com/version: 1.155.0
build-images	dev/tasks/build-images	2026-08-22T07:28:35.3283663Z #63 88.03 Channel manifests generated and verified successfully.
build-images	dev/tasks/build-images	2026-08-22T07:28:35.3284386Z #63 88.03 Generated files summary:
build-images	dev/tasks/build-images	2026-08-22T07:28:35.3284844Z #63 88.03 --- channels ---
build-images	dev/tasks/build-images	2026-08-22T07:28:35.3285681Z #63 88.03 operator/channels/packages/configconnector/1.155.0/namespaced/per-namespace-components.yaml
build-images	dev/tasks/build-images	2026-08-22T07:28:35.3287524Z #63 88.03 operator/channels/packages/configconnector/1.155.0/namespaced/0-cnrm-system.yaml
build-images	dev/tasks/build-images	2026-08-22T07:28:35.3288778Z #63 88.03 operator/channels/packages/configconnector/1.155.0/cluster/gcp-identity/0-cnrm-system.yaml
build-images	dev/tasks/build-images	2026-08-22T07:28:35.3290126Z #63 88.03 operator/channels/packages/configconnector/1.155.0/cluster/workload-identity/0-cnrm-system.yaml
build-images	dev/tasks/build-images	2026-08-22T07:28:35.3291264Z #63 88.03 operator/channels/packages/configconnector/1.155.0/crds.yaml
build-images	dev/tasks/build-images	2026-08-22T07:28:35.3294315Z #63 88.03 --- autopilot-channels ---
build-images	dev/tasks/build-images	2026-08-22T07:28:35.3295391Z #63 88.04 operator/autopilot-channels/packages/configconnector/1.155.0/namespaced/per-namespace-components.yaml
build-images	dev/tasks/build-images	2026-08-22T07:28:35.3296819Z #63 88.04 operator/autopilot-channels/packages/configconnector/1.155.0/namespaced/0-cnrm-system.yaml
build-images	dev/tasks/build-images	2026-08-22T07:28:35.3308114Z #63 88.04 operator/autopilot-channels/packages/configconnector/1.155.0/cluster/gcp-identity/0-cnrm-system.yaml
build-images	dev/tasks/build-images	2026-08-22T07:28:35.3310363Z #63 88.04 operator/autopilot-channels/packages/configconnector/1.155.0/cluster/workload-identity/0-cnrm-system.yaml
build-images	dev/tasks/build-images	2026-08-22T07:28:35.3312459Z #63 88.04 operator/autopilot-channels/packages/configconnector/1.155.0/crds.yaml
build-images	dev/tasks/build-images	2026-08-22T07:28:36.1186184Z #63 DONE 89.0s
build-images	dev/tasks/build-images	2026-08-22T07:28:36.1186767Z 
build-images	dev/tasks/build-images	2026-08-22T07:28:36.1191604Z #60 [unmanageddetector builder 19/20] RUN --mount=type=cache,target=/root/.cache/go-build     --mount=type=cache,target=/go/pkg/mod     CGO_ENABLED=0 GOOS=linux GOARCH=amd64 go build -trimpath -p 4 -ldflags "-s -w -buildid=" -o .       github.com/GoogleCloudPlatform/k8s-config-connector/cmd/deletiondefender       github.com/GoogleCloudPlatform/k8s-config-connector/cmd/webhook       github.com/GoogleCloudPlatform/k8s-config-connector/cmd/recorder       github.com/GoogleCloudPlatform/k8s-config-connector/cmd/unmanageddetector       github.com/GoogleCloudPlatform/k8s-config-connector/cmd/manager       github.com/GoogleCloudPlatform/k8s-config-connector/cmd/config-connector
build-images	dev/tasks/build-images	2026-08-22T07:28:36.2724826Z #60 ...
build-images	dev/tasks/build-images	2026-08-22T07:28:36.2726583Z 
build-images	dev/tasks/build-images	2026-08-22T07:28:36.2728988Z #64 [operator builder 23/27] RUN --mount=type=cache,target=/root/.cache/go-build     --mount=type=cache,target=/go/pkg/mod     CGO_ENABLED=0 GOOS=linux GOARCH=amd64 go build -trimpath -p 4 -ldflags "-s -w -buildid=" -o manager github.com/GoogleCloudPlatform/k8s-config-connector/operator/cmd/manager
build-images	dev/tasks/build-images	2026-08-22T07:30:26.8801415Z #64 DONE 110.8s
build-images	dev/tasks/build-images	2026-08-22T07:30:26.8807463Z 
build-images	dev/tasks/build-images	2026-08-22T07:30:26.8812833Z #60 [unmanageddetector builder 19/20] RUN --mount=type=cache,target=/root/.cache/go-build     --mount=type=cache,target=/go/pkg/mod     CGO_ENABLED=0 GOOS=linux GOARCH=amd64 go build -trimpath -p 4 -ldflags "-s -w -buildid=" -o .       github.com/GoogleCloudPlatform/k8s-config-connector/cmd/deletiondefender       github.com/GoogleCloudPlatform/k8s-config-connector/cmd/webhook       github.com/GoogleCloudPlatform/k8s-config-connector/cmd/recorder       github.com/GoogleCloudPlatform/k8s-config-connector/cmd/unmanageddetector       github.com/GoogleCloudPlatform/k8s-config-connector/cmd/manager       github.com/GoogleCloudPlatform/k8s-config-connector/cmd/config-connector
build-images	dev/tasks/build-images	2026-08-22T07:30:27.0329384Z #60 ...
build-images	dev/tasks/build-images	2026-08-22T07:30:27.0330608Z 
build-images	dev/tasks/build-images	2026-08-22T07:30:27.0333072Z #65 [operator builder 24/27] RUN --mount=type=cache,target=/root/.cache/go-build     --mount=type=cache,target=/go/pkg/mod     CGO_ENABLED=0 GOOS=linux GOARCH=amd64 go build -a -o gke_addon_poststart github.com/GoogleCloudPlatform/k8s-config-connector/operator/cmd/gke_addon_poststart
build-images	dev/tasks/build-images	2026-08-22T07:32:16.2512182Z #65 ...
build-images	dev/tasks/build-images	2026-08-22T07:32:16.2514126Z 
build-images	dev/tasks/build-images	2026-08-22T07:32:16.2519020Z #60 [unmanageddetector builder 19/20] RUN --mount=type=cache,target=/root/.cache/go-build     --mount=type=cache,target=/go/pkg/mod     CGO_ENABLED=0 GOOS=linux GOARCH=amd64 go build -trimpath -p 4 -ldflags "-s -w -buildid=" -o .       github.com/GoogleCloudPlatform/k8s-config-connector/cmd/deletiondefender       github.com/GoogleCloudPlatform/k8s-config-connector/cmd/webhook       github.com/GoogleCloudPlatform/k8s-config-connector/cmd/recorder       github.com/GoogleCloudPlatform/k8s-config-connector/cmd/unmanageddetector       github.com/GoogleCloudPlatform/k8s-config-connector/cmd/manager       github.com/GoogleCloudPlatform/k8s-config-connector/cmd/config-connector
build-images	dev/tasks/build-images	2026-08-22T07:32:16.2525309Z #60 309.9 # github.com/GoogleCloudPlatform/k8s-config-connector/pkg/controller/direct/certificatemanager
build-images	dev/tasks/build-images	2026-08-22T07:32:16.2563534Z ##[error]#60 309.9 pkg/controller/direct/certificatemanager/certificatemanagertrustconfig_controller.go:35:2: "google.golang.org/api/option" imported and not used
build-images	dev/tasks/build-images	2026-08-22T07:33:08.4304560Z #60 ...
build-images	dev/tasks/build-images	2026-08-22T07:33:08.4307198Z 
build-images	dev/tasks/build-images	2026-08-22T07:33:08.4309265Z #65 [operator builder 24/27] RUN --mount=type=cache,target=/root/.cache/go-build     --mount=type=cache,target=/go/pkg/mod     CGO_ENABLED=0 GOOS=linux GOARCH=amd64 go build -a -o gke_addon_poststart github.com/GoogleCloudPlatform/k8s-config-connector/operator/cmd/gke_addon_poststart
build-images	dev/tasks/build-images	2026-08-22T07:33:08.4311579Z #65 DONE 161.5s
build-images	dev/tasks/build-images	2026-08-22T07:33:08.5832973Z 
build-images	dev/tasks/build-images	2026-08-22T07:33:08.5834094Z #66 [operator builder 25/27] RUN go mod vendor -o temp-vendor # So we can load license files
build-images	dev/tasks/build-images	2026-08-22T07:33:10.4858765Z #66 2.054 go: downloading k8s.io/api v0.33.10
build-images	dev/tasks/build-images	2026-08-22T07:33:10.6364908Z #66 2.054 go: downloading k8s.io/apimachinery v0.33.10
build-images	dev/tasks/build-images	2026-08-22T07:33:10.9496060Z #66 2.517 go: downloading sigs.k8s.io/controller-runtime v0.20.4
build-images	dev/tasks/build-images	2026-08-22T07:33:10.9498767Z #66 2.517 go: downloading github.com/google/go-cmp v0.7.0
build-images	dev/tasks/build-images	2026-08-22T07:33:11.1833223Z #66 2.600 go: downloading k8s.io/apiextensions-apiserver v0.33.10
build-images	dev/tasks/build-images	2026-08-22T07:33:11.3158367Z #66 2.884 go: downloading cloud.google.com/go/resourcemanager v1.15.0
build-images	dev/tasks/build-images	2026-08-22T07:33:11.4512376Z #66 2.957 go: downloading cloud.google.com/go v0.123.0
build-images	dev/tasks/build-images	2026-08-22T07:33:11.4513408Z #66 3.019 go: downloading k8s.io/klog/v2 v2.130.1
build-images	dev/tasks/build-images	2026-08-22T07:33:11.6303621Z #66 3.089 go: downloading sigs.k8s.io/structured-merge-diff/v4 v4.6.0
build-images	dev/tasks/build-images	2026-08-22T07:33:11.6304996Z #66 3.198 go: downloading github.com/appscode/jsonpatch v0.0.0-20190108182946-7c0e3b262f30
build-images	dev/tasks/build-images	2026-08-22T07:33:11.7326627Z #66 3.201 go: downloading k8s.io/utils v0.0.0-20250604170112-4c0f3b243397
build-images	dev/tasks/build-images	2026-08-22T07:33:11.7327826Z #66 3.213 go: downloading cloud.google.com/go/iam v1.11.0
build-images	dev/tasks/build-images	2026-08-22T07:33:11.7329011Z #66 3.236 go: downloading github.com/googleapis/gax-go/v2 v2.23.0
build-images	dev/tasks/build-images	2026-08-22T07:33:11.7330377Z #66 3.301 go: downloading google.golang.org/genproto/googleapis/rpc v0.0.0-20260630182238-925bb5da69e7
build-images	dev/tasks/build-images	2026-08-22T07:33:11.9009013Z #66 3.345 go: downloading google.golang.org/genproto v0.0.0-20260519071638-aa98bba5eb94
build-images	dev/tasks/build-images	2026-08-22T07:33:11.9010391Z #66 3.353 go: downloading google.golang.org/grpc v1.82.1
build-images	dev/tasks/build-images	2026-08-22T07:33:11.9011514Z #66 3.469 go: downloading google.golang.org/protobuf v1.36.11
build-images	dev/tasks/build-images	2026-08-22T07:33:12.6319209Z #66 4.200 go: downloading github.com/gogo/protobuf v1.3.2
build-images	dev/tasks/build-images	2026-08-22T07:33:12.7852729Z #66 4.353 go: downloading sigs.k8s.io/randfill v1.0.0
build-images	dev/tasks/build-images	2026-08-22T07:33:12.8939476Z #66 4.409 go: downloading github.com/evanphx/json-patch/v5 v5.9.11
build-images	dev/tasks/build-images	2026-08-22T07:33:12.8941543Z #66 4.462 go: downloading k8s.io/client-go v0.33.10
build-images	dev/tasks/build-images	2026-08-22T07:33:13.6843894Z #66 5.252 go: downloading cloud.google.com/go/compute v1.63.0
build-images	dev/tasks/build-images	2026-08-22T07:33:14.5258916Z #66 6.094 go: downloading gopkg.in/evanphx/json-patch.v4 v4.12.0
build-images	dev/tasks/build-images	2026-08-22T07:33:14.7493157Z #66 6.110 go: downloading github.com/go-logr/logr v1.4.3
build-images	dev/tasks/build-images	2026-08-22T07:33:14.7494267Z #66 6.121 go: downloading cloud.google.com/go/longrunning v1.2.0
build-images	dev/tasks/build-images	2026-08-22T07:33:14.7495210Z #66 6.167 go: downloading google.golang.org/api v0.287.1
build-images	dev/tasks/build-images	2026-08-22T07:33:19.4122830Z #66 10.98 go: downloading github.com/onsi/gomega v1.36.1
build-images	dev/tasks/build-images	2026-08-22T07:33:19.5880146Z #66 10.98 go: downloading google.golang.org/genproto/googleapis/api v0.0.0-20260630182238-925bb5da69e7
build-images	dev/tasks/build-images	2026-08-22T07:33:19.5881263Z #66 10.99 go: downloading github.com/json-iterator/go v1.1.12
build-images	dev/tasks/build-images	2026-08-22T07:33:19.5882554Z #66 11.00 go: downloading github.com/hashicorp/go-cty v1.4.1-0.20200414143053-d3edf31b6320
build-images	dev/tasks/build-images	2026-08-22T07:33:19.6049832Z #66 11.17 go: downloading github.com/hashicorp/terraform-plugin-sdk/v2 v2.24.0
build-images	dev/tasks/build-images	2026-08-22T07:33:19.7197348Z #66 11.25 go: downloading github.com/ghodss/yaml v1.0.0
build-images	dev/tasks/build-images	2026-08-22T07:33:19.7199430Z #66 11.27 go: downloading sigs.k8s.io/kubebuilder-declarative-pattern/mockkubeapiserver v0.0.0-20230303024857-d1f76c15e05b
build-images	dev/tasks/build-images	2026-08-22T07:33:19.7202776Z #66 11.29 go: downloading sigs.k8s.io/kubebuilder-declarative-pattern v0.20.0-beta.1.0.20250514194322-871029137730
build-images	dev/tasks/build-images	2026-08-22T07:33:19.8411541Z #66 11.41 go: downloading gomodules.xyz/jsonpatch/v2 v2.4.0
build-images	dev/tasks/build-images	2026-08-22T07:33:19.9497905Z #66 11.43 go: downloading golang.org/x/oauth2 v0.36.0
build-images	dev/tasks/build-images	2026-08-22T07:33:19.9499383Z #66 11.44 go: downloading gopkg.in/dnaeon/go-vcr.v3 v3.2.0
build-images	dev/tasks/build-images	2026-08-22T07:33:19.9500337Z #66 11.44 go: downloading golang.org/x/sync v0.21.0
build-images	dev/tasks/build-images	2026-08-22T07:33:19.9502612Z #66 11.47 go: downloading github.com/spf13/pflag v1.0.10
build-images	dev/tasks/build-images	2026-08-22T07:33:19.9503628Z #66 11.49 go: downloading github.com/go-logr/zapr v1.3.0
build-images	dev/tasks/build-images	2026-08-22T07:33:19.9505202Z #66 11.52 go: downloading go.uber.org/zap v1.27.0
build-images	dev/tasks/build-images	2026-08-22T07:33:20.0724235Z #66 11.53 go: downloading github.com/blang/semver v3.5.1+incompatible
build-images	dev/tasks/build-images	2026-08-22T07:33:20.0725249Z #66 11.54 go: downloading github.com/spf13/cobra v1.8.1
build-images	dev/tasks/build-images	2026-08-22T07:33:20.0727804Z #66 11.56 go: downloading github.com/olekukonko/tablewriter v0.0.5
build-images	dev/tasks/build-images	2026-08-22T07:33:20.0730425Z #66 11.56 go: downloading gopkg.in/yaml.v2 v2.4.0
build-images	dev/tasks/build-images	2026-08-22T07:33:20.0731403Z #66 11.57 go: downloading github.com/fatih/color v1.18.0
build-images	dev/tasks/build-images	2026-08-22T07:33:20.0733827Z #66 11.59 go: downloading golang.org/x/time v0.15.0
build-images	dev/tasks/build-images	2026-08-22T07:33:20.0734788Z #66 11.60 go: downloading github.com/cenkalti/backoff v2.2.1+incompatible
build-images	dev/tasks/build-images	2026-08-22T07:33:20.0737125Z #66 11.61 go: downloading cloud.google.com/go/accesscontextmanager v1.14.0
build-images	dev/tasks/build-images	2026-08-22T07:33:20.0738306Z #66 11.61 go: downloading github.com/nasa9084/go-openapi v0.0.0-20200604141640-2875b7376353
build-images	dev/tasks/build-images	2026-08-22T07:33:20.0740646Z #66 11.64 go: downloading cloud.google.com/go/aiplatform v1.125.0
build-images	dev/tasks/build-images	2026-08-22T07:33:20.2321027Z #66 11.67 go: downloading cloud.google.com/go/alloydb v1.26.0
build-images	dev/tasks/build-images	2026-08-22T07:33:20.2322532Z #66 11.80 go: downloading github.com/golang/protobuf v1.5.4
build-images	dev/tasks/build-images	2026-08-22T07:33:20.3534162Z #66 11.86 go: downloading cloud.google.com/go/analytics v0.35.0
build-images	dev/tasks/build-images	2026-08-22T07:33:20.3535482Z #66 11.92 go: downloading cloud.google.com/go/apigateway v1.12.0
build-images	dev/tasks/build-images	2026-08-22T07:33:20.4994080Z #66 11.95 go: downloading cloud.google.com/go/apigeeregistry v1.0.0
build-images	dev/tasks/build-images	2026-08-22T07:33:20.4995829Z #66 11.98 go: downloading cloud.google.com/go/apihub v1.0.0
build-images	dev/tasks/build-images	2026-08-22T07:33:20.4997512Z #66 12.07 go: downloading cloud.google.com/go/apikeys v1.2.7
build-images	dev/tasks/build-images	2026-08-22T07:33:20.6133875Z #66 12.09 go: downloading cloud.google.com/go/apphub v0.4.0
build-images	dev/tasks/build-images	2026-08-22T07:33:20.6135222Z #66 12.12 go: downloading cloud.google.com/go/artifactregistry v1.25.0
build-images	dev/tasks/build-images	2026-08-22T07:33:20.6137394Z #66 12.18 go: downloading cloud.google.com/go/asset v1.27.0
build-images	dev/tasks/build-images	2026-08-22T07:33:20.7413250Z #66 12.22 go: downloading cloud.google.com/go/assuredworkloads v1.18.0
build-images	dev/tasks/build-images	2026-08-22T07:33:20.7414413Z #66 12.24 go: downloading cloud.google.com/go/automl v1.20.0
build-images	dev/tasks/build-images	2026-08-22T07:33:20.7415552Z #66 12.26 go: downloading cloud.google.com/go/backupdr v1.6.0
build-images	dev/tasks/build-images	2026-08-22T07:33:20.7416581Z #66 12.31 go: downloading cloud.google.com/go/batch v1.19.0
build-images	dev/tasks/build-images	2026-08-22T07:33:20.9496276Z #66 12.32 go: downloading cloud.google.com/go/beyondcorp v1.7.0
build-images	dev/tasks/build-images	2026-08-22T07:33:20.9497401Z #66 12.37 go: downloading cloud.google.com/go/bigquery v1.77.0
build-images	dev/tasks/build-images	2026-08-22T07:33:21.0233319Z #66 12.59 go: downloading cloud.google.com/go/bigtable v1.50.0
build-images	dev/tasks/build-images	2026-08-22T07:33:21.1503940Z #66 12.59 go: downloading cloud.google.com/go/billing v1.26.0
build-images	dev/tasks/build-images	2026-08-22T07:33:21.1505185Z #66 12.63 go: downloading cloud.google.com/go/certificatemanager v1.14.0
build-images	dev/tasks/build-images	2026-08-22T07:33:21.1506424Z #66 12.66 go: downloading cloud.google.com/go/cloudbuild v1.30.0
build-images	dev/tasks/build-images	2026-08-22T07:33:21.1507488Z #66 12.69 go: downloading cloud.google.com/go/deploy v1.32.0
build-images	dev/tasks/build-images	2026-08-22T07:33:21.1508417Z #66 12.72 go: downloading cloud.google.com/go/clouddms v1.13.0
build-images	dev/tasks/build-images	2026-08-22T07:33:21.2676530Z #66 12.72 go: downloading cloud.google.com/go/cloudquotas v1.11.0
build-images	dev/tasks/build-images	2026-08-22T07:33:21.2678534Z #66 12.72 go: downloading cloud.google.com/go/cloudsecuritycompliance v1.0.0
build-images	dev/tasks/build-images	2026-08-22T07:33:21.2679819Z #66 12.77 go: downloading cloud.google.com/go/talent v1.13.0
build-images	dev/tasks/build-images	2026-08-22T07:33:21.2680930Z #66 12.79 go: downloading cloud.google.com/go/cloudtasks v1.18.0
build-images	dev/tasks/build-images	2026-08-22T07:33:21.2682199Z #66 12.83 go: downloading cloud.google.com/go/orchestration v1.16.0
build-images	dev/tasks/build-images	2026-08-22T07:33:21.3696216Z #66 12.86 go: downloading cloud.google.com/go/configdelivery v0.1.1
build-images	dev/tasks/build-images	2026-08-22T07:33:21.3699188Z #66 12.86 go: downloading cloud.google.com/go/config v1.12.0
build-images	dev/tasks/build-images	2026-08-22T07:33:21.3700307Z #66 12.91 go: downloading cloud.google.com/go/contactcenterinsights v1.22.0
build-images	dev/tasks/build-images	2026-08-22T07:33:21.3712395Z #66 12.94 go: downloading cloud.google.com/go/container v1.52.0
build-images	dev/tasks/build-images	2026-08-22T07:33:21.5057756Z #66 12.94 go: downloading cloud.google.com/go/gkemulticloud v1.11.0
build-images	dev/tasks/build-images	2026-08-22T07:33:21.5059030Z #66 12.95 go: downloading cloud.google.com/go/datacatalog v1.32.0
build-images	dev/tasks/build-images	2026-08-22T07:33:21.5060087Z #66 12.99 go: downloading cloud.google.com/go/dataflow v0.16.0
build-images	dev/tasks/build-images	2026-08-22T07:33:21.5060978Z #66 13.03 go: downloading cloud.google.com/go/dataform v1.0.0
build-images	dev/tasks/build-images	2026-08-22T07:33:21.5062140Z #66 13.07 go: downloading cloud.google.com/go/datalabeling v0.14.0
build-images	dev/tasks/build-images	2026-08-22T07:33:21.6147575Z #66 13.08 go: downloading cloud.google.com/go/dataplex v1.34.0
build-images	dev/tasks/build-images	2026-08-22T07:33:21.6148918Z #66 13.11 go: downloading cloud.google.com/go/dataproc/v2 v2.22.0
build-images	dev/tasks/build-images	2026-08-22T07:33:21.6162647Z #66 13.16 go: downloading cloud.google.com/go/datastream v1.20.0
build-images	dev/tasks/build-images	2026-08-22T07:33:21.6164103Z #66 13.18 go: downloading cloud.google.com/go/developerconnect v1.1.0
build-images	dev/tasks/build-images	2026-08-22T07:33:21.8281415Z #66 13.22 go: downloading cloud.google.com/go/devicestreaming v1.0.0
build-images	dev/tasks/build-images	2026-08-22T07:33:21.8282680Z #66 13.24 go: downloading cloud.google.com/go/dialogflow v1.82.0
build-images	dev/tasks/build-images	2026-08-22T07:33:21.8283593Z #66 13.25 go: downloading cloud.google.com/go/discoveryengine v1.32.0
build-images	dev/tasks/build-images	2026-08-22T07:33:22.5671662Z #66 14.14 go: downloading cloud.google.com/go/documentai v1.48.0
build-images	dev/tasks/build-images	2026-08-22T07:33:22.7917944Z #66 14.14 go: downloading cloud.google.com/go/edgecontainer v1.9.0
build-images	dev/tasks/build-images	2026-08-22T07:33:22.7918903Z #66 14.14 go: downloading cloud.google.com/go/essentialcontacts v1.12.0
build-images	dev/tasks/build-images	2026-08-22T07:33:22.7919726Z #66 14.16 go: downloading cloud.google.com/go/eventarc v1.23.0
build-images	dev/tasks/build-images	2026-08-22T07:33:22.7920464Z #66 14.21 go: downloading cloud.google.com/go/filestore v1.15.0
build-images	dev/tasks/build-images	2026-08-22T07:33:22.7921188Z #66 14.21 go: downloading cloud.google.com/go/firestore v1.22.0
build-images	dev/tasks/build-images	2026-08-22T07:33:22.7972310Z #66 14.37 go: downloading cloud.google.com/go/geminidataanalytics v1.3.0
build-images	dev/tasks/build-images	2026-08-22T07:33:22.8974148Z #66 14.37 go: downloading cloud.google.com/go/gkebackup v1.13.0
build-images	dev/tasks/build-images	2026-08-22T07:33:22.8976874Z #66 14.41 go: downloading cloud.google.com/go/grafeas v0.3.17
build-images	dev/tasks/build-images	2026-08-22T07:33:22.8977983Z #66 14.41 go: downloading cloud.google.com/go/hypercomputecluster v1.1.0
build-images	dev/tasks/build-images	2026-08-22T07:33:22.8978807Z #66 14.46 go: downloading cloud.google.com/go/iap v1.17.0
build-images	dev/tasks/build-images	2026-08-22T07:33:22.8979502Z #66 14.47 go: downloading cloud.google.com/go/kms v1.31.0
build-images	dev/tasks/build-images	2026-08-22T07:33:23.0389671Z #66 14.50 go: downloading cloud.google.com/go/licensemanager v1.1.0
build-images	dev/tasks/build-images	2026-08-22T07:33:23.0390643Z #66 14.54 go: downloading cloud.google.com/go/logging v1.18.0
build-images	dev/tasks/build-images	2026-08-22T07:33:23.0391415Z #66 14.55 go: downloading cloud.google.com/go/managedkafka v0.8.1
build-images	dev/tasks/build-images	2026-08-22T07:33:23.0392562Z #66 14.61 go: downloading cloud.google.com/go/memorystore v0.9.0
build-images	dev/tasks/build-images	2026-08-22T07:33:23.2170297Z #66 14.62 go: downloading cloud.google.com/go/metastore v1.19.0
build-images	dev/tasks/build-images	2026-08-22T07:33:23.2172018Z #66 14.64 go: downloading cloud.google.com/go/migrationcenter v1.6.0
build-images	dev/tasks/build-images	2026-08-22T07:33:23.2173223Z #66 14.68 go: downloading cloud.google.com/go/modelarmor v1.0.0
build-images	dev/tasks/build-images	2026-08-22T07:33:23.2174835Z #66 14.70 go: downloading cloud.google.com/go/monitoring v1.29.0
build-images	dev/tasks/build-images	2026-08-22T07:33:23.2175883Z #66 14.79 go: downloading cloud.google.com/go/netapp v1.12.0
build-images	dev/tasks/build-images	2026-08-22T07:33:23.3578222Z #66 14.79 go: downloading cloud.google.com/go/networkmanagement v1.28.0
build-images	dev/tasks/build-images	2026-08-22T07:33:23.3580976Z #66 14.85 go: downloading cloud.google.com/go/networksecurity v0.17.0
build-images	dev/tasks/build-images	2026-08-22T07:33:23.3583147Z #66 14.86 go: downloading cloud.google.com/go/networkservices v0.6.0
build-images	dev/tasks/build-images	2026-08-22T07:33:23.3584550Z #66 14.93 go: downloading cloud.google.com/go/notebooks v1.17.0
build-images	dev/tasks/build-images	2026-08-22T07:33:23.4603829Z #66 15.01 go: downloading cloud.google.com/go/orgpolicy v1.20.0
build-images	dev/tasks/build-images	2026-08-22T07:33:23.4605186Z #66 15.01 go: downloading cloud.google.com/go/osconfig v1.21.0
build-images	dev/tasks/build-images	2026-08-22T07:33:23.4606409Z #66 15.03 go: downloading cloud.google.com/go/parametermanager v0.3.1
build-images	dev/tasks/build-images	2026-08-22T07:33:23.5966409Z #66 15.06 go: downloading cloud.google.com/go/security v1.24.0
build-images	dev/tasks/build-images	2026-08-22T07:33:23.5968055Z #66 15.09 go: downloading cloud.google.com/go/privilegedaccessmanager v0.3.1
build-images	dev/tasks/build-images	2026-08-22T07:33:23.5969601Z #66 15.11 go: downloading cloud.google.com/go/pubsub/v2 v2.5.1
build-images	dev/tasks/build-images	2026-08-22T07:33:23.5970853Z #66 15.12 go: downloading cloud.google.com/go/rapidmigrationassessment v1.7.0
build-images	dev/tasks/build-images	2026-08-22T07:33:23.5972335Z #66 15.16 go: downloading cloud.google.com/go/recaptchaenterprise/v2 v2.26.0
build-images	dev/tasks/build-images	2026-08-22T07:33:23.7013637Z #66 15.19 go: downloading cloud.google.com/go/redis v1.23.0
build-images	dev/tasks/build-images	2026-08-22T07:33:23.7015159Z #66 15.19 go: downloading cloud.google.com/go/pubsub v1.50.2
build-images	dev/tasks/build-images	2026-08-22T07:33:23.7016295Z #66 15.24 go: downloading cloud.google.com/go/run v1.21.0
build-images	dev/tasks/build-images	2026-08-22T07:33:23.7017406Z #66 15.27 go: downloading cloud.google.com/go/saasplatform v0.9.0
build-images	dev/tasks/build-images	2026-08-22T07:33:23.8166509Z #66 15.30 go: downloading cloud.google.com/go/secretmanager v1.20.0
build-images	dev/tasks/build-images	2026-08-22T07:33:23.8167862Z #66 15.35 go: downloading cloud.google.com/go/securesourcemanager v1.4.1
build-images	dev/tasks/build-images	2026-08-22T07:33:23.8169035Z #66 15.36 go: downloading cloud.google.com/go/securitycenter v1.44.0
build-images	dev/tasks/build-images	2026-08-22T07:33:23.8170096Z #66 15.38 go: downloading cloud.google.com/go/securitycentermanagement v1.6.0
build-images	dev/tasks/build-images	2026-08-22T07:33:24.0340102Z #66 15.40 go: downloading cloud.google.com/go/servicedirectory v1.17.0
build-images	dev/tasks/build-images	2026-08-22T07:33:24.0342447Z #66 15.45 go: downloading google.golang.org/genproto/googleapis/api/serviceusage v0.0.0-20250519155744-55703ea1f237
build-images	dev/tasks/build-images	2026-08-22T07:33:24.0343921Z #66 15.45 go: downloading cloud.google.com/go/spanner v1.91.0
build-images	dev/tasks/build-images	2026-08-22T07:33:24.0995334Z #66 15.67 go: downloading cloud.google.com/go/speech v1.35.0
build-images	dev/tasks/build-images	2026-08-22T07:33:24.2439428Z #66 15.67 go: downloading cloud.google.com/go/storage v1.62.0
build-images	dev/tasks/build-images	2026-08-22T07:33:24.2440260Z #66 15.73 go: downloading go.uber.org/mock v0.5.2
build-images	dev/tasks/build-images	2026-08-22T07:33:24.2440967Z #66 15.73 go: downloading github.com/stretchr/testify v1.11.1
build-images	dev/tasks/build-images	2026-08-22T07:33:24.2441987Z #66 15.81 go: downloading cloud.google.com/go/storageinsights v1.8.0
build-images	dev/tasks/build-images	2026-08-22T07:33:24.3667532Z #66 15.86 go: downloading cloud.google.com/go/translate v1.17.0
build-images	dev/tasks/build-images	2026-08-22T07:33:24.3668537Z #66 15.91 go: downloading cloud.google.com/go/vectorsearch v1.3.0
build-images	dev/tasks/build-images	2026-08-22T07:33:24.3669312Z #66 15.93 go: downloading cloud.google.com/go/video v1.32.0
build-images	dev/tasks/build-images	2026-08-22T07:33:24.5246272Z #66 16.03 go: downloading cloud.google.com/go/vision/v2 v2.15.0
build-images	dev/tasks/build-images	2026-08-22T07:33:24.5247566Z #66 16.09 go: downloading cloud.google.com/go/vmwareengine v1.8.0
build-images	dev/tasks/build-images	2026-08-22T07:33:24.6468414Z #66 16.12 go: downloading cloud.google.com/go/workflows v1.19.0
build-images	dev/tasks/build-images	2026-08-22T07:33:24.6469640Z #66 16.16 go: downloading cloud.google.com/go/workstations v1.1.6
build-images	dev/tasks/build-images	2026-08-22T07:33:24.6470959Z #66 16.16 go: downloading cloud.google.com/go/workloadmanager v1.1.0
build-images	dev/tasks/build-images	2026-08-22T07:33:24.6472647Z #66 16.21 go: downloading github.com/gke-labs/kube-etl/syncer v0.0.0-20260318164412-11816ec1e858
build-images	dev/tasks/build-images	2026-08-22T07:33:24.7704636Z #66 16.22 go: downloading github.com/gke-labs/multicluster-leader-election v0.0.0-20260219060047-1ae5cb16f27e
build-images	dev/tasks/build-images	2026-08-22T07:33:24.7706032Z #66 16.22 go: downloading go.opencensus.io v0.24.0
build-images	dev/tasks/build-images	2026-08-22T07:33:24.7707184Z #66 16.34 go: downloading github.com/shurcooL/httpfs v0.0.0-20190707220628-8d4bc4ba7749
build-images	dev/tasks/build-images	2026-08-22T07:33:24.9669753Z #66 16.34 go: downloading github.com/shurcooL/vfsgen v0.0.0-20181202132449-6a9ea43bcacd
build-images	dev/tasks/build-images	2026-08-22T07:33:24.9671079Z #66 16.37 go: downloading cloud.google.com/go/profiler v0.4.3
build-images	dev/tasks/build-images	2026-08-22T07:33:24.9672573Z #66 16.37 go: downloading contrib.go.opencensus.io/exporter/prometheus v0.1.0
build-images	dev/tasks/build-images	2026-08-22T07:33:24.9674178Z #66 16.39 go: downloading github.com/prometheus/client_golang v1.22.0
build-images	dev/tasks/build-images	2026-08-22T07:33:24.9677048Z #66 16.40 go: downloading github.com/prometheus/procfs v0.16.0
build-images	dev/tasks/build-images	2026-08-22T07:33:24.9678035Z #66 16.54 go: downloading github.com/hashicorp/hcl v1.0.0
build-images	dev/tasks/build-images	2026-08-22T07:33:25.1666816Z #66 16.54 go: downloading github.com/hashicorp/hcl/v2 v2.24.0
build-images	dev/tasks/build-images	2026-08-22T07:33:25.1688376Z #66 16.54 go: downloading github.com/zclconf/go-cty v1.16.4
build-images	dev/tasks/build-images	2026-08-22T07:33:25.1689486Z #66 16.62 go: downloading sigs.k8s.io/controller-tools v0.16.5
build-images	dev/tasks/build-images	2026-08-22T07:33:25.1690598Z #66 16.73 go: downloading github.com/hashicorp/go-multierror v1.1.1
build-images	dev/tasks/build-images	2026-08-22T07:33:25.2810643Z #66 16.74 go: downloading github.com/tmccombs/hcl2json v0.6.8
build-images	dev/tasks/build-images	2026-08-22T07:33:25.2812188Z #66 16.80 go: downloading sigs.k8s.io/json v0.0.0-20241014173422-cfa47c3a1cc8
build-images	dev/tasks/build-images	2026-08-22T07:33:25.2813726Z #66 16.85 go: downloading github.com/munnerz/goautoneg v0.0.0-20191010083416-a7dc8b61c822
build-images	dev/tasks/build-images	2026-08-22T07:33:25.4656148Z #66 16.85 go: downloading k8s.io/kube-openapi v0.0.0-20250318190949-c8a335a9a2ff
build-images	dev/tasks/build-images	2026-08-22T07:33:25.4657446Z #66 16.85 go: downloading golang.org/x/net v0.56.0
build-images	dev/tasks/build-images	2026-08-22T07:33:25.4658413Z #66 16.88 go: downloading go.opentelemetry.io/otel v1.44.0
build-images	dev/tasks/build-images	2026-08-22T07:33:25.9973825Z #66 17.57 go: downloading go.opentelemetry.io/otel/trace v1.44.0
build-images	dev/tasks/build-images	2026-08-22T07:33:26.1405776Z #66 17.71 go: downloading go.opentelemetry.io/otel/metric v1.44.0
build-images	dev/tasks/build-images	2026-08-22T07:33:26.1407266Z #66 17.71 go: downloading cloud.google.com/go/auth v0.20.0
build-images	dev/tasks/build-images	2026-08-22T07:33:26.2409510Z #66 17.73 go: downloading cloud.google.com/go/auth/oauth2adapt v0.2.8
build-images	dev/tasks/build-images	2026-08-22T07:33:26.2410757Z #66 17.81 go: downloading cloud.google.com/go/compute/metadata v0.9.0
build-images	dev/tasks/build-images	2026-08-22T07:33:26.4314692Z #66 17.81 go: downloading go.opentelemetry.io/contrib/instrumentation/google.golang.org/grpc/otelgrpc v0.68.0
build-images	dev/tasks/build-images	2026-08-22T07:33:26.4316320Z #66 17.81 go: downloading go.opentelemetry.io/contrib/instrumentation/net/http/otelhttp v0.67.0
build-images	dev/tasks/build-images	2026-08-22T07:33:26.4317651Z #66 17.83 go: downloading github.com/modern-go/concurrent v0.0.0-20180306012644-bacd9c7ef1dd
build-images	dev/tasks/build-images	2026-08-22T07:33:26.4319004Z #66 17.84 go: downloading github.com/modern-go/reflect2 v1.0.3-0.20250322232337-35a7c28c31ee
build-images	dev/tasks/build-images	2026-08-22T07:33:26.4320027Z #66 17.85 go: downloading golang.org/x/text v0.39.0
build-images	dev/tasks/build-images	2026-08-22T07:33:26.5215609Z #66 18.09 go: downloading github.com/hashicorp/terraform-plugin-go v0.14.3
build-images	dev/tasks/build-images	2026-08-22T07:33:26.6375127Z #66 18.09 go: downloading github.com/hashicorp/terraform-plugin-log v0.7.0
build-images	dev/tasks/build-images	2026-08-22T07:33:26.6376408Z #66 18.14 go: downloading github.com/mitchellh/copystructure v1.2.0
build-images	dev/tasks/build-images	2026-08-22T07:33:26.6377621Z #66 18.16 go: downloading github.com/mitchellh/go-testing-interface v1.14.1
build-images	dev/tasks/build-images	2026-08-22T07:33:26.6379031Z #66 18.17 go: downloading github.com/mitchellh/mapstructure v1.5.0
build-images	dev/tasks/build-images	2026-08-22T07:33:26.6380079Z #66 18.19 go: downloading github.com/hashicorp/go-uuid v1.0.3
build-images	dev/tasks/build-images	2026-08-22T07:33:26.6381105Z #66 18.21 go: downloading github.com/mitchellh/reflectwalk v1.0.2
build-images	dev/tasks/build-images	2026-08-22T07:33:26.7767875Z #66 18.34 go: downloading github.com/grpc-ecosystem/go-grpc-middleware v1.4.0
build-images	dev/tasks/build-images	2026-08-22T07:33:26.9616176Z #66 18.35 go: downloading github.com/hashicorp/errwrap v1.0.0
build-images	dev/tasks/build-images	2026-08-22T07:33:26.9617352Z #66 18.35 go: downloading github.com/hashicorp/go-cleanhttp v0.5.2
build-images	dev/tasks/build-images	2026-08-22T07:33:26.9618594Z #66 18.37 go: downloading github.com/hashicorp/terraform-plugin-framework-validators v0.9.0
build-images	dev/tasks/build-images	2026-08-22T07:33:26.9619957Z #66 18.38 go: downloading github.com/hashicorp/terraform-plugin-framework v1.1.1
build-images	dev/tasks/build-images	2026-08-22T07:33:27.0450875Z #66 18.61 go: downloading github.com/sirupsen/logrus v1.9.3
build-images	dev/tasks/build-images	2026-08-22T07:33:27.2368478Z #66 18.65 go: downloading sigs.k8s.io/kustomize/kyaml v0.18.1
build-images	dev/tasks/build-images	2026-08-22T07:33:27.4192302Z #66 18.99 go: downloading github.com/blang/semver/v4 v4.0.0
build-images	dev/tasks/build-images	2026-08-22T07:33:27.5388453Z #66 18.99 go: downloading github.com/go-git/go-git/v5 v5.19.2
build-images	dev/tasks/build-images	2026-08-22T07:33:27.5389648Z #66 19.11 go: downloading golang.org/x/crypto v0.53.0
build-images	dev/tasks/build-images	2026-08-22T07:33:27.7138840Z #66 19.28 go: downloading sigs.k8s.io/kubebuilder-declarative-pattern/ktest v0.0.0-20250514194322-871029137730
build-images	dev/tasks/build-images	2026-08-22T07:33:27.8197273Z #66 19.29 go: downloading golang.org/x/term v0.44.0
build-images	dev/tasks/build-images	2026-08-22T07:33:27.8199001Z #66 19.29 go: downloading github.com/mattn/go-runewidth v0.0.15
build-images	dev/tasks/build-images	2026-08-22T07:33:27.8200311Z #66 19.30 go: downloading github.com/gregjones/httpcache v0.0.0-20190611155906-901d90724c79
build-images	dev/tasks/build-images	2026-08-22T07:33:27.8201588Z #66 19.31 go: downloading github.com/peterbourgon/diskv v2.0.1+incompatible
build-images	dev/tasks/build-images	2026-08-22T07:33:27.8203037Z #66 19.31 go: downloading github.com/google/gnostic-models v0.6.9
build-images	dev/tasks/build-images	2026-08-22T07:33:27.8204094Z #66 19.34 go: downloading github.com/mattn/go-colorable v0.1.13
build-images	dev/tasks/build-images	2026-08-22T07:33:27.8205089Z #66 19.34 go: downloading github.com/mattn/go-isatty v0.0.20
build-images	dev/tasks/build-images	2026-08-22T07:33:27.8206042Z #66 19.36 go: downloading golang.org/x/sys v0.46.0
build-images	dev/tasks/build-images	2026-08-22T07:33:27.8207060Z #66 19.36 go: downloading github.com/inconshreveable/mousetrap v1.1.0
build-images	dev/tasks/build-images	2026-08-22T07:33:27.8208184Z #66 19.39 go: downloading bitbucket.org/creachadair/stringset v0.0.8
build-images	dev/tasks/build-images	2026-08-22T07:33:27.9209267Z #66 19.40 go: downloading github.com/golang/glog v1.2.5
build-images	dev/tasks/build-images	2026-08-22T07:33:27.9210679Z #66 19.41 go: downloading github.com/google/go-cpy v0.0.0-20211218193943-a9c933c06932
build-images	dev/tasks/build-images	2026-08-22T07:33:27.9212201Z #66 19.44 go: downloading github.com/kylelemons/godebug v1.1.0
build-images	dev/tasks/build-images	2026-08-22T07:33:27.9213267Z #66 19.48 go: downloading go.uber.org/multierr v1.11.0
build-images	dev/tasks/build-images	2026-08-22T07:33:27.9214227Z #66 19.49 go: downloading github.com/apache/arrow/go/v15 v15.0.2
build-images	dev/tasks/build-images	2026-08-22T07:33:28.5930034Z #66 20.16 go: downloading github.com/GoogleCloudPlatform/opentelemetry-operations-go/exporter/metric v0.57.0
build-images	dev/tasks/build-images	2026-08-22T07:33:28.7055816Z #66 20.16 go: downloading github.com/google/uuid v1.6.0
build-images	dev/tasks/build-images	2026-08-22T07:33:28.7061575Z #66 20.16 go: downloading go.opentelemetry.io/contrib/detectors/gcp v1.43.0
build-images	dev/tasks/build-images	2026-08-22T07:33:28.7063536Z #66 20.16 go: downloading go.opentelemetry.io/otel/sdk/metric v1.44.0
build-images	dev/tasks/build-images	2026-08-22T07:33:28.7064611Z #66 20.20 go: downloading go.opentelemetry.io/otel/sdk v1.44.0
build-images	dev/tasks/build-images	2026-08-22T07:33:28.7065604Z #66 20.22 go: downloading github.com/grpc-ecosystem/grpc-gateway/v2 v2.27.1
build-images	dev/tasks/build-images	2026-08-22T07:33:28.7066865Z #66 20.27 go: downloading github.com/pmezard/go-difflib v1.0.1-0.20181226105442-5d4384ee4fb2
build-images	dev/tasks/build-images	2026-08-22T07:33:28.8154255Z #66 20.28 go: downloading github.com/davecgh/go-spew v1.1.2-0.20180830191138-d8f796af33cc
build-images	dev/tasks/build-images	2026-08-22T07:33:28.8156831Z #66 20.36 go: downloading github.com/google/pprof v0.0.0-20250602020802-c6617b811d0e
build-images	dev/tasks/build-images	2026-08-22T07:33:28.8157865Z #66 20.36 go: downloading github.com/beorn7/perks v1.0.1
build-images	dev/tasks/build-images	2026-08-22T07:33:28.8158567Z #66 20.38 go: downloading github.com/cespare/xxhash/v2 v2.3.0
build-images	dev/tasks/build-images	2026-08-22T07:33:29.0070816Z #66 20.41 go: downloading github.com/prometheus/client_model v0.6.2
build-images	dev/tasks/build-images	2026-08-22T07:33:29.0072156Z #66 20.43 go: downloading github.com/prometheus/common v0.63.0
build-images	dev/tasks/build-images	2026-08-22T07:33:29.0155593Z #66 20.58 go: downloading github.com/gobuffalo/flect v1.0.3
build-images	dev/tasks/build-images	2026-08-22T07:33:29.2516104Z #66 20.65 go: downloading golang.org/x/tools v0.47.0
build-images	dev/tasks/build-images	2026-08-22T07:33:29.2517360Z #66 20.67 go: downloading github.com/fxamacker/cbor/v2 v2.9.0
build-images	dev/tasks/build-images	2026-08-22T07:33:29.2518668Z #66 20.67 go: downloading github.com/apparentlymart/go-textseg/v15 v15.0.0
build-images	dev/tasks/build-images	2026-08-22T07:33:29.3676788Z #66 20.94 go: downloading github.com/go-openapi/swag v0.23.0
build-images	dev/tasks/build-images	2026-08-22T07:33:29.5189836Z #66 20.94 go: downloading github.com/go-openapi/jsonreference v0.21.0
build-images	dev/tasks/build-images	2026-08-22T07:33:29.5191444Z #66 20.98 go: downloading github.com/google/s2a-go v0.1.9
build-images	dev/tasks/build-images	2026-08-22T07:33:29.5193187Z #66 21.01 go: downloading github.com/googleapis/enterprise-certificate-proxy v0.3.17
build-images	dev/tasks/build-images	2026-08-22T07:33:29.5194379Z #66 21.09 go: downloading github.com/felixge/httpsnoop v1.0.4
build-images	dev/tasks/build-images	2026-08-22T07:33:29.6366426Z #66 21.11 go: downloading github.com/hashicorp/go-version v1.6.0
build-images	dev/tasks/build-images	2026-08-22T07:33:29.6369534Z #66 21.14 go: downloading github.com/apparentlymart/go-cidr v1.1.0
build-images	dev/tasks/build-images	2026-08-22T07:33:29.6370785Z #66 21.14 go: downloading github.com/mitchellh/hashstructure v1.1.0
build-images	dev/tasks/build-images	2026-08-22T07:33:29.6372371Z #66 21.16 go: downloading github.com/gammazero/workerpool v0.0.0-20190608213748-0ed5e40ec55e
build-images	dev/tasks/build-images	2026-08-22T07:33:29.6382556Z #66 21.16 go: downloading github.com/mitchellh/go-homedir v1.1.0
build-images	dev/tasks/build-images	2026-08-22T07:33:29.6384131Z #66 21.17 go: downloading github.com/vmihailenco/msgpack v4.0.4+incompatible
build-images	dev/tasks/build-images	2026-08-22T07:33:29.6385423Z #66 21.18 go: downloading github.com/hashicorp/go-hclog v1.2.1
build-images	dev/tasks/build-images	2026-08-22T07:33:29.6386315Z #66 21.20 go: downloading github.com/fsnotify/fsnotify v1.9.0
build-images	dev/tasks/build-images	2026-08-22T07:33:29.7792731Z #66 21.21 go: downloading github.com/vmihailenco/msgpack/v4 v4.3.12
build-images	dev/tasks/build-images	2026-08-22T07:33:29.7794102Z #66 21.26 go: downloading cloud.google.com/go/edgenetwork v1.8.0
build-images	dev/tasks/build-images	2026-08-22T07:33:29.7795385Z #66 21.28 go: downloading cloud.google.com/go/memcache v1.16.0
build-images	dev/tasks/build-images	2026-08-22T07:33:29.7796433Z #66 21.29 go: downloading cloud.google.com/go/pubsublite v1.8.2
build-images	dev/tasks/build-images	2026-08-22T07:33:29.7797384Z #66 21.35 go: downloading cloud.google.com/go/vpcaccess v1.13.0
build-images	dev/tasks/build-images	2026-08-22T07:33:29.9184695Z #66 21.35 go: downloading github.com/hashicorp/logutils v1.0.0
build-images	dev/tasks/build-images	2026-08-22T07:33:29.9186009Z #66 21.37 go: downloading github.com/hashicorp/terraform-exec v0.17.3
build-images	dev/tasks/build-images	2026-08-22T07:33:29.9187497Z #66 21.39 go: downloading github.com/hashicorp/terraform-json v0.14.0
build-images	dev/tasks/build-images	2026-08-22T07:33:29.9188644Z #66 21.42 go: downloading sigs.k8s.io/kustomize/api v0.18.0
build-images	dev/tasks/build-images	2026-08-22T07:33:29.9189547Z #66 21.49 go: downloading k8s.io/cli-runtime v0.32.1
build-images	dev/tasks/build-images	2026-08-22T07:33:30.1709425Z #66 21.74 go: downloading k8s.io/kubectl v0.32.1
build-images	dev/tasks/build-images	2026-08-22T07:33:30.6861479Z #66 22.25 go: downloading sigs.k8s.io/kubebuilder-declarative-pattern/applylib v0.0.0-20230420203711-4abaa68e1923
build-images	dev/tasks/build-images	2026-08-22T07:33:30.6863537Z #66 22.25 go: downloading github.com/google/btree v1.1.3
build-images	dev/tasks/build-images	2026-08-22T07:33:30.8175964Z #66 22.26 go: downloading dario.cat/mergo v1.0.0
build-images	dev/tasks/build-images	2026-08-22T07:33:30.8177559Z #66 22.26 go: downloading github.com/ProtonMail/go-crypto v1.1.6
build-images	dev/tasks/build-images	2026-08-22T07:33:30.8178682Z #66 22.29 go: downloading github.com/go-git/go-billy/v5 v5.9.0
build-images	dev/tasks/build-images	2026-08-22T07:33:30.8180856Z #66 22.35 go: downloading github.com/sergi/go-diff v1.3.2-0.20230802210424-5b0b94c5c0d3
build-images	dev/tasks/build-images	2026-08-22T07:33:30.8183951Z #66 22.35 go: downloading github.com/kevinburke/ssh_config v1.2.0
build-images	dev/tasks/build-images	2026-08-22T07:33:30.8187736Z #66 22.39 go: downloading github.com/skeema/knownhosts v1.3.1
build-images	dev/tasks/build-images	2026-08-22T07:33:30.9865692Z #66 22.40 go: downloading github.com/xanzy/ssh-agent v0.3.3
build-images	dev/tasks/build-images	2026-08-22T07:33:30.9867227Z #66 22.40 go: downloading github.com/rivo/uniseg v0.4.7
build-images	dev/tasks/build-images	2026-08-22T07:33:30.9868210Z #66 22.41 go: downloading golang.org/x/exp v0.0.0-20260410095643-746e56fc9e2f
build-images	dev/tasks/build-images	2026-08-22T07:33:30.9869382Z #66 22.42 go: downloading golang.org/x/xerrors v0.0.0-20240903120638-7835f813f4da
build-images	dev/tasks/build-images	2026-08-22T07:33:30.9870577Z #66 22.44 go: downloading github.com/google/flatbuffers v24.3.25+incompatible
build-images	dev/tasks/build-images	2026-08-22T07:33:30.9871638Z #66 22.55 go: downloading github.com/klauspost/compress v1.18.0
build-images	dev/tasks/build-images	2026-08-22T07:33:31.1761634Z #66 22.59 go: downloading github.com/pierrec/lz4/v4 v4.1.18
build-images	dev/tasks/build-images	2026-08-22T07:33:31.1764861Z #66 22.74 go: downloading github.com/GoogleCloudPlatform/opentelemetry-operations-go/detectors/gcp v1.32.0
build-images	dev/tasks/build-images	2026-08-22T07:33:31.2793632Z #66 22.77 go: downloading github.com/GoogleCloudPlatform/opentelemetry-operations-go/internal/resourcemapping v0.57.0
build-images	dev/tasks/build-images	2026-08-22T07:33:31.2799493Z #66 22.85 go: downloading github.com/agext/levenshtein v1.2.3
build-images	dev/tasks/build-images	2026-08-22T07:33:31.4259755Z #66 22.89 go: downloading github.com/mitchellh/go-wordwrap v1.0.1
build-images	dev/tasks/build-images	2026-08-22T07:33:31.4261188Z #66 22.91 go: downloading github.com/x448/float16 v0.8.4
build-images	dev/tasks/build-images	2026-08-22T07:33:31.4262426Z #66 22.94 go: downloading github.com/go-openapi/jsonpointer v0.21.0
build-images	dev/tasks/build-images	2026-08-22T07:33:31.4263381Z #66 22.99 go: downloading github.com/go-logr/stdr v1.2.2
build-images	dev/tasks/build-images	2026-08-22T07:33:31.5336373Z #66 23.02 go: downloading go.opentelemetry.io/auto/sdk v1.2.1
build-images	dev/tasks/build-images	2026-08-22T07:33:31.5337326Z #66 23.08 go: downloading github.com/gammazero/deque v0.0.0-20190521012701-46e4ffb7a622
build-images	dev/tasks/build-images	2026-08-22T07:33:31.5338167Z #66 23.10 go: downloading google.golang.org/appengine v1.6.8
build-images	dev/tasks/build-images	2026-08-22T07:33:31.6910097Z #66 23.26 go: downloading github.com/vmihailenco/tagparser v0.1.2
build-images	dev/tasks/build-images	2026-08-22T07:33:31.8797724Z #66 23.30 go: downloading github.com/hashicorp/hc-install v0.4.0
build-images	dev/tasks/build-images	2026-08-22T07:33:32.1628648Z #66 23.73 go: downloading github.com/hashicorp/go-plugin v1.4.8
build-images	dev/tasks/build-images	2026-08-22T07:33:32.2845029Z #66 23.82 go: downloading github.com/liggitt/tabwriter v0.0.0-20181228230101-89fcab3d43de
build-images	dev/tasks/build-images	2026-08-22T07:33:32.2848265Z #66 23.85 go: downloading github.com/moby/term v0.5.0
build-images	dev/tasks/build-images	2026-08-22T07:33:32.3987943Z #66 23.89 go: downloading github.com/jonboulle/clockwork v0.4.0
build-images	dev/tasks/build-images	2026-08-22T07:33:32.3988997Z #66 23.91 go: downloading k8s.io/component-base v0.33.10
build-images	dev/tasks/build-images	2026-08-22T07:33:32.3990222Z #66 23.93 go: downloading sigs.k8s.io/kustomize/kstatus v0.0.2-0.20200509233124-065f70705d4d
build-images	dev/tasks/build-images	2026-08-22T07:33:32.3991662Z #66 23.97 go: downloading github.com/go-git/gcfg v1.5.1-0.20230307220236-3a3c6141e376
build-images	dev/tasks/build-images	2026-08-22T07:33:32.5617210Z #66 24.00 go: downloading github.com/pjbgf/sha1cd v0.6.0
build-images	dev/tasks/build-images	2026-08-22T07:33:32.5618538Z #66 24.13 go: downloading github.com/emirpasic/gods v1.18.1
build-images	dev/tasks/build-images	2026-08-22T07:33:32.7154587Z #66 24.28 go: downloading github.com/jbenet/go-context v0.0.0-20150711004518-d14ea06fba99
build-images	dev/tasks/build-images	2026-08-22T07:33:32.9361129Z #66 24.30 go: downloading github.com/cyphar/filepath-securejoin v0.6.1
build-images	dev/tasks/build-images	2026-08-22T07:33:32.9362975Z #66 24.37 go: downloading github.com/goccy/go-json v0.10.2
build-images	dev/tasks/build-images	2026-08-22T07:33:32.9364159Z #66 24.50 go: downloading github.com/Microsoft/go-winio v0.6.2
build-images	dev/tasks/build-images	2026-08-22T07:33:33.1279475Z #66 24.58 go: downloading golang.org/x/telemetry v0.0.0-20260625142307-59b4966ccb57
build-images	dev/tasks/build-images	2026-08-22T07:33:33.1280843Z #66 24.70 go: downloading github.com/envoyproxy/go-control-plane/envoy v1.37.0
build-images	dev/tasks/build-images	2026-08-22T07:33:34.8792990Z #66 26.45 go: downloading github.com/zeebo/xxh3 v1.0.2
build-images	dev/tasks/build-images	2026-08-22T07:33:34.9874547Z #66 26.45 go: downloading github.com/golang/groupcache v0.0.0-20241129210726-2c02b8208cf8
build-images	dev/tasks/build-images	2026-08-22T07:33:34.9875989Z #66 26.46 go: downloading github.com/hashicorp/go-checkpoint v0.5.0
build-images	dev/tasks/build-images	2026-08-22T07:33:34.9877313Z #66 26.48 go: downloading github.com/hashicorp/yamux v0.0.0-20181012175058-2f1d1f20f75d
build-images	dev/tasks/build-images	2026-08-22T07:33:34.9878507Z #66 26.48 go: downloading github.com/oklog/run v1.0.0
build-images	dev/tasks/build-images	2026-08-22T07:33:34.9879412Z #66 26.51 go: downloading golang.org/x/mod v0.37.0
build-images	dev/tasks/build-images	2026-08-22T07:33:34.9880429Z #66 26.52 go: downloading github.com/chai2010/gettext-go v1.0.2
build-images	dev/tasks/build-images	2026-08-22T07:33:34.9881460Z #66 26.56 go: downloading github.com/MakeNowJust/heredoc v1.0.0
build-images	dev/tasks/build-images	2026-08-22T07:33:35.2325558Z #66 26.57 go: downloading github.com/russross/blackfriday/v2 v2.1.0
build-images	dev/tasks/build-images	2026-08-22T07:33:35.2326800Z #66 26.62 go: downloading github.com/exponent-io/jsonpath v0.0.0-20210407135951-1de76d718b3f
build-images	dev/tasks/build-images	2026-08-22T07:33:35.2327949Z #66 26.65 go: downloading gopkg.in/warnings.v0 v0.1.2
build-images	dev/tasks/build-images	2026-08-22T07:33:35.2328968Z #66 26.65 go: downloading github.com/cloudflare/circl v1.6.3
build-images	dev/tasks/build-images	2026-08-22T07:33:35.9303086Z #66 27.50 go: downloading github.com/emicklei/go-restful/v3 v3.12.2
build-images	dev/tasks/build-images	2026-08-22T07:33:36.1015947Z #66 27.50 go: downloading github.com/klauspost/cpuid/v2 v2.3.0
build-images	dev/tasks/build-images	2026-08-22T07:33:36.1017169Z #66 27.50 go: downloading github.com/cncf/xds/go v0.0.0-20260202195803-dba9d589def2
build-images	dev/tasks/build-images	2026-08-22T07:33:36.1018337Z #66 27.54 go: downloading github.com/envoyproxy/protoc-gen-validate v1.3.3
build-images	dev/tasks/build-images	2026-08-22T07:33:36.1019567Z #66 27.56 go: downloading github.com/planetscale/vtprotobuf v0.6.1-0.20240319094008-0393e58bdf10
build-images	dev/tasks/build-images	2026-08-22T07:33:36.1020680Z #66 27.67 go: downloading github.com/spiffe/go-spiffe/v2 v2.6.0
build-images	dev/tasks/build-images	2026-08-22T07:33:36.2120229Z #66 27.68 go: downloading github.com/hashicorp/terraform-registry-address v0.1.0
build-images	dev/tasks/build-images	2026-08-22T07:33:36.2122199Z #66 27.68 go: downloading github.com/Azure/go-ansiterm v0.0.0-20230124172434-306776ec8161
build-images	dev/tasks/build-images	2026-08-22T07:33:36.2123840Z #66 27.70 go: downloading github.com/gorilla/websocket v1.5.4-0.20250319132907-e064f32e3674
build-images	dev/tasks/build-images	2026-08-22T07:33:36.2125053Z #66 27.70 go: downloading cel.dev/expr v0.25.1
build-images	dev/tasks/build-images	2026-08-22T07:33:36.2126202Z #66 27.76 go: downloading github.com/hashicorp/terraform-svchost v0.0.0-20200729002733-f050f53b9734
build-images	dev/tasks/build-images	2026-08-22T07:33:36.2127493Z #66 27.77 go: downloading github.com/fatih/camelcase v1.0.0
build-images	dev/tasks/build-images	2026-08-22T07:33:36.2128434Z #66 27.78 go: downloading github.com/moby/spdystream v0.5.1
build-images	dev/tasks/build-images	2026-08-22T07:33:36.3782589Z #66 27.78 go: downloading github.com/mxk/go-flowrate v0.0.0-20140419014527-cca7078d478f
build-images	dev/tasks/build-images	2026-08-22T07:33:36.3784357Z #66 27.79 go: downloading github.com/go-jose/go-jose/v4 v4.1.4
build-images	dev/tasks/build-images	2026-08-22T07:33:50.0359038Z #66 DONE 41.6s
build-images	dev/tasks/build-images	2026-08-22T07:33:50.0359654Z 
build-images	dev/tasks/build-images	2026-08-22T07:33:50.0364754Z #60 [unmanageddetector builder 19/20] RUN --mount=type=cache,target=/root/.cache/go-build     --mount=type=cache,target=/go/pkg/mod     CGO_ENABLED=0 GOOS=linux GOARCH=amd64 go build -trimpath -p 4 -ldflags "-s -w -buildid=" -o .       github.com/GoogleCloudPlatform/k8s-config-connector/cmd/deletiondefender       github.com/GoogleCloudPlatform/k8s-config-connector/cmd/webhook       github.com/GoogleCloudPlatform/k8s-config-connector/cmd/recorder       github.com/GoogleCloudPlatform/k8s-config-connector/cmd/unmanageddetector       github.com/GoogleCloudPlatform/k8s-config-connector/cmd/manager       github.com/GoogleCloudPlatform/k8s-config-connector/cmd/config-connector
build-images	dev/tasks/build-images	2026-08-22T07:33:50.1892107Z #60 ...
build-images	dev/tasks/build-images	2026-08-22T07:33:50.1892694Z 
build-images	dev/tasks/build-images	2026-08-22T07:33:50.1893503Z #67 [operator builder 26/27] RUN go run scripts/generate-third-party-licenses/main.go
build-images	dev/tasks/build-images	2026-08-22T07:33:52.3606915Z #67 2.323 https://bitbucket.org/creachadair/stringset/src/master/LICENSE
build-images	dev/tasks/build-images	2026-08-22T07:33:52.4618411Z #67 2.324 https://github.com/google/cel-spec/blob/master/LICENSE
build-images	dev/tasks/build-images	2026-08-22T07:33:52.4628131Z #67 2.324 https://github.com/googleapis/google-cloud-go/blob/master/LICENSE
build-images	dev/tasks/build-images	2026-08-22T07:33:52.4629088Z #67 2.325 https://github.com/googleapis/google-cloud-go/blob/master/LICENSE
build-images	dev/tasks/build-images	2026-08-22T07:33:52.4629961Z #67 2.328 https://github.com/googleapis/google-cloud-go/blob/master/LICENSE
build-images	dev/tasks/build-images	2026-08-22T07:33:52.4630793Z #67 2.329 https://github.com/googleapis/google-cloud-go/blob/master/LICENSE
build-images	dev/tasks/build-images	2026-08-22T07:33:52.4631588Z #67 2.330 https://github.com/googleapis/google-cloud-go/blob/master/LICENSE
build-images	dev/tasks/build-images	2026-08-22T07:33:52.4632584Z #67 2.332 https://github.com/googleapis/google-cloud-go/blob/master/LICENSE
build-images	dev/tasks/build-images	2026-08-22T07:33:52.4633392Z #67 2.333 https://github.com/googleapis/google-cloud-go/blob/master/LICENSE
build-images	dev/tasks/build-images	2026-08-22T07:33:52.4638664Z #67 2.334 https://github.com/googleapis/google-cloud-go/blob/master/LICENSE
build-images	dev/tasks/build-images	2026-08-22T07:33:52.4639633Z #67 2.335 https://github.com/googleapis/google-cloud-go/blob/master/LICENSE
build-images	dev/tasks/build-images	2026-08-22T07:33:52.4641323Z #67 2.337 https://github.com/googleapis/google-cloud-go/blob/master/LICENSE
build-images	dev/tasks/build-images	2026-08-22T07:33:52.4642507Z #67 2.338 https://github.com/googleapis/google-cloud-go/blob/master/LICENSE
build-images	dev/tasks/build-images	2026-08-22T07:33:52.4643462Z #67 2.338 https://github.com/googleapis/google-cloud-go/blob/master/LICENSE
build-images	dev/tasks/build-images	2026-08-22T07:33:52.4644386Z #67 2.338 https://github.com/googleapis/google-cloud-go/blob/master/LICENSE
build-images	dev/tasks/build-images	2026-08-22T07:33:52.4653057Z #67 2.338 https://github.com/googleapis/google-cloud-go/blob/master/LICENSE
build-images	dev/tasks/build-images	2026-08-22T07:33:52.4654115Z #67 2.338 https://github.com/googleapis/google-cloud-go/blob/master/LICENSE
build-images	dev/tasks/build-images	2026-08-22T07:33:52.4655075Z #67 2.338 https://github.com/googleapis/google-cloud-go/blob/master/LICENSE
build-images	dev/tasks/build-images	2026-08-22T07:33:52.4655992Z #67 2.339 https://github.com/googleapis/google-cloud-go/blob/master/LICENSE
build-images	dev/tasks/build-images	2026-08-22T07:33:52.4656862Z #67 2.339 https://github.com/googleapis/google-cloud-go/blob/master/LICENSE
build-images	dev/tasks/build-images	2026-08-22T07:33:52.4657799Z #67 2.340 https://github.com/googleapis/google-cloud-go/blob/master/LICENSE
build-images	dev/tasks/build-images	2026-08-22T07:33:52.4658726Z #67 2.341 https://github.com/googleapis/google-cloud-go/blob/master/LICENSE
build-images	dev/tasks/build-images	2026-08-22T07:33:52.4659632Z #67 2.341 https://github.com/googleapis/google-cloud-go/blob/master/LICENSE
build-images	dev/tasks/build-images	2026-08-22T07:33:52.4660550Z #67 2.341 https://github.com/googleapis/google-cloud-go/blob/master/LICENSE
build-images	dev/tasks/build-images	2026-08-22T07:33:52.4661450Z #67 2.341 https://github.com/googleapis/google-cloud-go/blob/master/LICENSE
build-images	dev/tasks/build-images	2026-08-22T07:33:52.4662594Z #67 2.342 https://github.com/googleapis/google-cloud-go/blob/master/LICENSE
build-images	dev/tasks/build-images	2026-08-22T07:33:52.4663517Z #67 2.342 https://github.com/googleapis/google-cloud-go/blob/master/LICENSE
build-images	dev/tasks/build-images	2026-08-22T07:33:52.4664432Z #67 2.342 https://github.com/googleapis/google-cloud-go/blob/master/LICENSE
build-images	dev/tasks/build-images	2026-08-22T07:33:52.4665355Z #67 2.342 https://github.com/googleapis/google-cloud-go/blob/master/LICENSE
build-images	dev/tasks/build-images	2026-08-22T07:33:52.4666712Z #67 2.343 https://github.com/googleapis/google-cloud-go/blob/master/LICENSE
build-images	dev/tasks/build-images	2026-08-22T07:33:52.4678763Z #67 2.344 https://github.com/googleapis/google-cloud-go/blob/master/LICENSE
build-images	dev/tasks/build-images	2026-08-22T07:33:52.4693431Z #67 2.345 https://github.com/googleapis/google-cloud-go/blob/master/LICENSE
build-images	dev/tasks/build-images	2026-08-22T07:33:52.4694426Z #67 2.345 https://github.com/googleapis/google-cloud-go/blob/master/LICENSE
build-images	dev/tasks/build-images	2026-08-22T07:33:52.4695399Z #67 2.345 https://github.com/googleapis/google-cloud-go/blob/master/LICENSE
build-images	dev/tasks/build-images	2026-08-22T07:33:52.4696407Z #67 2.346 https://github.com/googleapis/google-cloud-go/blob/master/LICENSE
build-images	dev/tasks/build-images	2026-08-22T07:33:52.4697346Z #67 2.346 https://github.com/googleapis/google-cloud-go/blob/master/LICENSE
build-images	dev/tasks/build-images	2026-08-22T07:33:52.4698303Z #67 2.347 https://github.com/googleapis/google-cloud-go/blob/master/LICENSE
build-images	dev/tasks/build-images	2026-08-22T07:33:52.4699243Z #67 2.348 https://github.com/googleapis/google-cloud-go/blob/master/LICENSE
build-images	dev/tasks/build-images	2026-08-22T07:33:52.4700151Z #67 2.349 https://github.com/googleapis/google-cloud-go/blob/master/LICENSE
build-images	dev/tasks/build-images	2026-08-22T07:33:52.4701069Z #67 2.349 https://github.com/googleapis/google-cloud-go/blob/master/LICENSE
build-images	dev/tasks/build-images	2026-08-22T07:33:52.4702206Z #67 2.351 https://github.com/googleapis/google-cloud-go/blob/master/LICENSE
build-images	dev/tasks/build-images	2026-08-22T07:33:52.4703115Z #67 2.351 https://github.com/googleapis/google-cloud-go/blob/master/LICENSE
build-images	dev/tasks/build-images	2026-08-22T07:33:52.4704022Z #67 2.352 https://github.com/googleapis/google-cloud-go/blob/master/LICENSE
build-images	dev/tasks/build-images	2026-08-22T07:33:52.4704901Z #67 2.355 https://github.com/googleapis/google-cloud-go/blob/master/LICENSE
build-images	dev/tasks/build-images	2026-08-22T07:33:52.4705829Z #67 2.355 https://github.com/googleapis/google-cloud-go/blob/master/LICENSE
build-images	dev/tasks/build-images	2026-08-22T07:33:52.4706772Z #67 2.356 https://github.com/googleapis/google-cloud-go/blob/master/LICENSE
build-images	dev/tasks/build-images	2026-08-22T07:33:52.4707693Z #67 2.357 https://github.com/googleapis/google-cloud-go/blob/master/LICENSE
build-images	dev/tasks/build-images	2026-08-22T07:33:52.4708619Z #67 2.357 https://github.com/googleapis/google-cloud-go/blob/master/LICENSE
build-images	dev/tasks/build-images	2026-08-22T07:33:52.4709555Z #67 2.358 https://github.com/googleapis/google-cloud-go/blob/master/LICENSE
build-images	dev/tasks/build-images	2026-08-22T07:33:52.4710485Z #67 2.359 https://github.com/googleapis/google-cloud-go/blob/master/LICENSE
build-images	dev/tasks/build-images	2026-08-22T07:33:52.4711407Z #67 2.360 https://github.com/googleapis/google-cloud-go/blob/master/LICENSE
build-images	dev/tasks/build-images	2026-08-22T07:33:52.4742878Z #67 2.360 https://github.com/googleapis/google-cloud-go/blob/master/LICENSE
build-images	dev/tasks/build-images	2026-08-22T07:33:52.4743846Z #67 2.361 https://github.com/googleapis/google-cloud-go/blob/master/LICENSE
build-images	dev/tasks/build-images	2026-08-22T07:33:52.4744798Z #67 2.361 https://github.com/googleapis/google-cloud-go/blob/master/LICENSE
build-images	dev/tasks/build-images	2026-08-22T07:33:52.4745750Z #67 2.362 https://github.com/googleapis/google-cloud-go/blob/master/LICENSE
build-images	dev/tasks/build-images	2026-08-22T07:33:52.4746715Z #67 2.363 https://github.com/googleapis/google-cloud-go/blob/master/LICENSE
build-images	dev/tasks/build-images	2026-08-22T07:33:52.4747651Z #67 2.364 https://github.com/googleapis/google-cloud-go/blob/master/LICENSE
build-images	dev/tasks/build-images	2026-08-22T07:33:52.4748620Z #67 2.364 https://github.com/googleapis/google-cloud-go/blob/master/LICENSE
build-images	dev/tasks/build-images	2026-08-22T07:33:52.4749618Z #67 2.365 https://github.com/googleapis/google-cloud-go/blob/master/LICENSE
build-images	dev/tasks/build-images	2026-08-22T07:33:52.4750580Z #67 2.365 https://github.com/googleapis/google-cloud-go/blob/master/LICENSE
build-images	dev/tasks/build-images	2026-08-22T07:33:52.4751519Z #67 2.367 https://github.com/googleapis/google-cloud-go/blob/master/LICENSE
build-images	dev/tasks/build-images	2026-08-22T07:33:52.4752781Z #67 2.367 https://github.com/googleapis/google-cloud-go/blob/master/LICENSE
build-images	dev/tasks/build-images	2026-08-22T07:33:52.4753691Z #67 2.367 https://github.com/googleapis/google-cloud-go/blob/master/LICENSE
build-images	dev/tasks/build-images	2026-08-22T07:33:52.4754707Z #67 2.367 https://github.com/googleapis/google-cloud-go/blob/master/LICENSE
build-images	dev/tasks/build-images	2026-08-22T07:33:52.4755666Z #67 2.367 https://github.com/googleapis/google-cloud-go/blob/master/LICENSE
build-images	dev/tasks/build-images	2026-08-22T07:33:52.4756574Z #67 2.367 https://github.com/googleapis/google-cloud-go/blob/master/LICENSE
build-images	dev/tasks/build-images	2026-08-22T07:33:52.4757510Z #67 2.368 https://github.com/googleapis/google-cloud-go/blob/master/LICENSE
build-images	dev/tasks/build-images	2026-08-22T07:33:52.4758442Z #67 2.368 https://github.com/googleapis/google-cloud-go/blob/master/LICENSE
build-images	dev/tasks/build-images	2026-08-22T07:33:52.4759728Z #67 2.369 https://github.com/googleapis/google-cloud-go/blob/master/LICENSE
build-images	dev/tasks/build-images	2026-08-22T07:33:52.4761113Z #67 2.369 https://github.com/googleapis/google-cloud-go/blob/master/LICENSE
build-images	dev/tasks/build-images	2026-08-22T07:33:52.4762311Z #67 2.370 https://github.com/googleapis/google-cloud-go/blob/master/LICENSE
build-images	dev/tasks/build-images	2026-08-22T07:33:52.4763254Z #67 2.371 https://github.com/googleapis/google-cloud-go/blob/master/LICENSE
build-images	dev/tasks/build-images	2026-08-22T07:33:52.4764151Z #67 2.371 https://github.com/googleapis/google-cloud-go/blob/master/LICENSE
build-images	dev/tasks/build-images	2026-08-22T07:33:52.4765074Z #67 2.372 https://github.com/googleapis/google-cloud-go/blob/master/LICENSE
build-images	dev/tasks/build-images	2026-08-22T07:33:52.4766005Z #67 2.372 https://github.com/googleapis/google-cloud-go/blob/master/LICENSE
build-images	dev/tasks/build-images	2026-08-22T07:33:52.4766918Z #67 2.373 https://github.com/googleapis/google-cloud-go/blob/master/LICENSE
build-images	dev/tasks/build-images	2026-08-22T07:33:52.4767821Z #67 2.374 https://github.com/googleapis/google-cloud-go/blob/master/LICENSE
build-images	dev/tasks/build-images	2026-08-22T07:33:52.4768748Z #67 2.374 https://github.com/googleapis/google-cloud-go/blob/master/LICENSE
build-images	dev/tasks/build-images	2026-08-22T07:33:52.4769683Z #67 2.375 https://github.com/googleapis/google-cloud-go/blob/master/LICENSE
build-images	dev/tasks/build-images	2026-08-22T07:33:52.4770601Z #67 2.375 https://github.com/googleapis/google-cloud-go/blob/master/LICENSE
build-images	dev/tasks/build-images	2026-08-22T07:33:52.4771505Z #67 2.376 https://github.com/googleapis/google-cloud-go/blob/master/LICENSE
build-images	dev/tasks/build-images	2026-08-22T07:33:52.4772764Z #67 2.376 https://github.com/googleapis/google-cloud-go/blob/master/LICENSE
build-images	dev/tasks/build-images	2026-08-22T07:33:52.4773692Z #67 2.377 https://github.com/googleapis/google-cloud-go/blob/master/LICENSE
build-images	dev/tasks/build-images	2026-08-22T07:33:52.4774600Z #67 2.378 https://github.com/googleapis/google-cloud-go/blob/master/LICENSE
build-images	dev/tasks/build-images	2026-08-22T07:33:52.4775583Z #67 2.378 https://github.com/googleapis/google-cloud-go/blob/master/LICENSE
build-images	dev/tasks/build-images	2026-08-22T07:33:52.4776490Z #67 2.378 https://github.com/googleapis/google-cloud-go/blob/master/LICENSE
build-images	dev/tasks/build-images	2026-08-22T07:33:52.4777397Z #67 2.378 https://github.com/googleapis/google-cloud-go/blob/master/LICENSE
build-images	dev/tasks/build-images	2026-08-22T07:33:52.4778307Z #67 2.379 https://github.com/googleapis/google-cloud-go/blob/master/LICENSE
build-images	dev/tasks/build-images	2026-08-22T07:33:52.4779227Z #67 2.379 https://github.com/googleapis/google-cloud-go/blob/master/LICENSE
build-images	dev/tasks/build-images	2026-08-22T07:33:52.4780146Z #67 2.380 https://github.com/googleapis/google-cloud-go/blob/master/LICENSE
build-images	dev/tasks/build-images	2026-08-22T07:33:52.4781047Z #67 2.380 https://github.com/googleapis/google-cloud-go/blob/master/LICENSE
build-images	dev/tasks/build-images	2026-08-22T07:33:52.4782283Z #67 2.381 https://github.com/googleapis/google-cloud-go/blob/master/LICENSE
build-images	dev/tasks/build-images	2026-08-22T07:33:52.4783224Z #67 2.381 https://github.com/googleapis/google-cloud-go/blob/master/LICENSE
build-images	dev/tasks/build-images	2026-08-22T07:33:52.4784164Z #67 2.381 https://github.com/googleapis/google-cloud-go/blob/master/LICENSE
build-images	dev/tasks/build-images	2026-08-22T07:33:52.4785089Z #67 2.382 https://github.com/googleapis/google-cloud-go/blob/master/LICENSE
build-images	dev/tasks/build-images	2026-08-22T07:33:52.4785998Z #67 2.382 https://github.com/googleapis/google-cloud-go/blob/master/LICENSE
build-images	dev/tasks/build-images	2026-08-22T07:33:52.4786902Z #67 2.382 https://github.com/googleapis/google-cloud-go/blob/master/LICENSE
build-images	dev/tasks/build-images	2026-08-22T07:33:52.4787784Z #67 2.383 https://github.com/googleapis/google-cloud-go/blob/master/LICENSE
build-images	dev/tasks/build-images	2026-08-22T07:33:52.4788743Z #67 2.383 https://github.com/googleapis/google-cloud-go/blob/master/LICENSE
build-images	dev/tasks/build-images	2026-08-22T07:33:52.4789693Z #67 2.384 https://github.com/googleapis/google-cloud-go/blob/master/LICENSE
build-images	dev/tasks/build-images	2026-08-22T07:33:52.4790617Z #67 2.385 https://github.com/googleapis/google-cloud-go/blob/master/LICENSE
build-images	dev/tasks/build-images	2026-08-22T07:33:52.4791510Z #67 2.387 https://github.com/googleapis/google-cloud-go/blob/master/LICENSE
build-images	dev/tasks/build-images	2026-08-22T07:33:52.4792619Z #67 2.388 https://github.com/googleapis/google-cloud-go/blob/master/LICENSE
build-images	dev/tasks/build-images	2026-08-22T07:33:52.4793544Z #67 2.388 https://github.com/googleapis/google-cloud-go/blob/master/LICENSE
build-images	dev/tasks/build-images	2026-08-22T07:33:52.4794494Z #67 2.388 https://github.com/googleapis/google-cloud-go/blob/master/LICENSE
build-images	dev/tasks/build-images	2026-08-22T07:33:52.4795366Z #67 2.389 https://github.com/googleapis/google-cloud-go/blob/master/LICENSE
build-images	dev/tasks/build-images	2026-08-22T07:33:52.4796282Z #67 2.389 https://github.com/googleapis/google-cloud-go/blob/master/LICENSE
build-images	dev/tasks/build-images	2026-08-22T07:33:52.4797508Z #67 2.390 https://github.com/googleapis/google-cloud-go/blob/master/LICENSE
build-images	dev/tasks/build-images	2026-08-22T07:33:52.4798801Z #67 2.390 https://github.com/googleapis/google-cloud-go/blob/master/LICENSE
build-images	dev/tasks/build-images	2026-08-22T07:33:52.4799739Z #67 2.390 https://github.com/googleapis/google-cloud-go/blob/master/LICENSE
build-images	dev/tasks/build-images	2026-08-22T07:33:52.4800658Z #67 2.391 https://github.com/googleapis/google-cloud-go/blob/master/LICENSE
build-images	dev/tasks/build-images	2026-08-22T07:33:52.4801578Z #67 2.392 https://github.com/googleapis/google-cloud-go/blob/master/LICENSE
build-images	dev/tasks/build-images	2026-08-22T07:33:52.4802805Z #67 2.392 https://github.com/googleapis/google-cloud-go/blob/master/LICENSE
build-images	dev/tasks/build-images	2026-08-22T07:33:52.4803916Z #67 2.392 https://github.com/census-ecosystem/opencensus-go-exporter-prometheus/blob/master/LICENSE
build-images	dev/tasks/build-images	2026-08-22T07:33:52.4804972Z #67 2.392 https://github.com/darccio/mergo/blob/master/LICENSE
build-images	dev/tasks/build-images	2026-08-22T07:33:52.4805779Z #67 2.393 https://github.com/Azure/go-ansiterm/blob/master/LICENSE
build-images	dev/tasks/build-images	2026-08-22T07:33:52.4806916Z #67 2.394 https://github.com/GoogleCloudPlatform/declarative-resource-client-library/blob/master/LICENSE
build-images	dev/tasks/build-images	2026-08-22T07:33:52.4808370Z #67 2.394 https://github.com/GoogleCloudPlatform/opentelemetry-operations-go/blob/master/detectors/gcp/LICENSE
build-images	dev/tasks/build-images	2026-08-22T07:33:52.4809898Z #67 2.394 https://github.com/GoogleCloudPlatform/opentelemetry-operations-go/blob/master/exporter/metric/LICENSE
build-images	dev/tasks/build-images	2026-08-22T07:33:52.4811495Z #67 2.394 https://github.com/GoogleCloudPlatform/opentelemetry-operations-go/blob/master/internal/resourcemapping/LICENSE
build-images	dev/tasks/build-images	2026-08-22T07:33:52.4813004Z #67 2.395 https://github.com/MakeNowJust/heredoc/blob/master/LICENSE
build-images	dev/tasks/build-images	2026-08-22T07:33:52.4813843Z #67 2.395 https://github.com/Microsoft/go-winio/blob/master/LICENSE
build-images	dev/tasks/build-images	2026-08-22T07:33:52.4814692Z #67 2.395 https://github.com/ProtonMail/go-crypto/blob/master/LICENSE
build-images	dev/tasks/build-images	2026-08-22T07:33:52.4815524Z #67 2.395 https://github.com/agext/levenshtein/blob/master/LICENSE
build-images	dev/tasks/build-images	2026-08-22T07:33:52.4816383Z #67 2.396 https://github.com/apache/arrow/blob/master/go/v15/LICENSE.txt
build-images	dev/tasks/build-images	2026-08-22T07:33:52.4817218Z #67 2.397 https://github.com/apparentlymart/go-cidr/blob/master/LICENSE
build-images	dev/tasks/build-images	2026-08-22T07:33:52.4818156Z #67 2.398 https://github.com/apparentlymart/go-textseg/blob/master/v15/LICENSE
build-images	dev/tasks/build-images	2026-08-22T07:33:52.4819064Z #67 2.398 https://github.com/appscode/jsonpatch/blob/master/LICENSE
build-images	dev/tasks/build-images	2026-08-22T07:33:52.4819847Z #67 2.401 https://github.com/beorn7/perks/blob/master/LICENSE
build-images	dev/tasks/build-images	2026-08-22T07:33:52.4820588Z #67 2.403 https://github.com/blang/semver/blob/master/LICENSE
build-images	dev/tasks/build-images	2026-08-22T07:33:52.4821335Z #67 2.403 https://github.com/blang/semver/blob/master/v4/LICENSE
build-images	dev/tasks/build-images	2026-08-22T07:33:52.4822386Z #67 2.403 https://github.com/cenkalti/backoff/blob/master/LICENSE
build-images	dev/tasks/build-images	2026-08-22T07:33:52.4823235Z #67 2.403 https://github.com/cespare/xxhash/blob/master/v2/LICENSE.txt
build-images	dev/tasks/build-images	2026-08-22T07:33:52.4824083Z #67 2.403 https://github.com/chai2010/gettext-go/blob/master/LICENSE
build-images	dev/tasks/build-images	2026-08-22T07:33:52.4824889Z #67 2.403 https://github.com/cloudflare/circl/blob/master/LICENSE
build-images	dev/tasks/build-images	2026-08-22T07:33:52.4825659Z #67 2.403 https://github.com/cncf/xds/blob/master/go/LICENSE
build-images	dev/tasks/build-images	2026-08-22T07:33:52.4826519Z #67 2.404 https://github.com/cyphar/filepath-securejoin/blob/master/LICENSE.BSD
build-images	dev/tasks/build-images	2026-08-22T07:33:52.4827551Z #67 2.404 https://github.com/cyphar/filepath-securejoin/blob/master/LICENSE.MPL-2.0
build-images	dev/tasks/build-images	2026-08-22T07:33:52.4828749Z #67 2.404 REQUIRES SOURCE MIRRORING: temp-vendor/github.com/cyphar/filepath-securejoin/LICENSE.MPL-2.0
build-images	dev/tasks/build-images	2026-08-22T07:33:52.4829803Z #67 2.413 https://github.com/davecgh/go-spew/blob/master/LICENSE
build-images	dev/tasks/build-images	2026-08-22T07:33:52.4830618Z #67 2.414 https://github.com/emicklei/go-restful/blob/master/v3/LICENSE
build-images	dev/tasks/build-images	2026-08-22T07:33:52.4831454Z #67 2.414 https://github.com/emirpasic/gods/blob/master/LICENSE
build-images	dev/tasks/build-images	2026-08-22T07:33:52.4832587Z #67 2.415 https://github.com/envoyproxy/go-control-plane/blob/master/envoy/LICENSE
build-images	dev/tasks/build-images	2026-08-22T07:33:52.4833614Z #67 2.415 https://github.com/envoyproxy/protoc-gen-validate/blob/master/LICENSE
build-images	dev/tasks/build-images	2026-08-22T07:33:52.4834545Z #67 2.418 https://github.com/evanphx/json-patch/blob/master/v5/LICENSE
build-images	dev/tasks/build-images	2026-08-22T07:33:52.4835425Z #67 2.419 https://github.com/exponent-io/jsonpath/blob/master/LICENSE
build-images	dev/tasks/build-images	2026-08-22T07:33:52.4836536Z #67 2.419 https://github.com/fatih/camelcase/blob/master/LICENSE.md
build-images	dev/tasks/build-images	2026-08-22T07:33:52.4837581Z #67 2.420 https://github.com/fatih/color/blob/master/LICENSE.md
build-images	dev/tasks/build-images	2026-08-22T07:33:52.4838411Z #67 2.420 https://github.com/felixge/httpsnoop/blob/master/LICENSE.txt
build-images	dev/tasks/build-images	2026-08-22T07:33:52.4839270Z #67 2.421 https://github.com/fsnotify/fsnotify/blob/master/LICENSE
build-images	dev/tasks/build-images	2026-08-22T07:33:52.4840086Z #67 2.422 https://github.com/fxamacker/cbor/blob/master/v2/LICENSE
build-images	dev/tasks/build-images	2026-08-22T07:33:52.4840881Z #67 2.422 https://github.com/gammazero/deque/blob/master/LICENSE
build-images	dev/tasks/build-images	2026-08-22T07:33:52.5627548Z #67 2.423 https://github.com/gammazero/workerpool/blob/master/LICENSE
build-images	dev/tasks/build-images	2026-08-22T07:33:52.5628429Z #67 2.423 https://github.com/ghodss/yaml/blob/master/LICENSE
build-images	dev/tasks/build-images	2026-08-22T07:33:52.5629480Z #67 2.425 https://github.com/gke-labs/kube-etl/blob/master/syncer/LICENSE
build-images	dev/tasks/build-images	2026-08-22T07:33:52.5630631Z #67 2.425 https://github.com/gke-labs/multicluster-leader-election/blob/master/LICENSE
build-images	dev/tasks/build-images	2026-08-22T07:33:52.5631947Z #67 2.425 https://github.com/go-errors/errors/blob/master/LICENSE.MIT
build-images	dev/tasks/build-images	2026-08-22T07:33:52.5632892Z #67 2.426 https://github.com/go-git/gcfg/blob/master/LICENSE
build-images	dev/tasks/build-images	2026-08-22T07:33:52.5633637Z #67 2.427 https://github.com/go-git/go-billy/blob/master/v5/LICENSE
build-images	dev/tasks/build-images	2026-08-22T07:33:52.5634472Z #67 2.428 https://github.com/go-git/go-git/blob/master/v5/LICENSE
build-images	dev/tasks/build-images	2026-08-22T07:33:52.5635278Z #67 2.428 https://github.com/go-jose/go-jose/blob/master/v4/LICENSE
build-images	dev/tasks/build-images	2026-08-22T07:33:52.5636251Z #67 2.429 https://github.com/go-jose/go-jose/blob/master/v4/json/LICENSE
build-images	dev/tasks/build-images	2026-08-22T07:33:52.5637070Z #67 2.430 https://github.com/go-logr/logr/blob/master/LICENSE
build-images	dev/tasks/build-images	2026-08-22T07:33:52.5637769Z #67 2.431 https://github.com/go-logr/stdr/blob/master/LICENSE
build-images	dev/tasks/build-images	2026-08-22T07:33:52.5638556Z #67 2.432 https://github.com/go-logr/zapr/blob/master/LICENSE
build-images	dev/tasks/build-images	2026-08-22T07:33:52.5639409Z #67 2.432 https://github.com/go-openapi/jsonpointer/blob/master/LICENSE
build-images	dev/tasks/build-images	2026-08-22T07:33:52.5640312Z #67 2.433 https://github.com/go-openapi/jsonreference/blob/master/LICENSE
build-images	dev/tasks/build-images	2026-08-22T07:33:52.5641111Z #67 2.434 https://github.com/go-openapi/swag/blob/master/LICENSE
build-images	dev/tasks/build-images	2026-08-22T07:33:52.5642310Z #67 2.435 https://github.com/gobuffalo/flect/blob/master/LICENSE
build-images	dev/tasks/build-images	2026-08-22T07:33:52.5645886Z #67 2.437 https://github.com/goccy/go-json/blob/master/LICENSE
build-images	dev/tasks/build-images	2026-08-22T07:33:52.5646706Z #67 2.437 https://github.com/gogo/protobuf/blob/master/LICENSE
build-images	dev/tasks/build-images	2026-08-22T07:33:52.5647438Z #67 2.437 https://github.com/golang/glog/blob/master/LICENSE
build-images	dev/tasks/build-images	2026-08-22T07:33:52.5648163Z #67 2.437 https://github.com/golang/groupcache/blob/master/LICENSE
build-images	dev/tasks/build-images	2026-08-22T07:33:52.5648929Z #67 2.440 https://github.com/golang/protobuf/blob/master/LICENSE
build-images	dev/tasks/build-images	2026-08-22T07:33:52.5649691Z #67 2.441 https://github.com/google/btree/blob/master/LICENSE
build-images	dev/tasks/build-images	2026-08-22T07:33:52.5650420Z #67 2.441 https://github.com/google/flatbuffers/blob/master/LICENSE
build-images	dev/tasks/build-images	2026-08-22T07:33:52.5651215Z #67 2.442 https://github.com/google/gnostic-models/blob/master/LICENSE
build-images	dev/tasks/build-images	2026-08-22T07:33:52.5656160Z #67 2.442 https://github.com/google/go-cmp/blob/master/LICENSE
build-images	dev/tasks/build-images	2026-08-22T07:33:52.5656983Z #67 2.443 https://github.com/google/go-cpy/blob/master/LICENSE
build-images	dev/tasks/build-images	2026-08-22T07:33:52.5657738Z #67 2.444 https://github.com/google/pprof/blob/master/LICENSE
build-images	dev/tasks/build-images	2026-08-22T07:33:52.5658524Z #67 2.444 https://github.com/google/s2a-go/blob/master/LICENSE.md
build-images	dev/tasks/build-images	2026-08-22T07:33:52.5659268Z #67 2.445 https://github.com/google/uuid/blob/master/LICENSE
build-images	dev/tasks/build-images	2026-08-22T07:33:52.5660149Z #67 2.445 https://github.com/googleapis/enterprise-certificate-proxy/blob/master/LICENSE
build-images	dev/tasks/build-images	2026-08-22T07:33:52.5661123Z #67 2.446 https://github.com/googleapis/gax-go/blob/master/v2/LICENSE
build-images	dev/tasks/build-images	2026-08-22T07:33:52.5662054Z #67 2.446 https://github.com/gorilla/websocket/blob/master/LICENSE
build-images	dev/tasks/build-images	2026-08-22T07:33:52.5662872Z #67 2.448 https://github.com/gregjones/httpcache/blob/master/LICENSE.txt
build-images	dev/tasks/build-images	2026-08-22T07:33:52.5663811Z #67 2.448 https://github.com/grpc-ecosystem/go-grpc-middleware/blob/master/LICENSE
build-images	dev/tasks/build-images	2026-08-22T07:33:52.5664770Z #67 2.448 https://github.com/grpc-ecosystem/grpc-gateway/blob/master/v2/LICENSE
build-images	dev/tasks/build-images	2026-08-22T07:33:52.5666028Z #67 2.449 https://github.com/hashicorp/errwrap/blob/master/LICENSE
build-images	dev/tasks/build-images	2026-08-22T07:33:52.5667127Z #67 2.450 REQUIRES SOURCE MIRRORING: temp-vendor/github.com/hashicorp/errwrap/LICENSE
build-images	dev/tasks/build-images	2026-08-22T07:33:52.5668067Z #67 2.454 https://github.com/hashicorp/go-checkpoint/blob/master/LICENSE
build-images	dev/tasks/build-images	2026-08-22T07:33:52.5669047Z #67 2.455 REQUIRES SOURCE MIRRORING: temp-vendor/github.com/hashicorp/go-checkpoint/LICENSE
build-images	dev/tasks/build-images	2026-08-22T07:33:52.5670025Z #67 2.459 https://github.com/hashicorp/go-cleanhttp/blob/master/LICENSE
build-images	dev/tasks/build-images	2026-08-22T07:33:52.5670955Z #67 2.461 REQUIRES SOURCE MIRRORING: temp-vendor/github.com/hashicorp/go-cleanhttp/LICENSE
build-images	dev/tasks/build-images	2026-08-22T07:33:52.5684359Z #67 2.466 https://github.com/hashicorp/go-cty/blob/master/LICENSE
build-images	dev/tasks/build-images	2026-08-22T07:33:52.5685185Z #67 2.467 https://github.com/hashicorp/go-hclog/blob/master/LICENSE
build-images	dev/tasks/build-images	2026-08-22T07:33:52.5686058Z #67 2.467 https://github.com/hashicorp/go-multierror/blob/master/LICENSE
build-images	dev/tasks/build-images	2026-08-22T07:33:52.5687051Z #67 2.467 REQUIRES SOURCE MIRRORING: temp-vendor/github.com/hashicorp/go-multierror/LICENSE
build-images	dev/tasks/build-images	2026-08-22T07:33:52.5688048Z #67 2.471 https://github.com/hashicorp/go-plugin/blob/master/LICENSE
build-images	dev/tasks/build-images	2026-08-22T07:33:52.5688998Z #67 2.473 REQUIRES SOURCE MIRRORING: temp-vendor/github.com/hashicorp/go-plugin/LICENSE
build-images	dev/tasks/build-images	2026-08-22T07:33:52.5689974Z #67 2.478 https://github.com/hashicorp/go-uuid/blob/master/LICENSE
build-images	dev/tasks/build-images	2026-08-22T07:33:52.5690929Z #67 2.479 REQUIRES SOURCE MIRRORING: temp-vendor/github.com/hashicorp/go-uuid/LICENSE
build-images	dev/tasks/build-images	2026-08-22T07:33:52.5696167Z #67 2.482 https://github.com/hashicorp/go-version/blob/master/LICENSE
build-images	dev/tasks/build-images	2026-08-22T07:33:52.5697184Z #67 2.482 REQUIRES SOURCE MIRRORING: temp-vendor/github.com/hashicorp/go-version/LICENSE
build-images	dev/tasks/build-images	2026-08-22T07:33:52.5698175Z #67 2.486 https://github.com/hashicorp/hc-install/blob/master/LICENSE
build-images	dev/tasks/build-images	2026-08-22T07:33:52.5699147Z #67 2.487 REQUIRES SOURCE MIRRORING: temp-vendor/github.com/hashicorp/hc-install/LICENSE
build-images	dev/tasks/build-images	2026-08-22T07:33:52.5700103Z #67 2.494 https://github.com/hashicorp/hcl/blob/master/LICENSE
build-images	dev/tasks/build-images	2026-08-22T07:33:52.5700978Z #67 2.498 REQUIRES SOURCE MIRRORING: temp-vendor/github.com/hashicorp/hcl/LICENSE
build-images	dev/tasks/build-images	2026-08-22T07:33:52.5702129Z #67 2.511 https://github.com/hashicorp/hcl/blob/master/v2/LICENSE
build-images	dev/tasks/build-images	2026-08-22T07:33:52.5703063Z #67 2.511 REQUIRES SOURCE MIRRORING: temp-vendor/github.com/hashicorp/hcl/v2/LICENSE
build-images	dev/tasks/build-images	2026-08-22T07:33:52.5704021Z #67 2.525 https://github.com/hashicorp/logutils/blob/master/LICENSE
build-images	dev/tasks/build-images	2026-08-22T07:33:52.6742741Z #67 2.527 REQUIRES SOURCE MIRRORING: temp-vendor/github.com/hashicorp/logutils/LICENSE
build-images	dev/tasks/build-images	2026-08-22T07:33:52.6744038Z #67 2.531 https://github.com/hashicorp/terraform-exec/blob/master/LICENSE
build-images	dev/tasks/build-images	2026-08-22T07:33:52.6745142Z #67 2.532 REQUIRES SOURCE MIRRORING: temp-vendor/github.com/hashicorp/terraform-exec/LICENSE
build-images	dev/tasks/build-images	2026-08-22T07:33:52.6746258Z #67 2.539 https://github.com/hashicorp/terraform-json/blob/master/LICENSE
build-images	dev/tasks/build-images	2026-08-22T07:33:52.6747354Z #67 2.539 REQUIRES SOURCE MIRRORING: temp-vendor/github.com/hashicorp/terraform-json/LICENSE
build-images	dev/tasks/build-images	2026-08-22T07:33:52.6748657Z #67 2.545 https://github.com/hashicorp/terraform-plugin-framework/blob/master/LICENSE
build-images	dev/tasks/build-images	2026-08-22T07:33:52.6750093Z #67 2.546 REQUIRES SOURCE MIRRORING: temp-vendor/github.com/hashicorp/terraform-plugin-framework/LICENSE
build-images	dev/tasks/build-images	2026-08-22T07:33:52.6751620Z #67 2.570 https://github.com/hashicorp/terraform-plugin-framework-validators/blob/master/LICENSE
build-images	dev/tasks/build-images	2026-08-22T07:33:52.6753420Z #67 2.572 REQUIRES SOURCE MIRRORING: temp-vendor/github.com/hashicorp/terraform-plugin-framework-validators/LICENSE
build-images	dev/tasks/build-images	2026-08-22T07:33:52.6774128Z #67 2.580 https://github.com/hashicorp/terraform-plugin-go/blob/master/LICENSE
build-images	dev/tasks/build-images	2026-08-22T07:33:52.6775294Z #67 2.581 REQUIRES SOURCE MIRRORING: temp-vendor/github.com/hashicorp/terraform-plugin-go/LICENSE
build-images	dev/tasks/build-images	2026-08-22T07:33:52.6776430Z #67 2.599 https://github.com/hashicorp/terraform-plugin-log/blob/master/LICENSE
build-images	dev/tasks/build-images	2026-08-22T07:33:52.6777547Z #67 2.600 REQUIRES SOURCE MIRRORING: temp-vendor/github.com/hashicorp/terraform-plugin-log/LICENSE
build-images	dev/tasks/build-images	2026-08-22T07:33:52.6778698Z #67 2.607 https://github.com/hashicorp/terraform-plugin-sdk/blob/master/v2/LICENSE
build-images	dev/tasks/build-images	2026-08-22T07:33:52.6780210Z #67 2.608 REQUIRES SOURCE MIRRORING: temp-vendor/github.com/hashicorp/terraform-plugin-sdk/v2/LICENSE
build-images	dev/tasks/build-images	2026-08-22T07:33:52.6781882Z #67 2.636 https://github.com/hashicorp/terraform-provider-google-beta/blob/master/LICENSE
build-images	dev/tasks/build-images	2026-08-22T07:33:52.8259819Z #67 2.638 REQUIRES SOURCE MIRRORING: temp-vendor/github.com/hashicorp/terraform-provider-google-beta/LICENSE
build-images	dev/tasks/build-images	2026-08-22T07:33:52.8286983Z #67 2.791 https://github.com/hashicorp/terraform-registry-address/blob/master/LICENSE
build-images	dev/tasks/build-images	2026-08-22T07:33:52.9347320Z #67 2.792 REQUIRES SOURCE MIRRORING: temp-vendor/github.com/hashicorp/terraform-registry-address/LICENSE
build-images	dev/tasks/build-images	2026-08-22T07:33:52.9348754Z #67 2.796 https://github.com/hashicorp/terraform-svchost/blob/master/LICENSE
build-images	dev/tasks/build-images	2026-08-22T07:33:52.9350102Z #67 2.797 REQUIRES SOURCE MIRRORING: temp-vendor/github.com/hashicorp/terraform-svchost/LICENSE
build-images	dev/tasks/build-images	2026-08-22T07:33:52.9351239Z #67 2.800 https://github.com/hashicorp/yamux/blob/master/LICENSE
build-images	dev/tasks/build-images	2026-08-22T07:33:52.9352392Z #67 2.801 REQUIRES SOURCE MIRRORING: temp-vendor/github.com/hashicorp/yamux/LICENSE
build-images	dev/tasks/build-images	2026-08-22T07:33:52.9353493Z #67 2.805 https://github.com/inconshreveable/mousetrap/blob/master/LICENSE
build-images	dev/tasks/build-images	2026-08-22T07:33:52.9354496Z #67 2.806 https://github.com/jbenet/go-context/blob/master/LICENSE
build-images	dev/tasks/build-images	2026-08-22T07:33:52.9355841Z #67 2.806 https://github.com/jonboulle/clockwork/blob/master/LICENSE
build-images	dev/tasks/build-images	2026-08-22T07:33:52.9357147Z #67 2.807 https://github.com/json-iterator/go/blob/master/LICENSE
build-images	dev/tasks/build-images	2026-08-22T07:33:52.9358191Z #67 2.808 https://github.com/kevinburke/ssh_config/blob/master/LICENSE
build-images	dev/tasks/build-images	2026-08-22T07:33:52.9359023Z #67 2.809 https://github.com/klauspost/compress/blob/master/LICENSE
build-images	dev/tasks/build-images	2026-08-22T07:33:52.9359941Z #67 2.810 https://github.com/klauspost/compress/blob/master/internal/snapref/LICENSE
build-images	dev/tasks/build-images	2026-08-22T07:33:52.9361027Z #67 2.811 https://github.com/klauspost/compress/blob/master/zstd/internal/xxhash/LICENSE.txt
build-images	dev/tasks/build-images	2026-08-22T07:33:52.9362180Z #67 2.812 https://github.com/klauspost/cpuid/blob/master/v2/LICENSE
build-images	dev/tasks/build-images	2026-08-22T07:33:52.9362957Z #67 2.813 https://github.com/kylelemons/godebug/blob/master/LICENSE
build-images	dev/tasks/build-images	2026-08-22T07:33:52.9363733Z #67 2.814 https://github.com/liggitt/tabwriter/blob/master/LICENSE
build-images	dev/tasks/build-images	2026-08-22T07:33:52.9364489Z #67 2.815 https://github.com/mailru/easyjson/blob/master/LICENSE
build-images	dev/tasks/build-images	2026-08-22T07:33:52.9365236Z #67 2.816 https://github.com/mattn/go-colorable/blob/master/LICENSE
build-images	dev/tasks/build-images	2026-08-22T07:33:52.9365993Z #67 2.817 https://github.com/mattn/go-isatty/blob/master/LICENSE
build-images	dev/tasks/build-images	2026-08-22T07:33:52.9366732Z #67 2.817 https://github.com/mattn/go-runewidth/blob/master/LICENSE
build-images	dev/tasks/build-images	2026-08-22T07:33:52.9367527Z #67 2.818 https://github.com/mitchellh/copystructure/blob/master/LICENSE
build-images	dev/tasks/build-images	2026-08-22T07:33:52.9368356Z #67 2.818 https://github.com/mitchellh/go-homedir/blob/master/LICENSE
build-images	dev/tasks/build-images	2026-08-22T07:33:52.9369230Z #67 2.819 https://github.com/mitchellh/go-testing-interface/blob/master/LICENSE
build-images	dev/tasks/build-images	2026-08-22T07:33:52.9370133Z #67 2.819 https://github.com/mitchellh/go-wordwrap/blob/master/LICENSE.md
build-images	dev/tasks/build-images	2026-08-22T07:33:52.9370979Z #67 2.820 https://github.com/mitchellh/hashstructure/blob/master/LICENSE
build-images	dev/tasks/build-images	2026-08-22T07:33:52.9371993Z #67 2.821 https://github.com/mitchellh/mapstructure/blob/master/LICENSE
build-images	dev/tasks/build-images	2026-08-22T07:33:52.9372820Z #67 2.821 https://github.com/mitchellh/reflectwalk/blob/master/LICENSE
build-images	dev/tasks/build-images	2026-08-22T07:33:52.9373556Z #67 2.821 https://github.com/moby/spdystream/blob/master/LICENSE
build-images	dev/tasks/build-images	2026-08-22T07:33:52.9374319Z #67 2.822 https://github.com/moby/spdystream/blob/master/spdy/LICENSE
build-images	dev/tasks/build-images	2026-08-22T07:33:52.9375017Z #67 2.822 https://github.com/moby/term/blob/master/LICENSE
build-images	dev/tasks/build-images	2026-08-22T07:33:52.9375708Z #67 2.823 https://github.com/modern-go/concurrent/blob/master/LICENSE
build-images	dev/tasks/build-images	2026-08-22T07:33:52.9376476Z #67 2.825 https://github.com/modern-go/reflect2/blob/master/LICENSE
build-images	dev/tasks/build-images	2026-08-22T07:33:52.9377257Z #67 2.825 https://github.com/monochromegane/go-gitignore/blob/master/LICENSE
build-images	dev/tasks/build-images	2026-08-22T07:33:52.9378036Z #67 2.825 https://github.com/munnerz/goautoneg/blob/master/LICENSE
build-images	dev/tasks/build-images	2026-08-22T07:33:52.9378745Z #67 2.825 https://github.com/mxk/go-flowrate/blob/master/LICENSE
build-images	dev/tasks/build-images	2026-08-22T07:33:52.9379454Z #67 2.826 https://github.com/nasa9084/go-openapi/blob/master/LICENSE
build-images	dev/tasks/build-images	2026-08-22T07:33:52.9380776Z #67 2.826 https://github.com/oklog/run/blob/master/LICENSE
build-images	dev/tasks/build-images	2026-08-22T07:33:52.9381494Z #67 2.827 https://github.com/olekukonko/tablewriter/blob/master/LICENSE.md
build-images	dev/tasks/build-images	2026-08-22T07:33:52.9382493Z #67 2.827 https://github.com/onsi/gomega/blob/master/LICENSE
build-images	dev/tasks/build-images	2026-08-22T07:33:52.9383193Z #67 2.828 https://github.com/peterbourgon/diskv/blob/master/LICENSE
build-images	dev/tasks/build-images	2026-08-22T07:33:52.9383917Z #67 2.829 https://github.com/pierrec/lz4/blob/master/v4/LICENSE
build-images	dev/tasks/build-images	2026-08-22T07:33:52.9384595Z #67 2.829 https://github.com/pjbgf/sha1cd/blob/master/LICENSE
build-images	dev/tasks/build-images	2026-08-22T07:33:52.9385247Z #67 2.831 https://github.com/pkg/errors/blob/master/LICENSE
build-images	dev/tasks/build-images	2026-08-22T07:33:52.9385962Z #67 2.831 https://github.com/planetscale/vtprotobuf/blob/master/LICENSE
build-images	dev/tasks/build-images	2026-08-22T07:33:52.9386730Z #67 2.833 https://github.com/pmezard/go-difflib/blob/master/LICENSE
build-images	dev/tasks/build-images	2026-08-22T07:33:52.9387504Z #67 2.834 https://github.com/prometheus/client_golang/blob/master/LICENSE
build-images	dev/tasks/build-images	2026-08-22T07:33:52.9388534Z #67 2.834 https://github.com/prometheus/client_golang/blob/master/internal/github.com/golang/gddo/LICENSE
build-images	dev/tasks/build-images	2026-08-22T07:33:52.9389562Z #67 2.835 https://github.com/prometheus/client_model/blob/master/LICENSE
build-images	dev/tasks/build-images	2026-08-22T07:33:52.9393040Z #67 2.836 https://github.com/prometheus/common/blob/master/LICENSE
build-images	dev/tasks/build-images	2026-08-22T07:33:52.9393839Z #67 2.836 https://github.com/prometheus/procfs/blob/master/LICENSE
build-images	dev/tasks/build-images	2026-08-22T07:33:52.9422237Z #67 2.837 https://github.com/rivo/uniseg/blob/master/LICENSE.txt
build-images	dev/tasks/build-images	2026-08-22T07:33:52.9423221Z #67 2.837 https://github.com/russross/blackfriday/blob/master/v2/LICENSE.txt
build-images	dev/tasks/build-images	2026-08-22T07:33:52.9424096Z #67 2.838 https://github.com/sergi/go-diff/blob/master/LICENSE
build-images	dev/tasks/build-images	2026-08-22T07:33:52.9424897Z #67 2.838 https://github.com/shurcooL/httpfs/blob/master/LICENSE
build-images	dev/tasks/build-images	2026-08-22T07:33:52.9425686Z #67 2.839 https://github.com/shurcooL/vfsgen/blob/master/LICENSE
build-images	dev/tasks/build-images	2026-08-22T07:33:52.9426459Z #67 2.839 https://github.com/sirupsen/logrus/blob/master/LICENSE
build-images	dev/tasks/build-images	2026-08-22T07:33:52.9427228Z #67 2.840 https://github.com/skeema/knownhosts/blob/master/LICENSE
build-images	dev/tasks/build-images	2026-08-22T07:33:52.9427999Z #67 2.841 https://github.com/spf13/cobra/blob/master/LICENSE.txt
build-images	dev/tasks/build-images	2026-08-22T07:33:52.9428725Z #67 2.841 https://github.com/spf13/pflag/blob/master/LICENSE
build-images	dev/tasks/build-images	2026-08-22T07:33:52.9429459Z #67 2.844 https://github.com/spiffe/go-spiffe/blob/master/v2/LICENSE
build-images	dev/tasks/build-images	2026-08-22T07:33:52.9430247Z #67 2.844 https://github.com/stretchr/testify/blob/master/LICENSE
build-images	dev/tasks/build-images	2026-08-22T07:33:52.9431005Z #67 2.844 https://github.com/tmccombs/hcl2json/blob/master/LICENSE
build-images	dev/tasks/build-images	2026-08-22T07:33:52.9432031Z #67 2.844 https://github.com/vmihailenco/msgpack/blob/master/LICENSE
build-images	dev/tasks/build-images	2026-08-22T07:33:52.9432862Z #67 2.844 https://github.com/vmihailenco/msgpack/blob/master/v4/LICENSE
build-images	dev/tasks/build-images	2026-08-22T07:33:52.9433696Z #67 2.844 https://github.com/vmihailenco/tagparser/blob/master/LICENSE
build-images	dev/tasks/build-images	2026-08-22T07:33:52.9434468Z #67 2.844 https://github.com/x448/float16/blob/master/LICENSE
build-images	dev/tasks/build-images	2026-08-22T07:33:52.9435192Z #67 2.844 https://github.com/xanzy/ssh-agent/blob/master/LICENSE
build-images	dev/tasks/build-images	2026-08-22T07:33:52.9435966Z #67 2.845 https://github.com/xlab/treeprint/blob/master/LICENSE
build-images	dev/tasks/build-images	2026-08-22T07:33:52.9436738Z #67 2.845 https://github.com/zclconf/go-cty/blob/master/LICENSE
build-images	dev/tasks/build-images	2026-08-22T07:33:52.9437478Z #67 2.846 https://github.com/zeebo/xxh3/blob/master/LICENSE
build-images	dev/tasks/build-images	2026-08-22T07:33:52.9438371Z #67 2.846 https://github.com/census-instrumentation/opencensus-go/blob/master/LICENSE
build-images	dev/tasks/build-images	2026-08-22T07:33:52.9439430Z #67 2.846 https://github.com/open-telemetry/opentelemetry-go-contrib/blob/main/LICENSE
build-images	dev/tasks/build-images	2026-08-22T07:33:52.9440508Z #67 2.847 https://github.com/open-telemetry/opentelemetry-go-contrib/blob/main/gcp/LICENSE
build-images	dev/tasks/build-images	2026-08-22T07:33:52.9442044Z #67 2.848 https://github.com/open-telemetry/opentelemetry-go-contrib/blob/main/google.golang.org/grpc/otelgrpc/LICENSE
build-images	dev/tasks/build-images	2026-08-22T07:33:52.9443535Z #67 2.850 https://github.com/open-telemetry/opentelemetry-go-contrib/blob/main/net/http/otelhttp/LICENSE
build-images	dev/tasks/build-images	2026-08-22T07:33:52.9444717Z #67 2.850 https://github.com/open-telemetry/opentelemetry-go-contrib/blob/main/LICENSE
build-images	dev/tasks/build-images	2026-08-22T07:33:52.9446071Z #67 2.851 https://github.com/open-telemetry/opentelemetry-go-contrib/blob/main/LICENSE
build-images	dev/tasks/build-images	2026-08-22T07:33:52.9447317Z #67 2.852 https://github.com/open-telemetry/opentelemetry-go-contrib/blob/main/LICENSE
build-images	dev/tasks/build-images	2026-08-22T07:33:52.9448408Z #67 2.853 https://github.com/open-telemetry/opentelemetry-go-contrib/blob/main/metric/LICENSE
build-images	dev/tasks/build-images	2026-08-22T07:33:52.9449501Z #67 2.853 https://github.com/open-telemetry/opentelemetry-go-contrib/blob/main/LICENSE
build-images	dev/tasks/build-images	2026-08-22T07:33:52.9450490Z #67 2.854 https://github.com/uber-go/mock/blob/master/LICENSE
build-images	dev/tasks/build-images	2026-08-22T07:33:52.9451301Z #67 2.855 https://github.com/uber-go/multierr/blob/master/LICENSE.txt
build-images	dev/tasks/build-images	2026-08-22T07:33:52.9452358Z #67 2.856 https://github.com/uber-go/zap/blob/master/LICENSE
build-images	dev/tasks/build-images	2026-08-22T07:33:52.9453076Z #67 2.857 https://github.com/golang/crypto/blob/master/LICENSE
build-images	dev/tasks/build-images	2026-08-22T07:33:52.9453795Z #67 2.864 https://github.com/golang/exp/blob/master/LICENSE
build-images	dev/tasks/build-images	2026-08-22T07:33:52.9454491Z #67 2.864 https://github.com/golang/mod/blob/master/LICENSE
build-images	dev/tasks/build-images	2026-08-22T07:33:52.9455181Z #67 2.864 https://github.com/golang/net/blob/master/LICENSE
build-images	dev/tasks/build-images	2026-08-22T07:33:52.9455893Z #67 2.864 https://github.com/golang/oauth2/blob/master/LICENSE
build-images	dev/tasks/build-images	2026-08-22T07:33:52.9456602Z #67 2.864 https://github.com/golang/sync/blob/master/LICENSE
build-images	dev/tasks/build-images	2026-08-22T07:33:52.9457340Z #67 2.864 https://github.com/golang/sys/blob/master/LICENSE
build-images	dev/tasks/build-images	2026-08-22T07:33:52.9458088Z #67 2.864 https://github.com/golang/telemetry/blob/master/LICENSE
build-images	dev/tasks/build-images	2026-08-22T07:33:52.9458823Z #67 2.864 https://github.com/golang/term/blob/master/LICENSE
build-images	dev/tasks/build-images	2026-08-22T07:33:52.9459513Z #67 2.864 https://github.com/golang/text/blob/master/LICENSE
build-images	dev/tasks/build-images	2026-08-22T07:33:52.9460201Z #67 2.864 https://github.com/golang/time/blob/master/LICENSE
build-images	dev/tasks/build-images	2026-08-22T07:33:52.9460903Z #67 2.866 https://github.com/golang/tools/blob/master/LICENSE
build-images	dev/tasks/build-images	2026-08-22T07:33:52.9461606Z #67 2.866 https://github.com/golang/errors/blob/master/LICENSE
build-images	dev/tasks/build-images	2026-08-22T07:33:52.9462757Z #67 2.866 https://https://github.com/gomodules/jsonpatch/blob/master/LICENSE
build-images	dev/tasks/build-images	2026-08-22T07:33:52.9463720Z #67 2.869 https://github.com/googleapis/google-api-go-client/blob/master/LICENSE
build-images	dev/tasks/build-images	2026-08-22T07:33:52.9464954Z #67 2.869 https://github.com/googleapis/google-api-go-client/blob/master/internal/third_party/uritemplates/LICENSE
build-images	dev/tasks/build-images	2026-08-22T07:33:52.9466051Z #67 2.869 https://github.com/golang/appengine/blob/master/LICENSE
build-images	dev/tasks/build-images	2026-08-22T07:33:52.9466834Z #67 2.870 https://github.com/google/go-genproto/blob/master/LICENSE
build-images	dev/tasks/build-images	2026-08-22T07:33:52.9467616Z #67 2.875 https://github.com/google/go-genproto/blob/master/LICENSE
build-images	dev/tasks/build-images	2026-08-22T07:33:52.9468378Z #67 2.875 https://github.com/google/go-genproto/blob/master/LICENSE
build-images	dev/tasks/build-images	2026-08-22T07:33:52.9469155Z #67 2.875 https://github.com/google/go-genproto/blob/master/LICENSE
build-images	dev/tasks/build-images	2026-08-22T07:33:52.9469896Z #67 2.875 https://github.com/grpc/grpc-go/blob/master/LICENSE
build-images	dev/tasks/build-images	2026-08-22T07:33:52.9470698Z #67 2.875 https://github.com/protocolbuffers/protobuf-go/blob/master/LICENSE
build-images	dev/tasks/build-images	2026-08-22T07:33:52.9471482Z #67 2.875 https://github.com/dnaeon/go-vcr/blob/v3/LICENSE
build-images	dev/tasks/build-images	2026-08-22T07:33:52.9483899Z #67 2.875 https://github.com/evanphx/json-patch/blob/master/LICENSE
build-images	dev/tasks/build-images	2026-08-22T07:33:52.9484850Z #67 2.875 https://github.com/go-inf/inf/blob/master/LICENSE
build-images	dev/tasks/build-images	2026-08-22T07:33:52.9485633Z #67 2.875 https://github.com/go-warnings/warnings/blob/master/LICENSE
build-images	dev/tasks/build-images	2026-08-22T07:33:52.9486414Z #67 2.875 https://github.com/go-yaml/yaml/blob/v2.2.2/LICENSE
build-images	dev/tasks/build-images	2026-08-22T07:33:52.9487198Z #67 2.875 https://github.com/go-yaml/yaml/blob/v2.2.2/LICENSE.libyaml
build-images	dev/tasks/build-images	2026-08-22T07:33:52.9487935Z #67 2.875 https://github.com/go-yaml/yaml/blob/v3/LICENSE
build-images	dev/tasks/build-images	2026-08-22T07:33:52.9488639Z #67 2.875 https://github.com/kubernetes/api/blob/master/LICENSE
build-images	dev/tasks/build-images	2026-08-22T07:33:52.9489500Z #67 2.881 https://github.com/kubernetes/apiextensions-apiserver/blob/master/LICENSE
build-images	dev/tasks/build-images	2026-08-22T07:33:52.9490395Z #67 2.881 https://github.com/kubernetes/apimachinery/blob/master/LICENSE
build-images	dev/tasks/build-images	2026-08-22T07:33:52.9491446Z #67 2.881 https://github.com/kubernetes/apimachinery/third_party/blob/master/forked/golang/LICENSE
build-images	dev/tasks/build-images	2026-08-22T07:33:52.9492699Z #67 2.881 https://github.com/kubernetes/cli-runtime/blob/master/LICENSE
build-images	dev/tasks/build-images	2026-08-22T07:33:52.9494043Z #67 2.885 https://github.com/kubernetes/client-go/blob/master/LICENSE
build-images	dev/tasks/build-images	2026-08-22T07:33:52.9495028Z #67 2.886 https://github.com/kubernetes/client-go/third_party/blob/master/forked/golang/LICENSE
build-images	dev/tasks/build-images	2026-08-22T07:33:52.9496061Z #67 2.886 https://github.com/kubernetes/component-base/blob/master/LICENSE
build-images	dev/tasks/build-images	2026-08-22T07:33:52.9496901Z #67 2.886 https://github.com/kubernetes/klog/v2/blob/master/LICENSE
build-images	dev/tasks/build-images	2026-08-22T07:33:52.9497711Z #67 2.886 https://github.com/kubernetes/kube-openapi/blob/master/LICENSE
build-images	dev/tasks/build-images	2026-08-22T07:33:52.9498898Z #67 2.886 https://github.com/kubernetes/kube-openapi/pkg/blob/master/internal/third_party/go-json-experiment/json/LICENSE
build-images	dev/tasks/build-images	2026-08-22T07:33:52.9500192Z #67 2.897 https://github.com/kubernetes/kube-openapi/pkg/blob/master/validation/spec/LICENSE
build-images	dev/tasks/build-images	2026-08-22T07:33:52.9501128Z #67 2.897 https://github.com/kubernetes/kubectl/blob/master/LICENSE
build-images	dev/tasks/build-images	2026-08-22T07:33:52.9502179Z #67 2.897 https://github.com/kubernetes/utils/blob/master/LICENSE
build-images	dev/tasks/build-images	2026-08-22T07:33:52.9503232Z #67 2.897 https://github.com/kubernetes/utils/internal/blob/master/third_party/forked/golang/LICENSE
build-images	dev/tasks/build-images	2026-08-22T07:33:52.9504384Z #67 2.897 https://github.com/kubernetes-sigs/controller-runtime/blob/master/LICENSE
build-images	dev/tasks/build-images	2026-08-22T07:33:52.9505364Z #67 2.897 https://github.com/kubernetes-sigs/controller-tools/blob/master/LICENSE
build-images	dev/tasks/build-images	2026-08-22T07:33:52.9506271Z #67 2.897 https://github.com/kubernetes-sigs/json/blob/master/LICENSE
build-images	dev/tasks/build-images	2026-08-22T07:33:52.9507240Z #67 2.897 https://github.com/kubernetes-sigs/kubebuilder-declarative-pattern/blob/master/LICENSE
build-images	dev/tasks/build-images	2026-08-22T07:33:52.9508482Z #67 2.897 https://github.com/kubernetes-sigs/kubebuilder-declarative-pattern/applylib/blob/master/LICENSE
build-images	dev/tasks/build-images	2026-08-22T07:33:53.0943344Z #67 2.902 https://github.com/kubernetes-sigs/kubebuilder-declarative-pattern/ktest/blob/master/LICENSE
build-images	dev/tasks/build-images	2026-08-22T07:33:53.0944861Z #67 2.902 https://github.com/kubernetes-sigs/kubebuilder-declarative-pattern/mockkubeapiserver/blob/master/LICENSE
build-images	dev/tasks/build-images	2026-08-22T07:33:53.0946101Z #67 2.902 https://github.com/kubernetes-sigs/kustomize/api/blob/master/LICENSE
build-images	dev/tasks/build-images	2026-08-22T07:33:53.0947098Z #67 2.902 https://github.com/kubernetes-sigs/kustomize/kstatus/blob/master/LICENSE
build-images	dev/tasks/build-images	2026-08-22T07:33:53.0948137Z #67 2.902 https://github.com/kubernetes-sigs/kustomize/kstatus/blob/master/LICENSE_TEMPLATE
build-images	dev/tasks/build-images	2026-08-22T07:33:53.0949164Z #67 2.902 https://github.com/kubernetes-sigs/kustomize/kyaml/blob/master/LICENSE
build-images	dev/tasks/build-images	2026-08-22T07:33:53.0950069Z #67 2.902 https://github.com/kubernetes-sigs/randfill/blob/master/LICENSE
build-images	dev/tasks/build-images	2026-08-22T07:33:53.0951056Z #67 2.902 https://github.com/kubernetes-sigs/structured-merge-diff/v4/blob/master/LICENSE
build-images	dev/tasks/build-images	2026-08-22T07:33:53.0952198Z #67 2.903 https://github.com/kubernetes-sigs/yaml/blob/master/LICENSE
build-images	dev/tasks/build-images	2026-08-22T07:33:53.0953089Z #67 2.904 https://github.com/kubernetes-sigs/yaml/goyaml.v2/blob/master/LICENSE
build-images	dev/tasks/build-images	2026-08-22T07:33:53.0954105Z #67 2.905 https://github.com/kubernetes-sigs/yaml/goyaml.v2/blob/master/LICENSE.libyaml
build-images	dev/tasks/build-images	2026-08-22T07:33:53.0955125Z #67 2.906 https://github.com/kubernetes-sigs/yaml/goyaml.v3/blob/master/LICENSE
build-images	dev/tasks/build-images	2026-08-22T07:33:53.2182354Z #67 DONE 3.2s
build-images	dev/tasks/build-images	2026-08-22T07:33:53.2182869Z 
build-images	dev/tasks/build-images	2026-08-22T07:33:53.2187773Z #60 [unmanageddetector builder 19/20] RUN --mount=type=cache,target=/root/.cache/go-build     --mount=type=cache,target=/go/pkg/mod     CGO_ENABLED=0 GOOS=linux GOARCH=amd64 go build -trimpath -p 4 -ldflags "-s -w -buildid=" -o .       github.com/GoogleCloudPlatform/k8s-config-connector/cmd/deletiondefender       github.com/GoogleCloudPlatform/k8s-config-connector/cmd/webhook       github.com/GoogleCloudPlatform/k8s-config-connector/cmd/recorder       github.com/GoogleCloudPlatform/k8s-config-connector/cmd/unmanageddetector       github.com/GoogleCloudPlatform/k8s-config-connector/cmd/manager       github.com/GoogleCloudPlatform/k8s-config-connector/cmd/config-connector
build-images	dev/tasks/build-images	2026-08-22T07:33:53.3703569Z #60 ...
build-images	dev/tasks/build-images	2026-08-22T07:33:53.3704188Z 
build-images	dev/tasks/build-images	2026-08-22T07:33:53.3704722Z #68 [operator builder 27/27] RUN rm -rf temp-vendor
build-images	dev/tasks/build-images	2026-08-22T07:33:55.2727866Z #68 DONE 2.1s
build-images	dev/tasks/build-images	2026-08-22T07:33:55.2728379Z 
build-images	dev/tasks/build-images	2026-08-22T07:33:55.2733836Z #60 [unmanageddetector builder 19/20] RUN --mount=type=cache,target=/root/.cache/go-build     --mount=type=cache,target=/go/pkg/mod     CGO_ENABLED=0 GOOS=linux GOARCH=amd64 go build -trimpath -p 4 -ldflags "-s -w -buildid=" -o .       github.com/GoogleCloudPlatform/k8s-config-connector/cmd/deletiondefender       github.com/GoogleCloudPlatform/k8s-config-connector/cmd/webhook       github.com/GoogleCloudPlatform/k8s-config-connector/cmd/recorder       github.com/GoogleCloudPlatform/k8s-config-connector/cmd/unmanageddetector       github.com/GoogleCloudPlatform/k8s-config-connector/cmd/manager       github.com/GoogleCloudPlatform/k8s-config-connector/cmd/config-connector
build-images	dev/tasks/build-images	2026-08-22T07:33:58.3490966Z #60 ...
build-images	dev/tasks/build-images	2026-08-22T07:33:58.3491234Z 
build-images	dev/tasks/build-images	2026-08-22T07:33:58.3493984Z #69 [operator packager 3/9] COPY --from=builder /go/src/github.com/GoogleCloudPlatform/k8s-config-connector/manager .
build-images	dev/tasks/build-images	2026-08-22T07:33:58.6128034Z #69 DONE 0.2s
build-images	dev/tasks/build-images	2026-08-22T07:33:58.6129051Z 
build-images	dev/tasks/build-images	2026-08-22T07:33:58.6133692Z #60 [unmanageddetector builder 19/20] RUN --mount=type=cache,target=/root/.cache/go-build     --mount=type=cache,target=/go/pkg/mod     CGO_ENABLED=0 GOOS=linux GOARCH=amd64 go build -trimpath -p 4 -ldflags "-s -w -buildid=" -o .       github.com/GoogleCloudPlatform/k8s-config-connector/cmd/deletiondefender       github.com/GoogleCloudPlatform/k8s-config-connector/cmd/webhook       github.com/GoogleCloudPlatform/k8s-config-connector/cmd/recorder       github.com/GoogleCloudPlatform/k8s-config-connector/cmd/unmanageddetector       github.com/GoogleCloudPlatform/k8s-config-connector/cmd/manager       github.com/GoogleCloudPlatform/k8s-config-connector/cmd/config-connector
build-images	dev/tasks/build-images	2026-08-22T07:33:58.7684230Z #60 ...
build-images	dev/tasks/build-images	2026-08-22T07:33:58.7684714Z 
build-images	dev/tasks/build-images	2026-08-22T07:33:58.7685674Z #70 [operator packager 4/9] COPY --from=builder /go/src/github.com/GoogleCloudPlatform/k8s-config-connector/gke_addon_poststart .
build-images	dev/tasks/build-images	2026-08-22T07:33:58.8261593Z #70 DONE 0.2s
build-images	dev/tasks/build-images	2026-08-22T07:33:58.8262337Z 
build-images	dev/tasks/build-images	2026-08-22T07:33:58.8266968Z #60 [unmanageddetector builder 19/20] RUN --mount=type=cache,target=/root/.cache/go-build     --mount=type=cache,target=/go/pkg/mod     CGO_ENABLED=0 GOOS=linux GOARCH=amd64 go build -trimpath -p 4 -ldflags "-s -w -buildid=" -o .       github.com/GoogleCloudPlatform/k8s-config-connector/cmd/deletiondefender       github.com/GoogleCloudPlatform/k8s-config-connector/cmd/webhook       github.com/GoogleCloudPlatform/k8s-config-connector/cmd/recorder       github.com/GoogleCloudPlatform/k8s-config-connector/cmd/unmanageddetector       github.com/GoogleCloudPlatform/k8s-config-connector/cmd/manager       github.com/GoogleCloudPlatform/k8s-config-connector/cmd/config-connector
build-images	dev/tasks/build-images	2026-08-22T07:33:58.9985432Z #60 ...
build-images	dev/tasks/build-images	2026-08-22T07:33:58.9985925Z 
build-images	dev/tasks/build-images	2026-08-22T07:33:58.9987234Z #71 [operator packager 5/9] COPY --from=builder /go/src/github.com/GoogleCloudPlatform/k8s-config-connector/operator/channels/ channels/
build-images	dev/tasks/build-images	2026-08-22T07:33:58.9988337Z #71 DONE 0.1s
build-images	dev/tasks/build-images	2026-08-22T07:33:58.9988577Z 
build-images	dev/tasks/build-images	2026-08-22T07:33:58.9989492Z #72 [operator packager 6/9] COPY --from=builder /go/src/github.com/GoogleCloudPlatform/k8s-config-connector/operator/autopilot-channels/ autopilot-channels/
build-images	dev/tasks/build-images	2026-08-22T07:33:58.9990692Z #72 DONE 0.1s
build-images	dev/tasks/build-images	2026-08-22T07:33:59.1505474Z 
build-images	dev/tasks/build-images	2026-08-22T07:33:59.1506834Z #73 [operator packager 7/9] COPY --from=builder /go/src/github.com/GoogleCloudPlatform/k8s-config-connector/THIRD_PARTY_NOTICES/ THIRD_PARTY_NOTICES/
build-images	dev/tasks/build-images	2026-08-22T07:33:59.1940764Z #73 DONE 0.2s
build-images	dev/tasks/build-images	2026-08-22T07:33:59.1941090Z 
build-images	dev/tasks/build-images	2026-08-22T07:33:59.1945886Z #60 [unmanageddetector builder 19/20] RUN --mount=type=cache,target=/root/.cache/go-build     --mount=type=cache,target=/go/pkg/mod     CGO_ENABLED=0 GOOS=linux GOARCH=amd64 go build -trimpath -p 4 -ldflags "-s -w -buildid=" -o .       github.com/GoogleCloudPlatform/k8s-config-connector/cmd/deletiondefender       github.com/GoogleCloudPlatform/k8s-config-connector/cmd/webhook       github.com/GoogleCloudPlatform/k8s-config-connector/cmd/recorder       github.com/GoogleCloudPlatform/k8s-config-connector/cmd/unmanageddetector       github.com/GoogleCloudPlatform/k8s-config-connector/cmd/manager       github.com/GoogleCloudPlatform/k8s-config-connector/cmd/config-connector
build-images	dev/tasks/build-images	2026-08-22T07:33:59.3453857Z #60 ...
build-images	dev/tasks/build-images	2026-08-22T07:33:59.3454289Z 
build-images	dev/tasks/build-images	2026-08-22T07:33:59.3455455Z #74 [operator packager 8/9] COPY --from=builder /go/src/github.com/GoogleCloudPlatform/k8s-config-connector/MIRRORED_LIBRARY_SOURCE/ MIRRORED_LIBRARY_SOURCE/
build-images	dev/tasks/build-images	2026-08-22T07:33:59.7532753Z #74 DONE 0.6s
build-images	dev/tasks/build-images	2026-08-22T07:33:59.7533064Z 
build-images	dev/tasks/build-images	2026-08-22T07:33:59.7537461Z #60 [unmanageddetector builder 19/20] RUN --mount=type=cache,target=/root/.cache/go-build     --mount=type=cache,target=/go/pkg/mod     CGO_ENABLED=0 GOOS=linux GOARCH=amd64 go build -trimpath -p 4 -ldflags "-s -w -buildid=" -o .       github.com/GoogleCloudPlatform/k8s-config-connector/cmd/deletiondefender       github.com/GoogleCloudPlatform/k8s-config-connector/cmd/webhook       github.com/GoogleCloudPlatform/k8s-config-connector/cmd/recorder       github.com/GoogleCloudPlatform/k8s-config-connector/cmd/unmanageddetector       github.com/GoogleCloudPlatform/k8s-config-connector/cmd/manager       github.com/GoogleCloudPlatform/k8s-config-connector/cmd/config-connector
build-images	dev/tasks/build-images	2026-08-22T07:33:59.9052214Z #60 ...
build-images	dev/tasks/build-images	2026-08-22T07:33:59.9052761Z 
build-images	dev/tasks/build-images	2026-08-22T07:33:59.9053711Z #75 [operator packager 9/9] RUN chown 1000 -R /configconnector-operator
build-images	dev/tasks/build-images	2026-08-22T07:34:05.0152679Z #75 DONE 5.3s
build-images	dev/tasks/build-images	2026-08-22T07:34:05.0153307Z 
build-images	dev/tasks/build-images	2026-08-22T07:34:05.0158015Z #60 [unmanageddetector builder 19/20] RUN --mount=type=cache,target=/root/.cache/go-build     --mount=type=cache,target=/go/pkg/mod     CGO_ENABLED=0 GOOS=linux GOARCH=amd64 go build -trimpath -p 4 -ldflags "-s -w -buildid=" -o .       github.com/GoogleCloudPlatform/k8s-config-connector/cmd/deletiondefender       github.com/GoogleCloudPlatform/k8s-config-connector/cmd/webhook       github.com/GoogleCloudPlatform/k8s-config-connector/cmd/recorder       github.com/GoogleCloudPlatform/k8s-config-connector/cmd/unmanageddetector       github.com/GoogleCloudPlatform/k8s-config-connector/cmd/manager       github.com/GoogleCloudPlatform/k8s-config-connector/cmd/config-connector
build-images	dev/tasks/build-images	2026-08-22T07:34:05.6462314Z #60 ...
build-images	dev/tasks/build-images	2026-08-22T07:34:05.6463127Z 
build-images	dev/tasks/build-images	2026-08-22T07:34:05.6464014Z #76 [operator final 3/3] COPY --from=packager /configconnector-operator /configconnector-operator
build-images	dev/tasks/build-images	2026-08-22T07:34:06.8554771Z #76 DONE 1.2s
build-images	dev/tasks/build-images	2026-08-22T07:34:06.8555658Z 
build-images	dev/tasks/build-images	2026-08-22T07:34:06.8560198Z #60 [unmanageddetector builder 19/20] RUN --mount=type=cache,target=/root/.cache/go-build     --mount=type=cache,target=/go/pkg/mod     CGO_ENABLED=0 GOOS=linux GOARCH=amd64 go build -trimpath -p 4 -ldflags "-s -w -buildid=" -o .       github.com/GoogleCloudPlatform/k8s-config-connector/cmd/deletiondefender       github.com/GoogleCloudPlatform/k8s-config-connector/cmd/webhook       github.com/GoogleCloudPlatform/k8s-config-connector/cmd/recorder       github.com/GoogleCloudPlatform/k8s-config-connector/cmd/unmanageddetector       github.com/GoogleCloudPlatform/k8s-config-connector/cmd/manager       github.com/GoogleCloudPlatform/k8s-config-connector/cmd/config-connector
build-images	dev/tasks/build-images	2026-08-22T07:34:07.0141601Z #60 ...
build-images	dev/tasks/build-images	2026-08-22T07:34:07.0152337Z 
build-images	dev/tasks/build-images	2026-08-22T07:34:07.0152777Z #77 [operator] exporting to docker image format
build-images	dev/tasks/build-images	2026-08-22T07:34:07.0153349Z #77 exporting layers
build-images	dev/tasks/build-images	2026-08-22T07:34:14.5535640Z #77 exporting layers 7.7s done
build-images	dev/tasks/build-images	2026-08-22T07:34:14.7220726Z #77 exporting manifest sha256:b9e21fd185aa086642da80bd039366b7a0056f79ba8dcdef8a90c48fed1a42c7 done
build-images	dev/tasks/build-images	2026-08-22T07:34:14.7222336Z #77 exporting config sha256:e437a07fbbb16aafd3b8f525d92e228fab0141e1f5519768089e9b0bf4e3b2d5 done
build-images	dev/tasks/build-images	2026-08-22T07:34:14.7223207Z #77 sending tarball
build-images	dev/tasks/build-images	2026-08-22T07:34:15.2425915Z #77 ...
build-images	dev/tasks/build-images	2026-08-22T07:34:15.2426600Z 
build-images	dev/tasks/build-images	2026-08-22T07:34:15.2426942Z #78 importing to docker
build-images	dev/tasks/build-images	2026-08-22T07:34:15.4066908Z #78 loading layer 9fefc23e755a 292B / 292B
build-images	dev/tasks/build-images	2026-08-22T07:34:15.4068614Z #78 loading layer 0372fab42b15 32.77kB / 116.79kB
build-images	dev/tasks/build-images	2026-08-22T07:34:15.4779132Z #78 loading layer 535131b4534b 32.77kB / 424.64kB
build-images	dev/tasks/build-images	2026-08-22T07:34:15.7564768Z #78 loading layer 758ca991764d 445B / 445B
build-images	dev/tasks/build-images	2026-08-22T07:34:15.9191316Z #78 loading layer b792ff6af4f6 114B / 114B
build-images	dev/tasks/build-images	2026-08-22T07:34:15.9193290Z #78 loading layer 9b49c8f04cab 557.06kB / 54.78MB
build-images	dev/tasks/build-images	2026-08-22T07:34:18.0271218Z #78 loading layer 9b49c8f04cab 15.04MB / 54.78MB 2.1s
build-images	dev/tasks/build-images	2026-08-22T07:34:18.9883183Z #78 loading layer 9fefc23e755a 292B / 292B 3.7s done
build-images	dev/tasks/build-images	2026-08-22T07:34:19.1488259Z #78 loading layer 0372fab42b15 116.79kB / 116.79kB 3.7s done
build-images	dev/tasks/build-images	2026-08-22T07:34:19.1489778Z #78 loading layer 535131b4534b 424.64kB / 424.64kB 3.5s done
build-images	dev/tasks/build-images	2026-08-22T07:34:19.1491088Z #78 loading layer 758ca991764d 445B / 445B 3.2s done
build-images	dev/tasks/build-images	2026-08-22T07:34:19.1492237Z #78 loading layer b792ff6af4f6 114B / 114B 3.2s done
build-images	dev/tasks/build-images	2026-08-22T07:34:19.1493179Z #78 loading layer 9b49c8f04cab 54.78MB / 54.78MB 3.1s done
build-images	dev/tasks/build-images	2026-08-22T07:34:19.1494087Z #78 DONE 3.7s
build-images	dev/tasks/build-images	2026-08-22T07:34:19.1494537Z 
build-images	dev/tasks/build-images	2026-08-22T07:34:19.1495017Z #77 [operator] exporting to docker image format
build-images	dev/tasks/build-images	2026-08-22T07:34:19.1495848Z #77 sending tarball 4.4s done
build-images	dev/tasks/build-images	2026-08-22T07:34:19.1496569Z #77 DONE 12.1s
build-images	dev/tasks/build-images	2026-08-22T07:34:19.1496982Z 
build-images	dev/tasks/build-images	2026-08-22T07:34:19.1501654Z #60 [unmanageddetector builder 19/20] RUN --mount=type=cache,target=/root/.cache/go-build     --mount=type=cache,target=/go/pkg/mod     CGO_ENABLED=0 GOOS=linux GOARCH=amd64 go build -trimpath -p 4 -ldflags "-s -w -buildid=" -o .       github.com/GoogleCloudPlatform/k8s-config-connector/cmd/deletiondefender       github.com/GoogleCloudPlatform/k8s-config-connector/cmd/webhook       github.com/GoogleCloudPlatform/k8s-config-connector/cmd/recorder       github.com/GoogleCloudPlatform/k8s-config-connector/cmd/unmanageddetector       github.com/GoogleCloudPlatform/k8s-config-connector/cmd/manager       github.com/GoogleCloudPlatform/k8s-config-connector/cmd/config-connector
build-images	dev/tasks/build-images	2026-08-22T07:37:09.3406105Z #60 ERROR: process "/bin/sh -c CGO_ENABLED=0 GOOS=linux GOARCH=amd64 go build -trimpath -p 4 -ldflags \"-s -w -buildid=\" -o .       github.com/GoogleCloudPlatform/k8s-config-connector/cmd/deletiondefender       github.com/GoogleCloudPlatform/k8s-config-connector/cmd/webhook       github.com/GoogleCloudPlatform/k8s-config-connector/cmd/recorder       github.com/GoogleCloudPlatform/k8s-config-connector/cmd/unmanageddetector       github.com/GoogleCloudPlatform/k8s-config-connector/cmd/manager       github.com/GoogleCloudPlatform/k8s-config-connector/cmd/config-connector" did not complete successfully: exit code: 1
build-images	dev/tasks/build-images	2026-08-22T07:37:09.3410053Z ------
build-images	dev/tasks/build-images	2026-08-22T07:37:09.3415061Z  > [deletiondefender builder 19/20] RUN --mount=type=cache,target=/root/.cache/go-build     --mount=type=cache,target=/go/pkg/mod     CGO_ENABLED=0 GOOS=linux GOARCH=amd64 go build -trimpath -p 4 -ldflags "-s -w -buildid=" -o .       github.com/GoogleCloudPlatform/k8s-config-connector/cmd/deletiondefender       github.com/GoogleCloudPlatform/k8s-config-connector/cmd/webhook       github.com/GoogleCloudPlatform/k8s-config-connector/cmd/recorder       github.com/GoogleCloudPlatform/k8s-config-connector/cmd/unmanageddetector       github.com/GoogleCloudPlatform/k8s-config-connector/cmd/manager       github.com/GoogleCloudPlatform/k8s-config-connector/cmd/config-connector:
build-images	dev/tasks/build-images	2026-08-22T07:37:09.3420124Z 309.9 # github.com/GoogleCloudPlatform/k8s-config-connector/pkg/controller/direct/certificatemanager
build-images	dev/tasks/build-images	2026-08-22T07:37:09.3423862Z ##[error]309.9 pkg/controller/direct/certificatemanager/certificatemanagertrustconfig_controller.go:35:2: "google.golang.org/api/option" imported and not used
build-images	dev/tasks/build-images	2026-08-22T07:37:09.3426372Z ------
build-images	dev/tasks/build-images	2026-08-22T07:37:09.3457714Z 
build-images	dev/tasks/build-images	2026-08-22T07:37:09.3464561Z  [33m12 warnings found (use docker --debug to expand):
build-images	dev/tasks/build-images	2026-08-22T07:37:09.3465359Z [0m - InvalidDefaultArgInFrom: Default value for ARG ${BUILDER_IMG} results in empty or invalid base image name (line 20)
build-images	dev/tasks/build-images	2026-08-22T07:37:09.3466673Z  - InvalidDefaultArgInFrom: Default value for ARG ${BUILDER_IMG} results in empty or invalid base image name (line 20)
build-images	dev/tasks/build-images	2026-08-22T07:37:09.3468097Z  - InvalidDefaultArgInFrom: Default value for ARG ${GKE_DISTROLESS_IMG} results in empty or invalid base image name (line 38)
build-images	dev/tasks/build-images	2026-08-22T07:37:09.3469774Z  - InvalidDefaultArgInFrom: Default value for ARG ${BUILDER_IMG} results in empty or invalid base image name (line 20)
build-images	dev/tasks/build-images	2026-08-22T07:37:09.3472066Z  - InvalidDefaultArgInFrom: Default value for ARG ${GKE_DISTROLESS_IMG} results in empty or invalid base image name (line 34)
build-images	dev/tasks/build-images	2026-08-22T07:37:09.3473595Z  - InvalidDefaultArgInFrom: Default value for ARG ${BUILDER_IMG} results in empty or invalid base image name (line 20)
build-images	dev/tasks/build-images	2026-08-22T07:37:09.3475117Z  - InvalidDefaultArgInFrom: Default value for ARG ${GKE_DISTROLESS_IMG} results in empty or invalid base image name (line 34)
build-images	dev/tasks/build-images	2026-08-22T07:37:09.3476744Z  - InvalidDefaultArgInFrom: Default value for ARG ${BUILDER_IMG} results in empty or invalid base image name (line 20)
build-images	dev/tasks/build-images	2026-08-22T07:37:09.3478243Z  - InvalidDefaultArgInFrom: Default value for ARG ${GKE_DISTROLESS_IMG} results in empty or invalid base image name (line 38)
build-images	dev/tasks/build-images	2026-08-22T07:37:09.3480914Z  - InvalidDefaultArgInFrom: Default value for ARG ${GKE_DISTROLESS_IMG} results in empty or invalid base image name (line 38)
build-images	dev/tasks/build-images	2026-08-22T07:37:09.3482600Z  - InvalidDefaultArgInFrom: Default value for ARG ${BUILDER_IMG} results in empty or invalid base image name (line 20)
build-images	dev/tasks/build-images	2026-08-22T07:37:09.3484098Z  - InvalidDefaultArgInFrom: Default value for ARG ${GKE_DISTROLESS_IMG} results in empty or invalid base image name (line 37)
build-images	dev/tasks/build-images	2026-08-22T07:37:09.3485342Z Dockerfile:42
build-images	dev/tasks/build-images	2026-08-22T07:37:09.3493838Z --------------------
build-images	dev/tasks/build-images	2026-08-22T07:37:09.3494990Z   41 |     # needed for debuggers, but not the line numbers for panics, and -trimpath reduces binary size.
build-images	dev/tasks/build-images	2026-08-22T07:37:09.3496083Z   42 | >>> RUN --mount=type=cache,target=/root/.cache/go-build \
build-images	dev/tasks/build-images	2026-08-22T07:37:09.3496884Z   43 | >>>     --mount=type=cache,target=/go/pkg/mod \
build-images	dev/tasks/build-images	2026-08-22T07:37:09.3497998Z   44 | >>>     CGO_ENABLED=0 GOOS=linux GOARCH=amd64 go build -trimpath -p 4 -ldflags "-s -w -buildid=" -o . \
build-images	dev/tasks/build-images	2026-08-22T07:37:09.3499291Z   45 | >>>       github.com/GoogleCloudPlatform/k8s-config-connector/cmd/deletiondefender \
build-images	dev/tasks/build-images	2026-08-22T07:37:09.3500340Z   46 | >>>       github.com/GoogleCloudPlatform/k8s-config-connector/cmd/webhook \
build-images	dev/tasks/build-images	2026-08-22T07:37:09.3501351Z   47 | >>>       github.com/GoogleCloudPlatform/k8s-config-connector/cmd/recorder \
build-images	dev/tasks/build-images	2026-08-22T07:37:09.3502716Z   48 | >>>       github.com/GoogleCloudPlatform/k8s-config-connector/cmd/unmanageddetector \
build-images	dev/tasks/build-images	2026-08-22T07:37:09.3503850Z   49 | >>>       github.com/GoogleCloudPlatform/k8s-config-connector/cmd/manager \
build-images	dev/tasks/build-images	2026-08-22T07:37:09.3504936Z   50 | >>>       github.com/GoogleCloudPlatform/k8s-config-connector/cmd/config-connector
build-images	dev/tasks/build-images	2026-08-22T07:37:09.3505508Z   51 |     
build-images	dev/tasks/build-images	2026-08-22T07:37:09.3505715Z --------------------
build-images	dev/tasks/build-images	2026-08-22T07:37:09.3508372Z ERROR: target manager: failed to solve: process "/bin/sh -c CGO_ENABLED=0 GOOS=linux GOARCH=amd64 go build -trimpath -p 4 -ldflags \"-s -w -buildid=\" -o .       github.com/GoogleCloudPlatform/k8s-config-connector/cmd/deletiondefender       github.com/GoogleCloudPlatform/k8s-config-connector/cmd/webhook       github.com/GoogleCloudPlatform/k8s-config-connector/cmd/recorder       github.com/GoogleCloudPlatform/k8s-config-connector/cmd/unmanageddetector       github.com/GoogleCloudPlatform/k8s-config-connector/cmd/manager       github.com/GoogleCloudPlatform/k8s-config-connector/cmd/config-connector" did not complete successfully: exit code: 1
build-images	dev/tasks/build-images	2026-08-22T07:37:09.3596642Z ##[error]Process completed with exit code 1.
